iso3c,year,ca_gdp
AFG,2020,-15.7183027911684
AFG,2019,-20.1704643881064
AFG,2018,-21.5852741164653
AFG,2017,-18.9559612272258
AFG,2016,-14.9501951919169
AFG,2015,-21.9126573355151
AFG,2014,-15.7724198274304
AFG,2013,-25.290058564309
AFG,2012,-25.8706814974751
AFG,2011,-12.6195382087159
AFG,2010,-3.64331388234628
AFG,2009,2.23601941932175
AFG,2008,-2.35799044700136
ALB,2020,-8.62504716716646
ALB,2019,-7.82064355473536
ALB,2018,-6.60766481105068
ALB,2017,-7.40849329663264
ALB,2016,-7.51011690016649
ALB,2015,-8.5423750766982
ALB,2014,-10.7201496577808
ALB,2013,-9.25914166645898
ALB,2012,-10.2612568930744
ALB,2011,-12.8503659661776
ALB,2010,-11.2157643683259
ALB,2009,-15.0172385106345
ALB,2008,-15.1839581650837
ALB,2007,-10.3518884224487
ALB,2006,-7.33186374631583
ALB,2005,-6.92138800420102
ALB,2004,-4.83249013532297
ALB,2003,-7.01197673066681
ALB,2002,-9.02590739072684
ALB,2001,-5.35591452180558
ALB,2000,-4.36035543487417
ALB,1999,-4.73211838588308
ALB,1998,-2.50234871672871
ALB,1997,-11.8688813645991
ALB,1996,-3.31737383628298
ALB,1995,-0.395856545631387
ALB,1994,-8.36279155272246
ALB,1993,1.25704931694863
ALB,1992,-7.77398715257512
ALB,1991,-15.2788523176905
ALB,1990,-5.83174096323551
ALB,1989,-1.74427120088412
ALB,1988,-1.3211544989028
ALB,1987,0.249904333497333
ALB,1986,-0.1525752133222
ALB,1985,-1.91876849654322
DZA,2020,-11.0309095376358
DZA,2019,-8.76373598794007
DZA,2018,-8.68941296193564
DZA,2017,-11.6217683736912
DZA,2016,-14.4962877563746
DZA,2015,-14.4205446442815
DZA,2014,-3.8772158836163
DZA,2013,0.517147116303438
DZA,2012,5.32371106942359
DZA,2011,8.09495300569717
DZA,2010,6.8736192928034
DZA,2009,0.287169379874168
DZA,2008,18.8233635111301
DZA,2007,21.3033457890386
DZA,2006,23.4985369430055
DZA,2005,19.7857720899622
DZA,1991,5.17702797301749
DZA,1990,2.2889527648555
DZA,1989,-1.94306627097075
DZA,1988,-3.45178831929018
DZA,1987,0.211615708938074
DZA,1986,-3.50116872810923
DZA,1985,1.75145888019743
AND,2020,15.5264238134716
AND,2019,18.0104652921679
AGO,2020,1.4815317555746499
AGO,2019,6.36332599336486
AGO,2018,8.26988653763387
AGO,2017,-0.750047560666891
AGO,2016,-5.15244763778543
AGO,2015,-10.018075447644
AGO,2014,-2.4421772584791
AGO,2013,5.47217516826916
AGO,2012,9.64052717140429
AGO,2011,10.421717119183601
AGO,2010,7.85577834884186
AGO,2009,-9.26704056119383
AGO,2008,7.28233163406667
AGO,2007,14.487357954762
AGO,2006,18.2253229198446
AGO,2005,12.411352951241
AGO,2004,2.52329142811835
AGO,2003,-3.53728418452148
AGO,2002,-0.867014859883908
AGO,2001,-16.0129513307541
AGO,2000,8.71506351159262
AGO,1999,-27.7983311948052
AGO,1998,-28.6976083856327
AGO,1997,-11.5519884917384
AGO,1996,43.3988183053598
AGO,1995,-5.32696076591876
AGO,1994,-7.65604828196431
AGO,1993,-11.5883584424603
AGO,1992,-8.84439959377916
AGO,1991,-5.465973
AGO,1990,-2.09715190221188
AGO,1989,-1.29389172637474
AGO,1988,-5.34787604789493
AGO,1987,5.52915879466056
AGO,1986,-4.2841774908353
AGO,1985,2.58139146821177
ATG,2020,-15.5663867272565
ATG,2019,-6.50528434529466
ATG,2018,-13.9937660480859
ATG,2017,-7.6968559845244
ATG,2016,-2.38761069740834
ATG,2015,2.03393623440556
ATG,2014,-0.0378965310947221
ATG,2013,-8.78062787514537
ATG,2012,-8.11026781449488
ATG,2011,-5.07303916439276
ATG,2010,-10.8739141545735
ATG,2009,-13.0521618835596
ATG,2008,-21.6400619803907
ATG,2007,-28.7521784338138
ATG,2006,-19.8432206578823
ATG,2005,-10.0007541423498
ATG,2004,-6.31005255823087
ATG,2003,-9.15813030793044
ATG,2002,-9.42082349224046
ATG,2001,-10.3865694462064
ATG,2000,-7.92911790133271
ATG,1999,-7.23191944041809
ATG,1998,-5.92188254714105
ATG,1997,-6.45052296085609
ATG,1996,-8.75234501112516
ATG,1995,-0.0841679993266559
ATG,1994,-1.01497878795061
ATG,1993,2.66157704168821
ATG,1992,-1.87959318973665
ATG,1991,-6.13126142864486
ATG,1990,-6.47252696241507
ATG,1989,-17.9377852998853
ATG,1988,-10.9473608397778
ATG,1987,-32.0829863113161
ATG,1986,-39.7513131363421
ATG,1985,-9.37612748045701
ARG,2020,0.696935361136029
ARG,2019,-0.779998447561847
ARG,2018,-5.16055257152295
ARG,2017,-4.8399592180739
ARG,2016,-2.70922168361454
ARG,2015,-2.96292666513533
ARG,2014,-1.74400211981355
ARG,2013,-2.37749566620572
ARG,2012,-0.39159512386959
ARG,2011,-1.00728084144866
ARG,2010,-0.383118699737132
ARG,2009,2.1785669619099
ARG,2008,1.49940141614234
ARG,2007,2.1036160391819
ARG,2006,2.79449564264943
ARG,2005,2.65363142179073
ARG,2004,1.95058324319273
ARG,2003,6.37990680177011
ARG,2002,8.97078467784247
ARG,2001,-1.40694788500181
ARG,2000,-3.15992237703676
ARG,1999,-4.21229506178183
ARG,1998,-4.84431604541957
ARG,1997,-4.14468006629108
ARG,1996,-2.4875930110115
ARG,1995,-1.98346027350929
ARG,1994,-4.26485898465452
ARG,1993,-3.46617829462144
ARG,1992,-2.4249413468242502
ARG,1991,-0.341028912950146
ARG,1990,3.22031448392387
ARG,1989,-1.70299441367605
ARG,1988,-1.2388660162792
ARG,1987,-3.89207383826997
ARG,1986,-2.7004212047155
ARG,1985,-1.0799663864279
ARM,2020,-3.99777390668492
ARM,2019,-7.05686573000043
ARM,2018,-7.2281230237955
ARM,2017,-1.26072402014699
ARM,2016,-0.956577968660225
ARM,2015,-2.66180705584757
ARM,2014,-7.76786633240123
ARM,2013,-7.31624657065382
ARM,2012,-9.96233164214969
ARM,2011,-10.4403281934473
ARM,2010,-13.6219482985733
ARM,2009,-16.4837116405483
ARM,2008,-14.2246479360543
ARM,2007,-7.35660133782848
ARM,2006,-2.39537289745615
ARM,2005,-2.52832414562151
ARM,2004,-2.20435917633131
ARM,2003,-6.18119850537565
ARM,2002,-6.2201045971038
ARM,2001,-10.4398165717153
ARM,2000,-15.7812102966465
ARM,1999,-16.9355704119467
ARM,1998,-21.9751034634071
ARM,1997,-20.4782136117306
ARM,1996,-20.1762879448727
ARM,1995,-15.0292437935751
ARM,1994,-7.89106326080447
ARM,1993,-5.63799855869866
ABW,2020,-12.8046064501285
ABW,2019,2.53380248998849
ABW,2018,-0.59136646769686
ABW,2017,1.1197958543778
ABW,2016,4.7317741972835
ABW,2015,3.99414243924537
ABW,2014,-4.65857687581843
ABW,2013,-11.813208837986
ABW,2012,3.47345127544661
ABW,2011,-9.8776559966521
ABW,2010,-18.7525373189382
ABW,2009,6.72239127248544
ABW,2008,0.00393003438387262
ABW,2007,9.64536035842434
ABW,2006,12.5742113280132
ABW,2005,4.44757292760025
ABW,2004,12.0136853291022
ABW,2003,-8.09902267310928
ABW,2002,-17.3434518893983
ABW,2001,16.2808742441801
ABW,2000,11.0568722640362
ABW,1999,-25.2778858625162
ABW,1998,-1.12713854411271
ABW,1997,-12.7826404084609
ABW,1996,-5.0080971659919
ABW,1995,-0.0211505922165815
ABW,1994,6.5067264573991
ABW,1993,3.85250128932439
ABW,1992,4.56876456876456
ABW,1991,-24.023062139654
ABW,1990,-20.6793279766252
ABW,1989,-6.714859437751
ABW,1988,-7.4250936329588
ABW,1987,-4.62772050400916
ABW,1986,-4.60055096418731
AUS,2020,1.64272242623868
AUS,2019,-0.0757460083721138
AUS,2018,-2.58947975974169
AUS,2017,-3.00525814878871
AUS,2016,-3.60213104879026
AUS,2015,-4.2950643949091
AUS,2014,-3.07921525285017
AUS,2013,-3.24439256531684
AUS,2012,-4.42917293903347
AUS,2011,-3.25393708127954
AUS,2010,-3.99211276270473
AUS,2009,-5.21460357172589
AUS,2008,-4.87128797048566
AUS,2007,-7.5509404049246
AUS,2006,-6.1743242864652
AUS,2005,-6.2201820658335
AUS,2004,-6.70631316237641
AUS,2003,-6.25542304141098
AUS,2002,-4.03651427027563
AUS,2001,-2.09983536268172
AUS,2000,-3.71484792517268
AUS,1999,-5.58366414929506
AUS,1998,-4.44111787888724
AUS,1997,-2.72974894003095
AUS,1996,-3.58360337747536
AUS,1995,-5.06318585541185
AUS,1994,-4.90706698315176
AUS,1993,-2.97199182738191
AUS,1992,-3.16375565878707
AUS,1991,-3.24314665991034
AUS,1990,-4.98086922325911
AUS,1989,-6.10798248225895
AUT,2020,3.3513779974929
AUT,2019,2.38423045289808
AUT,2018,0.908176708238318
AUT,2017,1.24444591726667
AUT,2016,2.57148776968199
AUT,2015,1.58832680063968
AUT,2014,2.31393875506259
AUT,2013,1.75299233450364
AUT,2012,1.51000017550336
AUT,2011,1.58501011759763
AUT,2010,2.94294851772084
AUT,2009,2.58051083948132
AUT,2008,4.49615698142083
AUT,2007,3.81348828635747
AUT,2006,3.29250867823428
AUT,2005,1.98531598038444
AZE,2020,-0.740874280795446
AZE,2019,8.70455620187564
AZE,2018,12.6823769245212
AZE,2017,4.12208960991814
AZE,2016,-3.60050733417184
AZE,2015,-0.419198909856565
AZE,2014,13.5683574038086
AZE,2013,16.4935876692396
AZE,2012,21.4925357741895
AZE,2011,25.9957665612112
AZE,2010,28.4268313519369
AZE,2009,22.9720443124812
AZE,2008,33.6793638921001
AZE,2007,27.289087539853
AZE,2006,17.670467343915
AZE,2005,1.26319117280894
AZE,2004,-29.8282485551101
AZE,2003,-27.7726673572238
AZE,2002,-12.3213949554144
AZE,2001,-0.906770850609527
AZE,2000,-3.18196904183888
AZE,1999,-13.0903833593547
AZE,1998,-30.6884366040807
AZE,1997,-23.1113389046322
AZE,1996,-29.3146493832248
AZE,1995,-16.5740632135158
BHS,2020,-22.0443509738872
BHS,2019,-2.60210078588536
BHS,2018,-8.70002668448313
BHS,2017,-12.6509094143141
BHS,2016,-5.98258988449718
BHS,2015,-10.1639297057562
BHS,2014,-16.9249150364207
BHS,2013,-14.2614149475433
BHS,2012,-14.0368120592515
BHS,2011,-11.9472714724764
BHS,2010,-8.0632166374795
BHS,2009,-8.10442037435534
BHS,2008,-11.6100892944233
BHS,2007,-12.3851568041165
BHS,2006,-13.8061914480317
BHS,2005,-7.12305028440183
BHS,2004,-3.39160866189817
BHS,2003,-5.33827728918196
BHS,2002,-4.76646866689711
BHS,2001,-7.75394544009676
BHS,2000,-7.8368767543246
BHS,1999,-4.22180125379529
BHS,1998,-14.5670708684925
BHS,1997,-7.45535629686247
BHS,1996,-7.29564976447769
BHS,1995,-4.25488480606591
BHS,1994,-1.29487572875115
BHS,1993,1.57373868046572
BHS,1992,1.15149565776777
BHS,1991,-5.77919489836588
BHS,1990,-1.15603284902085
BHS,1989,-2.74983670803396
BHS,1988,-2.35991341069591
BHS,1987,-2.01915998596758
BHS,1986,0.930232558139535
BHS,1985,-0.116344211502745
BHR,2020,-9.05383693445987
BHR,2019,-1.9640978432404
BHR,2018,-6.15289066217848
BHR,2017,-4.30051876437292
BHR,2016,-4.40558716045662
BHR,2015,-2.31252912932775
BHR,2014,4.38061668747352
BHR,2013,7.12443578913414
BHR,2012,8.06539982681225
BHR,2011,10.8553403651519
BHR,2010,2.87276100092279
BHR,2009,2.44123386880183
BHR,2008,8.77793644624144
BHR,2007,13.3758607441786
BHR,2006,11.8210087744717
BHR,2005,9.23180920590181
BHR,2004,3.5861057173287
BHR,2003,1.80990381150794
BHR,2002,-0.5173375765393
BHR,2001,2.51701963066081
BHR,2000,9.16025901142394
BHR,1999,-0.489864567236579
BHR,1998,-11.0564495394444
BHR,1997,-0.430280546168262
BHR,1996,3.75350666887633
BHR,1995,3.56902463707079
BHR,1994,-4.03727929015307
BHR,1993,-5.73924658971001
BHR,1992,-15.3010029246183
BHR,1991,-11.481611231833
BHR,1990,1.4488136317136
BHR,1989,-4.3951963700182
BHR,1988,4.56125511624913
BHR,1987,-5.21995910209622
BHR,1986,-1.98467309307339
BHR,1985,0.93512202911427
BGD,2020,0.31894044196432
BGD,2019,-0.839485005371134
BGD,2018,-2.20783912081882
BGD,2017,-2.03756600416726
BGD,2016,0.351171861174517
BGD,2015,1.32188871858147
BGD,2014,0.43715979764451
BGD,2013,1.3723251518825
BGD,2012,1.93195276968292
BGD,2011,-0.125842241657654
BGD,2010,1.82909794723497
BGD,2009,3.47023264645131
BGD,2008,1.01071124669571
BGD,2007,1.07621521358966
BGD,2006,1.66592495150091
BGD,2005,-0.250074173604546
BGD,2004,-0.428022753319864
BGD,2003,0.218816448007947
BGD,2002,1.35086830489484
BGD,2001,-0.991687231894648
BGD,2000,-0.573042663299639
BGD,1999,-0.710651968609123
BGD,1998,-0.0703537046583936
BGD,1997,-0.59346471814869
BGD,1996,-2.13490813503246
BGD,1995,-2.171548898913
BGD,1994,0.590988260289111
BGD,1993,1.08321175697211
BGD,1992,0.570158867838371
BGD,1991,0.208651431216537
BGD,1990,-1.25927364158709
BGD,1989,-3.82036356521577
BGD,1988,-1.02651168165971
BGD,1987,-0.975865069282383
BGD,1986,-2.87122454357183
BGD,1985,-2.04311325466852
BRB,2017,-5.21534372598635
BRB,2016,-7.97219725105764
BRB,2015,-1.73271064609934
BRB,2014,-11.4856517303176
BRB,2013,-4.45520535550838
BRB,2012,-7.78444983691588
BRB,2011,-3.06566203714413
BRB,2010,-4.80094802192857
BRB,2009,-8.53071833117839
BRB,2008,-9.01616589623384
BRB,2007,-7.42918018711688
BRB,2006,-10.4893661741424
BRB,2005,-12.9792521453765
BRB,2004,-12.6937325840461
BRB,2003,-5.86397699078632
BRB,2002,-4.66106017866377
BRB,2001,-3.64191735837973
BRB,2000,-3.33993473383023
BRB,1999,-4.48134518357529
BRB,1998,-3.76918641701839
BRB,1997,-3.20811236581199
BRB,1996,5.95962010341529
BRB,1995,0.0422416324366867
BRB,1994,6.232814693169
BRB,1993,4.12217800577057
BRB,1992,7.46893059258753
BRB,1991,-0.964043429645234
BRB,1990,-0.354355356419997
BRB,1989,1.44605519225487
BRB,1988,3.06423293681097
BRB,1987,-0.44886049218889
BRB,1986,2.60914725839359
BRB,1985,-0.374449432098751
BLR,2020,-0.290687853658269
BLR,2019,-1.93416658791779
BLR,2018,0.0381469405173492
BLR,2017,-1.74032515049902
BLR,2016,-3.37736852773592
BLR,2015,-3.24348147204402
BLR,2014,-6.63303695478997
BLR,2013,-10.0192566839897
BLR,2012,-2.83500762120658
BLR,2011,-8.18054584289411
BLR,2010,-14.4678043936086
BLR,2009,-12.0546848610717
BLR,2008,-8.1620215300314
BLR,2007,-6.6536778047307
BLR,2006,-3.75494824327904
BLR,2005,1.518035769229
BLR,2004,-5.15047246548434
BLR,2003,-2.55870194011727
BLR,2002,-2.23160130536418
BLR,2001,-4.28011087042602
BLR,2000,-3.60449996573167
BLR,1999,-1.59575083342586
BLR,1998,-6.67782915883964
BLR,1997,-6.08136433770411
BLR,1996,-3.55782368148984
BLR,1995,-3.279971291319
BLR,1994,-2.97225278817512
BLR,1993,-2.67279898477157
BEL,2020,0.903941469932536
BEL,2019,0.123098549898877
BEL,2018,-0.874098516086553
BEL,2017,0.702363722625535
BEL,2016,0.558076934849911
BEL,2015,1.38017908454948
BEL,2014,0.751219410488652
BEL,2013,0.969084734716924
BEL,2012,-0.0829864949097402
BEL,2011,-1.92887747556169
BEL,2010,1.52379368667185
BEL,2009,1.80970941708578
BEL,2008,-0.831236474764239
BEL,2007,1.49569237465597
BEL,2006,1.8502893230147
BEL,2005,1.99655304871952
BEL,2004,3.09695508992497
BEL,2003,3.39723910068487
BEL,2002,4.49803373016796
BLZ,2020,-6.24826598310846
BLZ,2019,-7.7543527144913
BLZ,2018,-6.59667558600349
BLZ,2017,-6.97409797709737
BLZ,2016,-7.29844356817201
BLZ,2015,-7.9675315662087
BLZ,2014,-6.35388372737354
BLZ,2013,-3.56655574064554
BLZ,2012,-1.72726539315554
BLZ,2011,-1.0891636773691
BLZ,2010,-2.61503524197613
BLZ,2009,-4.90747054418946
BLZ,2008,-8.33368485730916
BLZ,2007,-3.05300014756492
BLZ,2006,-1.59601197898101
BLZ,2005,-10.2571610027522
BLZ,2004,-11.0643857808538
BLZ,2003,-14.0861625835692
BLZ,2002,-13.2906443598953
BLZ,2001,-16.2421438938367
BLZ,2000,-14.1961321823555
BLZ,1999,-7.28129885720708
BLZ,1998,-6.4418161836807
BLZ,1997,-3.65785461270875
BLZ,1996,-0.781452952122277
BLZ,1995,-2.10685382583044
BLZ,1994,-5.1898196253618
BLZ,1993,-6.44728055367916
BLZ,1992,-4.11072422552554
BLZ,1991,-4.32391050443779
BLZ,1990,2.80749417239215
BLZ,1989,-3.87904703726329
BLZ,1988,-0.6169177838415
BLZ,1987,2.53300997035839
BLZ,1986,3.83627608346709
BLZ,1985,3.15001740341107
BEN,2020,-1.74648575797682
BEN,2019,-3.99948140400368
BEN,2018,-4.5491953448839
BEN,2017,-4.18078964014056
BEN,2016,-2.99669454869691
BEN,2015,-5.964093171322
BEN,2014,-6.66790663182434
BEN,2013,-5.37925541995638
BEN,2012,-5.17832684259519
BEN,2011,-4.83328627198861
BEN,2010,-5.56723414629172
BEN,2009,-6.69033181086781
BEN,2008,-5.49862209196275
BEN,2007,-6.54621938784527
BEN,2006,-3.08778709107343
BEN,2005,-3.44376642481128
BEN,2004,-4.66878856732409
BEN,2003,-6.20555050861218
BEN,2002,-3.74152919965986
BEN,2001,-2.04549532483075
BEN,2000,-2.2949879315414
BEN,1999,-4.2321738931756
BEN,1998,-5.39739989943454
BEN,1997,-6.78725035015034
BEN,1996,-1.73457487701647
BEN,1995,-7.69564346950043
BEN,1994,0.660280507734444
BEN,1993,-2.58299670414555
BEN,1992,-4.28904687368758
BEN,1991,-10.8930810294077
BEN,1990,-0.925585932447156
BEN,1989,-0.8934689932436
BEN,1988,-6.51092410243577
BEN,1987,-2.19467517811799
BEN,1986,-3.95504630309012
BEN,1985,-3.72498915262059
BMU,2020,12.3973356197448
BMU,2019,11.2979726598327
BMU,2018,12.3021020474022
BMU,2017,13.1637987135115
BMU,2016,12.2608303872275
BMU,2015,14.1692141819505
BMU,2014,12.7467918685619
BMU,2013,13.0015680806387
BMU,2012,14.5337206234213
BMU,2011,13.7436914712344
BMU,2010,10.4899591972884
BMU,2009,8.73439268120007
BMU,2008,12.990617442482
BMU,2007,17.9705408140267
BMU,2006,20.3839518229167
BTN,2020,-15.5091108691023
BTN,2019,-18.3062679862316
BTN,2018,-18.5091513975915
BTN,2017,-20.854696561702
BTN,2016,-26.4131091642844
BTN,2015,-25.0627177353296
BTN,2014,-23.4688052620107
BTN,2013,-24.293493248344
BTN,2012,-19.1060720878636
BTN,2011,-26.6070202039628
BTN,2010,-18.9069431459851
BTN,2009,-4.95294069475194
BTN,2008,-8.53782563873562
BTN,2007,6.7638187377148
BTN,2006,-4.01983346623616
BOL,2020,-0.0376136227262251
BOL,2019,-2.78472958459749
BOL,2018,-3.56297103526121
BOL,2017,-4.13313217775545
BOL,2016,-5.61927215929092
BOL,2015,-5.86726594426454
BOL,2014,1.71604883648801
BOL,2013,3.4377206274777
BOL,2012,7.2736779094105
BOL,2011,2.24179461328449
BOL,2010,4.44660536937585
BOL,2009,4.6916976138782
BOL,2008,11.9507379319002
BOL,2007,12.1283006687241
BOL,2006,11.5044547652471
BOL,2005,6.5182863397886
BOL,2004,3.84682632206803
BOL,2003,0.935302518905602
BOL,2002,-4.4517556407836
BOL,2001,-3.36560781532762
BOL,2000,-5.31504626126908
BOL,1999,-5.890117136131
BOL,1998,-7.83878104393264
BOL,1997,-6.9835778359685
BOL,1996,-5.133062205972
BOL,1995,-4.50473141321793
BOL,1994,-1.50805282011654
BOL,1993,-8.81476005818446
BOL,1992,-9.45982310670761
BOL,1991,-4.91460043574974
BOL,1990,-4.08621725498031
BOL,1989,-5.72734353963638
BOL,1988,-6.62074085448543
BOL,1987,-9.94113018636157
BOL,1986,-9.81625208725518
BOL,1985,-5.30565979052021
BIH,2020,-2.83951836354719
BIH,2019,-2.59691879205515
BIH,2018,-3.23062992301101
BIH,2017,-4.77878216555827
BIH,2016,-4.69867088432468
BIH,2015,-5.03540535932255
BIH,2014,-7.35085819638821
BIH,2013,-5.32585810441448
BIH,2012,-8.62595020271331
BIH,2011,-9.47919944225313
BIH,2010,-6.00046399403906
BIH,2009,-6.44520702910113
BIH,2008,-13.8327998426086
BIH,2007,-9.1904275912974
BIH,2006,-7.75838583374484
BIH,2005,-16.4343905974533
BIH,2004,-16.1406064974205
BIH,2003,-19.1912783102526
BIH,2002,-17.6964510993081
BIH,2001,-12.8061436346752
BIH,2000,-7.10679339873963
BIH,1999,-10.6978182461914
BIH,1998,-8.38303905254982
BWA,2020,-9.8063111229932
BWA,2019,-6.90505478190792
BWA,2018,0.392946349031096
BWA,2017,5.58580913830413
BWA,2016,7.97299721999998
BWA,2015,2.22618287554396
BWA,2014,11.0750306448499
BWA,2013,4.53073148351166
BWA,2012,-5.90199267050561
BWA,2011,-0.872984775002233
BWA,2010,-5.88840225663454
BWA,2009,-6.40593961472031
BWA,2008,1.39345872319276
BWA,2007,15.6550615013405
BWA,2006,19.6647760227163
BWA,2005,16.1057108456086
BWA,2004,3.5367832333207
BWA,2003,9.54244888755721
BWA,2002,4.84207534572473
BWA,2001,10.8425100137362
BWA,2000,9.4180495224013
BWA,1999,10.6386786775837
BWA,1998,3.54255087927286
BWA,1997,14.3703922976173
BWA,1996,10.209974402478
BWA,1995,6.33435588815425
BWA,1994,5.20350418190949
BWA,1993,10.2625863007121
BWA,1992,4.7680014632083
BWA,1991,7.68309256943557
BWA,1990,-0.509050220366834
BWA,1989,15.9506253587963
BWA,1988,7.33281146780439
BWA,1987,31.9806062963655
BWA,1986,7.80312514452323
BWA,1985,7.35048102663733
BRA,2020,-1.64103535066212
BRA,2019,-3.41429111497121
BRA,2018,-2.80752036371843
BRA,2017,-1.22429942889483
BRA,2016,-1.70011360207642
BRA,2015,-3.5183920728161
BRA,2014,-4.49883030905232
BRA,2013,-3.57422104702554
BRA,2012,-3.75941536826245
BRA,2011,-3.19461785178244
BRA,2010,-3.92594539867631
BRA,2009,-1.75935802585413
BRA,2008,-2.09933746626458
BRA,2007,-0.197096994827677
BRA,2006,0.972710373980306
BRA,2005,1.30988468509779
BRA,2004,1.33863085372603
BRA,2003,0.392877198829747
BRA,2002,-1.84525902808169
BRA,2001,-4.44478598177802
BRA,2000,-4.04774157195875
BRA,1999,-4.46660492637973
BRA,1998,-4.05145702418442
BRA,1997,-3.63826178042493
BRA,1996,-2.73368737115542
BRA,1995,-2.35736569352814
BRA,1994,-0.219464439580805
BRA,1993,0.0054304179361759
BRA,1992,1.85533923420663
BRA,1991,-0.423222688518064
BRA,1990,-0.978435952386691
BRA,1989,0.242620404807705
BRA,1988,1.34986811010486
BRA,1987,-0.512971181312458
BRA,1986,-2.07071987979993
BRA,1985,-0.132777032570129
BRN,2020,4.27887462216475
BRN,2019,6.63555502727437
BRN,2018,6.92823103770899
BRN,2017,16.3622185514031
BRN,2016,12.8939057404079
BRN,2015,16.6790432850896
BRN,2014,30.7091836519482
BRN,2013,20.8809881761319
BRN,2012,29.8383189683303
BRN,2011,34.7106649623831
BRN,2010,36.595603952188704
BRN,2009,33.3871860728932
BRN,2008,43.5683952508402
BRN,2007,35.9467432469808
BRN,2006,41.3567976989625
BRN,2005,38.234125142664
BRN,2004,33.4391704190771
BRN,2003,34.6565048941565
BRN,2002,27.7227259839213
BRN,2001,32.008973233803
BGR,2020,1.46739369937022
BGR,2019,1.65792966363519
BGR,2018,0.574532429686938
BGR,2017,3.24645323045642
BGR,2016,3.10225979122961
BGR,2015,0.0183981701477746
BGR,2014,2.19248481630297
BGR,2013,1.21578102455384
BGR,2012,-0.973570351440539
BGR,2011,0.47240619236303
BGR,2010,-1.9030145044976
BGR,2009,-8.18150231666307
BGR,2008,-21.7973306729886
BGR,2007,-25.74090199742
BGR,2006,-17.0539269972642
BGR,2005,-11.2057222505032
BGR,2004,-6.38864100782165
BGR,2003,-4.83403725480626
BGR,2002,-1.94499895270126
BGR,2001,-5.6731506146362
BGR,2000,-5.31244317187738
BGR,1999,-4.78204293615307
BGR,1998,-0.411896973671685
BGR,1997,3.77249199928312
BGR,1996,0.127694549820565
BGR,1995,-0.135850360240092
BGR,1994,-0.327523059360731
BGR,1993,-10.1439569086651
BGR,1992,-4.18347903386454
BGR,1991,-1.00803036109064
BGR,1990,-8.28805964230479
BGR,1989,-3.49729150664996
BGR,1988,-1.78223553987341
BGR,1987,-2.56218639906053
BGR,1986,-4.69646000732052
BGR,1985,-0.792752329323553
BFA,2020,4.1931251239965
BFA,2019,-3.26728197882863
BFA,2018,-4.18372491409563
BFA,2017,-6.35349497520962
BFA,2016,-6.0796386850131
BFA,2015,-7.56751200933841
BFA,2014,-7.16454946786701
BFA,2013,-10.0082857458856
BFA,2012,-1.29204165999457
BFA,2011,-1.32772267157687
BFA,2010,-1.79655604009114
BFA,2009,-4.037460656968
BFA,2008,-10.2315812376868
BFA,2007,-7.35321338684529
BFA,2006,-8.30763590093609
BFA,2005,-10.324323038401
BDI,2020,-10.7286410024439
BDI,2019,-13.689181364132
BDI,2018,-13.366968151704
BDI,2017,-13.1912710345622
BDI,2016,-12.518429325456
BDI,2015,-12.7716902710485
BDI,2014,-15.847519265777
BDI,2013,-10.5411437462372
BDI,2012,-11.2209754829117
BDI,2011,-12.6836763902514
BDI,2010,-14.8111210984709
BDI,2009,-9.07806464648816
BDI,2008,-16.090734369062
BDI,2007,-8.20727615108639
BDI,2006,-10.4870448125811
BDI,2005,-0.510079090142335
BDI,2004,-3.53655815425186
BDI,2003,-3.04630146043227
BDI,2002,-0.397990063033963
BDI,2001,-4.1872020116794
BDI,2000,-5.76258887448881
BDI,1999,-2.61184612113877
BDI,1998,-5.44160419385012
BDI,1997,0.630045184343134
BDI,1996,-4.60400356055958
BDI,1995,1.04416596056391
BDI,1994,-1.82525676729153
BDI,1993,-2.99542008499923
BDI,1992,-5.50382096415843
BDI,1991,-2.85038738673383
BDI,1990,-6.13410034398202
BDI,1989,-1.03144329893231
BDI,1988,-6.47258561238188
BDI,1987,-8.41652238216762
BDI,1986,-3.00942472812131
BDI,1985,-3.59026812582894
CPV,2020,-15.6834304999368
CPV,2019,-0.968698566651976
CPV,2018,-4.40170436068748
CPV,2017,-6.99311648831081
CPV,2016,-3.4671600025876
CPV,2015,-2.89127851947954
CPV,2014,-8.2745528647665
CPV,2013,-5.2914571085641
CPV,2012,-12.7312450215892
CPV,2011,-14.8785945210366
CPV,2010,-12.2081961374489
CPV,2009,-13.2225925658414
CPV,2008,-10.4743154022798
CPV,2007,-12.0126265488265
CPV,2006,-7.46948939503442
CPV,2005,-4.18205952542758
CPV,2004,-14.0635896425988
CPV,2003,-11.1255219641803
CPV,2002,-11.5146928529663
CPV,2001,-9.89947075706639
CPV,2000,-11.1544820568204
CPV,1999,-12.6199897709133
CPV,1998,-11.2111308194649
CPV,1997,-6.05813023559705
CPV,1996,-6.98064533689196
CPV,1995,-12.6500359682207
CPV,1994,-11.247287301649
CPV,1993,-4.87949553365865
CPV,1992,-3.40094791515278
CPV,1991,-2.17717441897877
CPV,1990,-1.24948915241014
CPV,1989,-4.79881997611759
CPV,1988,-0.185373530735616
CPV,1987,-1.09327829671743
CPV,1986,0.90643010766845
CPV,1985,-6.48877026735916
KHM,2020,-1.00006150750614
KHM,2019,-7.99991923360397
KHM,2018,-8.73582304512042
KHM,2017,-6.1566420507123
KHM,2016,-6.52773923371676
KHM,2015,-6.61221348694339
KHM,2014,-6.55176399019618
KHM,2013,-6.54160754946616
KHM,2012,-6.802614563021
KHM,2011,-6.3986617266464
KHM,2010,-7.10406918806883
KHM,2009,-5.92994303077878
KHM,2008,-6.73529622284658
KHM,2007,-4.17983206597175
KHM,2006,-2.80064293867027
KHM,2005,-4.34447481248578
KHM,2004,-3.10902285879404
KHM,2003,-4.6255631414654
KHM,2002,-2.38394601973682
KHM,2001,-2.11975415828821
KHM,2000,-3.68398765175244
KHM,1999,-5.33253322476225
KHM,1998,-5.56266216908926
KHM,1997,-6.09569564582159
KHM,1996,-5.27277000305394
KHM,1995,-5.39636443070654
KHM,1994,-5.61001723936974
KHM,1993,-4.10154589334762
KHM,1992,-3.73271123420457
CMR,2020,-3.70931267651989
CMR,2019,-4.27316997253141
CMR,2018,-3.52725517847682
CMR,2017,-2.63102845264373
CMR,2016,-3.06806029650276
CMR,2015,-3.64384590025673
CMR,2014,-3.8530031990371
CMR,2013,-3.34459990547818
CMR,2012,-3.17006037197893
CMR,2011,-2.44588511307823
CMR,2010,-3.11602303510796
CMR,2009,-4.02097111334696
CMR,2008,-1.62929165447174
CMR,2007,1.19555212022133
CMR,2006,0.925460105397848
CMR,2005,-2.54005821725892
CMR,2004,-2.21065060210036
CMR,2003,-3.74372948027078
CMR,2002,-3.53790565581225
CMR,2001,-3.17394469214094
CMR,2000,-2.06689776396929
CMR,1999,-4.40566906646215
CMR,1998,-1.33456243682873
CMR,1997,-5.39597096870369
CMR,1996,-2.58405802001495
CMR,1995,0.827012560749537
CMR,1994,-0.629820264292087
CMR,1993,-3.16558988216275
CMR,1992,-3.0300754690908
CMR,1991,-2.83515953017037
CMR,1990,-4.4759603893945
CMR,1989,-2.63243288288054
CMR,1988,-3.48526332934172
CMR,1987,-6.84107201447678
CMR,1986,-3.81060830050962
CMR,1985,-6.57147038115267
CAN,2020,-2.01049352658991
CAN,2019,-1.95170274818579
CAN,2018,-2.38507161087906
CAN,2017,-2.8034274767599
CAN,2016,-3.093111446907
CAN,2015,-3.51398716666024
CAN,2014,-2.31892137730875
CAN,2013,-3.14687545091254
CAN,2012,-3.53224767688726
CAN,2011,-2.77400602599856
CAN,2010,-3.59618567149688
CAN,2009,-2.96628242314574
CAN,2008,0.204634001322009
CAN,2007,0.752359497275167
CAN,2006,1.36365624553911
CAN,2005,1.86965618692434
CAN,2004,2.26315076447855
CAN,2003,1.16498813828326
CAN,2002,1.64503032397305
CAN,2001,2.13236979231818
CAN,2000,2.48322832733606
CAN,1999,0.124607299622236
CAN,1998,-1.41951307916318
CAN,1997,-1.37185670536611
CAN,1996,0.385035905172816
CAN,1995,-0.835225571288648
CAN,1994,-2.39799048706511
CAN,1993,-3.86026630874172
CAN,1992,-3.6540131722827
CAN,1991,-3.73448630876751
CAN,1990,-3.39880313128255
CAN,1989,-3.91670742512517
CAN,1988,-3.00072131643645
CAN,1987,-3.16569605531888
CAN,1986,-2.99503525717249
CAN,1985,-1.59452236316315
CYM,2020,-16.3463833760305
CYM,2019,-10.8861308445396
CYM,2018,-16.7723985848604
CYM,2017,-16.8690569811564
CYM,2016,-14.3925575613981
CAF,1994,-2.89900460634816
CAF,1993,-1.01269528104564
CAF,1992,-5.88243164608966
CAF,1991,-4.48468346818164
CAF,1990,-6.18666446397518
CAF,1989,-2.7088700983338
CAF,1988,-2.7360567863432
CAF,1987,-6.1139013050671
CAF,1986,-7.70920034153731
CAF,1985,-5.6213002425937
TCD,1994,-3.19913740022973
TCD,1993,-7.97127033243566
TCD,1992,-4.55341511080141
TCD,1991,-3.49331969967201
TCD,1990,-2.62378989206359
TCD,1989,-3.57661020245615
TCD,1988,1.72041905063907
TCD,1987,-2.19448360509664
TCD,1986,-5.5600974872436
TCD,1985,-8.44479951764772
CHL,2020,-1.94941123362021
CHL,2019,-5.21244978814827
CHL,2018,-4.48367554777816
CHL,2017,-2.75779980852367
CHL,2016,-2.62065852365988
CHL,2015,-2.73506821605392
CHL,2014,-3.46029991877659
CHL,2013,-4.77606541666957
CHL,2012,-5.32849119001729
CHL,2011,-4.91713901662884
CHL,2010,0.896881680744073
CHL,2009,1.43974883336493
CHL,2008,-4.18826982519764
CHL,2007,5.05557874807609
CHL,2006,5.49643732024025
CHL,2005,1.91109059952903
CHL,2004,3.26056295397732
CHL,2003,0.21460039582268
CHL,2002,-0.825565731667287
CHL,2001,-1.53703377110131
CHL,2000,-1.14568457860136
CHL,1999,0.131436581248041
CHL,1998,-4.77915592737757
CHL,1997,-4.26887262850026
CHL,1996,-3.92274308347759
CHL,1995,-1.82822028885922
CHL,1994,-2.76296605169419
CHL,1993,-5.11105015900292
CHL,1992,-2.0561295791378
CHL,1991,-0.25554288126347
CHL,1990,-1.44968764303319
CHL,1989,-2.29508114009766
CHL,1988,-0.88405444099552
CHL,1987,-3.25098034750442
CHL,1986,-6.20612193919602
CHL,1985,-7.87897220641269
CHN,2020,1.65930095801393
CHN,2019,0.706790487310518
CHN,2018,0.170563391928727
CHN,2017,1.50488723669315
CHN,2016,1.67018709565351
CHN,2015,2.59752794949746
CHN,2014,2.21130586371267
CHN,2013,1.5211132088502901
CHN,2012,2.48328422404793
CHN,2011,1.77399724587567
CHN,2010,3.84025673415249
CHN,2009,4.68740638141982
CHN,2008,9.0108699631763
CHN,2007,9.79958953536146
CHN,2006,8.30532573537482
CHN,2005,5.71199843031159
CHN,2004,3.47450259619584
CHN,2003,2.55665409110255
CHN,2002,2.37759984341841
CHN,2001,1.28417196444636
CHN,2000,1.67667411710879
CHN,1999,1.91286225540032
CHN,1998,3.0345158579566
CHN,1997,3.81946407941415
CHN,1996,0.833943624966418
CHN,1995,0.219237328483813
CHN,1994,1.21849357261851
CHN,1993,-2.59966643215884
CHN,1992,1.49380742683803
CHN,1991,3.45166169027996
CHN,1990,3.31811936794009
CHN,1989,-1.23916211504939
CHN,1988,-1.21512784090909
CHN,1987,0.109707201482441
CHN,1986,-2.33447167923657
CHN,1985,-3.68213560921028
COL,2020,-3.42772945914236
COL,2019,-4.58427517266059
COL,2018,-4.20138344687969
COL,2017,-3.18224191114871
COL,2016,-4.45195067751588
COL,2015,-6.37230442230879
COL,2014,-5.19843119341789
COL,2013,-3.23615067105019
COL,2012,-3.14008013112592
COL,2011,-2.90611447190462
COL,2010,-2.99583091222973
COL,2009,-1.90692601755576
COL,2008,-2.67924104556952
COL,2007,-2.9819266093631
COL,2006,-1.8486662357596
COL,2005,-1.33773107053945
COL,2004,-0.66148309595793
COL,2003,-0.963598625978888
COL,2002,-1.31623163816019
COL,2001,-1.05937674050926
COL,2000,0.846461525527854
COL,1999,0.778526882820605
COL,1998,-4.93441634428213
COL,1997,-5.39146862906034
COL,1996,-4.77689886981533
COL,1995,-4.8816442586875
COL,1994,-4.48814605215356
COL,1993,-3.1640347587015
COL,1992,1.54179329402071
COL,1991,4.77635581102987
COL,1990,1.13284627622115
COL,1989,-0.508344947661482
COL,1988,-0.550844053044884
COL,1987,0.923754332301952
COL,1986,1.09608675129892
COL,1985,-5.18421125306416
COM,2020,-1.8090566931838
COM,2019,-3.35158582912686
COM,2018,-2.85692338370682
COM,2017,-2.13204216493526
COM,2016,-4.34858918733341
COM,2015,-0.256465657736018
COM,2014,-3.7803293757662
COM,2012,-4.04970428541402
COM,2011,-5.42473025670485
COM,2010,-4.3322227069687
COM,2009,-4.35030280964664
COM,2008,-7.53469626604502
COM,2007,-3.97385796874896
COM,2006,-3.27357312325321
COM,2005,-4.09701964792287
COM,2004,-3.330057820404
COM,2003,-3.37217076421928
COM,1995,-4.82800364207231
COM,1994,-2.29252811329718
COM,1993,2.23823913081916
COM,1992,-3.25051276345255
COM,1991,-2.55855728076927
COM,1990,-2.60861611827647
COM,1989,1.64527020463883
COM,1988,-1.93708708492982
COM,1987,-6.81960597632114
COM,1986,-6.07633451199018
COM,1985,-7.42755094281062
COD,2020,-2.2533450200438
COD,2019,-3.61447223411752
COD,2018,-3.58406179220142
COD,2017,-3.30715525146266
COD,2016,-3.89676371833081
COD,2015,-3.69282012359848
COD,2014,-4.49147540188532
COD,2013,-8.90999507535482
COD,2012,-4.19742912084297
COD,2011,-4.85216679390097
COD,2010,-8.99566348265581
COD,2009,-6.03581629618423
COD,2008,-0.664510638477548
COD,2007,2.86805721465824
COD,2006,0.30870487289839
COD,2005,-3.08174753918885
COG,2020,12.5614280869547
COG,2019,11.6793050600101
COG,2016,-32.8963883802867
COG,2015,-37.2388274641582
COG,2014,3.79355485952657
COG,2013,10.7855804840986
COG,2012,13.6849086384196
COG,2011,13.2423472931453
COG,2010,6.85413566856583
COG,2009,-14.1030536085047
COG,2008,7.46170443036968
COG,2007,-24.0002254918381
COG,2006,1.53894345042081
COG,2005,10.4641144260127
COG,2004,14.5085104569995
COG,2003,14.8882764007301
COG,2002,-1.14076678309812
COG,2001,-1.01723380328061
COG,2000,20.1289422019463
COG,1999,-9.79852342002057
COG,1998,-12.3421441704289
COG,1997,-6.70967027697312
COG,1996,-25.6169885221692
COG,1995,-29.5463927344917
COG,1994,-44.8409951823334
COG,1993,-20.5893960957304
COG,1992,-10.7934054712732
COG,1991,-16.9376870155112
COG,1990,-8.97637795425953
COG,1989,-3.55503079247413
COG,1988,-20.1330804370954
COG,1987,-9.69133907709575
COG,1986,-32.4832378211718
COG,1985,-7.46302019432509
CRI,2020,-1.0451399398849
CRI,2019,-1.19007304662516
CRI,2018,-2.99153112578977
CRI,2017,-3.61676636348474
CRI,2016,-2.13651622902175
CRI,2015,-3.40396456306334
CRI,2014,-4.7160048123098
CRI,2013,-4.77170630967613
CRI,2012,-5.10481785769544
CRI,2011,-5.29681753650104
CRI,2010,-3.2233638744529
CRI,2009,-1.82328161880324
CRI,2008,-8.37792572859127
CRI,2007,-5.57495108003314
CRI,2006,-4.13248459059871
CRI,2005,-4.29151439430037
CRI,2004,-3.6271827494939
CRI,2003,-5.20903348558069
CRI,2002,-5.18779567292921
CRI,2001,-3.21895001481533
CRI,2000,-4.55955827354411
CRI,1999,-4.6752374776359
CRI,1998,-3.80546813822407
CRI,1997,-3.81205832280929
CRI,1996,-2.25775317412388
CRI,1995,-3.09313887300943
CRI,1994,-2.22690318351734
CRI,1993,-6.48418120757875
CRI,1992,-4.31713971378434
CRI,1991,-1.04216824950309
CRI,1990,-7.42337494326744
CRI,1989,-7.90131335042768
CRI,1988,-3.86813252481538
CRI,1987,-5.65701991400658
CRI,1986,-1.81037094354636
CRI,1985,-3.21519372998558
CIV,2020,-3.13243536755175
CIV,2019,-2.23379059024848
CIV,2018,-3.90363086723186
CIV,2017,-1.99780015304641
CIV,2016,-0.855798630849982
CIV,2015,-0.439534823506041
CIV,2014,1.04562413672806
CIV,2013,-1.48012277771383
CIV,2012,-0.882958574823462
CIV,2011,7.26612761772171
CIV,2010,1.33095270108223
CIV,2009,4.79271756698353
CIV,2008,1.33044255664335
CIV,2007,-0.484088679670274
CIV,2006,1.89621807045563
CIV,2005,0.165122856652972
HRV,2020,-0.794764787152176
HRV,2019,2.63944112077443
HRV,2018,1.21879767278773
HRV,2017,4.05058564025186
HRV,2016,2.46278248048211
HRV,2015,2.8160395582054
HRV,2014,0.393646518692679
HRV,2013,-0.85905218922224
HRV,2012,-0.361346953174399
HRV,2011,-1.66263208640643
HRV,2010,-2.51842272366615
HRV,2009,-6.55709632697428
HRV,2008,-10.9284028864315
HRV,2007,-8.01574127853192
HRV,2006,-7.88445610459166
HRV,2005,-7.53586560507972
HRV,2004,-6.14980575305839
HRV,2003,-9.10663581966419
HRV,2002,-6.2103221208118
HRV,2001,-2.23834054152959
HRV,2000,-1.52722841882587
HRV,1999,-6.31890080016949
HRV,1998,-5.28883442850186
HRV,1997,-10.3392081685164
HRV,1996,-4.51917827489029
HRV,1995,-6.33173304670167
HRV,1994,5.11543986832586
HRV,1993,6.16611948406294
CUW,2020,-27.1790165849208
CUW,2019,-17.8687623818489
CUW,2018,-26.6788618293987
CUW,2017,-22.408060054686
CUW,2016,-19.3487658928601
CUW,2015,-16.9786946407484
CUW,2014,-16.5331269497382
CUW,2013,-25.1892796048519
CUW,2012,-29.7077853277585
CUW,2011,-30.0160245986954
CYP,2020,-9.70521766643821
CYP,2019,-5.52358779333744
CYP,2018,-3.74116387276707
CYP,2017,-4.91227621613631
CYP,2016,-3.87009257416934
CYP,2015,-0.244186265425847
CYP,2014,-4.07615408092307
CYP,2013,-1.50316970166727
CYP,2012,-3.86860062836353
CYP,2011,-2.09343664640065
CYP,2010,-10.7622757102317
CYP,2009,-6.67074544398167
CYP,2008,-14.4443028383531
CYP,2007,-7.63669144927273
CYP,2006,-6.36794765544154
CYP,2005,-5.26682635799638
CYP,2004,-4.77327486436682
CYP,2003,-2.00767143097125
CYP,2002,-3.32012511756835
CYP,2001,-3.09916834386667
CYP,2000,-4.88747484293358
CYP,1999,-1.62158738894853
CYP,1998,2.84348035393524
CYP,1997,-4.37875893634201
CYP,1996,-4.67156754364255
CYP,1995,-2.06499778344603
CYP,1994,1.00140507465941
CYP,1993,1.66562701377823
CYP,1992,-9.23295527901852
CYP,1991,-7.28400581413835
CYP,1990,-2.76044154525839
CYP,1989,-5.4491996749029
CYP,1988,-2.51426419493428
CYP,1987,-0.207588387653008
CYP,1986,-0.611948219842198
CYP,1985,-7.41559501893476
CZE,2020,1.7852008079583
CZE,2019,0.356195094422181
CZE,2018,0.451859774047593
CZE,2017,1.35301705500193
CZE,2016,1.74734921729713
CZE,2015,0.446971205922034
CZE,2014,0.217020094001342
CZE,2013,-0.519137991701544
CZE,2012,-1.501449440317
CZE,2011,-2.1691537824734
CZE,2010,-3.48120039690542
CZE,2009,-2.35286468331655
CZE,2008,-1.86377838067906
CZE,2007,-4.70721210136984
CZE,2006,-2.55771892805224
CZE,2005,-2.0469317715426
CZE,2004,-3.70977039606132
CZE,2003,-5.76037419921863
CZE,2002,-5.16274750389644
CZE,2001,-4.80305110479948
CZE,2000,-4.3260595580812
CZE,1999,-2.23483455253069
CZE,1998,-1.94722596154938
CZE,1997,-5.79107713467812
CZE,1996,-6.08746771318312
CZE,1995,-2.26757320329168
CZE,1994,-1.70139298961709
CZE,1993,1.1330967168381
DNK,2020,7.31174171634934
DNK,2019,7.51157692205496
DNK,2018,6.32147869586373
DNK,2017,7.43235705188882
DNK,2016,7.1535241379713
DNK,2015,8.03310119340128
DNK,2014,8.33724641683404
DNK,2013,7.38438213074311
DNK,2012,6.04077392997687
DNK,2011,6.33895025513779
DNK,2010,6.39689740721911
DNK,2009,3.670308987932
DNK,2008,2.93344197648404
DNK,2007,1.51196754347491
DNK,2006,3.33878587946735
DNK,2005,4.15137874873849
DNK,2004,2.35760495195269
DNK,2003,3.18790770063056
DNK,2002,1.93547973055908
DNK,2001,2.94033572239732
DNK,2000,1.37879989622757
DNK,1999,1.71298625187982
DNK,1998,-1.13530538852639
DNK,1997,0.531779842222928
DNK,1996,1.64799093505223
DNK,1995,1.00340778021557
DNK,1994,2.04424373399312
DNK,1993,3.3761876880507
DNK,1992,2.74488364106853
DNK,1991,1.42496597503466
DNK,1990,0.992308259412131
DNK,1989,-0.995137848272316
DNK,1988,-1.15966444750152
DNK,1987,-2.7490475260444
DNK,1986,-5.11696670702114
DNK,1985,-4.43064275946123
DJI,2020,11.6521171854969
DJI,2019,18.2584391861665
DJI,2018,14.711779905443
DJI,2017,-4.79510874009852
DJI,2016,-1.00034788975653
DJI,2015,29.4599511791353
DJI,2014,23.8932174835351
DJI,2013,-30.7512096888003
DJI,2012,-10.9311673573902
DJI,2011,-13.8678242864019
DJI,2010,4.47357137871551
DJI,2009,-6.77718840004505
DJI,2008,-22.5587851004156
DJI,2007,-20.2086361012123
DJI,2006,-2.15448790661934
DJI,2005,2.84105797251049
DJI,2004,0.473072861668425
DJI,2003,12.7055171216024
DJI,2002,11.8252569135346
DJI,2001,12.0278460954718
DJI,2000,6.04193525666741
DJI,1999,12.9648892075064
DJI,1998,8.53208339077553
DJI,1997,10.6026685770574
DJI,1996,13.8618372344666
DJI,1995,15.5987157456815
DJI,1994,16.3154371248577
DJI,1993,23.8256791900186
DJI,1992,14.6514283023976
DJI,1991,22.0729331569769
DMA,2020,-35.2351867100794
DMA,2019,-36.1951486634089
DMA,2018,-41.1963949394605
DMA,2017,-10.2099529307271
DMA,2016,-8.45275386663789
DMA,2015,-6.56710220155754
DMA,2014,-6.21279255214796
DMA,2013,-17.0836404533407
DMA,2012,-16.518817887546
DMA,2011,-13.3467421657827
DMA,2010,-16.9329365473543
DMA,2009,-19.6705453623387
DMA,2008,-24.5182774836172
DMA,2007,-17.2068339558123
DMA,2006,-6.98675382958053
DMA,2005,-16.0912002305889
DMA,2004,-8.40775392872234
DMA,2003,-6.04714179505929
DMA,2002,-8.85156806005728
DMA,2001,-11.6177894763262
DMA,2000,-19.9386602693651
DMA,1999,-10.7831426179179
DMA,1998,-7.15327796349265
DMA,1997,-13.9450169300915
DMA,1996,-17.5044667181976
DMA,1995,-14.6584638631427
DMA,1994,-9.89338899707203
DMA,1993,-7.41115066674712
DMA,1992,-11.5877587189063
DMA,1991,-15.5554806525549
DMA,1990,-21.609347993969
DMA,1989,-24.5823240687135
DMA,1988,-7.14836600587225
DMA,1987,-4.61712021581637
DMA,1986,-5.1982903977737704
DMA,1985,-5.27343827916429
DOM,2020,-1.69224227999815
DOM,2019,-1.33253119353171
DOM,2018,-1.55480224260577
DOM,2017,-0.168331272949702
DOM,2016,-1.07831727382895
DOM,2015,-1.8040834790462
DOM,2014,-3.23841188766658
DOM,2013,-4.10500018404706
DOM,2012,-6.55624631595726
DOM,2011,-7.52170967420317
DOM,2010,-7.47847811387321
DOM,2009,-4.77544466541589
DOM,2008,-9.39813947302595
DOM,2007,-4.92727717051081
DOM,2006,-3.39866888826109
DOM,2005,-1.32180615715461
DOM,2004,4.66562998909679
DOM,2003,4.8412459657921
DOM,2002,-2.94021829945032
DOM,2001,-2.89354387031244
DOM,2000,-4.22327517754885
DOM,1999,-1.93887227246899
DOM,1998,-1.56144626408778
DOM,1997,-0.814289530702647
DOM,1996,-1.16601469767881
DOM,1995,-1.09873129454882
DOM,1994,-1.93243515666095
DOM,1993,-4.07383436047879
DOM,1992,-6.0997558654875
DOM,1991,-1.6011020076795
DOM,1990,-3.95268341373003
DOM,1989,-4.89486943599179
DOM,1988,-0.351673707553919
DOM,1987,-6.24844394561588
DOM,1986,-2.99569011456242
DOM,1985,-2.13298233833064
ECU,2020,2.09333990710764
ECU,2019,-0.50646136827611
ECU,2018,-1.53316537401825
ECU,2017,-0.387242953675667
ECU,2016,0.912554395568837
ECU,2015,-2.28484408591192
ECU,2014,-0.651047970913704
ECU,2013,-0.966037832420015
ECU,2012,-0.166909556494228
ECU,2011,-0.506587087684931
ECU,2010,-2.32172616604527
ECU,2009,0.520924336749102
ECU,2008,2.89405288656368
ECU,2007,3.78442738247702
ECU,2006,3.80804965411109
ECU,2005,1.17661120468016
ECU,2004,-1.36219189560774
ECU,2003,-1.2492036168512901
ECU,2002,-4.50586234491732
ECU,2001,-2.38325088255005
ECU,2000,6.34355414802445
ECU,1999,4.67349075269474
ECU,1998,-7.49949156007604
ECU,1997,-1.62196981722165
ECU,1996,-0.217391362976912
ECU,1995,-4.09288556316314
ECU,1994,-3.95584535777111
ECU,1993,-4.48229932324834
ECU,1992,-0.674247786490063
ECU,1991,-4.16751643885901
ECU,1990,-2.36231747522136
ECU,1989,-5.1472829488547
ECU,1988,-5.20997667418132
ECU,1987,-8.51175092710987
ECU,1986,-3.80040967405147
ECU,1985,0.443172244309129
EGY,2020,-3.70903990583373
EGY,2019,-3.20758543154937
EGY,2018,-2.93164483711978
EGY,2017,-3.19681566782461
EGY,2016,-6.16465951871263
EGY,2015,-5.23529137853431
EGY,2014,-1.94849131455399
EGY,2013,-1.22513249838744
EGY,2012,-2.49788021735236
EGY,2011,-2.32378812632193
EGY,2010,-2.05668307641306
EGY,2009,-1.7707391095759
EGY,2008,-0.868821887213847
EGY,2007,0.315552631578947
EGY,2006,2.45322162862231
EGY,2005,2.34529559888579
EGY,2004,4.97788419534309
EGY,2003,4.66231377245509
EGY,2002,0.730979150171549
EGY,2001,-0.401718427655422
EGY,2000,-0.972570273448986
EGY,1999,-1.80221287386216
EGY,1998,-3.02491579679889
EGY,1997,-0.905827378713802
EGY,1996,-0.283898866608544
EGY,1995,-0.422212745098039
EGY,1994,0.0597325714285714
EGY,1993,5.44885051546392
EGY,1992,7.81250251617541
EGY,1991,9.010952
EGY,1990,5.41428288100209
EGY,1989,-3.29141667060211
EGY,1988,-2.97556725417425
EGY,1987,0.0497900138696242
EGY,1986,-3.49407515387107
EGY,1985,-4.65076269628491
SLV,2020,1.11030429654712
SLV,2019,-0.421693578525018
SLV,2018,-3.30179306522223
SLV,2017,-1.85990733613606
SLV,2016,-2.27403286613894
SLV,2015,-3.2159293549397
SLV,2014,-5.37138698730115
SLV,2013,-6.90474689247509
SLV,2012,-5.79721503254672
SLV,2011,-5.48105199392229
SLV,2010,-2.88821622788294
SLV,2009,-1.77368032991474
SLV,2008,-8.51825968802828
SLV,2007,-7.15129248901495
SLV,2006,-4.78478289538241
SLV,2005,-4.22907878622942
SLV,2004,-4.67674940955736
SLV,2003,-5.30205130807915
SLV,2002,-3.19917807931234
SLV,2001,-1.22368889754147
SLV,2000,-3.65297107423069
SLV,1999,-2.12066485546114
SLV,1998,-0.829238100118753
SLV,1997,-0.956383843468498
SLV,1996,-1.76340996059416
SLV,1995,-2.93184061861952
SLV,1994,-0.23421850941335
SLV,1993,-1.22473345675386
SLV,1992,-1.87429806480166
SLV,1991,-3.18836063436411
SLV,1990,-3.14984163467256
SLV,1989,-4.44717349577913
SLV,1988,0.615769425377338
SLV,1987,3.43098606893331
SLV,1986,3.09824627527765
SLV,1985,-0.754663639732212
GNQ,1996,-147.997312487613
GNQ,1995,-86.9941852940511
GNQ,1994,-0.37878435160704
GNQ,1993,2.08962404984017
GNQ,1992,-7.85003608180464
GNQ,1991,-36.7145107351161
GNQ,1990,-16.9395648833006
GNQ,1989,-23.7875568375166
GNQ,1988,-16.4506703656093
GNQ,1987,-25.9287107608819
ERI,2000,-14.8161574838645
ERI,1999,-30.3043628662932
ERI,1998,-39.2668560181824
ERI,1997,0.722973749438987
ERI,1996,-8.61532542588461
ERI,1995,-5.44458433860014
ERI,1994,23.2450159506025
ERI,1993,22.9133856737768
ERI,1992,39.3908305177212
EST,2020,-2.7306242700292
EST,2019,2.00905944057614
EST,2018,0.56376163135316
EST,2017,1.69970978175346
EST,2016,0.996247381037251
EST,2015,1.46327360938589
EST,2014,0.518408483980374
EST,2013,-0.133143040301748
EST,2012,-1.85807259126916
EST,2011,1.30548764458293
EST,2010,1.74366049478647
EST,2009,2.6775190631377
EST,2008,-8.85851078522045
EST,2007,-14.8020314240803
EST,2006,-14.9718681033251
EST,2005,-8.63305003795734
EST,2004,-11.9829822415601
EST,2003,-12.9205377766597
EST,2002,-10.5743364533738
EST,2001,-5.19375871381401
EST,2000,-5.25815799294368
EST,1999,-5.11809353076672
EST,1998,-8.43191028086133
EST,1997,-10.898015356172
EST,1996,-8.32080873340359
EST,1995,-3.50447680786974
EST,1994,-4.03327500267873
EST,1993,0.53901284719059
SWZ,2020,6.55291656984155
SWZ,2019,3.81510661336771
SWZ,2018,1.30781570062784
SWZ,2017,6.11293651555308
SWZ,2016,7.99024652712619
SWZ,2015,13.6462188835414
SWZ,2014,11.9504856315641
SWZ,2013,10.9113844873232
SWZ,2012,5.05366904415604
SWZ,2011,-5.9649333225146
SWZ,2010,-8.90472208675336
SWZ,2009,-11.7528556394377
SWZ,2008,-7.14591112347182
SWZ,2007,-1.93276556706589
SWZ,2006,-6.11526332672519
SWZ,2005,-3.31336100189476
SWZ,2004,2.63067140122666
SWZ,2003,4.15889604093632
SWZ,2002,2.38216911954966
SWZ,2001,0.598910535464894
SWZ,2000,-2.7023839131461602
SWZ,1999,-2.12921733088375
SWZ,1998,-5.91886464673934
SWZ,1997,-0.159647506239686
SWZ,1996,-3.24211594984
SWZ,1995,-1.74925944187271
SWZ,1994,0.129989761643895
SWZ,1993,-4.6923019892661
SWZ,1992,-3.15761879391608
SWZ,1991,4.0814985358133
SWZ,1990,4.55259231829367
SWZ,1989,11.0570057125324
SWZ,1988,13.7418195861256
SWZ,1987,11.2250885515662
SWZ,1986,2.3959859290464
SWZ,1985,-10.6504672925073
ETH,2020,-2.75526110015443
ETH,2019,-5.47194445075559
ETH,2018,-5.53324917435327
ETH,2017,-7.76343039992896
ETH,2016,-11.5449209376397
ETH,2015,-12.1838327178752
ETH,2014,-10.3781721184147
ETH,2013,-6.36626399169653
ETH,2012,-7.1067486808021
ETH,2011,-3.30367964138338
ETH,2010,-2.1222608717343
ETH,2009,-6.75348362103612
ETH,2008,-6.67139557726763
ETH,2007,-4.20144598076542
ETH,2006,-11.6871605564419
ETH,2005,-12.6419842587598
ETH,2004,-6.59189372254429
ETH,2003,-1.58150719828577
ETH,2002,-1.74046524518375
ETH,2001,-4.53620596538169
ETH,2000,0.163268897783397
ETH,1999,-5.89415732214505
ETH,1998,-4.15073883771035
ETH,1997,-0.457223674441712
ETH,1996,0.908197347576536
ETH,1995,0.50129599614824
ETH,1994,1.76625983730631
ETH,1993,-0.552422468805537
ETH,1992,-1.11537579375337
ETH,1991,0.747122815753609
ETH,1990,-2.3541103991641
ETH,1989,-1.227552239329
ETH,1988,-2.03500398551599
ETH,1987,-2.00982272538634
ETH,1986,-3.24092628403194
ETH,1985,1.09371100521
FRO,2011,7.75436992619401
FRO,2010,6.18734358043311
FRO,2009,-1.07294449559976
FRO,2008,-1.22813096268354
FRO,2007,-3.44459491477146
FRO,2006,1.05271652622566
FRO,2005,1.77191405060488
FRO,2004,7.52016809211848
FRO,2003,-0.436767986416422
FRO,2002,9.86123616311528
FRO,2001,12.6005348141705
FRO,2000,9.29520327119273
FRO,1999,15.6142918418711
FRO,1998,20.2734708037608
FJI,2020,-12.1311588430209
FJI,2019,-11.7772709740163
FJI,2018,-8.44729845329712
FJI,2017,-6.639070882176
FJI,2016,-3.60696936050466
FJI,2015,-3.47299248987541
FJI,2014,-5.77781240557738
FJI,2013,-9.71178073518758
FJI,2012,-1.4340442908102
FJI,2011,-5.16119192694594
FJI,2010,-4.7591968754889
FJI,2009,-4.31924967284106
FJI,2008,-14.9382363262539
FJI,2007,-11.4545752332218
FJI,2006,-16.4488939915362
FJI,2005,-6.89584542628475
FJI,2004,-9.27687175758032
FJI,2003,-2.28236251772105
FJI,2002,0.858878837529476
FJI,2001,-4.09110110593277
FJI,2000,-1.51980018386888
FJI,1999,0.655462625521091
FJI,1998,-3.62307870193135
FJI,1997,-1.63374867444326
FJI,1996,0.636047134440278
FJI,1995,-5.72016176808459
FJI,1994,-6.17634955669445
FJI,1993,-8.44003964321105
FJI,1992,-3.99878474352944
FJI,1991,-4.93144143597923
FJI,1990,-7.03030144787266
FJI,1989,0.632738435882661
FJI,1988,6.35550368382684
FJI,1987,2.32050169864632
FJI,1986,1.29985652299845
FJI,1985,1.64083841438865
FIN,2020,0.529983303828095
FIN,2019,-0.15499529100125
FIN,2018,-1.63811271947478
FIN,2017,-0.613710516292874
FIN,2016,-1.98213896057961
FIN,2015,-0.91248550363006
FIN,2014,-1.40306958808626
FIN,2013,-1.87586111811563
FIN,2012,-2.25407429115713
FIN,2011,-1.55989641961033
FIN,2010,1.3927410867982
FIN,2009,2.10030839228353
FIN,2008,2.46705484055195
FIN,2007,4.08024653201484
FIN,2006,3.94307577889212
FIN,2005,3.79909504985157
FIN,2004,6.35919059517118
FIN,2003,4.97591224324578
FIN,2002,8.61479200191198
FIN,2001,9.32832355563524
FIN,2000,8.35697521580217
FIN,1999,5.94874529220918
FIN,1998,5.47770810715808
FIN,1997,5.22832147413365
FIN,1996,3.79006406550443
FIN,1995,3.90223701682602
FIN,1994,1.07619185079872
FIN,1993,-1.2736811038366
FIN,1992,-4.54594465904843
FIN,1991,-5.32681492267676
FIN,1990,-4.92220571481103
FIN,1989,-4.87183687394226
FIN,1988,-2.47056311444696
FIN,1987,-1.89097850106028
FIN,1986,-0.94312824070119206
FIN,1985,-1.44344195524999
FRA,2020,-2.00313613657686
FRA,2019,0.587362764575747
FRA,2018,-0.735670615255372
FRA,2017,-0.474615185215668
FRA,2016,-0.538632351885891
FRA,2015,-0.334528437032909
FRA,2014,-0.962733699381149
FRA,2013,-0.597990456908108
FRA,2012,-1.22530807843013
FRA,2011,-1.02802797917579
FRA,2010,-0.832545468638348
FRA,2009,-0.818480147786107
FRA,2008,-0.962244945077223
FRA,2007,-0.328279950461903
FRA,2006,0.0221896585541475
FRA,2005,-0.00650919177703098
FRA,2004,0.434470120439983
FRA,2003,0.871063406872803
FRA,2002,1.18270439802011
FRA,2001,1.5298994522382
FRA,2000,1.1848394944316
FRA,1999,3.4092327167425
FRA,1998,2.51843043289976
FRA,1997,2.60806895660173
FRA,1996,1.2859310187773
FRA,1995,0.679551477433413
FRA,1994,0.535080974263654
FRA,1993,0.683954592617435
FRA,1992,0.280170781675052
FRA,1991,-0.517748489885409
FRA,1990,-0.790699531946191
FRA,1989,-0.459409521209704
FRA,1988,-0.456943183564688
FRA,1987,-0.479945241449235
FRA,1986,0.317668003097765
FRA,1985,-0.00632248222825551
PYF,2016,7.49427461409959
PYF,2015,5.46732880455944
PYF,2014,4.29649738932559
PYF,2013,3.27354524979354
PYF,2012,1.37240717988221
PYF,2011,2.82663363720287
PYF,2010,-0.294406118669795
PYF,2009,-2.5963824275816
PYF,2008,-6.03579073273941
PYF,2007,4.09227840409068
PYF,2006,2.71856320416727
PYF,2005,0.153096372292576
PYF,2004,3.33918047231439
PYF,2003,-2.41927473004379
PYF,2002,0.152944141111643
GAB,2015,0.980288664808838
GAB,2014,6.10892058354702
GAB,2013,8.31242147608324
GAB,2012,11.5176523304205
GAB,2011,14.30205454341
GAB,2010,17.0685059551217
GAB,2009,6.63781868280595
GAB,2008,24.5939589011604
GAB,2007,22.0639363873959
GAB,2005,20.6930568792579
GAB,2004,11.8977404655294
GAB,2003,11.7614768617876
GAB,2002,6.33560263979825
GAB,2001,10.2998522952722
GAB,2000,19.7027587812577
GAB,1999,8.37209987870897
GAB,1998,-13.2831001987777
GAB,1997,9.97513749355829
GAB,1996,15.606083485232
GAB,1995,10.3786091380141
GAB,1994,7.57275373189422
GAB,1993,-1.12108668936338
GAB,1992,-3.00622863834277
GAB,1991,1.38433185743214
GAB,1990,2.81747500972778
GAB,1989,-4.59078995928343
GAB,1988,-16.0520094477278
GAB,1987,-13.6844773143339
GAB,1986,-31.0681259413846
GAB,1985,-4.86504498812799
GMB,2020,-4.77621848558059
GMB,2019,-2.04445221575257
GMB,2018,-8.08332529672772
GMB,2017,-6.32875593450885
GMB,2016,-5.12796647463839
GMB,2015,-3.90228061316891
GMB,2014,-6.87758719722139
GMB,2013,-7.05935659160072
GMB,2012,-6.55707152697875
GMB,2011,-7.67135227929092
GMB,2010,1.13391181749086
GMB,2009,1.93110412724461
GMB,2008,-0.402650265042615
GMB,2007,-6.19477968023257
GMB,2006,-6.22324623229531
GMB,2005,-4.22219702002327
GMB,2004,-3.15228070444893
GMB,2003,0.541196571889132
GMB,1997,-2.85622127623815
GMB,1996,-5.55018808592488
GMB,1995,-1.035486078866
GMB,1994,1.08503963991995
GMB,1993,-0.68412730075442
GMB,1992,5.34341465610822
GMB,1991,1.73224760432551
GMB,1990,7.62398443950627
GMB,1989,5.4593551375244
GMB,1988,12.0964807472797
GMB,1987,6.45566366599967
GMB,1986,1.66518287354912
GMB,1985,3.4057539168858
GEO,2020,-12.4222857463116
GEO,2019,-5.99374849041915
GEO,2018,-6.65935234039704
GEO,2017,-7.95124743463903
GEO,2016,-12.2417329389245
GEO,2015,-11.6071164150782
GEO,2014,-9.93087844279949
GEO,2013,-5.45445307967912
GEO,2012,-11.1441786727056
GEO,2011,-11.9098234516365
GEO,2010,-9.6468391223966
GEO,2009,-10.5986282901093
GEO,2008,-21.9709187774567
GEO,2007,-19.5819311413511
GEO,2006,-15.3810743163939
GEO,2005,-10.8511554489972
GEO,2004,-6.94983213970616
GEO,2003,-9.57586165079388
GEO,2002,-6.3877422128611
GEO,2001,-6.12197073672485
GEO,2000,-5.75310242328275
GEO,1999,-7.08564878719989
GEO,1998,-7.6297275422632
GEO,1997,-14.6474016992689
DEU,2020,6.34782686016016
DEU,2019,7.87471222403171
DEU,2018,8.43761219902204
DEU,2017,8.07873526112888
DEU,2016,8.9023603683727
DEU,2015,8.09671429040111
DEU,2014,7.19417703303447
DEU,2013,6.72910853583547
DEU,2012,7.19554460437767
DEU,2011,6.26091712383114
DEU,2010,5.77277636027696
DEU,2009,5.87627948005071
DEU,2008,5.57767610595061
DEU,2007,6.70574096490579
DEU,2006,5.83661726884204
DEU,2005,4.64324145764122
DEU,2004,4.53374240243277
DEU,2003,1.53250948753762
DEU,2002,1.98424702046954
DEU,2001,-0.17042466008937
DEU,2000,-1.5131310276989
DEU,1999,-1.16769718086738
DEU,1998,-0.474729135736975
DEU,1997,-0.355877126875177
DEU,1996,-0.492213210288898
DEU,1995,-1.06756701779392
DEU,1994,-1.32150809446364
DEU,1993,-0.77819069062652
DEU,1992,-0.983554177100667
DEU,1991,-1.19301223274731
DEU,1990,2.61258287267843
DEU,1989,4.06331329481203
DEU,1988,3.83691174148043
DEU,1987,3.39361607761235
DEU,1986,3.68171870800605
DEU,1985,2.4474419685469
GHA,2020,-3.04816313374944
GHA,2019,-2.72699375813964
GHA,2018,-3.03986602950099
GHA,2017,-3.31643027470141
GHA,2016,-5.04424020618629
GHA,2015,-5.7116156025854
GHA,2014,-6.75690272053076
GHA,2013,-9.07624953901069
GHA,2012,-11.9009237632838
GHA,2011,-9.00258173366362
GHA,2010,-8.5327330566748
GHA,2009,-7.28314283327412
GHA,2008,-11.6021635051277
GHA,2007,-9.58130961421888
GHA,2006,-5.05660776463669
GHA,2005,-10.280631865678
GHA,2004,-6.64520344576759
GHA,2003,1.33224533437262
GHA,2002,-1.70668468981884
GHA,2001,-8.04286187367619
GHA,2000,-7.75495051706689
GHA,1999,-12.4939914333473
GHA,1998,-6.9730710672988
GHA,1997,-5.85456469341193
GHA,1996,-4.42593921260815
GHA,1995,-2.22295003676613
GHA,1994,-4.67466144092219
GHA,1993,-9.36182299010873
GHA,1992,-5.87583998572894
GHA,1991,-3.81712748889921
GHA,1990,-3.79004857894482
GHA,1989,-1.78793851881226
GHA,1988,-1.29093946323997
GHA,1987,-1.92912868632708
GHA,1986,-1.48753135064422
GHA,1985,-2.97271052447471
GRC,2020,-7.12181074881181
GRC,2019,-2.11808020939794
GRC,2018,-3.55679128954824
GRC,2017,-2.38344142611836
GRC,2016,-2.30350655253683
GRC,2015,-1.5031156236834
GRC,2014,-1.43786972023484
GRC,2013,-2.13029886404193
GRC,2012,-2.58418506053025
GRC,2011,-10.0976272377955
GRC,2010,-10.2094499511211
GRC,2009,-10.9982860428605
GRC,2008,-14.6094922064777
GRC,2007,-14.1869570945957
GRC,2006,-10.9919390863756
GRC,2005,-7.51860335220303
GRC,2004,-5.74201400267067
GRC,2003,-6.5062606053612
GRC,2002,-6.38625728965696
GRC,2001,-7.1208377005018
GRC,2000,-7.80647954386925
GRC,1999,-5.31917093747904
GRC,1997,-3.50229712684898
GRC,1996,-3.19572255088179
GRC,1995,-2.12188049067422
GRC,1994,-0.126978535177172
GRC,1993,-0.696206808420449
GRC,1992,-1.86723149235441
GRC,1991,-1.51783071981204
GRC,1990,-3.66416152795676
GRC,1989,-3.28047623715177
GRC,1988,-1.27392583418636
GRC,1987,-1.88910563466861
GRC,1986,-3.01463543598474
GRC,1985,-6.94719222076847
GRD,2020,-16.1060034218251
GRD,2019,-10.3282132272823
GRD,2018,-12.7578936321221
GRD,2017,-11.4635306675494
GRD,2016,-8.84957467526885
GRD,2015,-10.6165101004821
GRD,2014,-9.08236900654942
GRD,2013,-17.0640979875268
GRD,2012,-14.9830707473175
GRD,2011,-18.6656495604378
GRD,2010,-19.4482994535286
GRD,2009,-16.922787751426
GRD,2008,-26.310483241865
GRD,2007,-29.2906558652577
GRD,2006,-35.3579767652673
GRD,2005,-36.197096036622
GRD,2004,-21.9094311537962
GRD,2003,-26.3551417555989
GRD,2002,-24.5623129443555
GRD,2001,-25.1924121595876
GRD,2000,-21.9966277175388
GRD,1999,-11.5657809941147
GRD,1998,-18.2799852849773
GRD,1997,-17.6170958451229
GRD,1996,-15.4008298904297
GRD,1995,-12.2182247681427
GRD,1994,-8.6534330809719
GRD,1993,-14.0981471570171
GRD,1992,-10.4438180860276
GRD,1991,-15.9830787973543
GRD,1990,-16.626121074546
GRD,1989,-13.5871554173319
GRD,1988,-11.7493067008026
GRD,1987,-13.5773457166948
GRD,1986,-10.1739078608534
GRD,1985,1.6539078422986
GTM,2020,5.04131108756311
GTM,2019,2.36029015844232
GTM,2018,0.885829296285522
GTM,2017,1.19614067972898
GTM,2016,0.964776364019979
GTM,2015,-1.24431005683082
GTM,2014,-3.30031992366676
GTM,2013,-4.22440069065832
GTM,2012,-3.7248017027558
GTM,2011,-3.37024214653633
GTM,2010,-1.88548550474234
GTM,2009,0.194641494950958
GTM,2008,-4.03483780515022
GTM,2007,-5.31937540284176
GTM,2006,-5.12367991314268
GTM,2005,-4.63346885034308
GTM,2004,-4.93864901451057
GTM,2003,-4.81631890533668
GTM,2002,-6.04021558283228
GTM,2001,-6.80733057120201
GTM,2000,-5.44146333041507
GTM,1999,-5.60037620030961
GTM,1998,-5.35743048114144
GTM,1997,-3.56098407112146
GTM,1996,-2.87722315607179
GTM,1995,-3.90367937373989
GTM,1994,-4.81621168651736
GTM,1993,-6.15525381623952
GTM,1992,-6.76098809347935
GTM,1991,-1.95298065782809
GTM,1990,-2.78293492713394
GTM,1989,-4.36466568457703
GTM,1988,-5.27953288720953
GTM,1987,-6.24611837267502
GTM,1986,-0.243364059582245
GTM,1985,-2.53352000047872
GIN,2020,19.0560604764664
GIN,2019,-2.34042432173531
GIN,2018,-1.60638873400794
GIN,2017,5.03018582642408
GIN,2016,-31.9328390727134
GIN,2015,-11.6007986964145
GIN,2014,-11.1827727004958
GIN,2013,-14.2034724942303
GIN,2012,-13.5979829951241
GIN,2011,-17.1165293375314
GIN,2010,-4.7697025907998
GIN,2009,-6.005146411906
GIN,2008,-6.29234168357033
GIN,2007,-7.23648388311734
GIN,2006,-5.2452359968981
GIN,2005,-3.74410214282105
GIN,2004,-3.06276375818202
GIN,2003,-3.68667076245062
GIN,2002,-4.64074253447312
GIN,2001,-1.44260287136746
GIN,2000,-3.20759051700664
GIN,1999,-3.98363958959634
GIN,1998,-2.95227188360417
GIN,1997,-1.65086793613531
GIN,1996,-3.14235704551243
GIN,1995,-4.01956723410899
GIN,1994,-5.02716468421529
GIN,1993,-1.18778554469804
GIN,1992,-5.4852351143333
GIN,1991,-6.5697966368861
GIN,1990,-5.22024846869827
GIN,1989,-5.0678506224507
GIN,1988,-6.3719618891849
GIN,1987,-1.28497395970774
GIN,1986,-4.25831725886567
GNB,2020,-2.26873597138549
GNB,2019,-7.98194454455476
GNB,2018,-3.48324795461302
GNB,2017,0.263885195365577
GNB,2016,1.36293739261607
GNB,2015,1.81726336561494
GNB,2014,0.555849591467734
GNB,2013,-4.73187653933365
GNB,2012,-7.93224654147768
GNB,2011,-1.21431910534762
GNB,2010,-7.52999517168867
GNB,2009,-5.34847492021888
GNB,2008,-3.02102465076755
GNB,2007,-4.06952969493394
GNB,2006,-6.3132458528375
GNB,2005,-1.63867591635847
GNB,2004,2.38148745518108
GNB,2003,-0.0519018620590297
GNB,2002,-0.271719275957978
GNB,2001,-2.69821108512442
GNB,1997,-0.913899727016268
GNB,1996,-6.32606042473747
GNB,1995,-5.32872538837755
GNB,1994,-7.50038263382946
GNB,1993,-10.0651285252334
GNB,1992,-16.4850368222139
GNB,1991,-11.2790251661435
GNB,1990,-7.14173907253505
GNB,1989,-14.4748256844105
GNB,1988,-13.052194321946
GNB,1987,-9.98023040370638
GNB,1986,-14.7404514062601
GNB,1985,-20.269593555121
GUY,2020,-11.6095974967976
GUY,2019,-57.1070048116682
GUY,2018,-26.677311081907
GUY,2017,-2.5604255246699
GUY,2016,3.37225553747117
GUY,2015,-0.907095962415786
GUY,2014,-9.33174702245427
GUY,2013,-10.9417365700277
GUY,2012,-9.02441909942374
GUY,2011,-10.0853362607878
GUY,2010,-7.1762463185401
GUY,2009,-7.28409727303008
GUY,2008,-10.6229329472303
GUY,2007,-6.06659550320194
GUY,2006,-7.59053846582146
GUY,2005,-11.6705382324577
GUY,2004,-2.52795588989275
GUY,2003,-6.00217518033652
GUY,2002,-8.57971395005412
GUY,2001,-12.7638520939434
GUY,2000,-11.5341241520002
GUY,1999,-7.12481390368902
GUY,1998,-7.74879755028687
GUY,1997,-8.42301407676256
GUY,1996,-4.63562826712069
GUY,1995,-21.679406848842
GUY,1994,-23.1005343563518
GUY,1993,-30.8796681550639
GUY,1992,-37.0872486840416
GUY,1985,-21.3066746942624
HTI,2020,0.355302483558182
HTI,2019,-1.12265260280797
HTI,2018,-2.89019632961826
HTI,2017,-2.15252938271163
HTI,2016,-1.69084789043559
HTI,2015,-1.82345284080223
HTI,2014,-4.95582102756805
HTI,2013,-3.76338389441215
HTI,2012,-3.14501833525928
HTI,2011,-2.48774144631427
HTI,2010,-0.85860185595704
HTI,2009,-1.05359702519351
HTI,2008,-1.96314882897523
HTI,2007,-0.929422111465849
HTI,2006,-1.11312873282486
HTI,2005,0.100253910234458
HTI,2004,-1.02474624447533
HTI,2003,-0.882895522214382
HTI,2002,-1.43332565140445
HTI,2001,-2.08307988263304
HTI,2000,-1.67621475073065
HTI,1999,-1.44015280913738
HTI,1998,0.770965151911996
HTI,1997,-1.42859318409066
HTI,1996,-4.73668671245739
HTI,1995,-3.09492727510262
HTI,1994,-1.07908903948809
HTI,1993,-0.629840344573008
HTI,1992,0.321647431484345
HTI,1991,-2.63475888609836
HTI,1990,-0.707298134690105
HTI,1989,-2.2899337571992
HTI,1988,-1.54422598089587
HTI,1987,-1.52113239522274
HTI,1986,-1.93688448990915
HTI,1985,-4.71084109734433
HND,2020,2.85135257343249
HND,2019,-2.65600856407128
HND,2018,-6.57234650779592
HND,2017,-1.24589511291671
HND,2016,-3.14341400861299
HND,2015,-4.67090141649466
HND,2014,-6.94516636573265
HND,2013,-9.52729388609888
HND,2012,-8.53140502862293
HND,2011,-7.95391811894244
HND,2010,-5.07642907628295
HND,2009,-3.8159630413154
HND,2008,-15.3428520557685
HND,2007,-9.02947363444763
HND,2006,-3.50496253709121
HND,2005,-3.11914125682689
HND,2004,-7.70512924930615
HND,2003,-6.71681853158575
HND,2002,-3.58312677859623
HND,2001,-6.25613323410572
HND,2000,-7.07233719340069
HND,1999,-3.76754124016949
HND,1998,-2.39628501520551
HND,1997,-4.88761475093091
HND,1996,-6.98919712345692
HND,1995,-4.29976700485183
HND,1994,-8.36157282346432
HND,1993,-7.36618170832189
HND,1992,-6.25781179688534
HND,1991,-4.66023885908941
HND,1990,-1.37637030235542
HND,1989,-3.89100814245034
HND,1988,-2.26404158054562
HND,1987,-3.26322911717879
HND,1986,-2.48930783742207
HND,1985,-5.08627455121027
HKG,2020,6.99412189485109
HKG,2019,5.85365354996682
HKG,2018,3.73603565842398
HKG,2017,4.57729182218874
HKG,2016,3.95440937584325
HKG,2015,3.31756278823978
HKG,2014,1.39201098734822
HKG,2013,1.52003210528648
HKG,2012,1.57916253447198
HKG,2011,5.55641787886819
HKG,2010,7.00327306349556
HKG,2009,9.88359042348118
HKG,2008,14.9909891618182
HKG,2007,13.0222250225228
HKG,2006,12.6877195301892
HKG,2005,11.8823196567725
HKG,2004,9.94811890844339
HKG,2003,10.7870611277598
HKG,2002,7.89242487198891
HKG,2001,6.13423210834757
HKG,2000,4.39495330629626
HKG,1999,6.4339880453203
HKG,1998,1.69913927220226
HUN,2020,-1.03428088875148
HUN,2019,-0.606737568975118
HUN,2018,0.340906702488933
HUN,2017,1.71954655139941
HUN,2016,4.40234047330024
HUN,2015,2.11856059497338
HUN,2014,0.747477578049868
HUN,2013,2.99109062228032
HUN,2012,1.0790451227521
HUN,2011,0.428842717780173
HUN,2010,-0.188218208390541
HUN,2009,-1.21974951373381
HUN,2008,-7.26832036226062
HUN,2007,-7.28636440088967
HUN,2006,-7.28544270320023
HUN,2005,-9.88681019702465
HUN,2004,-9.08123363089424
HUN,2003,-8.26371787576548
HUN,2002,-6.44836058797406
HUN,2001,-6.11450861059176
HUN,2000,-8.82808863842537
HUN,1999,-8.35837228319571
HUN,1998,-7.62873647734146
HUN,1997,-4.51433363272401
HUN,1996,-3.95886426279274
HUN,1995,-3.67533531615297
HUN,1994,-9.35987499538879
HUN,1993,-10.5883858606661
HUN,1992,0.905662683648786
HUN,1991,1.15628180527935
HUN,1990,1.09803288439459
HUN,1989,-1.93305720151967
HUN,1988,-1.91951640640697
HUN,1987,-2.48228725513742
HUN,1986,-5.50898098709684
HUN,1985,-2.11501606440306
ISL,2020,1.89912365465565
ISL,2019,7.364158701341
ISL,2018,4.44167966704129
ISL,2017,4.93029350539422
ISL,2016,9.09605366960113
ISL,2015,6.30235309571197
ISL,2014,4.94536463319528
ISL,2013,6.81968727360492
ISL,2012,-2.8528256872604
ISL,2011,-4.48003338933171
ISL,2010,-5.89839823423039
ISL,2009,-8.86751863700179
ISL,2008,-22.9534270277153
ISL,2007,-13.6329211934758
ISL,2006,-22.6640150645583
ISL,2005,-15.5493858867543
ISL,2004,-9.96753224056789
ISL,2003,-4.81453736951882
ISL,2002,1.35331007867555
ISL,2001,-4.46418784541977
ISL,2000,-9.90092821228739
ISL,1999,-6.90314554092756
ISL,1998,-7.0075015498706
ISL,1997,-2.2351221013021
ISL,1996,-2.29207429851172
ISL,1995,0.246166665235896
ISL,1994,1.74850331751241
ISL,1993,0.572651482701133
ISL,1992,-2.18758967163881
ISL,1991,-3.7636008716161
ISL,1990,-1.9952517869594
ISL,1989,-1.73739622801373
ISL,1988,-3.65817377922347
ISL,1987,-3.29582935339175
ISL,1986,0.389917357703368
ISL,1985,-3.72042123423927
IND,2020,1.22362111042791
IND,2019,-1.04961203910072
IND,2018,-2.42697545810527
IND,2017,-1.43948820320988
IND,2016,-0.527880606037518
IND,2015,-1.06754907167964
IND,2014,-1.33950896483452
IND,2013,-2.64566711733892
IND,2012,-5.00488971805303
IND,2011,-3.42928468606061
IND,2010,-3.25348368945179
IND,2009,-1.95146209111801
IND,2008,-2.58337749259837
IND,2007,-0.663717648772608
IND,2006,-0.988988302952292
IND,2005,-1.25350400207393
IND,2004,0.110018010197154
IND,2003,1.44355773291234
IND,2002,1.37093793900847
IND,2001,0.290495460210206
IND,2000,-0.982342580017137
IND,1999,-0.70354723219324
IND,1998,-1.63832533358649
IND,1997,-0.713014326393887
IND,1996,-1.51595497295367
IND,1995,-1.54413181166043
IND,1994,-0.512193818555587
IND,1993,-0.67161886953087
IND,1992,-1.55624498023457
IND,1991,-1.58891131223691
IND,1990,-2.19193586906134
IND,1989,-2.3012843286246
IND,1988,-2.40845625496789
IND,1987,-1.85324243711684
IND,1986,-1.83452055951269
IND,1985,-1.78080747473129
IDN,2020,-0.418606247736126
IDN,2019,-2.7056619813955
IDN,2018,-2.93907291477017
IDN,2017,-1.59465689989364
IDN,2016,-1.81915089251384
IDN,2015,-2.03504192745968
IDN,2014,-3.08816907525921
IDN,2013,-3.18996482895809
IDN,2012,-2.66027359471414
IDN,2011,0.188703954012604
IDN,2010,0.681277286848336
IDN,2009,1.96977056223519
IDN,2008,0.0246933252771075
IDN,2007,2.4272641269679
IDN,2006,2.97870868013903
IDN,2005,0.0970882462390686
IDN,2004,0.60856132991737
IDN,2003,3.45304287667862
IDN,2002,3.99852690784087
IDN,2001,4.30104853135351
IDN,2000,4.84306452849134
IDN,1999,4.13060184583257
IDN,1998,4.2924639876273
IDN,1997,-2.2660591852136
IDN,1996,-3.37028227381292
IDN,1995,-3.1815838591366
IDN,1994,-1.5783629153599401
IDN,1993,-1.33285487006627
IDN,1992,-2.17141753355818
IDN,1991,-3.6528272008554
IDN,1990,-2.81513051122
IDN,1989,-1.17308972972527
IDN,1988,-1.65717331965352
IDN,1987,-2.76308516687083
IDN,1986,-4.89155821027364
IDN,1985,-2.25467409481339
IRN,2000,11.3886353724179
IRN,1999,5.7576541401425
IRN,1998,-1.93966255925986
IRN,1997,1.94260555778366
IRN,1996,4.34537304394513
IRN,1995,3.48270790819986
IRN,1994,6.89852338622874
IRN,1993,-6.61242613187891
IRN,1992,-5.43046762382498
IRN,1991,-7.17727711366915
IRN,1990,0.26199138594219
IRN,1989,-0.158511008446553
IRN,1988,-1.5187977263221
IRN,1987,-1.55958515303459
IRN,1986,-2.465391713107
IRN,1985,-0.264174942561394
IRQ,2020,-3.48598226553261
IRQ,2019,6.74664580876131
IRQ,2018,15.1162785714327
IRQ,2017,7.95462137277485
IRQ,2016,1.29416694062961
IRQ,2015,-1.65602101285884
IRQ,2014,6.94151191976759
IRQ,2013,6.85843921497559
IRQ,2012,13.5507635163078
IRQ,2011,14.065166727563
IRQ,2010,4.68412757383414
IRQ,2009,-1.01067925411065
IRQ,2008,21.6088001159731
IRQ,2007,17.4694327663084
IRQ,2006,4.11591917217398
IRQ,2005,-6.66212529091974
IRL,2020,-6.72117635432936
IRL,2019,-20.557569947865
IRL,2018,4.53318492198398
IRL,2017,1.64860491292148
IRL,2016,-1.19161269456651
IRL,2015,6.1720383024774
IRL,2014,2.07694324359567
IRL,2013,2.39991550786299
IRL,2012,-3.39701735632397
IRL,2011,1.173984139213
IRL,2010,1.04615152452603
IRL,2009,-2.11779729016475
IRL,2008,-5.55568075659423
IRL,2007,-5.12758716999565
IRL,2006,-3.38621096923659
IRL,2005,-3.37203846174545
ISR,2020,3.74135443993415
ISR,2019,2.89061232410343
ISR,2018,2.41701359590547
ISR,2017,3.14519240012417
ISR,2016,3.16194610171435
ISR,2015,4.57815464759136
ISR,2014,3.45905044870542
ISR,2013,2.24016457387384
ISR,2012,-0.31412519394469
ISR,2011,0.957794817881939
ISR,2010,2.69184993839998
ISR,2009,2.82793346734681
ISR,2008,0.425391196195524
ISR,2007,2.15143700837441
ISR,2006,3.28287099786148
ISR,2005,2.21854781064708
ISR,2004,0.838212704959804
ISR,2003,-0.547984131034355
ISR,2002,-2.28129482394564
ISR,2001,-2.59322008025819
ISR,2000,-2.36323026363975
ISR,1999,-2.45475959476818
ISR,1998,-1.67361539503149
ISR,1997,-3.56220172935211
ISR,1996,-5.27004813797208
ISR,1995,-5.07273078192782
ISR,1994,-3.79887156235907
ISR,1993,-3.10534438759335
ISR,1992,-1.10121505762718
ISR,1991,-1.80059495391958
ISR,1990,0.263477292675907
ISR,1989,0.397380193246602
ISR,1988,-1.59142430923005
ISR,1987,-3.26902420135559
ISR,1986,3.56280203762228
ISR,1985,3.41696882400678
ITA,2020,3.9369545603398
ITA,2019,3.23388196417885
ITA,2018,2.57144669559437
ITA,2017,2.47968309636806
ITA,2016,2.46140246001819
ITA,2015,1.23326652485504
ITA,2014,1.70979552518118
ITA,2013,1.03825599780866
ITA,2012,-0.215238993496647
ITA,2011,-2.74163808728921
ITA,2010,-3.24412215335914
ITA,2009,-1.77411764067094
ITA,2008,-2.68669173430211
ITA,2007,-1.35566295251184
ITA,2006,-1.44603855867144
ITA,2005,-0.896244191801551
ITA,2004,-0.4953081424742
ITA,2003,-0.766212290849881
ITA,2002,-0.489738960441859
ITA,2001,0.15478537448926
ITA,2000,-0.270230356072507
ITA,1999,0.79555262294696
ITA,1998,1.57984290749102
ITA,1997,2.59252960256439
ITA,1996,3.04033411855202
ITA,1995,2.13154267228954
ITA,1994,1.1980637161955
ITA,1993,0.724434293633527
ITA,1992,-2.21274668808671
ITA,1991,-1.94553731555977
ITA,1990,-1.38838935215218
ITA,1989,-1.37836826267829
ITA,1988,-0.800123821716019
ITA,1987,-0.318096912868457
ITA,1986,0.377788429621883
ITA,1985,-0.901971773297404
JAM,2020,-1.04604876207357
JAM,2019,-1.77745675976269
JAM,2018,-1.39317798037996
JAM,2017,-2.5183339037553
JAM,2016,-0.291717768383903
JAM,2015,-2.87431658057774
JAM,2014,-8.0173872721953
JAM,2013,-9.51223858387756
JAM,2012,-9.72634702774029
JAM,2011,-14.283409237551
JAM,2010,-7.06479945013375
JAM,2009,-9.3024726659181
JAM,2008,-20.3748078735041
JAM,2007,-15.9234659804591
JAM,2006,-9.91484107251583
JAM,2005,-9.52805454519088
JAM,2004,-4.92950870317959
JAM,2003,-8.20081771864531
JAM,2002,-11.0508689241364
JAM,2001,-8.25255531148696
JAM,2000,-4.07992636835457
JAM,1999,-2.43387631839692
JAM,1998,-3.79870910291059
JAM,1997,-3.95474226120464
JAM,1996,-1.92861894016571
JAM,1995,-1.50360607545815
JAM,1994,1.49654503129105
JAM,1993,-3.38248971095327
JAM,1992,0.806118560980681
JAM,1991,-5.8472444776442
JAM,1990,-6.7962794459024
JAM,1989,-6.41131051197616
JAM,1988,1.24059175859453
JAM,1987,-3.79651015258308
JAM,1986,-0.58281563697435
JAM,1985,-12.8850463190593
JPN,2020,2.96847858242383
JPN,2019,3.45076611445327
JPN,2018,3.51661817468288
JPN,2017,4.12036966283799
JPN,2016,3.93809128404803
JPN,2015,3.07027965906978
JPN,2014,0.742322049627636
JPN,2013,0.889785415808861
JPN,2012,0.958442611412039
JPN,2011,2.07915328846556
JPN,2010,3.83547896264375
JPN,2009,2.75409583494434
JPN,2008,2.78294234789654
JPN,2007,4.62330048259254
JPN,2006,3.79586172862875
JPN,2005,3.52114065640565
JPN,2004,3.71938350458583
JPN,2003,3.08393890811206
JPN,2002,2.60256520794996
JPN,2001,1.97087092323799
JPN,2000,2.63045548903537
JPN,1999,2.46175299896327
JPN,1998,2.79831344439405
JPN,1997,2.12480738385175
JPN,1996,1.40135364357911
JOR,2020,-5.73222808631063
JOR,2019,-1.73661317294453
JOR,2018,-6.83122381081
JOR,2017,-10.5575150922046
JOR,2016,-9.65551431813951
JOR,2015,-8.99211424558985
JOR,2014,-7.07786962691051
JOR,2013,-10.1695840827968
JOR,2012,-14.8926903748186
JOR,2011,-10.0122011601875
JOR,2010,-6.93580742997941
JOR,2009,-5.06643525254431
JOR,2008,-9.06517749543459
JOR,2007,-16.800812979254
JOR,2006,-11.4627147425135
JOR,2005,-18.0414274312333
JOR,2004,0.343467252781521
JOR,2003,11.7553354258968
JOR,2002,5.23147049546403
JOR,2001,-0.26772984203237
JOR,2000,0.325990723323388
JOR,1999,4.96858937749856
JOR,1998,0.178259474491068
JOR,1997,0.404881941876083
JOR,1996,-3.20262236338463
JOR,1995,-3.84422611567063
JOR,1994,-6.38176192342057
JOR,1993,-11.2209373919821
JOR,1992,-15.726773607147
JOR,1991,-9.05843749915752
JOR,1990,-5.4598359035703
JOR,1989,9.11816224353517
JOR,1988,-4.6790679319213
JOR,1987,-5.207318880684
JOR,1986,-0.621030727551152
JOR,1985,-5.21616604643034
KAZ,2020,-6.46182057750932
KAZ,2019,-3.8684220835049
KAZ,2018,-0.984581633983154
KAZ,2017,-2.05429721551443
KAZ,2016,-5.07331546745494
KAZ,2015,-5.4122312771503
KAZ,2014,-1.28837366004242
KAZ,2013,1.91316832797548
KAZ,2012,1.26375902394522
KAZ,2011,7.3030140363931
KAZ,2010,1.80897140296935
KAZ,2009,-0.116464485829438
KAZ,2008,0.964821810457097
KAZ,2007,-4.54619329218056
KAZ,2006,-1.01568463503606
KAZ,2005,0.627462667764142
KAZ,2004,0.777323158524581
KAZ,2003,-0.884199244172019
KAZ,2002,-4.15780223333077
KAZ,2001,-6.27245039510067
KAZ,2000,2.00256762828012
KAZ,1999,-1.01358457125999
KAZ,1998,-5.53370867105319
KAZ,1997,-3.60598416402908
KAZ,1996,-3.57017932498944
KAZ,1995,-1.04592536802769
KEN,2020,-3.26911007065289
KEN,2019,-5.23852935907811
KEN,2018,-5.41106679141752
KEN,2017,-6.99683322084958
KEN,2016,-5.3970086381703
KEN,2015,-6.30459656347733
KEN,2014,-9.34004850596924
KEN,2013,-7.85152228564967
KEN,2012,-7.47587166159348
KEN,2011,-8.14880935200662
KEN,2010,-5.21669389712651
KEN,2009,-3.98728888063666
KEN,2008,-5.52329630288282
KEN,2007,-3.2293696026957
KEN,2006,-1.97646990538245
KEN,2005,-1.34655849731384
KEN,2004,-0.818703017571567
KEN,2003,0.888450320310784
KEN,2002,-0.894975876340371
KEN,2001,-2.46632258412886
KEN,2000,-1.5693516563302
KEN,1999,-18.3407041847877
KEN,1998,-18.6798241248732
KEN,1997,-13.6528022501099
KEN,1996,-7.97941568440555
KEN,1995,-17.4462157792244
KEN,1994,-6.28016452471492
KEN,1993,-4.55283291776748
KEN,1992,-2.19456227261349
KEN,1991,-2.61695502722967
KEN,1990,-6.14864237117799
KEN,1989,-7.12799762259634
KEN,1988,-5.64053600467967
KEN,1987,-6.29861597226385
KEN,1986,-0.62148712074749
KEN,1985,-1.87478428906863
KIR,2020,32.2676377469269
KIR,2019,40.0111120334681
KIR,2018,32.9466523843774
KIR,2017,31.6324748157442
KIR,2016,9.30878870504902
KIR,2015,29.3632121885461
KIR,2014,27.982985776712
KIR,2013,-5.0222208435795
KIR,2012,1.74877248462283
KIR,2011,-8.8289200078583
KIR,2010,0.117605372215471
KIR,2009,-11.8173446051314
KIR,2008,-3.56909081035611
KIR,2007,-1.81771092225336
KIR,2006,-8.61367209745661
KIR,1994,2.06182219966958
KIR,1993,-6.963508768692
KIR,1992,-14.7892704236316
KIR,1991,10.3924126039196
KIR,1990,-25.1460915946715
KIR,1989,-4.08350643146118
KIR,1988,-4.79656753718153
KIR,1987,-11.1516446025454
KIR,1986,-10.106758834423
KIR,1985,-6.57033565578351
KOR,2020,4.38648608581777
KOR,2019,3.40802631398853
KOR,2018,4.24648147146115
KOR,2017,4.39896168114518
KOR,2016,6.20103649558332
KOR,2015,6.82937629347486
KOR,2014,5.33522703805369
KOR,2013,5.38513504027402
KOR,2012,3.65378622367594
KOR,2011,1.27290610804572
KOR,2010,2.34320897623578
KOR,2009,3.36575830090763
KOR,2008,0.160592800145373
KOR,2007,0.857760495298849
KOR,2006,0.191275272898578
KOR,2005,1.25636444462509
KOR,2004,3.55783305096389
KOR,2003,1.55223664563709
KOR,2002,0.625539996245813
KOR,2001,0.381489475071825
KOR,2000,1.7039361599544
KOR,1999,4.22430160551507
KOR,1998,10.0964211010999
KOR,1997,-1.83493782106041
KOR,1996,-3.87535195507046
KOR,1995,-1.74482962406712
KOR,1994,-1.00035102707401
KOR,1993,0.416090198515083
KOR,1992,-0.79068728488668
KOR,1991,-2.35688840135155
KOR,1990,-0.960131298063108
KOR,1989,1.4814567561526
KOR,1988,6.20880539221146
KOR,1987,5.7985267829479
KOR,1986,2.30248645673297
KOR,1985,-2.00386874397687
XKX,2020,-7.01174366167442
XKX,2019,-5.66136358206669
XKX,2018,-7.62173338741323
XKX,2017,-5.26347862180785
XKX,2016,-7.93442547946961
XKX,2015,-8.69442568888461
XKX,2014,-7.09051727977764
XKX,2013,-3.58059218169538
XKX,2012,-6.16059038170407
XKX,2011,-13.3320955733887
XKX,2010,-12.6780403682768
XKX,2009,-10.4146462103522
XKX,2008,-13.0828394502642
KWT,2020,19.8384588490022
KWT,2019,21.4792265638836
KWT,2018,17.3456575415954
KWT,2017,6.42748123295125
KWT,2016,0.586532843484052
KWT,2015,7.49155631840308
KWT,2014,33.179075871217
KWT,2013,39.89983649926
KWT,2012,45.4600006397631
KWT,2011,42.9408981326277
KWT,2010,32.0485537270105
KWT,2009,27.3403414829885
KWT,2008,40.8735629968814
KWT,2007,36.0539760535066
KWT,2006,44.6169422787984
KWT,2005,37.2166556465421
KWT,2004,26.0905307506551
KWT,2003,19.6850434098774
KWT,2002,11.1829070467622
KWT,2001,23.8570352760579
KWT,2000,38.898784935470204
KWT,1999,16.630878544242
KWT,1998,8.53728953848275
KWT,1997,26.1440180437648
KWT,1996,22.5684646842298
KWT,1995,18.4498379359755
KWT,1994,13.0515355244685
KWT,1993,10.4366799041399
KWT,1992,-2.26688110960002
KWT,1989,37.5757201996048
KWT,1988,22.240678857889
KWT,1987,20.3903662882294
KWT,1986,31.3677013740469
KWT,1985,22.3722825469933
KGZ,2020,4.52522127933728
KGZ,2019,-11.3840798908834
KGZ,2018,-11.6275560440076
KGZ,2017,-6.95269622627314
KGZ,2016,-11.628233310749
KGZ,2015,-15.7592478411185
KGZ,2014,-17.4244156605429
KGZ,2013,-13.7754189892496
KGZ,2012,-15.5252325924145
KGZ,2011,-7.69730261933363
KGZ,2010,-9.89833859355209
KGZ,2009,-4.31423765842019
KGZ,2008,-13.8763673181829
KGZ,2007,-5.98595362572479
KGZ,2006,-10.0953913600934
KGZ,2005,-1.52182901572015
KGZ,2004,1.32375512838834
KGZ,2003,-2.19733510264456
KGZ,2002,-1.82590999500267
KGZ,2001,-1.2453482434873
KGZ,2000,-5.55490834350205
KGZ,1999,-14.7114078976096
KGZ,1998,-22.1096826975893
KGZ,1997,-7.83516136995408
KGZ,1996,-23.2415099703837
KGZ,1995,-14.1298148219336
KGZ,1994,-4.9931594909811
KGZ,1993,-4.32345348579752
LAO,2020,-1.60378619154944
LAO,2019,-7.04124343564555
LAO,2018,-9.08923603390856
LAO,2017,-7.37970657985848
LAO,2016,-8.70356040600564
LAO,2015,-15.7184889292204
LAO,2014,-14.4922715355556
LAO,2013,-7.82702813174138
LAO,2012,-7.33751463250306
LAO,2011,-2.35798203498442
LAO,2010,0.410966616116085
LAO,2009,-1.04359478297296
LAO,2008,1.42375423290882
LAO,2007,3.30099767237269
LAO,2006,2.17967841617852
LAO,2005,-6.35287280117623
LAO,2004,-7.53199402235116
LAO,2003,-1.46818009608596
LAO,2002,0.47045153495805
LAO,2001,-3.80683721990308
LAO,2000,-0.489256566266576
LAO,1999,6.16736181031808
LAO,1998,-5.97573225268029
LAO,1997,-11.791562783936
LAO,1996,-14.1486911060263
LAO,1995,-13.4218955056777
LAO,1994,-10.384772031231
LAO,1993,-2.68876183212059
LAO,1992,-4.29151462766678
LAO,1991,-2.87913104687604
LAO,1990,-6.34271542692465
LAO,1989,-11.3858079888182
LAO,1988,-12.9724581509389
LAO,1987,-12.7015006193479
LAO,1986,-6.25266590527999
LAO,1985,-4.81690151247769
LVA,2020,3.0927030045246102
LVA,2019,-0.173662933662394
LVA,2018,-0.384114199278582
LVA,2017,1.53282603585065
LVA,2016,1.75657365769608
LVA,2015,-0.126358311809163
LVA,2014,-1.54126838976541
LVA,2013,-2.8855289884358
LVA,2012,-3.86974112964083
LVA,2011,-3.55024462389464
LVA,2010,1.75850166439734
LVA,2009,8.01439427957829
LVA,2008,-13.1348906245122
LVA,2007,-21.8446033162048
LVA,2006,-22.1217320133029
LVA,2005,-12.1765171311226
LVA,2004,-12.1485756630769
LVA,2003,-7.55280447496836
LVA,2002,-5.65255950802705
LVA,2001,-6.11482755314462
LVA,2000,-3.74561890268537
LVA,1999,-8.93340754196004
LVA,1998,-9.31305535970457
LVA,1997,-5.43416067620327
LVA,1996,-4.82428958681789
LVA,1995,-0.288220368032761
LBN,2020,-8.76184199911137
LBN,2019,-21.828092491848
LBN,2018,-24.3470417876755
LBN,2017,-22.8822040339123
LBN,2016,-20.4780237123596
LBN,2015,-17.1077378092157
LBN,2014,-26.2298655609816
LBN,2013,-25.5114319532074
LBN,2012,-23.4382140171445
LBN,2011,-13.8340690487529
LBN,2010,-19.6443379596193
LBN,2009,-19.0424176351022
LBN,2008,-14.0893224912248
LBN,2007,-6.4637503869807
LBN,2006,-5.06914682104357
LBN,2005,-12.7829830371367
LBN,2004,-20.8205658199381
LBN,2003,-25.5858580911917
LBN,2002,-23.7091629307817
LSO,2020,-5.89018411717253
LSO,2019,-7.45753439541603
LSO,2018,-5.62372777156264
LSO,2017,-9.01074725417763
LSO,2016,-10.5017567713342
LSO,2015,-5.73228396984582
LSO,2014,-8.42016664486878
LSO,2013,-10.7579867652524
LSO,2012,-18.7652520307529
LSO,2011,-11.8566683946226
LSO,2010,-11.0020417569816
LSO,2009,-2.94530645950598
LSO,2008,15.7113939585121
LSO,2007,18.1419183617744
LSO,2006,11.9989367597937
LSO,2005,5.68794455057765
LSO,2004,1.75904831470621
LSO,2003,-1.48520681497293
LSO,2002,8.18759668831338
LSO,2001,3.45948826928832
LSO,2000,-8.6703357592323
LSO,1999,-18.2545264654224
LSO,1998,-21.8944421361771
LSO,1997,-22.9236378981082
LSO,1996,-22.846076502895
LSO,1995,-15.3062508116221
LSO,1994,-2.87970519198183
LSO,1993,-12.4345249991109
LSO,1992,-19.6848326440848
LSO,1991,-16.9228867531247
LSO,1990,17.0400317464731
LSO,1989,14.3135490539678
LSO,1988,23.3259952494787
LSO,1987,62.3000205890854
LSO,1986,43.1651200028898
LSO,1985,52.9105979559164
LBR,2020,-10.3043027389936
LBR,2019,-19.6832166735006
LBR,2018,-19.6944373252366
LBR,2017,-16.6798323783013
LBR,2016,-8.12261279894878
LBR,2015,5.3024253714189
LBR,2014,-19.9198359881725
LBR,2013,-32.8209688370026
LBR,2012,-59.9955509928998
LBR,2011,-52.4853470186802
LBR,2010,-42.7136316998038
LBR,2009,-15.6782479232001
LBR,2008,-20.5275176083252
LBR,2007,-16.2534531227222
LBR,2006,-15.4436442263207
LBR,2005,-19.3410307528499
LBR,2004,-17.8067908816867
LBR,1987,-0.32118831358462
LBR,1986,-0.0453226545433978
LBR,1985,0.143069054829129
LBY,2020,-10.2022684905863
LBY,2019,6.95550505080755
LBY,2018,14.7041123833162
LBY,2017,6.59107791644499
LBY,2016,-9.42697758493981
LBY,2015,-19.1840709119308
LBY,2014,-33.1750366593745
LBY,2013,0.0127403569483039
LBY,2012,25.7575733312092
LBY,2011,6.62746278785412
LBY,2010,22.2877634810811
LBY,2009,15.426446023908
LBY,2008,41.1733179906877
LBY,2007,41.906588061326
LBY,2006,36.8920600318477
LBY,2005,31.5730378883291
LBY,2004,13.9362270373209
LBY,2003,12.9522903033908
LBY,2002,3.38835921882208
LBY,2001,9.76779674418605
LBY,2000,16.3831818181818
LBY,1999,5.93731567943484
LBY,1998,-0.767539699344716
LBY,1997,5.1028328459201
LBY,1996,4.43842599053249
LBY,1995,6.54681750805331
LBY,1994,0.092304549528502
LBY,1993,-4.45456173563349
LBY,1992,4.15259932620101
LBY,1991,-0.684778203729511
LBY,1990,7.61514456264139
LBY,1989,-4.07987731147903
LBY,1988,-7.51294253794949
LBY,1987,-3.88021665959019
LBY,1986,-0.642505238351677
LBY,1985,6.04624536630071
LTU,2020,7.22470104088843
LTU,2019,3.73752991159912
LTU,2018,0.30999692492013
LTU,2017,1.08697261761581
LTU,2016,-1.01460897973493
LTU,2015,-2.51745557937896
LTU,2014,3.54699194706825
LTU,2013,1.70747298429575
LTU,2012,-1.606838534778
LTU,2011,-3.68690525403636
LTU,2010,0.19796045399168
LTU,2009,2.24459117154569
LTU,2008,-13.5865555459022
LTU,2007,-15.3448035059388
LTU,2006,-10.6838036897227
LTU,2005,-7.33728028606647
LTU,2004,-7.78077111235869
LTU,2003,-6.79642419021809
LTU,2002,-5.04608050801903
LTU,2001,-4.67813526904782
LTU,2000,-5.84291644362833
LTU,1999,-10.8335113412083
LTU,1998,-11.4996358238953
LTU,1997,-9.65097618681177
LTU,1996,-8.57167547493215
LTU,1995,-7.75594856924648
LUX,2020,4.87511550397285
LUX,2019,8.62080023660203
LUX,2018,8.31991324789161
LUX,2017,6.18033427082301
LUX,2016,7.4151706961373
LUX,2015,5.62139533101289
LUX,2014,4.92857348332843
LUX,2013,5.20354851275535
LUX,2012,5.25542496415208
LUX,2011,5.6295357320779
LUX,2010,5.81430386608805
LUX,2009,5.51620322817162
LUX,2008,6.21864838142358
LUX,2007,6.54715391196004
LUX,2006,6.64664035033178
LUX,2005,6.9258412074691
LUX,2004,7.20483504462228
LUX,2003,7.23971396614444
LUX,2002,7.14278268194218
LUX,2001,7.73705438915602
LUX,2000,11.7980371292523
LUX,1999,7.53220825687085
MAC,2020,13.0367103387984
MAC,2019,32.7637118471262
MAC,2018,32.4260725744085
MAC,2017,30.3687980221856
MAC,2016,26.1339016036353
MAC,2015,22.9503506116243
MAC,2014,32.7008474687682
MAC,2013,39.3290989724553
MAC,2012,38.8390175409661
MAC,2011,40.385498809433
MAC,2010,38.9247784777539
MAC,2009,27.5527295031962
MAC,2008,15.5618056929659
MAC,2007,21.6848309836138
MAC,2006,14.892658924156
MAC,2005,23.653693256275
MAC,2004,32.9551337944107
MAC,2003,30.617129055985
MAC,2002,31.528602813401
MDG,2020,-4.7784229274215
MDG,2019,-2.13564971662682
MDG,2018,0.712560880258364
MDG,2017,-0.228589799383037
MDG,2016,0.378142575318559
MDG,2015,-2.25941841339224
MDG,2014,-0.64912376658814
MDG,2013,-6.50549854289754
MDG,2012,-7.46271017824129
MDG,2011,-6.72775114409968
MDG,2010,-8.9485361713351
MDG,2009,-18.1718557648058
MDG,2008,-15.636461385028
MDG,2007,-9.88570197659671
MDG,2006,-9.15517433304636
MDG,2005,-12.5308217712467
MDG,2004,-7.87799247937726
MDG,2003,-5.14632639531452
MDG,2002,-8.91359828774941
MDG,2001,-2.57548758488005
MDG,2000,-5.62675808214078
MDG,1999,-5.24790671715343
MDG,1998,-6.57345320506215
MDG,1997,-4.73438947874968
MDG,1996,-3.09508028987329
MDG,1995,-7.19054123216569
MDG,1994,-7.86534184287846
MDG,1993,-6.35407434246969
MDG,1992,-5.32047165660068
MDG,1991,-7.05909513228599
MDG,1990,-6.7402215427995
MDG,1989,-2.6404487024831
MDG,1988,-4.70286125740762
MDG,1987,-4.38305379391793
MDG,1986,-3.2809647442559
MDG,1985,-4.82702654900199
MWI,2020,-13.9233232374397
MWI,2019,-11.9532181402648
MWI,2018,-17.2587081882279
MWI,2017,-17.4208707671145
MWI,2016,-12.7134008077219
MWI,2015,-11.5453760878876
MWI,2014,-12.8223513014994
MWI,2013,-15.3915920767632
MWI,2012,-8.48798044395288
MWI,2011,-9.75872117783744
MWI,2010,-9.57007930375056
MWI,2009,-6.03374203830181
MWI,2008,-8.95428978540152
MWI,2007,-6.47983259735382
MWI,2006,-5.26911371178684
MWI,2005,-9.52389293471596
MWI,2004,-7.49180677650099
MWI,2003,-5.33174689192045
MWI,2002,-3.9449480553203
MWI,2001,-2.39994803963788
MWI,2000,-2.89662420047882
MWI,1999,-6.09583135502042
MWI,1998,-0.171765166275472
MWI,1997,-7.12655435902359
MWI,1996,-4.44111037598451
MWI,1995,-3.83729133204213
MWI,1994,-10.5056125795652
MWI,1993,-5.49395887067221
MWI,1992,-10.8791557554642
MWI,1991,-7.10041357757523
MWI,1990,-3.1489362981871998
MWI,1989,-2.21407095658878
MWI,1988,-4.32522537037836
MWI,1987,-3.51993107116671
MWI,1986,-4.92595027026799
MWI,1985,-7.67681587828188
MYS,2020,4.18956779359843
MYS,2019,3.50388669683417
MYS,2018,2.23708206947011
MYS,2017,2.807870911226
MYS,2016,2.36768591329055
MYS,2015,3.00891850128321
MYS,2014,4.39159166153875
MYS,2013,3.46614353655811
MYS,2012,5.18877994987762
MYS,2011,10.905001967915
MYS,2010,10.0556778509323
MYS,2009,15.723010526305499
MYS,2008,16.8597967039905
MYS,2007,15.3811208611024
MYS,2006,16.1037222225662
MYS,2005,13.9199700905602
MYS,2004,12.0877738119346
MYS,2003,12.1423505560344
MYS,2002,7.12945542035369
MYS,2001,7.85355934414698
MYS,2000,9.04991849068885
MYS,1999,15.9240800095756
MYS,1998,13.2035212438437
MYS,1997,-5.93493554436093
MYS,1996,-4.4241026644928
MYS,1995,-9.74414011928345
MYS,1994,-6.06906128911756
MYS,1993,-4.4711197835
MYS,1992,-3.66302477841909
MYS,1991,-8.51147688277301
MYS,1990,-1.97596593915066
MYS,1989,0.809632059184721
MYS,1988,5.29392592570483
MYS,1987,8.00271214348334
MYS,1986,-0.365952501370538
MYS,1985,-1.9233254163205
MDV,2020,-35.7483018974442
MDV,2019,-25.8168822522057
MDV,2018,-27.8019976962882
MDV,2017,-21.267761433937
MDV,2016,-23.4109557277276
MDV,2015,-7.30588031911147
MDV,2014,-3.18665825232612
MDV,2013,-3.86626742586717
MDV,2012,-6.3922910977274
MDV,2011,-13.8208553363039
MDV,2010,-7.57604640472633
MDV,2009,-9.41593217957294
MDV,2008,-26.9277527694823
MDV,2007,-14.3948746476646
MDV,2006,-19.1705839350464
MDV,2005,-23.4672692200603
MDV,2004,-9.9708472282721
MDV,2003,-2.97459860769224
MDV,2002,-3.96704001433817
MDV,2001,-6.74959538197381
MDV,2000,-8.24543127431548
MDV,1999,-13.3953146587577
MDV,1998,-4.04791854699075
MDV,1997,-6.8289803723185996
MDV,1996,-1.65325346284258
MDV,1995,-4.55205734073564
MDV,1994,-3.12051376186332
MDV,1993,-16.688220023314
MDV,1992,-6.89375110912518
MDV,1991,-3.67599589121679
MDV,1990,4.58227775785015
MDV,1989,5.60359364579896
MDV,1988,5.36592222505338
MDV,1987,5.70441069831851
MDV,1986,-0.208041146185758
MDV,1985,-4.32421355782012
MLI,2020,-1.83434524248166
MLI,2019,-6.29353963446866
MLI,2018,-4.10572622720131
MLI,2017,-6.62494382399689
MLI,2016,-6.06695219310335
MLI,2015,-4.47729474332982
MLI,2014,-3.96176216531441
MLI,2013,-2.38005150096666
MLI,2012,-1.8428468348672
MLI,2011,-4.25352174178386
MLI,2010,-9.37082497923895
MLI,2009,-5.40923592960796
MLI,2008,-9.31503755768224
MLI,2007,-5.99962370767425
MLI,2006,-2.66376814253744
MLI,2005,-5.89425017186674
MLI,2004,-6.31694830597221
MLI,2003,-4.84483163512079
MLI,2002,-3.21727063108378
MLI,2001,-7.52403238222972
MLI,2000,-7.24552346559737
MLI,1999,-6.18523088120835
MLI,1998,-5.34578923847569
MLI,1997,-5.22446619575968
MLI,1996,-6.96743484214146
MLI,1995,-8.41376338892622
MLI,1994,-6.12345153490144
MLI,1993,-5.19115126282651
MLI,1992,-6.5351428696225
MLI,1991,-4.82371658685156
MLI,1990,-6.80777618515456
MLI,1989,-5.31436883838805
MLI,1988,-8.89052518906395
MLI,1987,-8.76249123043547
MLI,1986,-11.9136419554297
MLI,1985,-13.1512620418377
MLT,2020,16.0980846546404
MLT,2019,17.8499331599097
MLT,2018,13.3484161589241
MLT,2017,19.1577413614009
MLT,2016,-0.551812269326524
MLT,2015,2.65010086224834
MLT,2014,8.34223890277402
MLT,2013,2.50365373979221
MLT,2012,1.57359476448416
MLT,2011,-0.132890972933415
MLT,2010,-4.61361470030827
MLT,2009,-6.38592588118336
MLT,2008,-0.84245975483611
MLT,2007,-2.01354113279807
MLT,2006,-7.86241515468954
MLT,2005,-6.53614983970971
MLT,2004,-3.79516217001536
MLT,2003,-2.88428116203034
MLT,2002,2.38461505525139
MLT,2001,-3.67648417825553
MLT,2000,-11.9011100128992
MLT,1999,-3.26891418734557
MLT,1998,-5.8088179238263304
MLT,1997,-5.98624303140212
MLT,1996,-11.0484046228249
MLT,1995,-10.2409323629897
MLT,1994,-4.38669866918775
MLT,1993,-3.11297972427212
MLT,1992,1.00065569947373
MLT,1991,-0.267945444571049
MLT,1990,-2.18883983724937
MLT,1989,-0.446951215692409
MLT,1988,3.02320057967983
MLT,1987,1.28913411083519
MLT,1986,0.478757915288438
MLT,1985,-2.30730980160412
MHL,2020,37.3371142778297
MHL,2019,36.9827881728596
MHL,2018,24.1051166048242
MHL,2017,6.04608391648484
MHL,2016,-8.03419828647661
MHL,2015,-3.82810868960235
MHL,2014,-2.6233164365833
MHL,2013,-15.5136760481559
MHL,2012,-10.853093241824
MHL,2011,-3.35417720964158
MHL,2010,-8.90157593664854
MHL,2009,-17.4606242687681
MHL,2008,-3.7626711451161
MHL,2007,-5.46347487121282
MHL,2006,-4.31769265889554
MHL,2005,-1.84152127674111
MRT,2020,-6.97484998771504
MRT,2019,-10.5273103616245
MRT,2018,-13.0177274187857
MRT,2017,-10.4262723627796
MRT,2016,-11.0456852081297
MRT,2015,-15.5013464565918
MRT,2014,-22.3452375422524
MRT,2013,-17.4684556266355
MRT,2012,-18.2231603717948
MRT,1998,3.80082497366029
MRT,1997,2.30835544807712
MRT,1996,4.28139003061522
MRT,1995,1.05695623655627
MRT,1994,-3.59160631784022
MRT,1993,-9.41968080103241
MRT,1992,-5.46477221371503
MRT,1991,-1.40007940327722
MRT,1990,-0.638836324729016
MRT,1989,-1.28119525557269
MRT,1988,-6.77608121715172
MRT,1987,-10.9484542524503
MRT,1986,-16.3711950009784
MRT,1985,-11.4915971196101
MUS,2020,-8.66939843609858
MUS,2019,-4.90600168637665
MUS,2018,-3.71313154895019
MUS,2017,-4.40548405285013
MUS,2016,-3.8514172228531
MUS,2015,-3.4285246337473
MUS,2014,-5.21545878552884
MUS,2013,-6.03377414727121
MUS,2012,-6.99365644865861
MUS,2011,-13.3613354439671
MUS,2010,-9.91425993466698
MUS,2009,-7.06968200922858
MUS,2008,-9.63453373757756
MUS,2007,-5.24237931729467
MUS,2006,-8.46784533621495
MUS,2005,-4.92618819781318
MUS,2004,-1.67663771284403
MUS,2003,1.58063931123062
MUS,2002,5.08279804408041
MUS,2001,5.90451835820637
MUS,2000,-0.781626205334805
MUS,1999,-2.82125117014597
MUS,1998,0.0779181257579551
MUS,1997,-2.09597267957948
MUS,1996,0.758385031201646
MUS,1995,-0.533764277492419
MUS,1994,-6.43547581135827
MUS,1993,-2.78237744784667
MUS,1992,-0.0039327073973784
MUS,1991,-0.57371099468889
MUS,1990,-4.43571320618403
MUS,1989,-4.68240254286228
MUS,1988,-2.59725145626588
MUS,1987,3.41370233980874
MUS,1986,6.34602820072293
MUS,1985,-2.70755756197359
MEX,2020,2.39710320533218
MEX,2019,-0.296844402044544
MEX,2018,-2.06414074457574
MEX,2017,-1.79746290774801
MEX,2016,-2.27311198277187
MEX,2015,-2.59917628210589
MEX,2014,-1.82131927662925
MEX,2013,-2.39396960197863
MEX,2012,-1.40984864750596
MEX,2011,-0.857892612318958
MEX,2010,-0.339592498650934
MEX,2009,-0.750921220758988
MEX,2008,-1.40680860965349
MEX,2007,-0.844640815298196
MEX,2006,-0.316555541136008
MEX,2005,-0.623534401583354
MEX,2004,-0.464775659455354
MEX,2003,-0.526761129661888
MEX,2002,-1.52936520808687
MEX,2001,-2.23003398954777
MEX,2000,-2.52707170138346
MEX,1999,-2.21778204046026
MEX,1998,-2.8688383681894
MEX,1997,-1.46431251799993
MEX,1996,-0.580284830782932
MEX,1995,-0.414680790187327
MEX,1994,-5.35786349392844
MEX,1993,-4.41375552546445
MEX,1992,-6.73040694268406
MEX,1991,-4.75442816258017
MEX,1990,-2.85201728941809
MEX,1989,-2.63094782575329
MEX,1988,-1.30718845924716
MEX,1987,2.87849150208388
MEX,1986,-1.02336547249367
MEX,1985,0.4097498554593
FSM,2014,7.13631393464875
FSM,2013,-0.694801909987807
FSM,2012,-7.38205981732327
FSM,2011,-14.4137842273932
FSM,2010,-8.45471945784066
FSM,2009,-13.9280751292639
MDA,2020,-7.6900486921726
MDA,2019,-9.42148010949479
MDA,2018,-10.7699247852566
MDA,2017,-5.83735984990539
MDA,2016,-3.61387040187984
MDA,2015,-5.93562136370789
MDA,2014,-6.04440067766107
MDA,2013,-5.16294162285185
MDA,2012,-7.39016827021289
MDA,2011,-10.1250094571942
MDA,2010,-6.90279523078091
MDA,2009,-8.91986143699656
MDA,2008,-16.1122760959283
MDA,2007,-15.2482071673217
MDA,2006,-11.3377651882737
MDA,2005,-7.55636173709232
MDA,2004,-1.7754260708042
MDA,2003,-6.56921155001991
MDA,2002,-1.19146609275515
MDA,2001,-1.80863629279978
MDA,2000,-7.62090655684757
MDA,1999,-5.79782952702232
MDA,1998,-19.703688169616
MDA,1997,-14.2424061971689
MDA,1996,-11.3165884413615
MDA,1995,-4.82658473389648
MDA,1994,-4.81849923728046
MNG,2020,-5.06732429872456
MNG,2019,-15.2163324376399
MNG,2018,-14.4368935873351
MNG,2017,-10.0640976839598
MNG,2016,-6.25748206242188
MNG,2015,-8.16234225533352
MNG,2014,-15.8208781709903
MNG,2013,-37.6076656283991
MNG,2012,-43.7712346792978
MNG,2011,-43.34551932851
MNG,2010,-12.3162160595433
MNG,2009,-7.45624740801022
MNG,2008,-12.2837567825614
MNG,2007,4.05637184446513
MNG,2006,10.900689191107
MNG,2005,3.46785355038079
MNG,2004,3.16276343681136
MNG,2003,-6.1849966690847
MNG,2002,-7.52987540545573
MNG,2001,-4.86593852642614
MNG,2000,-6.1454787584551704
MNG,1999,-5.46521084754003
MNG,1998,-6.72334550775523
MNG,1997,5.7564595755319
MNG,1996,-2.74202764825275
MNG,1995,2.67875894679157
MNG,1994,4.99450705638277
MNG,1993,5.00389357478453
MNG,1992,-3.6611692201263
MNG,1991,-3.97012494419359
MNG,1990,-24.1738310890104
MNG,1989,-33.280152334654
MNG,1988,-32.2456668149356
MNG,1987,-32.7946830370379
MNG,1986,-36.6206663616978
MNG,1985,-37.2054865309679
MNE,2020,-26.1883887454021
MNE,2019,-14.5100346241923
MNE,2018,-17.355982980813
MNE,2017,-15.8496394116559
MNE,2016,-16.2361971161334
MNE,2015,-11.0483913194605
MNE,2014,-12.4559779924294
MNE,2013,-11.5654007351017
MNE,2012,-15.6848999932841
MNE,2011,-14.748470866130999
MNE,2010,-20.5963497276389
MNE,2009,-27.797291333964
MNE,2008,-49.6998555877927
MNE,2007,-39.8070936709874
MAR,2020,-1.12759931996509
MAR,2019,-3.4182057355437
MAR,2018,-4.87290163435469
MAR,2017,-3.10210665362038
MAR,2016,-3.74613174513
MAR,2015,-1.95690775142638
MAR,2014,-5.53783287947428
MAR,2013,-6.77731894447503
MAR,2012,-8.95034696939186
MAR,2011,-7.26703537698177
MAR,2010,-3.89149487244855
MAR,2009,-4.91456971921293
MAR,2008,-4.44740512293749
MAR,2007,-0.140355839695734
MAR,2006,1.85973036169922
MAR,2005,1.51129572542934
MAR,2004,1.46649924876604
MAR,2003,2.72583245907781
MAR,2002,3.13718804047294
MAR,2001,3.67558331729074
MAR,2000,-1.10387975127873
MAR,1999,-0.360657901889275
MAR,1998,-0.309237465352601
MAR,1997,-0.222808698228999
MAR,1996,0.0810758584150154
MAR,1995,-3.03845005048265
MAR,1994,-2.03049106287262
MAR,1993,-1.6469906370207
MAR,1992,-1.2834370400402
MAR,1991,-1.27998993380056
MAR,1990,-0.648031086262141
MAR,1989,-2.99202592899788
MAR,1988,1.83922413202176
MAR,1987,0.834870950569777
MAR,1986,-1.07197012708123
MAR,1985,-5.94056592475513
MOZ,2020,-24.9913481328696
MOZ,2019,-16.0764477598265
MOZ,2018,-29.4674796418233
MOZ,2017,-17.9387522356553
MOZ,2016,-33.6916062672094
MOZ,2015,-36.6947715334654
MOZ,2014,-32.2453333565598
MOZ,2013,-36.3613191591472
MOZ,2012,-40.6875061700663
MOZ,2011,-22.7703546509241
MOZ,2010,-14.7165826342635
MOZ,2009,-9.99835364421757
MOZ,2008,-8.87904477952135
MOZ,2007,-7.27188482122911
MOZ,2006,-7.94365295252278
MOZ,2005,-8.57633327947647
MMR,2019,0.090215657848436
MMR,2018,-3.77415133295651
MMR,2017,-7.44369978732039
MMR,2016,-3.03174958693432
MMR,2015,-5.216017222236
MMR,2014,-3.78673335134624
MMR,2013,-0.644739708349136
MMR,2012,-2.1015900196755
MMR,2011,-2.60285417206877
MMR,2010,3.17749475847855
MMR,2009,2.67166530648619
MMR,2008,3.91377460527001
MMR,2007,6.84128559608505
MMR,2006,5.47410687810815
MMR,2005,4.85379033880321
MMR,2004,1.04340168282983
MMR,2003,-0.182395916009129
MMR,2002,1.41024552018482
MMR,2001,-2.34635994742259
MMR,2000,-2.35956987604124
MMR,1999,-3.32147094586841
MMR,1998,-7.6510593118296
MMR,1997,-8.72524429573243
MMR,1996,-4.56988456855419
MMR,1995,-4.8865587953609
MMR,1994,-2.93057018921972
MMR,1993,-7.20253615389665
MMR,1992,-4.74404746483468
MMR,1991,-12.9200327093985
MMR,1990,-20.391141264827
MMR,1989,-3.37709642215162
MMR,1988,-11.4146578021773
MMR,1987,-11.5180458350909
MMR,1986,-18.5758278264764
MMR,1985,-13.8936132678286
NAM,2020,3.97932903342157
NAM,2019,-1.76497330612084
NAM,2018,-3.55152146428618
NAM,2017,-4.42059051747783
NAM,2016,-16.4970881327639
NAM,2015,-13.7578944670231
NAM,2014,-9.4288687784074
NAM,2013,-8.23764757879192
NAM,2012,-8.58334513038741
NAM,2011,-6.84779731737787
NAM,2010,-3.92244710726353
NAM,2009,-3.54487581295612
NAM,2008,-0.107055208867992
NAM,2007,8.45998885353951
NAM,2006,13.5327560610168
NAM,2005,4.54506155040309
NAM,2004,6.75263572812587
NAM,2003,5.39320601443691
NAM,2002,2.5634459818196502
NAM,2001,0.296284143221953
NAM,2000,4.88302195508905
NAM,1999,-0.713550203024383
NAM,1998,4.17856596154538
NAM,1997,2.17486290358748
NAM,1996,2.90190452582366
NAM,1995,4.42191202727639
NAM,1994,2.32736507941295
NAM,1993,3.38948114256629
NAM,1992,1.45076530847198
NAM,1991,3.50682146258356
NAM,1990,0.987750380407312
NRU,2020,2.59265187144067
NRU,2019,4.4664131740124
NRU,2018,7.32618163474933
NRU,2017,12.9027882964666
NRU,2016,2.13176978498193
NRU,2015,-19.6806864872646
NRU,2014,26.2528412118549
NRU,2013,48.5829941527655
NRU,2012,34.497710429265
NRU,2011,30.3666523480054
NRU,2010,49.78487721527
NRU,2009,67.7850531942605
NRU,2008,49.5416353511119
NPL,2020,-0.251653542060189
NPL,2019,-5.12963069016165
NPL,2018,-8.30080510271615
NPL,2017,-3.56432924017776
NPL,2016,-0.68434663855188
NPL,2015,10.0433083922087
NPL,2014,2.18298241690426
NPL,2013,5.23137372695533
NPL,2012,2.66070688066426
NPL,2011,1.33775079697372
NPL,2010,-0.797465992929109
NPL,2009,0.166582495866466
NPL,2008,5.84548564127574
NPL,2007,0.0548101106677199
NPL,2006,1.65950180353451
NPL,2005,1.88302388576204
NPL,2004,1.37422203617593
NPL,2003,2.84759408801275
NPL,2002,3.55629677532073
NPL,2001,-2.74157105052742
NPL,2000,-2.37793695824869
NPL,1999,-1.56303865698338
NPL,1998,-1.38366225352984
NPL,1997,-7.89001512904615
NPL,1996,-7.22314976747943
NPL,1995,-8.09774068768955
NPL,1994,-8.65264352510644
NPL,1993,-6.0791903862215
NPL,1992,-5.33098805246589
NPL,1991,-7.76258064740647
NPL,1990,-7.97220238232379
NPL,1989,-6.90133466974619
NPL,1988,-7.78462323528644
NPL,1987,-4.17053119544975
NPL,1986,-4.18162701427947
NPL,1985,-4.64183469143624
NLD,2020,5.72296366531146
NLD,2019,6.79648399842587
NLD,2018,8.83776760941587
NLD,2017,8.04969631853887
NLD,2016,7.14588669256921
NLD,2015,4.84837059519835
NLD,2014,8.54625757819212
NLD,2013,7.90135338752684
NLD,2012,7.50199225228894
NLD,2011,7.01569973680718
NLD,2010,6.40659475745775
NLD,2009,3.34540739416213
NLD,2008,4.06750194753687
NLD,2007,5.86450821149171
NLD,2006,7.75425232709905
NLD,2005,6.04101636574987
NLD,2004,6.7018638215175
NLD,2003,5.13225020681316
NLD,2002,2.3200196402228
NLD,2001,2.26893537254394
NLD,2000,1.73766088925111
NLD,1999,3.50211167072708
NLD,1998,2.97096972527192
NLD,1997,6.00630455392245
NLD,1996,4.7637693691811
NLD,1995,5.68975460228792
NLD,1994,4.55484743526397
NLD,1993,3.72901695535227
NLD,1992,1.88350974641952
NLD,1991,2.27649103804339
NLD,1990,2.53727950744813
NLD,1989,3.88024257725665
NLD,1988,2.7190497431411
NLD,1987,1.70594341471591
NLD,1986,2.14669367203072
NLD,1985,2.94862677145791
NCL,2016,-7.49878946256032
NCL,2015,-12.8101852123627
NCL,2014,-12.2281865063866
NCL,2013,-17.7669952366321
NCL,2012,-20.0199924731485
NCL,2011,-13.4437447217601
NCL,2010,-14.5218511333909
NCL,2009,-9.46213629763792
NCL,2008,-15.6459029644441
NCL,2007,-3.33329200092358
NCL,2006,-5.92906058591189
NCL,2005,-1.80252744533202
NCL,2004,4.35183034856489
NCL,2003,-0.755998521964056
NCL,2002,-2.86678508081955
NZL,2020,-1.08410494847097
NZL,2019,-2.82165942136874
NZL,2018,-4.15932869648256
NZL,2017,-2.91839840958751
NZL,2016,-2.15354137286067
NZL,2015,-2.6162133105434
NZL,2014,-3.08852510613802
NZL,2013,-3.05577074462661
NZL,2012,-3.90081294586841
NZL,2011,-2.86247732029099
NZL,2010,-2.33469330577729
NZL,2009,-2.47419947301186
NZL,2008,-7.69181610885173
NZL,2007,-6.79701754359096
NZL,2006,-7.06517341361543
NZL,2005,-6.99536794869389
NZL,2004,-4.50791009901216
NZL,2003,-2.40599179153862
NZL,2002,-2.09521936295547
NZL,2001,-0.776440240634347
NZL,2000,-3.30284871216651
NIC,2020,3.77325208673091
NIC,2019,5.93825181295118
NIC,2018,-1.79728223029998
NIC,2017,-7.1602180538079
NIC,2016,-8.48330631920504
NIC,2015,-9.87324597391166
NIC,2014,-8.02832297774323
NIC,2013,-12.5685284248506
NIC,2012,-11.7242497122842
NIC,2011,-11.9077223652027
NIC,2010,-8.87470374065858
NIC,2009,-8.45312867792372
NIC,2008,-17.0684421646058
NIC,2007,-16.2594506892154
NIC,2006,-13.0801722823838
NIC,2005,-12.3956621334031
NIC,2004,-11.8661827985183
NIC,2003,-13.2557258638297
NIC,2002,-15.0103547636833
NIC,2001,-15.3276907217401
NIC,2000,-18.3126344819719
NIC,1999,-19.1180597152813
NIC,1998,-14.8130429693637
NIC,1997,-19.1519607565273
NIC,1996,-19.1435615894481
NIC,1995,-17.4492145577676
NIC,1994,-23.5791962313358
NIC,1993,-34.4045397460347
NIC,1992,-42.8937974118697
NIC,1991,-17.7457864195992
NIC,1990,-30.2341217494452
NIC,1989,-35.6993132803722
NIC,1988,-27.1922146035063
NIC,1987,-17.9268793853053
NIC,1986,-23.9275071541971
NIC,1985,-28.7252680466012
NER,2020,-13.2104717583835
NER,2019,-12.1993364507939
NER,2018,-12.6586015970767
NER,2017,-11.3934461122486
NER,2016,-11.3633579890888
NER,2015,-15.3473430526611
NER,2014,-12.0310951996372
NER,2013,-11.2529264462121
NER,2012,-10.8373796125037
NER,2011,-16.3335422488128
NER,2010,-14.4829041887518
NER,2009,-18.0270234730353
NER,2008,-8.96292471931381
NER,2007,-6.13680984428318
NER,2006,-6.60182023558473
NER,2005,-7.10956498131608
NER,2004,-6.15019981758
NER,2003,-6.45750654841095
NER,2002,-5.95095241784039
NER,2001,-3.77103577195078
NER,2000,-4.65677330266078
NER,1999,-5.40711498610087
NER,1998,-5.76469887056396
NER,1997,-5.80368330028339
NER,1996,-4.5218931665648
NER,1995,-6.5867461128755
NER,1994,-6.50899287498019
NER,1993,-3.18346881621278
NER,1992,-4.70050474164017
NER,1991,-5.36190889584531
NER,1990,-6.71584277283357
NER,1989,-11.7855602108065
NER,1988,-10.1079206328771
NER,1987,-7.91625714414479
NER,1986,-8.19017249378988
NER,1985,-4.44144017856568
NGA,2020,-2.67061135743196
NGA,2019,-2.04801100743442
NGA,2018,1.72693303668361
NGA,2017,3.60982550121523
NGA,2016,1.25472098152786
NGA,2015,-3.13140101186134
NGA,2014,0.157882534299197
NGA,2013,3.66244030371784
NGA,2012,3.7446896447893
NGA,2011,2.57400123356654
NGA,2010,3.57264829109624
NGA,2009,4.70138235015375
NGA,2008,8.58534493307947
NGA,2007,9.93609280353565
NGA,2006,15.3142425877273
NGA,2005,20.7940448372853
NGA,2004,12.4042052774237
NGA,2003,3.23719691054246
NGA,2002,1.13946817426015
NGA,2001,3.36845503733351
NGA,2000,10.7371768862311
NGA,1999,0.85510086297063
NGA,1998,-0.553602928004352
NGA,1997,0.0837634925250446
NGA,1996,0.591612746659758
NGA,1995,-0.569349975254787
NGA,1994,-2.64669476661827
NGA,1993,-1.37583994197616
NGA,1992,4.35622764868938
NGA,1991,2.02019931723546
NGA,1990,9.23137171937244
NGA,1989,2.47600151384044
NGA,1988,-0.59710515755535
NGA,1987,-0.138974926535839
NGA,1986,0.38478286071096
NGA,1985,3.53045930744717
MKD,2020,-2.91596537662612
MKD,2019,-2.98648910497822
MKD,2018,0.143273398779884
MKD,2017,-0.586294696197347
MKD,2016,-2.66389921940311
MKD,2015,-1.71222694530355
MKD,2014,-0.481713137157683
MKD,2013,-1.63764033882168
MKD,2012,-3.27478423718894
MKD,2011,-2.49367551945884
MKD,2010,-2.10791254447936
MKD,2009,-6.48354076815341
MKD,2008,-12.4707536603642
MKD,2007,-7.26623240489014
MKD,2006,-0.416080626106531
MKD,2005,-2.54533490974662
MKD,2004,-7.94691572310684
MKD,2003,-3.75035857468212
MKD,2002,-9.42563749802039
MKD,2001,-6.344343807859
MKD,2000,-2.73306730994392
MKD,1999,-1.69696104187635
MKD,1998,-7.43809653632584
MKD,1997,-7.04040325202006
MKD,1996,-6.20720983576967
NOR,2020,1.14557292891118
NOR,2019,2.91600859889184
NOR,2018,7.94959431636823
NOR,2017,5.38896566318332
NOR,2016,3.98049523650322
NOR,2015,8.0136070886240809
NOR,2014,10.954886718139
NOR,2013,10.1612781853654
NOR,2012,12.3837606139974
NOR,2011,13.2546443935369
NOR,2010,11.6594077914656
NOR,2009,11.6422035687715
NOR,2008,15.6834391144207
NOR,2007,12.3514714981709
NOR,2006,16.1172176953327
NOR,2005,16.1196583458525
NOR,2004,12.4402161309479
NOR,2003,12.0747466077901
NOR,2002,12.3875440189491
NOR,2001,15.8091308133007
NOR,2000,14.6268809774529
NOR,1999,5.45536839944684
NOR,1998,0.0039606056832463
NOR,1997,6.2197314749599
NOR,1996,6.7079936617906
NOR,1995,3.4417823140897
NOR,1994,2.95773731509195
NOR,1993,2.92107412417418
NOR,1992,3.41719782044257
NOR,1991,4.12461565471791
NOR,1990,3.32681988034128
NOR,1989,0.218208260788841
NOR,1988,-3.81610538770097
NOR,1987,-4.35027445597645
NOR,1986,-5.74516753587734
NOR,1985,4.63242376677831
OMN,2020,-16.5486765828435
OMN,2019,-4.91818869978251
OMN,2018,-4.85027419563219
OMN,2017,-13.6143943671897
OMN,2016,-16.6107645205386
OMN,2015,-13.7812835379107
OMN,2014,4.62995815380295
OMN,2013,5.87992091672238
OMN,2012,8.99068507231773
OMN,2011,11.4435714770698
OMN,2010,7.59476361744697
OMN,2009,-0.784047994334516
OMN,2008,7.22971355183886
OMN,2007,5.09706270360498
OMN,2006,13.2991735436226
OMN,2005,14.5817585186487
OMN,2004,3.08879459662564
OMN,2003,5.87796132532779
OMN,2002,8.4161151014241
OMN,2001,9.37796465255733
OMN,2000,14.0586857970743
OMN,1999,-2.57671691704828
OMN,1998,-19.7180125156589
OMN,1997,-0.919633654405093
OMN,1996,1.39466079996563
OMN,1995,-5.09164295639516
OMN,1994,-5.4701307882644
OMN,1993,-8.36318444330724
OMN,1992,-4.21923133343112
OMN,1991,-1.94077026836584
OMN,1990,8.31216538356323
OMN,1989,3.25785325785326
OMN,1988,-3.69049465033338
OMN,1987,10.0419527882384
OMN,1986,-14.1973790061813
OMN,1985,-0.101276081520764
PAK,2020,-0.216650637871501
PAK,2019,-2.66677325730292
PAK,2018,-5.29556175645778
PAK,2017,-4.76985760466006
PAK,2016,-2.29279660651385
PAK,2015,-0.934446742353906
PAK,2014,-1.34787339235798
PAK,2013,-1.70727876868057
PAK,2012,-0.936399348037174
PAK,2011,-0.957124213324854
PAK,2010,-0.688324235118166
PAK,2009,-2.13167355660601
PAK,2008,-7.74194351471585
PAK,2007,-4.50796175781862
PAK,2006,-4.16812395772995
PAK,2005,-2.48346235681318
PAK,2004,-0.617928012719509
PAK,2003,3.17962013910419
PAK,2002,3.93573326208505
PAK,2001,1.93318034244488
PAK,2000,-0.0854401858342493
PAK,1999,-1.46092369568391
PAK,1998,-3.61461538001894
PAK,1997,-2.74152798261064
PAK,1996,-7.00574971079086
PAK,1995,-5.52270880088959
PAK,1994,-3.46530848690822
PAK,1993,-5.59847609574865
PAK,1992,-3.83779241680643
PAK,1991,-2.77569478723708
PAK,1990,-4.15244201309876
PAK,1989,-3.33082801461705
PAK,1988,-3.69691808527703
PAK,1987,-1.66801834551223
PAK,1986,-1.99398424722894
PAK,1985,-3.42647654062989
PLW,2020,-43.4275854404351
PLW,2019,-30.4256869318083
PLW,2018,-18.6570512009478
PLW,2017,-22.6908505634262
PLW,2016,-16.0038255976821
PLW,2015,-8.44636688523686
PLW,2014,-19.704998233376
PLW,2013,-13.0344370501227
PLW,2012,-15.9932980684652
PLW,2011,-12.7522877984867
PLW,2010,-9.93323939449098
PLW,2009,-3.23576084565415
PLW,2008,-17.0211494509807
PLW,2007,-18.0239126758864
PLW,2006,-25.1985586649969
PLW,2005,-20.7264943599223
PAN,2020,0.215312493460061
PAN,2019,-5.14448028576959
PAN,2018,-7.8841929882064
PAN,2017,-5.82243144680319
PAN,2016,-7.54284614415131
PAN,2015,-8.69390485549667
PAN,2014,-12.9838146932933
PAN,2013,-8.69806985425653
PAN,2012,-8.97959013068533
PAN,2011,-12.658129153843
PAN,2010,-10.3251596563382
PAN,2009,-0.763910450905961
PAN,2008,-8.89223139636047
PAN,2007,-5.4315809612409
PAN,2006,-2.48020850513372
PAN,2005,-6.40102243525954
PAN,2004,-6.92308557013031
PAN,2003,-4.22833726856686
PAN,2002,-0.883534990053261
PAN,2001,-1.5588138412991
PAN,2000,-5.8404727562183
PAN,1999,-9.97538332576209
PAN,1998,-9.10381367653388
PAN,1997,-5.03735296832826
PAN,1996,-2.18102666519342
PAN,1995,-4.9154915141079
PAN,1994,0.169775846124911
PAN,1993,-1.08965635563305
PAN,1992,-3.28511447610562
PAN,1991,-3.40793015877548
PAN,1990,3.2499389567898
PAN,1989,1.88393290441391
PAN,1988,12.221353065403
PAN,1987,7.98076613392282
PAN,1986,-1.45487514243875
PAN,1985,1.14805172641068
PNG,2020,14.3372352654886
PNG,2019,14.3799231097493
PNG,2018,13.6302697156748
PNG,2017,15.9024612947226
PNG,2016,13.6287612457147
PNG,2015,11.2064023719229
PNG,2014,12.1393177239905
PNG,2013,-16.2256819496775
PNG,2012,-10.7881600289652
PNG,2011,-1.10018483437862
PNG,2010,-4.50849152932172
PNG,2009,-5.09167321110671
PNG,2008,6.81299167765164
PNG,2007,1.89447675578743
PNG,2006,5.27638088337677
PNG,2005,13.3520776079467
PNG,2004,4.79140919548251
PNG,2003,4.01861390427818
PNG,2002,-0.83771505987784
PNG,2001,9.28741777969622
PNG,2000,9.95921732839905
PNG,1999,3.45089237039663
PNG,1998,1.24749695919347
PNG,1997,-2.0058122434283
PNG,1996,6.07669181615827
PNG,1995,14.5331456032702
PNG,1994,10.3379652434895
PNG,1993,12.9825853243472
PNG,1992,2.17092948220248
PNG,1991,-3.98899067197516
PNG,1990,-2.35026712017846
PNG,1989,-8.81704901407699
PNG,1988,-8.10587100563077
PNG,1987,-6.29430865088511
PNG,1986,-3.70461190024242
PNG,1985,-5.02418007846705
PRY,2020,2.38698954162871
PRY,2019,-0.162746811735708
PRY,2018,0.230707060235558
PRY,2017,3.67698851016908
PRY,2016,4.58868258924039
PRY,2015,-0.217870478352238
PRY,2014,-0.786915039842047
PRY,2013,0.833944389699589
PRY,2012,-1.88545344964744
PRY,2011,-0.732894985327404
PRY,2010,-1.13361355132455
PRY,2009,1.77539259441597
PRY,2008,0.374841642433333
PRY,2007,4.36238494214342
PRY,2006,1.24447680615271
PRY,2005,-0.628692309199553
PRY,2004,-0.101927990310014
PRY,2003,0.221163990286845
PRY,2002,8.61307588678674
PRY,2001,-0.375729695210563
PRY,2000,-2.79049501871093
PRY,1999,1.56971889454463
PRY,1998,1.42468424398124
PRY,1997,-5.50597618386607
PRY,1996,-0.707053011808279
PRY,1995,-2.39891387766325
PRY,1994,-3.48241172235135
PRY,1993,0.815224855768091
PRY,1992,-0.800567351484838
PRY,1991,1.21843526699717
PRY,1990,6.7118429696366
PRY,1989,5.37230741995177
PRY,1988,-4.9392770538631
PRY,1987,-12.3342856620109
PRY,1986,-9.79861958976583
PRY,1985,-7.66805461171508
PER,2020,0.781293621318144
PER,2019,-0.726098966731838
PER,2018,-1.27850714659718
PER,2017,-0.953080061958555
PER,2016,-2.29429403266562
PER,2015,-4.70878071644278
PER,2014,-4.36595061444558
PER,2013,-4.85170158694027
PER,2012,-2.87262299972341
PER,2011,-1.96422212136988
PER,2010,-2.41611244249563
PER,2009,-0.598288729210878
PER,2008,-4.41112077807089
PER,2007,1.42931463476859
PER,2006,3.24050716695869
PER,2005,1.5088102611942
PER,2004,0.0288861085400799
PER,2003,-1.61504289543387
PER,2002,-2.02693936398419
PER,2001,-2.31175794610238
PER,2000,-2.98741137277728
PER,1999,-2.74952502384786
PER,1998,-6.01059688640088
PER,1997,-5.7922394566417
PER,1996,-6.59496815056511
PER,1995,-8.67435304434383
PER,1994,-6.01858298886919
PER,1993,-7.07477935578993
PER,1992,-5.24379733033856
PER,1991,-4.3795451250649
PER,1990,-5.37288606183094
PER,1989,-2.53538308021229
PER,1988,-11.7797906974204
PER,1987,-5.59890601138475
PER,1986,-6.37463472368434
PER,1985,0.676449233400277
PHL,2020,3.20065009232564
PHL,2019,-0.808557862529766
PHL,2018,-2.55939306312468
PHL,2017,-0.652387929422696
PHL,2016,-0.376262661565375
PHL,2015,2.37094985955594
PHL,2014,3.61563913358328
PHL,2013,4.00964958369033
PHL,2012,2.65327822085759
PHL,2011,2.4091906991357
PHL,2010,3.44540917722718
PHL,2009,4.80078349700448
PHL,2008,0.0792959465366613
PHL,2007,5.17497335468166
PHL,2006,5.4545225788942
PHL,2005,1.8529075905422
PHL,2004,1.71049031113279
PHL,2003,0.327439073939328
PHL,2002,-0.334490425515421
PHL,2001,-2.21740069327136
PHL,2000,-2.66284885287764
PHL,1999,-3.35706942771647
PHL,1998,2.07537904684556
PHL,1997,-4.62349405712408
PHL,1996,-4.17652404044575
PHL,1995,-2.33919983744538
PHL,1994,-4.03229461116698
PHL,1993,-4.86165174206389
PHL,1992,-1.65501732404596
PHL,1991,-1.99675016579611
PHL,1990,-5.33575810861436
PHL,1989,-3.00120952944866
PHL,1988,-0.903779279057262
PHL,1987,-1.17486771670517
PHL,1986,2.80105391342831
PHL,1985,-0.10297045051637
POL,2020,2.39835922164097
POL,2019,-0.272945793712772
POL,2018,-1.96597240687912
POL,2017,-1.18631982461877
POL,2016,-1.06875807090352
POL,2015,-1.3254755565429
POL,2014,-2.97288032663133
POL,2013,-1.98155143805472
POL,2012,-4.11182485634079
POL,2011,-5.11055687403888
POL,2010,-5.16657584018312
POL,2009,-3.94518857698649
POL,2008,-6.74648774312839
POL,2007,-6.68396289819493
POL,2006,-4.64906335604984
POL,2005,-3.30488692842897
POL,2004,-5.96912639653316
POL,2003,-2.50410381576022
POL,2002,-2.77624121851834
POL,2001,-3.09972932809545
POL,2000,-5.98021918224644
POL,1999,-7.31498200628172
POL,1998,-3.93707818430142
POL,1997,-3.59238073994115
POL,1996,-2.02968632371393
POL,1995,0.59787790958511
POL,1994,0.57218339303966
POL,1993,-6.02645744303895
POL,1992,-3.29032970311139
POL,1991,-2.50991404542249
POL,1990,4.64853694341554
PRT,2020,-0.629832722737581
PRT,2019,0.765771121812588
PRT,2018,0.7276825303456
PRT,2017,1.56389644169824
PRT,2016,1.42555528145605
PRT,2015,0.508297093307308
PRT,2014,0.315317528197345
PRT,2013,1.53973827822347
PRT,2012,-1.52721549957903
PRT,2011,-6.11854777822696
PRT,2010,-10.2611634070617
PRT,2009,-10.3235445210728
PRT,2008,-11.859800223599
PRT,2007,-9.65792414363096
PRT,2006,-10.2302140524554
PRT,2005,-9.60021052870909
PRT,2004,-7.98339399989486
PRT,2003,-6.6669232574819
PRT,2002,-8.31755894208286
PRT,2001,-10.4344116184086
PRT,2000,-10.8233299998961
PRT,1999,-8.85368265057396
PRT,1998,-6.76039275351895
PRT,1997,-5.66728405930872
PRT,1996,-4.0005138112894
PRT,1995,-0.111582055664553
PRT,1994,-2.20261544389875
PRT,1993,0.245135265861298
PRT,1992,-0.17123684919746399
PRT,1991,-0.802786937062783
PRT,1990,-0.230455705701948
PRT,1989,0.252413720817631
PRT,1988,-1.89146081029746
PRT,1987,0.903181066959785
PRT,1986,3.00815829546084
PRT,1985,1.40133182328916
QAT,2020,-2.06750396645727
QAT,2019,2.41529489464043
QAT,2018,9.08292624449306
QAT,2017,3.98856755019176
QAT,2016,-5.45006834991535
QAT,2015,8.50181661296372
QAT,2014,23.9592464211398
QAT,2013,30.4240297828632
QAT,2012,33.1847220547568
QAT,2011,31.0675107947676
ROU,2020,-5.14043847567815
ROU,2019,-4.86977887140915
ROU,2018,-4.60748728741797
ROU,2017,-3.19415712159883
ROU,2016,-2.10324885883263
ROU,2015,-0.637491637323498
ROU,2014,-0.341464408053705
ROU,2013,-1.13746709997941
ROU,2012,-4.57804292376289
ROU,2011,-4.81588301986922
ROU,2010,-4.98543687917278
ROU,2009,-4.72925693261463
ROU,2008,-11.658522565437
ROU,2007,-13.7032326042104
ROU,2006,-10.6661036918405
ROU,2005,-8.67463205439941
ROU,2004,-8.5123232185601
ROU,2003,-5.72774106022585
ROU,2002,-3.31050332793727
ROU,2001,-5.51799372952363
ROU,2000,-3.63721875382544
ROU,1999,-3.60747182475184
ROU,1998,-6.99585947248816
ROU,1997,-5.91423004615668
ROU,1996,-6.96048631418109
ROU,1995,-4.73949323312222
ROU,1994,-1.42321276155065
ROU,1993,-4.45352169616387
ROU,1992,-5.99482518410403
ROU,1991,-3.50772176596034
ROU,1990,-8.50766056649959
ROU,1989,6.065025
ROU,1988,9.70203033838973
ROU,1987,5.3667731629393
RUS,2020,2.36911533657246
RUS,2019,3.87612476973049
RUS,2018,6.97989872935135
RUS,2017,2.04412673615753
RUS,2016,1.91643731021353
RUS,2015,4.97088857375125
RUS,2014,2.79290979175164
RUS,2013,1.45817388483059
RUS,2012,3.22793090052757
RUS,2011,4.75452652542426
RUS,2010,4.4233366535099
RUS,2009,4.12086933736946
RUS,2008,6.25797161157479
RUS,2007,5.55457619335894
RUS,2006,9.32544491399994
RUS,2005,11.0454169715192
RUS,2004,9.90832254287658
RUS,2003,7.69799200510312
RUS,2002,7.9523289090993
RUS,2001,10.4545347443772
RUS,2000,17.4742424828314
RUS,1999,11.6664565462153
RUS,1998,0.026225709921156
RUS,1997,-0.206268282708236
RUS,1996,2.57898342400441
RUS,1995,1.88045783512905
RUS,1994,2.26332668866148
RWA,2020,-12.0648128308305
RWA,2019,-11.8932238048423
RWA,2018,-10.1142510894979
RWA,2017,-9.46048176908828
RWA,2016,-15.305126232999
RWA,2015,-12.6837769389105
RWA,2014,-11.3438929928213
RWA,2013,-7.48220331305966
RWA,2012,-9.68045842086916
RWA,2011,-6.92834416704242
RWA,2010,-6.51687014325837
WSM,2020,-8.715956952862
WSM,2019,3.73223650537796
WSM,2018,2.68908513860988
WSM,2017,-1.07027554451417
WSM,2016,-4.5540235736258
WSM,2015,-1.54215771746012
WSM,2014,-5.83183311325533
WSM,2013,-5.60710703051041
WSM,2012,-0.996591960794167
WSM,2011,-10.9186849756524
WSM,2010,-9.04869884205239
WSM,2009,-1.7841761422503
WSM,2008,-8.45819641302631
WSM,2007,-7.97773344777515
WSM,2006,-15.3383144136502
WSM,2005,-9.96935129792267
WSM,2004,-6.41494641654138
WSM,1999,-7.35722818333087
WSM,1998,7.45507593548311
WSM,1997,3.19720511092474
WSM,1996,4.91291970769425
WSM,1995,4.1497070693313
WSM,1994,2.60663883713025
WSM,1993,-28.3061414919853
WSM,1992,-39.6781988739143
WSM,1991,-20.3493289883908
WSM,1990,6.85366683064084
WSM,1989,12.1083645850887
WSM,1988,7.68976427310615
WSM,1987,10.0240971484575
WSM,1986,11.054734080395
WSM,1985,2.01784227978729
SMR,2020,2.7886171824262602
SMR,2019,2.03432964520439
SMR,2018,-1.8872752884789
SMR,2017,-0.391282695967683
STP,2020,-12.64674361519
STP,2019,-21.799320591176
STP,2018,-19.5798259962622
STP,2017,-22.7156290253769
STP,2016,-21.0403152023302
STP,2015,-26.4207009685278
STP,2014,-35.4587784381715
STP,2013,-30.4299465368537
STP,2012,-43.7836821673181
STP,2011,-46.7031436146432
STP,2010,-46.0873607998782
STP,2009,-39.2591791041684
STP,2008,-49.7318439586792
STP,2007,-43.1433732431771
STP,2006,-40.3849806309735
STP,2005,-26.5288051595619
STP,2004,-32.3272461423146
STP,2003,-27.7539600682048
STP,2002,-31.2249951011705
STP,2001,-35.5295840568537
STP,2000,-26.3530521883155
STP,1999,-22.359817347003
STP,1998,-14.5005148243491
STP,1997,-6.853428204033
STP,1990,-10.0923794082165
STP,1989,-11.5360141029592
STP,1988,-10.8808365317215
STP,1987,-11.1932183986857
STP,1986,-16.2509595219223
STP,1985,-19.2561062172055
SAU,2020,-4.51692116727614
SAU,2019,3.64484004485363
SAU,2018,7.89890750977747
SAU,2017,1.2254608961689
SAU,2016,-3.91268584311643
SAU,2015,-7.93818281494483
SAU,2014,9.86478118777848
SAU,2013,18.3253067776542
SAU,2012,22.8484723061974
SAU,2011,23.8816335912651
SAU,2010,13.5423706949188
SAU,2009,5.88427740874122
SAU,2008,27.8314305903976
SAU,2007,24.5483035341762
SAU,2006,27.4448874249267
SAU,2005,27.0702838379988
SAU,2004,20.0686191554423
SAU,2003,12.9967291873383
SAU,2002,6.26198626765415
SAU,2001,5.07959598329365
SAU,2000,7.55444425839441
SAU,1999,0.254139328110494
SAU,1998,-8.94699931687039
SAU,1997,0.183815312865694
SAU,1996,0.428246585132838
SAU,1995,-3.71007215329781
SAU,1994,-7.74759220117338
SAU,1993,-12.9691395981645
SAU,1992,-12.9234890422041
SAU,1991,-20.8052194236662
SAU,1990,-3.52517261600741
SAU,1989,-9.99044244978738
SAU,1988,-8.30613267820205
SAU,1987,-11.3891147941458
SAU,1986,-13.5524803220982
SAU,1985,-12.4464531221632
SEN,2020,-10.8532305243561
SEN,2019,-8.10949609772061
SEN,2018,-9.58292425612147
SEN,2017,-7.26914082739769
SEN,2016,-4.178756111634
SEN,2015,-5.31619475400191
SEN,2014,-6.80294523804886
SEN,2013,-8.19227245767779
SEN,2012,-8.65191854670285
SEN,2011,-6.44529936745541
SEN,2010,-3.65650876220736
SEN,2009,-5.30915741099426
SEN,2008,-11.222076072763
SEN,2007,-9.37907093301321
SEN,2006,-7.36865431598262
SEN,2005,-6.14150322696352
SEN,2004,-5.0744758990416
SEN,2003,-4.98969389328597
SEN,2002,-4.54340089477442
SEN,2001,-3.77513794796373
SEN,2000,-5.54079842355363
SEN,1999,-4.85800602014769
SEN,1998,-3.80375176727342
SEN,1997,-3.05919124475018
SEN,1996,-3.06028361139742
SEN,1995,-3.86419721134813
SEN,1994,-3.7234900687609
SEN,1993,-5.87632495790797
SEN,1992,-5.16481739570848
SEN,1991,-5.12374526804463
SEN,1990,-4.91527068918184
SEN,1989,-5.46528166361476
SEN,1988,-6.30343200881927
SEN,1987,-6.62448960007078
SEN,1986,-6.83923615299236
SEN,1985,-9.41534129665143
SRB,2020,-3.89586001943545
SRB,2019,-6.56331526088244
SRB,2018,-4.65847286841162
SRB,2017,-5.05239948291626
SRB,2016,-2.81825710129299
SRB,2015,-3.31781960336985
SRB,2014,-5.36439658261537
SRB,2013,-5.53788697865576
SRB,2012,-10.4794350040675
SRB,2011,-9.92802601945112
SRB,2010,-6.18385847336537
SRB,2009,-5.96184093250946
SRB,2008,-19.4339264115955
SRB,2007,-16.7617294107286
SYC,2020,-12.5301883307748
SYC,2019,-2.842387489846
SYC,2018,-2.34133369670356
SYC,2017,-2.20368065340164
SYC,2016,-2.61384777681388
SYC,2015,-17.8847188907867
SYC,2014,-22.3701856914691
SYC,2013,-11.8972428115469
SYC,2012,-14.8074270420074
SYC,2011,-28.4521363904849
SYC,2010,-21.8405252938197
SYC,2009,-22.2660045596962
SYC,2008,-26.8423661578652
SYC,2007,-18.0086154122811
SYC,2006,-12.3693581655909
SYC,2005,-17.8003425507562
SYC,2004,-6.75447656002783
SYC,2003,-1.2468218160317
SYC,2002,-13.645650344015
SYC,2001,-23.1184684109926
SYC,2000,-6.56104546972391
SYC,1999,-17.6156832289782
SYC,1998,-16.4185652854264
SYC,1997,-11.0348966495093
SYC,1996,-9.79337791202402
SYC,1995,0.261751917899548
SYC,1994,6.06398546042857
SYC,1993,1.71088181856887
SYC,1992,-1.49612461807546
SYC,1991,-2.05103945604504
SYC,1990,-3.30912379866114
SYC,1989,-12.2262606235245
SYC,1988,-9.40807818957241
SYC,1987,-7.96084271455492
SYC,1986,-15.0552771095238
SYC,1985,-10.6856711888822
SLE,2020,-5.83728154611493
SLE,2019,-7.78800789721141
SLE,2018,-9.25504556429235
SLE,2017,-11.8197447773241
SLE,2016,-4.83009013015939
SLE,2015,-14.7764569204395
SLE,2014,-6.15041708408739
SLE,2013,-9.82432065734399
SLE,2012,-19.7049574950917
SLE,2011,-39.3593386346764
SLE,2010,-13.7303367162602
SLE,2009,-8.27097097515223
SLE,2008,-5.42208122544718
SLE,2007,-4.40780618552025
SLE,2006,-2.91139372809153
SLE,2005,-4.12285133599241
SLE,2004,-4.42616819447044
SLE,2003,-3.86532771869266
SLE,2002,-3.78669132902158
SLE,2001,-5.82077902001999
SLE,2000,-17.658489136383
SLE,1999,-14.8361767452952
SLE,1998,-4.94309572568763
SLE,1997,-6.45379716642746
SLE,1996,-15.9818934226735
SLE,1995,-13.5594930752413
SLE,1994,-9.77326426802897
SLE,1993,-7.51351110137399
SLE,1992,-0.805910908500577
SLE,1991,1.96620005990499
SLE,1990,-10.6838286993325
SLE,1989,-6.40339698170486
SLE,1988,-0.269206507597221
SLE,1987,-4.59710646458351
SLE,1986,28.7124508229809
SLE,1985,0.327299216701344
SGP,2020,17.8019624591099
SGP,2019,15.4809992253229
SGP,2018,15.7118763496582
SGP,2017,18.5489449671093
SGP,2016,18.0893657934254
SGP,2015,18.6930222903094
SGP,2014,17.9502135491877
SGP,2013,15.7071875902089
SGP,2012,17.6432739045994
SGP,2011,22.2184518342372
SGP,2010,22.9333472183784
SGP,2009,16.3930632928179
SGP,2008,15.08343561816
SGP,2007,27.1433325306869
SGP,2006,26.893381350331
SGP,2005,23.2604773041195
SGP,2004,19.3111213606955
SGP,2003,24.3020823146557
SGP,2002,14.8770537568056
SGP,2001,14.4329302808565
SGP,2000,11.0715031927897
SGP,1999,17.2038802401523
SGP,1998,21.7915511543613
SGP,1997,15.5698355478411
SGP,1996,14.6273471153629
SGP,1995,16.4967504477223
SGP,1994,15.4701578956137
SGP,1993,6.94851439736296
SGP,1992,11.3460660380192
SGP,1991,10.7339641366336
SGP,1990,8.63724140435268
SGP,1989,9.72796054152537
SGP,1988,7.63423434751461
SGP,1987,-0.519344689052198
SGP,1986,1.71480429367363
SGP,1985,-0.0189810743321321
SXM,2020,-23.4917218241245
SXM,2019,-11.7225151374585
SXM,2018,5.93015272305455
SXM,2017,3.48114676740387
SXM,2016,-1.86269692206363
SXM,2015,1.28485944638437
SXM,2014,-8.13613939959859
SXM,2013,0.422119060622617
SXM,2012,9.39570465234884
SXM,2011,-0.482155645738833
SVK,2020,-0.437071238574067
SVK,2019,-3.51259174873162
SVK,2018,-1.59262375291934
SVK,2017,-1.71807692688753
SVK,2016,-1.41742583384371
SVK,2015,-2.05103816352739
SVK,2014,1.77620820872981
SVK,2013,2.91051144201471
SVK,2012,0.938943103720464
SVK,2011,-4.92376770602967
SVK,2010,-4.6203044518302
SVK,2009,-3.38105508330994
SVK,2008,-6.21877842791479
SVK,2007,-5.35060934129179
SVK,2006,-7.70650507752626
SVK,2005,-8.19397731773658
SVK,2004,-7.61884083063467
SVK,2003,-0.604808583485322
SVK,2002,-5.54699259401508
SVK,2001,-5.67076091009313
SVK,2000,-2.37631731698758
SVK,1999,-3.78763630330509
SVK,1998,-7.09378256454289
SVK,1997,-7.0436113805678
SVK,1996,-7.41341151718473
SVK,1995,1.48984665925464
SVK,1994,3.28266941432295
SVK,1993,-3.46331514868092
SVN,2020,7.67395367082141
SVN,2019,6.45290585431634
SVN,2018,6.52066143026877
SVN,2017,6.82058845826205
SVN,2016,5.29223433710434
SVN,2015,4.11844607611057
SVN,2014,5.32786784003453
SVN,2013,3.51650748197892
SVN,2012,1.40334115378876
SVN,2011,-0.772202643426759
SVN,2010,-0.686229865264751
SVN,2009,-1.02930810163582
SVN,2008,-5.30803970003449
SVN,2007,-4.20761971530098
SVN,2006,-1.77091456240672
SVN,2005,-1.89301545547915
SVN,2004,-2.61296856216983
SVN,2003,-0.734658635827973
SVN,2002,1.05020145982641
SVN,2001,0.151435477403197
SVN,2000,-2.71588283528864
SVN,1999,-3.08319417422173
SVN,1998,-0.535844572045627
SVN,1997,0.243644981984294
SVN,1996,0.257560310756861
SVN,1995,-0.35053362750793
SVN,1994,3.49983630377216
SVN,1993,1.32186349181442
SVN,1992,6.8521543659339
SLB,2020,-1.63132884568903
SLB,2019,-9.51100860736619
SLB,2018,-2.95982088484313
SLB,2017,-4.27498589689084
SLB,2016,-3.53780145431414
SLB,2015,-2.75806023188152
SLB,2014,-3.71113892809321
SLB,2013,-2.99761288648898
SLB,2012,2.22663803763421
SLB,2011,-1.76447706076069
SLB,2010,-16.0506619217521
SLB,2009,-7.39710267104601
SLB,2008,-10.2527260927111
SLB,2007,-11.53055204475
SLB,2006,-6.83313528792249
SLB,2005,-16.3149014874914
SLB,2004,-4.04309489428343
SLB,2003,-9.55791509502594
SLB,2002,-19.5076486144732
SLB,2001,-15.8332825110055
SLB,2000,-9.75872166781304
SLB,1999,4.40043214690359
SLB,1998,1.77441432624841
SLB,1997,-7.19916830125425
SLB,1996,2.85567709426956
SLB,1995,1.77624714752846
SLB,1994,-0.852263556089582
SLB,1993,-2.54511529723485
SLB,1992,0.48238029796377
SLB,1991,-15.7515879073781
SLB,1990,-12.9191580663335
SLB,1989,-19.2200422424746
SLB,1988,-15.7800578939866
SLB,1987,-2.76090454388767
SLB,1986,-1.59483235123974
SLB,1985,-16.8092036273209
ZAF,2020,2.00352275153333
ZAF,2019,-2.61999067483039
ZAF,2018,-3.00051939426576
ZAF,2017,-2.37436753188649
ZAF,2016,-2.63361451678797
ZAF,2015,-4.31028688643788
ZAF,2014,-4.81243259488481
ZAF,2013,-5.33837274756909
ZAF,2012,-4.68373643403846
ZAF,2011,-2.01967628513274
ZAF,2010,-1.29901805615596
ZAF,2009,-2.38458187361532
ZAF,2008,-5.18618108467679
ZAF,2007,-4.86189160706926
ZAF,2006,-4.00012427594728
ZAF,2005,-2.7747758989594
ZAF,2004,-2.50726120703613
ZAF,2003,-0.782449992267882
ZAF,2002,0.781937464700473
ZAF,2001,0.253001084795547
ZAF,2000,-0.125570459653346
ZAF,1999,-0.445657419944882
ZAF,1998,-1.43749682421619
ZAF,1997,-1.31813387872595
ZAF,1996,-1.0280828308777
ZAF,1995,-1.45179160612888
ZAF,1994,0.0192951572527621
ZAF,1993,1.90438081566821
ZAF,1992,1.34745427194466
ZAF,1991,1.03482370495216
ZAF,1990,1.23093530701266
ZAF,1989,1.38631701458895
ZAF,1988,2.43671493279263
ZAF,1987,5.28788988004278
ZAF,1986,3.77065373212745
ZAF,1985,3.50818756883176
SSD,2020,-35.0491711578272
SSD,2019,-4.15741601037528
SSD,2018,-9.0382483224269
SSD,2017,8.30684638743949
SSD,2016,-5.76700049530002
SSD,2015,-4.169014055128
SSD,2014,-5.65945565697319
ESP,2020,0.819280213926566
ESP,2019,2.11978917805627
ESP,2018,1.86142647160726
ESP,2017,2.82857699785742
ESP,2016,3.15808866042231
ESP,2015,2.03697429462383
ESP,2014,1.73595007328569
ESP,2013,2.07791536141212
ESP,2012,0.125923054524352
ESP,2011,-2.58929008588059
ESP,2010,-3.57734356702049
ESP,2009,-3.94046083652282
ESP,2008,-8.8166948769233
ESP,2007,-9.36792330694923
ESP,2006,-8.79382150381904
ESP,2005,-7.21356556640438
ESP,2004,-5.42400165587703
ESP,2003,-3.80656644846324
ESP,2002,-3.6345919631106
ESP,2001,-4.3292603031356
ESP,2000,-4.25952269013291
ESP,1999,-3.21736413464958
ESP,1998,-1.17199231308045
ESP,1997,-0.140683569181923
ESP,1996,-0.347834725925519
ESP,1995,-0.320247040380478
ESP,1994,-1.20512004003852
ESP,1993,-1.1061129789544
ESP,1992,-3.41608226616749
ESP,1991,-3.43260470559266
ESP,1990,-3.35886586768217
ESP,1989,-2.635822608323
ESP,1988,-1.00972940326339
ESP,1987,-0.0827164831002587
ESP,1986,1.55857677158017
ESP,1985,1.54179312982114
LKA,2020,-1.40761494671391
LKA,2019,-2.07126631371234
LKA,2018,-2.96352841915779
LKA,2017,-2.44676435306533
LKA,2016,-1.9799949250478
LKA,2015,-2.21267766202146
LKA,2014,-2.40840557987842
LKA,2013,-3.3004682319038
LKA,2012,-5.69099818625964
LKA,2011,-6.81209765536977
LKA,2010,-1.83339432034317
LKA,2009,-0.510385718302903
LKA,2008,-9.54319542329735
LKA,2007,-4.33041626176129
LKA,2006,-5.29942775531871
LKA,2005,-2.66382240513017
LKA,2004,-3.1340311530145
LKA,2003,-0.374541248460878
LKA,2002,-1.42925945944237
LKA,2001,-1.36821186331088
LKA,2000,-6.28823142949348
LKA,1999,-3.57275187551122
LKA,1998,-1.44447657761178
LKA,1997,-2.61516855545627
LKA,1996,-4.91199982756748
LKA,1995,-5.90910994846491
LKA,1994,-6.46387915946704
LKA,1993,-3.69702621240226
LKA,1992,-4.6445676126182
LKA,1991,-6.60834436461148
LKA,1990,-3.71364846145227
LKA,1989,-5.92088186722556
LKA,1988,-5.65273419241547
LKA,1987,-4.87947833303538
LKA,1986,-6.51148135328219
LKA,1985,-6.9992975801459
KNA,2020,-10.8380413895977
KNA,2019,-4.78511635759442
KNA,2018,-5.84580153302049
KNA,2017,-10.2532816485857
KNA,2016,-12.0811606049124
KNA,2015,-8.10718614819114
KNA,2014,0.698262924495273
KNA,2013,-2.86459110864067
KNA,2012,-3.12891542335695
KNA,2011,-7.81462598635504
KNA,2010,-15.3287283630879
KNA,2009,-21.1253307397586
KNA,2008,-17.1935240173318
KNA,2007,-13.8968818612708
KNA,2006,-11.0598682210987
KNA,2005,-7.23180980362048
KNA,2004,-7.70263043844735
KNA,2003,-17.7390647418292
KNA,2002,-19.9706256978221
KNA,2001,-22.5205550309293
KNA,2000,-25.4692655371034
KNA,1999,-16.5265722023142
KNA,1998,-12.082588802043
KNA,1997,-16.1260420377627
KNA,1996,-19.4876060555648
KNA,1995,-14.5024279013717
KNA,1994,-8.23284353707352
KNA,1993,-11.1045580925099
KNA,1992,-6.19330957370329
KNA,1991,-16.1371040875961
KNA,1990,-21.6195022161609
KNA,1989,-19.9326664101577
KNA,1988,-15.9392626589744
KNA,1987,-10.9069487616565
KNA,1986,-6.80742525152331
KNA,1985,-6.01561457360202
LCA,2020,-18.9396185808441
LCA,2019,3.32566372009906
LCA,2018,1.47239642153267
LCA,2017,-1.90842804054587
LCA,2016,-6.33820254412729
LCA,2015,-0.477234056484728
LCA,2014,-2.42897703597573
LCA,2013,-6.53053409169977
LCA,2012,-10.0247004570207
LCA,2011,-14.3071211652342
LCA,2010,-12.6704280191935
LCA,2009,-8.46949402978313
LCA,2008,-24.2393485824395
LCA,2007,-18.3824804800027
LCA,2006,-29.3295746576677
LCA,2005,-15.5065043802058
LCA,2004,-14.87434137709
LCA,2003,-20.9315483729512
LCA,2002,-17.6189580491341
LCA,2001,-18.8265127326629
LCA,2000,-17.8343762887704
LCA,1999,-12.0397750100441
LCA,1998,-6.85647952722667
LCA,1997,-9.7642463235294
LCA,1996,-7.33239436619718
LCA,1995,-4.74708737864078
LCA,1994,-6.77841203943953
LCA,1993,-7.32612222823147
LCA,1992,-8.31318681318681
LCA,1991,-11.7073023536512
LCA,1990,-9.84153354632587
LCA,1989,-12.9984779299848
LCA,1988,-4.16982758620689
LCA,1987,-3.81163708086785
LCA,1986,-1.96514161220044
LCA,1985,-4.39453125
VCT,2020,-15.8942170558575
VCT,2019,-2.38815343936867
VCT,2018,-10.3037962472728
VCT,2017,-11.8946710104421
VCT,2016,-13.083380397797
VCT,2015,-15.5812824807682
VCT,2014,-25.2076799475114
VCT,2013,-24.7266517767588
VCT,2012,-25.3027530049806
VCT,2011,-22.332258031627
VCT,2010,-26.3254736856599
VCT,2009,-25.6757501478007
VCT,2008,-31.3887476104186
VCT,2007,-21.3718200786995
VCT,2006,-16.4580193516627
VCT,2005,-14.032989246926
VCT,2004,-13.3113071409128
VCT,2003,-8.40936238282576
VCT,2002,-3.64768298215969
VCT,2001,-5.53237309873477
VCT,2000,-6.88016747198498
VCT,1999,-17.3621248601816
VCT,1998,-24.7013689939233
VCT,1997,-23.1719525442501
VCT,1996,-9.93832540054969
VCT,1995,-12.7212207871358
VCT,1994,-19.5334493525106
VCT,1993,-15.3241141999663
VCT,1992,-8.69443556124078
VCT,1991,-17.9291901633626
VCT,1990,-9.79984283270927
VCT,1989,-13.8131098074483
VCT,1988,-8.36405313076819
VCT,1987,-11.5257788007127
VCT,1986,-6.3391409604657
VCT,1985,2.54048110415585
SDN,2020,-21.6064794369516
SDN,2019,-14.7808388986177
SDN,2018,-14.4693934170139
SDN,2017,-11.1697054533751
SDN,2016,-9.88346111101847
SDN,2015,-10.5569345811594
SDN,2014,-7.16013618473832
SDN,2013,-13.5321488136858
SDN,2012,-16.6318777556219
SDN,2011,-4.82188496528231
SDN,2010,-2.92618988919934
SDN,2009,-9.54372816963053
SDN,2008,-5.54326957101499
SDN,2007,-6.05172200816878
SDN,2006,-14.3510830891701
SDN,2005,-7.02825381106123
SDN,2004,-3.07074148971241
SDN,2003,-4.39506852023541
SDN,2002,-5.36777365828637
SDN,2001,-3.32074310136626
SDN,2000,-4.22360581869545
SDN,1999,-4.03575038645252
SDN,1998,-8.50205479843779
SDN,1997,-7.08918356865189
SDN,1996,-9.1674698509357
SDN,1995,-3.61451082283543
SDN,1994,-4.70306122903388
SDN,1993,-2.27688184025583
SDN,1992,-7.19802492628453
SDN,1991,-2.16146427982124
SDN,1990,-1.10651646908535
SDN,1989,-0.696130028867559
SDN,1988,-2.49069316427513
SDN,1987,-1.89658915143538
SDN,1986,-0.209389972060702
SDN,1985,1.9047457359522
SUR,2020,8.92387981171874
SUR,2019,-11.1616172949162
SUR,2018,-2.97065426623086
SUR,2017,1.92551128292716
SUR,2016,-4.83755000193211
SUR,2015,-15.3413674981336
SUR,2014,-7.94454297839104
SUR,2013,-3.80907333945481
SUR,2012,3.26046699609317
SUR,2011,9.7530323873173
SUR,2010,14.8990514000174
SUR,2009,2.87195431472081
SUR,2008,9.21887502577851
SUR,2007,11.0501488649051
SUR,2006,8.3993924507355
SUR,2005,-8.17994588487446
SWE,2020,5.66402536162381
SWE,2019,5.21540072405935
SWE,2018,2.08249358421543
SWE,2017,2.18976179161859
SWE,2016,2.01094417852559
SWE,2015,2.71694586220694
SWE,2014,3.44736840993781
SWE,2013,4.70549381033489
SWE,2012,5.53304332576063
SWE,2011,5.51028500175062
SWE,2010,5.92506783771235
SWE,2009,5.96764869542423
SWE,2008,7.92884141266609
SWE,2007,8.14767813080375
SWE,2006,8.15775334805554
SWE,2005,6.02094308319672
SWE,2004,5.9556796683309
SWE,2003,5.85859579947661
SWE,2002,4.65738421384444
SWE,2001,6.17157591368188
SWE,2000,4.44605675274443
SWE,1999,3.92895025312135
SWE,1998,3.52452706086273
SWE,1997,2.76074697809112
SWE,1996,2.01824534931766
SWE,1995,1.84997529476704
SWE,1994,0.324716704352822
SWE,1993,-1.95597245054897
SWE,1992,-3.10926994292047
SWE,1991,-1.69925055089858
SWE,1990,-2.42434625577459
SWE,1989,-1.42496098502241
SWE,1988,-0.258345436451604
SWE,1987,-0.0116471129087746
SWE,1986,0.0215380537869739
SWE,1985,-0.886552009416811
CHE,2020,0.447364685859182
CHE,2019,4.10788534673467
CHE,2018,6.11910384279991
CHE,2017,5.31739432808419
CHE,2016,7.22909989028111
CHE,2015,9.19252436695627
CHE,2014,7.45768731974455
CHE,2013,10.2777052188642
CHE,2012,9.420174912337
CHE,2011,6.89626180837809
CHE,2010,13.7637552846667
CHE,2009,6.31578593186998
CHE,2008,1.7393654638505
CHE,2007,8.7710939994753
CHE,2006,12.7744512326326
CHE,2005,11.4042731060379
CHE,2004,12.5267566706554
CHE,2003,11.2839125641806
CHE,2002,7.44432955080725
CHE,2001,7.19741907544756
CHE,2000,11.3076946100378
CHE,1999,9.49505631733892
CHE,1998,8.30236609471626
CHE,1997,8.58808810990499
CHE,1996,5.85583867296391
CHE,1995,5.86746774422011
CHE,1994,5.55095675929766
CHE,1993,6.19880976982837
CHE,1992,4.77655904971077
CHE,1991,3.54569531654709
CHE,1990,2.30416679097882
CHE,1989,3.49865043983894
CHE,1988,4.10398715890826
CHE,1987,3.1558438773355
CHE,1986,2.92568374927013
CHE,1985,5.4412936750055
SYR,2010,-0.598441929825769
SYR,2009,-1.90259143615813
SYR,2008,0.897965594485587
SYR,2007,1.13572801041147
SYR,2006,2.72518888973844
SYR,2005,1.03607317393746
SYR,2004,2.35779952655753
SYR,2003,3.44509352863578
SYR,2002,6.96683485502976
SYR,2001,6.03349561810581
SYR,2000,5.60277264672687
SYR,1999,1.26623138792712
SYR,1998,0.381557706807819
SYR,1997,3.17816325517826
SYR,1996,0.290074501669665
SYR,1995,2.30768422435308
SYR,1994,-7.81464569325095
SYR,1993,-1.48218868581649
SYR,1992,0.414982658827328
SYR,1991,5.38290688269505
SYR,1990,14.3176031713798
SYR,1989,12.4058753913027
SYR,1988,-1.42383858412122
SYR,1987,-2.62323305562516
SYR,1986,-3.79141064513224
SYR,1985,-5.83715470111145
TJK,2020,4.34918092627649
TJK,2019,-2.23224918510585
TJK,2018,-4.88966506186355
TJK,2017,2.10935261893798
TJK,2016,-5.23235146296922
TJK,2015,-5.76773865149508
TJK,2014,-3.47271227917374
TJK,2013,-10.4728821493758
TJK,2012,-8.92695486705107
TJK,2011,-6.33655867344341
TJK,2010,-10.2987565843148
TJK,2009,-14.40853186566
TJK,2008,-20.5138549086729
TJK,2007,-32.096259393905
TJK,2006,-13.1584118273093
TJK,2005,-12.809877638523
TJK,2004,-2.74745860241597
TJK,2003,-0.306284579701348
TJK,2002,-1.23935164268065
TZA,2020,-2.20760897715159
TZA,2019,-2.19612703390998
TZA,2018,-4.05016373285836
TZA,2017,-2.77322833378381
TZA,2016,-2.44600098634937
TZA,2015,-5.52237840763772
TZA,2014,-9.97566998652383
TZA,2013,-10.92678991973
TZA,2012,-9.49381708629511
TZA,2011,-12.6408334198025
TZA,2010,-6.90590514874114
TZA,2009,-6.15605248067037
TZA,2008,-9.22106341671595
TZA,2007,-7.84401666779704
TZA,2006,-5.91870284632789
TZA,2005,-5.93931026684705
TZA,2004,-2.89917810279357
TZA,2003,-1.14522022259737
TZA,2002,-0.324018475277026
TZA,2001,-4.15575639482293
TZA,2000,-3.20303174427397
TZA,1999,-6.11682325920144
TZA,1998,-5.78640777187492
TZA,1997,-3.90935028953365
TZA,1996,-4.37556391827358
TZA,1995,-7.72805036797611
TZA,1994,-9.73041257496989
TZA,1993,-14.4722694555188
TZA,1992,-10.6889176967354
TZA,1991,-10.2458135935714
TZA,1990,-9.03771314435187
TZA,1989,-5.2203002679362696
TZA,1988,-4.81378864210928
TZA,1987,-5.20646953898425
TZA,1986,-2.96165193064934
TZA,1985,-2.44708335007743
THA,2020,4.14262484721343
THA,2019,7.04854832033553
THA,2018,5.61986314598972
THA,2017,9.6310301918214
THA,2016,10.5083543932086
THA,2015,6.91581517168622
THA,2014,2.8582840987004
THA,2013,-2.10153458942232
THA,2012,-1.23233637957653
THA,2011,2.54217096328341
THA,2010,3.3673246721925
THA,2009,7.87655950254756
THA,2008,0.319466151466348
THA,2007,5.92665423116418
THA,2006,1.04380762367253
THA,2005,-4.036464315232
THA,2004,1.59597338993786
THA,2003,3.13356400154557
THA,2002,3.46550516817668
THA,2001,4.24027233043999
THA,2000,7.36845240260665
THA,1999,9.81128061226542
THA,1998,12.5290469721114
THA,1997,-2.01164910932919
THA,1996,-8.02658256605422
THA,1995,-8.02329369982956
THA,1994,-5.49408768770675
THA,1993,-4.93050710851373
THA,1992,-5.65567692212436
THA,1991,-7.7075114905911
THA,1990,-8.53154931493564
THA,1989,-3.45731136725049
THA,1988,-2.68272079375587
THA,1987,-0.725191684731852
THA,1986,0.573195819665884
THA,1985,-3.9519117838539
TLS,2020,22.5397943738322
TLS,2019,22.1597724933438
TLS,2018,-12.2846133393607
TLS,2017,-21.3947158967538
TLS,2016,-32.4953733274264
TLS,2015,14.1369485088972
TLS,2014,76.4167154468639
TLS,2013,171.239437288572
TLS,2012,235.75059732296901
TLS,2011,225.032885686314
TLS,2010,189.518283182952
TLS,2009,176.76284529175
TLS,2008,311.746071075818
TLS,2007,216.878037692807
TLS,2006,119.207262324444
TGO,2020,-0.277018884474411
TGO,2019,-0.79288311411585
TGO,2018,-2.62976116468944
TGO,2017,-1.51302452827798
TGO,2016,-7.19180652142337
TGO,2015,-8.01021600244542
TGO,2014,-7.17108249416322
TGO,2013,-9.43944638209534
TGO,2012,-5.43302431064873
TGO,2011,-5.57134555457932
TGO,2010,-4.21167785064637
TGO,2009,-3.75655470430214
TGO,2008,-4.86721309193415
TGO,2007,-5.74598605436746
TGO,2006,-5.31324873611491
TGO,2005,-6.33089706237215
TGO,2004,-6.49399507558124
TGO,2003,-5.43138096608201
TGO,2002,-5.81784745652387
TGO,2001,-8.08590195490082
TGO,2000,-6.64451964783898
TGO,1999,-5.71132962319834
TGO,1998,-6.25067363890598
TGO,1997,-5.52268507704884
TGO,1996,-7.43684829762115
TGO,1995,-6.59580508528401
TGO,1994,-4.0604253499812
TGO,1993,-4.73245523551368
TGO,1992,-5.80034578751872
TGO,1991,-6.22158219714276
TGO,1990,-3.66352702721284
TGO,1989,-2.6608319955653
TGO,1988,-4.4772809417945
TGO,1987,-3.4317356344492
TGO,1986,-3.76704069149266
TGO,1985,-2.54714631101484
TON,2020,-6.63043865897463
TON,2019,-7.77583766873501
TON,2018,-7.24899742859477
TON,2017,-7.60028832903791
TON,2016,-8.2477914227867
TON,2015,-10.9245843858579
TON,2014,-6.26556406033615
TON,2013,-9.47350598315125
TON,2012,-14.8200258513003
TON,2011,-20.2517397724187
TON,2010,-23.83210956232
TON,2009,-30.038855601242
TON,2008,-18.207471277767
TON,2007,-16.4953983377192
TON,2006,-8.10879558988645
TON,2005,-9.29333405709877
TON,2004,-3.26824811194436
TON,2003,-6.34024407217629
TON,2002,-3.46620189323188
TON,2001,-7.26085680790221
TON,1994,-9.476614491445
TON,1993,2.36254838903042
TON,1992,-1.28998468802905
TON,1991,-1.43804227867216
TON,1990,11.2507940867571
TON,1989,-1.76859136762798
TON,1988,-10.5419375890714
TON,1987,5.97535416089557
TON,1986,0.789259458166426
TON,1985,-3.47555718094622
TTO,2020,-6.49357154648654
TTO,2019,4.34515288873137
TTO,2018,6.80751807437132
TTO,2017,5.91333517535426
TTO,2016,-3.28637045850336
TTO,2015,7.66416918106465
TTO,2014,14.0953972400973
TTO,2013,19.5071171990968
TTO,2012,14.2426782258206
TTO,2011,18.5128374343258
TTO,2010,18.8299588165597
TTO,2009,8.51638835816151
TTO,2008,30.4935230853502
TTO,2007,23.8728005055128
TTO,2006,38.7864453052226
TTO,2005,24.2851478911928
TTO,2004,13.5001449215207
TTO,2003,8.70995091964198
TTO,2002,0.848106912773139
TTO,2001,4.7139618278455
TTO,2000,6.67497170338997
TTO,1999,0.449406352663031
TTO,1998,-10.6478400676766
TTO,1997,-10.6942429209994
TTO,1996,1.82556255175165
TTO,1995,5.51343829236906
TTO,1994,4.40267866994607
TTO,1993,2.42206931511883
TTO,1992,2.5534105311422
TTO,1991,-0.0877714042537388
TTO,1990,9.05659501369603
TTO,1989,-0.891525608229346
TTO,1988,-1.9693375759329
TTO,1987,-4.68909217230186
TTO,1986,-8.59212050984935
TTO,1985,-0.649106302916159
TUN,2020,-6.01234016088557
TUN,2019,-8.04912453318916
TUN,2018,-10.7946228980082
TUN,2017,-10.0143611259515
TUN,2016,-8.52887305480806
TUN,2015,-8.57094815049073
TUN,2014,-8.87794509825976
TUN,2013,-7.9667784790268
TUN,2012,-7.86572520912914
TUN,2011,-7.0355658557361
TUN,2010,-4.55447131361941
TUN,2009,-2.83909252656908
TUN,2008,-3.81468880111156
TUN,2007,-2.35618464912073
TUN,2006,-1.80172304518295
TUN,2005,-0.927371928635414
TUN,2004,-1.41663593407068
TUN,2003,-2.66077074311871
TUN,2002,-3.22389381333493
TUN,2001,-3.80893714007523
TUN,2000,-3.82558496867724
TUN,1999,-1.92535218512776
TUN,1998,-3.09737186587453
TUN,1997,-2.86792629545458
TUN,1996,-2.43885725476728
TUN,1995,-4.2925749806772
TUN,1994,-3.43370923202334
TUN,1993,-9.05681266464245
TUN,1992,-7.12107014662537
TUN,1991,-3.58997627267365
TUN,1990,-3.77018867031426
TUN,1989,-2.15852132286855
TUN,1988,2.07837753766462
TUN,1987,-0.560028534688337
TUN,1986,-6.70353470822905
TUN,1985,-6.91050677390971
TUR,2020,-4.22284721473811
TUR,2019,1.9351600379275
TUR,2018,-1.85233343060557
TUR,2017,-4.06783613710293
TUR,2016,-2.54530792537505
TUR,2015,-2.46735825450658
TUR,2014,-3.40746259930754
TUR,2013,-5.12686124176872
TUR,2012,-4.72096418758118
TUR,2011,-8.81351105932507
TUR,2010,-5.70254261669491
TUR,2009,-1.73697758122388
TUR,2008,-5.0844969449165
TUR,2007,-5.39177822047968
TUR,2006,-5.5679426761279
TUR,2005,-4.12736838327371
TUR,2004,-3.46160310805252
TUR,2003,-2.39510781690365
TUR,2002,-0.259990521546323
TUR,2001,1.85959025093731
TUR,2000,-3.61057524589502
TUR,1999,-0.360379399136068
TUR,1998,0.724544822196581
TUR,1997,-0.999933462545818
TUR,1996,-0.973371226633304
TUR,1995,-0.99616690058046
TUR,1994,2.01377036999334
TUR,1993,-3.56565306523328
TUR,1992,-0.612175223712419
TUR,1991,0.165524841501632
TUR,1990,-1.74238577195045
TUR,1989,0.875594691099352
TUR,1988,1.75625519928497
TUR,1987,-0.9244170718357
TUR,1986,-1.93596035967603
TUR,1985,-1.50670598794717
TCA,2018,13.1404891042622
TCA,2017,2.9229683096609
TCA,2016,20.5545024828499
TCA,2015,14.2411154163207
TCA,2014,11.2746582075413
TUV,2020,16.3497212467754
TUV,2019,-22.1743644674463
TUV,2018,60.9224209820659
TUV,2017,2.07288116287233
TUV,2016,29.6446004102969
TUV,2015,-33.599074727547404
TUV,2014,-0.479895040010853
TUV,2013,2.84622026743526
TUV,2012,16.3382480187047
TUV,2011,-60.8777544681156
TUV,2010,-43.6491917216297
TUV,2009,-60.2157282738319
TUV,2008,-11.6349155301629
TUV,2007,-15.3398649762283
TUV,2006,27.1788492719464
TUV,2005,-18.672136810379
TUV,2004,-30.971059488207
TUV,2003,-32.3254454978408
TUV,2002,0.148391168197838
TUV,2001,-55.9101767511624
UGA,2020,-9.56958764500258
UGA,2019,-7.44419073613667
UGA,2018,-6.32983605256251
UGA,2017,-4.88278660173815
UGA,2016,-2.85393787294637
UGA,2015,-5.1602872378994
UGA,2014,-6.64160843323991
UGA,2013,-6.05719389968621
UGA,2012,-6.0631263873337
UGA,2011,-7.48878445953833
UGA,2010,-6.0351181457015
UGA,2009,-4.1708492322474
UGA,2008,-8.47510327903427
UGA,2007,-4.72875221684934
UGA,2006,-3.18903604186135
UGA,2005,0.579537398767585
UGA,2004,-0.0210973345748702
UGA,2003,-0.581756161515947
UGA,2002,-2.46011695217403
UGA,2001,-5.23214599458245
UGA,2000,-5.79340706801523
UGA,1999,-4.88783709351708
UGA,1998,-5.52316129222945
UGA,1997,-5.03610167506473
UGA,1996,-3.49899932849718
UGA,1995,-4.8905291793045
UGA,1994,-4.36544383685547
UGA,1993,-5.31387173151944
UGA,1992,-3.48561582703683
UGA,1991,-5.11089230463569
UGA,1990,-6.11699754177912
UGA,1989,-4.91844088909651
UGA,1988,-2.99911194489214
UGA,1987,-1.78658430782395
UGA,1986,-1.1028387127871
UGA,1985,0.130632123539501
UKR,2020,2.71233673009119
UKR,2019,-2.67995732261758
UKR,2018,-4.9140091077667
UKR,2017,-3.09838910750506
UKR,2016,-1.99880308749136
UKR,2015,5.53108477509173
UKR,2014,-3.44259678457888
UKR,2013,-8.67092024008033
UKR,2012,-7.85084742299342
UKR,2011,-6.04309232577169
UKR,2010,-2.13583862214825
UKR,2009,-1.42819353735104
UKR,2008,-6.79441468128891
UKR,2007,-3.53046707122563
UKR,2006,-1.44702469655834
UKR,2005,2.83956995265949
UKR,2004,10.2811427404739
UKR,2003,5.57773535288709
UKR,2002,7.23448030648592
UKR,2001,3.36813562211436
UKR,2000,4.14516299850109
UKR,1999,5.25005200472241
UKR,1998,-3.09436943261236
UKR,1997,-2.66193266213249
UKR,1996,-2.65716127037868
UKR,1995,-2.38935460545648
UKR,1994,-2.21314802923152
GBR,2020,-2.92883387550298
GBR,2019,-2.66245642145608
GBR,2018,-3.88728858372976
GBR,2017,-3.47326460218152
GBR,2016,-5.46283821927875
GBR,2015,-4.91700489264854
GBR,2014,-4.97786981840051
GBR,2013,-4.63114682704937
GBR,2012,-3.13257837481106
GBR,2011,-1.6237867474026
GBR,2010,-2.75934253189813
GBR,2009,-3.01852853421921
GBR,2008,-3.86567706212854
GBR,2007,-3.71636602944722
GBR,2006,-3.10941980167091
GBR,2005,-1.97517731781616
GBR,2004,-2.28435751976608
GBR,2003,-1.82204886055783
GBR,2002,-1.96774674220137
GBR,2001,-1.75946787442188
GBR,2000,-1.80322397590519
GBR,1999,-2.10815347133567
GBR,1998,-0.317493408980744
GBR,1997,-0.089379760284927
GBR,1996,-0.724668922297665
GBR,1995,-0.995954431591391
GBR,1994,-0.879081535567197
GBR,1993,-1.66961487109581
GBR,1992,-1.96702595518054
GBR,1991,-1.66449946529553
GBR,1990,-3.55031184555804
GBR,1989,-4.65090631621984
GBR,1988,-3.88147169402263
GBR,1987,-1.68950941079794
GBR,1986,-0.220092795315053
GBR,1985,0.677370024918343
USA,2020,-2.81809426941685
USA,2019,-2.06708055581828
USA,2018,-2.13796218132331
USA,2017,-1.88739358215214
USA,2016,-2.11937229657855
USA,2015,-2.2434721228246
USA,2014,-2.10805505161045
USA,2013,-2.01538414033942
USA,2012,-2.57236812074952
USA,2011,-2.91862137859132
USA,2010,-2.87064270506825
USA,2009,-2.62283669627863
USA,2008,-4.71586121002055
USA,2007,-5.08872774231253
USA,2006,-5.91101922107059
USA,2005,-5.74598170416952
USA,2004,-5.20485343641858
USA,2003,-4.55898086099347
USA,2002,-4.17333961025019
USA,2001,-3.72407498836611
USA,2000,-3.92088614748242
USA,1999,-2.97598180084223
USA,1998,-2.37273875749317
USA,1997,-1.64061330890365
USA,1996,-1.54496736206885
USA,1995,-1.48644935848023
USA,1994,-1.66925292387951
USA,1993,-1.23616054042839
USA,1992,-0.791448803104507
USA,1991,0.0462965293516911
USA,1990,-1.32399955459737
USA,1989,-1.76379666689119
USA,1988,-2.3156580866612
USA,1987,-3.30875151769798
USA,1986,-3.21366503109093
USA,1985,-2.86830150595336
URY,2020,-0.641294432955757
URY,2019,1.29076853661711
URY,2018,-0.459786698499486
URY,2017,0.0113261754730738
URY,2016,0.825062149663385
URY,2015,-0.255015059040964
URY,2014,-2.98942522248202
URY,2013,-3.28720935568052
URY,2012,-3.7550569524485
URY,2011,-2.61132861090732
URY,2010,-1.74215679383919
URY,2009,-1.16571403141018
URY,2008,-5.55595054569104
URY,2007,-0.926356077597871
URY,2006,-1.9850690235445
URY,2005,0.243497121353953
URY,2004,0.0228310712848396
URY,2003,-0.724417111042172
URY,2002,2.80710265957684
URY,2001,-2.38113794693639
URY,2000,-2.48133850696421
URY,1999,-2.11641577716128
URY,1998,-1.87308798948415
URY,1997,-1.19901179230843
URY,1996,-1.1376787138155
URY,1995,-1.10116960243742
URY,1994,-2.50821351284002
URY,1993,-1.62503515644754
URY,1992,-0.0681775008401581
URY,1991,0.37863047604701
URY,1990,1.99907346180948
URY,1989,1.58159459002142
URY,1988,0.26955495921193
URY,1987,-1.91014744585118
URY,1986,0.711891106621491
URY,1985,-2.07099809472875
UZB,2020,-4.55709801917972
UZB,2019,-5.00972224414463
UZB,2018,-6.12166433969794
UZB,2017,2.12025210569772
UZB,2016,0.24755111491788
UZB,2015,1.03912867157671
UZB,2014,2.56777659798885
UZB,2013,1.79798249224147
UZB,2012,1.79063211759422
UZB,2011,4.62538550929307
UZB,2010,4.57873837700294
UZB,2009,5.22767728940483
UZB,2008,10.775516002095
UZB,2007,8.10827572787101
UZB,2006,9.98278095339074
UZB,2005,8.02147599172506
VUT,2020,-6.36202228392834
VUT,2019,7.82580551277015
VUT,2018,3.23647166648163
VUT,2017,-8.04760340430765
VUT,2016,-8.76110921369256
VUT,2015,-15.0894401773954
VUT,2014,0.547350761579054
VUT,2013,-0.679551096968484
VUT,2012,-9.17502386187912
VUT,2011,-7.91488480979288
VUT,2010,-6.28849949641009
VUT,2009,1.73468872565137
VUT,2008,-23.9660923505511
VUT,2007,-6.66442097163022
VUT,2006,-6.85825815927699
VUT,2005,-8.62045532228855
VUT,2004,-6.14777943367831
VUT,2003,-7.04462338564548
VUT,2002,-6.49555151242909
VUT,2001,0.705178324233457
VUT,2000,1.83612901398448
VUT,1999,-4.87888029034714
VUT,1998,2.19507065890242
VUT,1997,-7.09080001155568
VUT,1996,-10.3070624919748
VUT,1995,-7.3186574586249
VUT,1994,-7.92276986325221
VUT,1993,-5.82499528204616
VUT,1992,-4.62269285924246
VUT,1991,-5.09642785114564
VUT,1990,-3.66052992211177
VUT,1989,-7.95141876484866
VUT,1988,-6.20958853140458
VUT,1987,-7.4071559612957
VUT,1986,-9.24843947835408
VUT,1985,-7.8611212028497
VEN,2016,-3.42735582137767
VEN,2015,-12.794816292983
VEN,2014,2.29121469435025
VEN,2013,1.77808224034035
VEN,2012,0.694056652948561
VEN,2011,5.1636396849605
VEN,2010,1.42042436378266
VEN,2009,0.13008371520602
VEN,2008,9.9055750430549
VEN,2007,5.84466290956638
VEN,2006,14.422475131385
VEN,2005,17.4877257502927
VEN,2004,13.8006284860414
VEN,2003,14.1065670038791
VEN,2002,8.18032781959924
VEN,2001,1.61336203199244
VEN,2000,10.1181029223116
VEN,1999,2.15569942336792
VEN,1998,-4.85237251907378
VEN,1997,4.34774106501336
VEN,1996,12.6362265887647
VEN,1995,2.6024206362281
VEN,1994,4.34963710229607
VEN,1993,-3.31959409009165
VEN,1992,-6.2052564821256
VEN,1991,3.24768591983123
VEN,1990,17.0325429309471
VEN,1989,4.96362734913486
VEN,1988,-9.64526963195207
VEN,1987,-2.89408274592524
VEN,1986,-3.70975512362386
VEN,1985,5.36911957412839
VNM,2020,4.34486906553373
VNM,2019,3.91824395534242
VNM,2018,1.90236367538642
VNM,2017,-0.586095207209378
VNM,2016,0.243099852637275
VNM,2015,-0.853052854546214
VNM,2014,4.00897026449707
VNM,2013,3.62409015316054
VNM,2012,4.82078231422777
VNM,2011,0.136736251193688
VNM,2010,-2.90486815229253
VNM,2009,-6.23310024019381
VNM,2008,-10.9179529896098
VNM,2007,-8.98165936412439
VNM,2006,-0.246704373698266
VNM,2005,-0.971989162897
VNM,2004,-2.10663701040253
VNM,2003,-4.88211706972335
VNM,2002,-1.72255927072095
VNM,2001,2.08657136826562
VNM,2000,3.54799694298148
VNM,1999,4.10338164918913
VNM,1998,-3.94713600744563
VNM,1997,-5.69221074168667
VNM,1996,-8.19224337661192
PSE,2020,-12.251111498554
PSE,2019,-10.3854804313719
PSE,2018,-13.1500305467431
PSE,2017,-13.2065607876551
PSE,2016,-13.90776226662
PSE,2015,-13.8789175930847
PSE,2014,-13.5869104014544
PSE,2013,-14.7723926183375
PSE,2012,-14.917075141058
PSE,2011,-18.500705760576
PSE,2010,-13.4993932332553
PSE,2009,-14.1407042757884
PSE,2008,5.20627128726086
PSE,2007,-7.19650679252473
PSE,2006,-23.0633352516594
PSE,2005,-26.6372592440418
PSE,2004,-34.4972336341483
PSE,2003,-26.9797547641018
PSE,2002,-13.6551918587104
PSE,2001,-20.6776260427205
PSE,2000,-19.8583877091309
PSE,1999,-27.9029137526112
PSE,1998,-25.5251324573607
PSE,1997,-41.1603010798447
PSE,1996,-41.7761614265603
PSE,1995,-29.9652735469721
YEM,2016,-7.72391058547812
YEM,2015,-7.12936953882745
YEM,2014,-3.44275275189167
YEM,2013,-3.78691356368033
YEM,2012,-0.94521109936014
YEM,2011,-1.61143995618416
YEM,2010,-3.41069923528219
YEM,2009,-10.0572613544162
YEM,2008,-4.64975922341766
YEM,2007,-6.96671209606465
YEM,2006,1.07915046332431
YEM,2005,3.73034951201846
ZMB,2020,11.790957110182
ZMB,2019,0.603690808802682
ZMB,2018,-1.30116677554112
ZMB,2017,-1.68127057617849
ZMB,2016,-4.55168827542136
ZMB,2015,-3.61227207947561
ZMB,2014,-1.4270939600475
ZMB,2013,-0.575955750525117
ZMB,2012,5.37898486156031
ZMB,2011,4.65823655766585
ZMB,2010,7.52549147652086
ZMB,2009,5.95342818479561
ZMB,2008,-3.33057905300122
ZMB,2007,-1.23802039926344
ZMB,2006,4.64474506229629
ZMB,2005,-2.78498414861087
ZMB,2004,-7.14878830806073
ZMB,2003,-13.5299667044381
ZMB,2002,-15.8142108448002
ZMB,2001,-18.0007855963506
ZMB,2000,-18.3980639927089
ZMB,1999,-11.3504014036785
ZMB,1998,-16.1232788984795
ZMB,1997,-4.22932371041795
ZMB,1991,-9.05293158357454
ZMB,1990,-18.075759952317
ZMB,1989,-5.47228749858042
ZMB,1988,-7.86295470914577
ZMB,1987,-10.8244076701911
ZMB,1986,-20.8842332935106
ZMB,1985,-17.5497440669215
ZWE,2020,2.12123576051365
ZWE,2019,2.75936263071051
ZWE,2018,-4.0409221974903
ZWE,2017,-0.531376263214757
ZWE,2016,-3.39239266445641
ZWE,2015,-7.99403914904329
ZWE,2014,-11.9650275581452
ZWE,2013,-13.867314636131301
ZWE,2012,-13.3008995685092
ZWE,2011,-19.4876884701887
ZWE,2010,-13.7402060432655
ZWE,2009,-7.55339145897765
ZWE,1994,-6.15625759099679
ZWE,1993,-1.76066424852884
ZWE,1992,-8.92658132380782
ZWE,1991,-5.27898735267757
ZWE,1990,-1.58938598800062
ZWE,1989,0.203998776470957
ZWE,1988,1.60036590205836
ZWE,1987,0.858728293579021
ZWE,1986,0.269374165107787
ZWE,1985,-1.13630216180328
