iso3c,country,year,region,income,cpi,gdp_growth,trade_open,broad_money,fdi,chronic10,chronic7,chronic15
AFG,Afghanistan,1985,South Asia,Low income,NA,NA,NA,NA,NA,0,0,0
AFG,Afghanistan,1989,South Asia,Low income,NA,NA,NA,NA,NA,0,0,0
AFG,Afghanistan,1986,South Asia,Low income,NA,NA,NA,NA,NA,0,0,0
AFG,Afghanistan,1993,South Asia,Low income,NA,NA,NA,NA,NA,0,0,0
AFG,Afghanistan,1995,South Asia,Low income,NA,NA,NA,NA,NA,0,0,0
AFG,Afghanistan,1987,South Asia,Low income,NA,NA,NA,NA,NA,0,0,0
AFG,Afghanistan,1988,South Asia,Low income,NA,NA,NA,NA,NA,0,0,0
AFG,Afghanistan,2001,South Asia,Low income,NA,-9.4319740700862,NA,NA,0.0241685679088889,0,0,0
AFG,Afghanistan,2002,South Asia,Low income,NA,28.6000011706788,NA,NA,1.30694987042884,0,0,0
AFG,Afghanistan,1992,South Asia,Low income,NA,NA,NA,NA,NA,0,0,0
AFG,Afghanistan,2018,South Asia,Low income,0.626149149168846,1.18922812944517,NA,36.6074938854128,0.661572217787196,0,0,0
AFG,Afghanistan,2007,South Asia,Low income,8.68057078513405,13.8263195471281,NA,23.833664421484,1.93570171391636,0,0,0
AFG,Afghanistan,1994,South Asia,Low income,NA,NA,NA,NA,NA,0,0,0
AFG,Afghanistan,2009,South Asia,Low income,-6.81116108898995,21.3905283926492,NA,33.0609569578245,0.45188914562189,0,0,0
AFG,Afghanistan,1996,South Asia,Low income,NA,NA,NA,NA,NA,0,0,0
AFG,Afghanistan,1997,South Asia,Low income,NA,NA,NA,NA,NA,0,0,0
AFG,Afghanistan,1998,South Asia,Low income,NA,NA,NA,NA,NA,0,0,0
AFG,Afghanistan,1999,South Asia,Low income,NA,NA,NA,NA,NA,0,0,0
AFG,Afghanistan,2000,South Asia,Low income,NA,NA,NA,NA,0.00482760061734038,0,0,0
AFG,Afghanistan,2017,South Asia,Low income,4.97595150553832,2.6470032027451,NA,36.8612612972957,0.274796791572807,0,0,0
AFG,Afghanistan,1990,South Asia,Low income,NA,NA,NA,NA,NA,0,0,0
AFG,Afghanistan,1991,South Asia,Low income,NA,NA,NA,NA,NA,0,0,0
AFG,Afghanistan,2006,South Asia,Low income,6.78459655001655,5.35740324748592,NA,23.3438645266527,3.41377297323201,0,0,0
AFG,Afghanistan,2013,South Asia,Low income,7.38577178397855,5.60074465863221,NA,32.6820168994225,0.239801184405551,0,0,0
AFG,Afghanistan,2008,South Asia,Low income,26.4186641547443,3.92498381999467,NA,29.5122807993009,0.45536044478174,0,0,0
AFG,Afghanistan,2010,South Asia,Low income,2.17853752389418,14.3624414710737,NA,35.3505617153186,1.20311798981139,0,0,0
AFG,Afghanistan,2011,South Asia,Low income,11.8041858089129,0.426354776777345,NA,36.6242278045429,0.293025179616803,0,0,0
AFG,Afghanistan,2012,South Asia,Low income,6.44121280934117,12.7522870926697,NA,32.9136922701029,0.285440893554571,0,0,0
AFG,Afghanistan,2020,South Asia,Low income,5.60188791482224,-2.35110067203466,46.7098945514103,37.5081887366299,0.0649939571808755,0,0,0
AFG,Afghanistan,2004,South Asia,Low income,NA,1.41411799339429,NA,NA,3.577104200584,0,0,0
AFG,Afghanistan,2005,South Asia,Low income,12.6862687216715,11.2297148272859,NA,NA,4.36867310434287,0,0,0
AFG,Afghanistan,2019,South Asia,Low income,2.30237251516833,3.91160341625552,NA,34.9592143142587,0.124495985291258,0,0,0
AFG,Afghanistan,2016,South Asia,Low income,4.38389195513914,2.26031420279821,NA,37.2228186582708,0.516606084523093,0,0,0
AFG,Afghanistan,2014,South Asia,Low income,4.67399603536344,2.72454336219565,NA,34.2095967895183,0.209664794672203,0,0,0
AFG,Afghanistan,2003,South Asia,Low income,NA,8.83227780288267,NA,NA,1.27849325196424,0,0,0
AFG,Afghanistan,2015,South Asia,Low income,-0.661709164713741,1.45131466066431,NA,33.9280526549766,0.88400046336123,0,0,0
ALB,Albania,2013,Europe & Central Asia,Upper middle income,1.93762080205223,1.7072283175406,75.7506185619748,84.968214908499,9.80035898039468,0,0,0
ALB,Albania,2014,Europe & Central Asia,Upper middle income,1.62586504402613,2.24022695382642,75.0212023084129,85.2116447508147,8.64846635716115,0,0,0
ALB,Albania,1996,Europe & Central Asia,Upper middle income,12.7254778087102,7.33632894771891,44.4117820054663,45.7254020794631,2.78560468452093,0,1,0
ALB,Albania,1985,Europe & Central Asia,Upper middle income,NA,1.78064395924895,35.9348239721958,NA,0,0,0,0
ALB,Albania,2015,Europe & Central Asia,Upper middle income,1.89617402592356,2.2277040745779,71.2794476606014,84.1762421576985,8.62740636982337,0,0,0
ALB,Albania,2016,Europe & Central Asia,Upper middle income,1.27543168367423,3.90893551362245,74.0144504546815,84.8926416816837,8.71147225448456,0,0,0
ALB,Albania,2017,Europe & Central Asia,Upper middle income,1.98666133171194,3.28317593330073,76.7873817898989,80.2333904511715,7.71411336285186,0,0,0
ALB,Albania,1991,Europe & Central Asia,Upper middle income,NA,-28.0021416538074,36.0705200632829,NA,NA,0,0,0
ALB,Albania,2019,Europe & Central Asia,Upper middle income,1.41109078954242,2.06257790176122,75.382128932689,77.0228458919593,7.70621465029911,0,0,0
ALB,Albania,2020,Europe & Central Asia,Upper middle income,1.6208866171702,-3.31375636888916,59.5206994391875,87.9833118311654,7.01865154497786,0,0,0
ALB,Albania,1992,Europe & Central Asia,Upper middle income,226.005421253525,-7.18711090964234,108.785472241159,NA,3.06666159864896,0,0,0
ALB,Albania,1995,Europe & Central Asia,Upper middle income,7.79321853789214,13.3223333268813,40.1386989518314,39.9003561002881,2.40956158210409,0,1,0
ALB,Albania,2006,Europe & Central Asia,Upper middle income,2.37072831904284,6.0189812403864,72.2019089483674,74.2421409522518,3.55321913781567,0,0,0
ALB,Albania,2012,Europe & Central Asia,Upper middle income,2.03159268395296,0.984129880204108,76.9683583166821,84.7935078469227,7.49597513325321,0,0,0
ALB,Albania,1997,Europe & Central Asia,Upper middle income,33.1802743753956,-11.7115732812278,44.7293780649181,59.0068723402781,2.07092049927343,0,1,0
ALB,Albania,1986,Europe & Central Asia,Upper middle income,NA,5.63724317852117,31.637304878056,NA,0,0,0,0
ALB,Albania,1987,Europe & Central Asia,Upper middle income,NA,-0.787842654927232,32.159563916938,NA,0,0,0,0
ALB,Albania,1988,Europe & Central Asia,Upper middle income,NA,-1.42003965566396,36.89787073527,NA,0,0,0,0
ALB,Albania,2018,Europe & Central Asia,Upper middle income,2.02805963071134,3.67141928098908,75.6940783717425,76.1147973097136,7.83109146132114,0,0,0
ALB,Albania,1990,Europe & Central Asia,Upper middle income,NA,-9.57564016993408,39.4369634031142,NA,NA,0,0,0
ALB,Albania,2002,Europe & Central Asia,Upper middle income,7.7705258343155,4.62839587394552,65.9914650336802,64.3805252433391,2.99003115858884,0,0,0
ALB,Albania,1993,Europe & Central Asia,Upper middle income,85.0047512387156,9.55941167111243,80.518332770413,NA,4.89321210624299,0,0,0
ALB,Albania,1994,Europe & Central Asia,Upper middle income,22.5650526933695,8.30286659699082,53.1025847356112,39.7649557954901,2.81772379080922,1,1,1
ALB,Albania,2007,Europe & Central Asia,Upper middle income,2.93268248162317,6.50009261158209,79.9119008919954,75.3629870166826,5.86740351847628,0,0,0
ALB,Albania,2004,Europe & Central Asia,Upper middle income,2.28001916938098,5.26626173860785,65.0379383187697,66.1759603765893,4.60782278585291,0,0,0
ALB,Albania,2008,Europe & Central Asia,Upper middle income,3.32087090389274,6.90706230713707,75.2485472798728,73.3334018869234,9.40665320050491,0,0,0
ALB,Albania,2011,Europe & Central Asia,Upper middle income,3.42807130141501,2.46351683915714,80.6989985298954,81.7533775274234,8.08329285826067,0,0,0
ALB,Albania,2010,Europe & Central Asia,Upper middle income,3.62710091517479,2.97315442681247,75.5325329687378,78.0331538048733,9.01744998049889,0,0,0
ALB,Albania,1998,Europe & Central Asia,Upper middle income,20.6428588670596,8.3100252038309,47.1306266993222,60.9371368808022,1.73091617857629,1,1,0
ALB,Albania,1999,Europe & Central Asia,Upper middle income,0.389437653561628,12.2507281968475,49.8954184095195,64.5783078882982,1.25458994529204,0,0,0
ALB,Albania,1989,Europe & Central Asia,Upper middle income,NA,9.8365489718722,40.066086463479,NA,0,0,0,0
ALB,Albania,2001,Europe & Central Asia,Upper middle income,3.10758827031435,8.8637306604876,64.2474462587009,67.4664768586027,5.10708868615592,0,0,0
ALB,Albania,2003,Europe & Central Asia,Upper middle income,0.484002611818502,5.33326426009945,64.8232150960777,63.2967127997241,3.06868730168473,0,0,0
ALB,Albania,2000,Europe & Central Asia,Upper middle income,0.0500181363468103,7.46285871776054,61.6092610436407,63.5599468122678,3.9893207113692,0,0,0
ALB,Albania,2005,Europe & Central Asia,Upper middle income,2.36658195679795,5.13082193056189,69.1162926602322,69.6480677719623,3.17899814544722,0,0,0
ALB,Albania,2009,Europe & Central Asia,Upper middle income,2.26692209450826,2.69075152362146,73.3213575646169,74.3824850094564,10.9068201480963,0,0,0
DZA,Algeria,1991,Middle East & North Africa,Upper middle income,25.8863869348513,-1.2000005864423,52.7175867077307,49.1113098506207,0.0254588521088462,0,1,0
DZA,Algeria,2013,Middle East & North Africa,Upper middle income,3.25423910998847,2.60000000061164,59.151008157244,65.5009854719817,0.736559065111634,0,0,0
DZA,Algeria,2014,Middle East & North Africa,Upper middle income,2.91692692067458,4.09999999866501,56.9235419669867,70.9674793280753,0.628688968391006,0,0,0
DZA,Algeria,2015,Middle East & North Africa,Upper middle income,4.78444700693889,3.20000000089023,53.2046225904145,72.5912032929841,-0.286832290676438,0,0,0
DZA,Algeria,1990,Middle East & North Africa,Upper middle income,16.6525343885432,0.800000580174981,48.3807136815584,61.771140409131,5.39762481887007e-4,0,0,0
DZA,Algeria,2017,Middle East & North Africa,Upper middle income,5.59111590961663,1.49999999895587,49.8208161712587,71.0633951979821,0.647902696344894,0,0,0
DZA,Algeria,2018,Middle East & North Africa,Upper middle income,4.26999020467083,1.40000000088281,52.4361676779223,73.341677611896,0.753576088552125,0,0,0
DZA,Algeria,1992,Middle East & North Africa,Upper middle income,31.6696619117149,1.80000230253509,49.1890842360411,51.9419948112575,0.0624959203874085,1,1,1
DZA,Algeria,2012,Middle East & North Africa,Upper middle income,8.89145091062317,2.40000000034432,60.7576393340605,62.5440245522635,0.660551953898791,0,0,0
DZA,Algeria,1995,Middle East & North Africa,Upper middle income,29.7796264864998,3.79999479063817,55.1910052081435,37.1694457949497,2.39438994406772e-6,1,1,1
DZA,Algeria,1996,Middle East & North Africa,Upper middle income,18.6790758601749,4.09999847167964,53.7051478767794,33.0058364834078,0.575183341190148,1,1,1
DZA,Algeria,1985,Middle East & North Africa,Upper middle income,10.4822870444467,3.69999725488672,50.3261206307911,76.8486054333589,6.86577373656382e-4,0,0,0
DZA,Algeria,1986,Middle East & North Africa,Upper middle income,12.3716091651298,0.400001002799627,36.026710569926,75.7983276404649,0.00834724568021464,0,0,0
DZA,Algeria,1987,Middle East & North Africa,Upper middle income,7.44126091287247,-0.69999752622347,32.6845844686128,79.6713009069283,0.00556070476041658,0,1,0
DZA,Algeria,2016,Middle East & North Africa,Upper middle income,6.39769480268756,3.90000000017621,49.7609327925216,69.8380710329262,0.906300705997455,0,0,0
DZA,Algeria,1989,Middle East & North Africa,Upper middle income,9.30436125843165,4.40000216059909,47.1533197065802,72.7963609036179,0.0217339935476365,0,0,0
DZA,Algeria,2000,Middle East & North Africa,Upper middle income,0.339163189071768,3.80000000158476,62.8583436360347,37.8297248414823,0.511220957154505,0,0,0
DZA,Algeria,2019,Middle East & North Africa,Upper middle income,1.95176821052891,0.899999999219148,46.5068426081672,71.5054716604823,0.713947308015691,0,0,0
DZA,Algeria,1993,Middle East & North Africa,Upper middle income,20.5403261235826,-2.10000075697259,44.9228133698634,50.1014581091891,2.00217899331626e-6,1,1,1
DZA,Algeria,1994,Middle East & North Africa,Upper middle income,29.0476561173071,-0.899996552970833,48.5844377877809,45.3186722525255,2.35055318981288e-6,1,1,1
DZA,Algeria,2009,Middle East & North Africa,Upper middle income,5.73706036145627,1.19999999969519,64.2847547238993,66.7819216878756,1.82742164668261,0,0,0
DZA,Algeria,2010,Middle East & North Africa,Upper middle income,3.91106195534028,4.80000000093564,63.4912159928425,62.615639276869,1.29390467487817,0,0,0
DZA,Algeria,2011,Middle East & North Africa,Upper middle income,4.5242115050527,2.99999999941909,62.2200899610479,62.3509795811349,1.17767329101171,0,0,0
DZA,Algeria,1997,Middle East & North Africa,Upper middle income,5.73352275357186,1.09999993684249,52.2439115059386,36.0814341402831,0.539669753188526,0,0,0
DZA,Algeria,1998,Middle East & North Africa,Upper middle income,4.95016163793114,5.10000361107312,45.0944505585079,42.3768223541164,1.25882531840803,0,0,0
DZA,Algeria,1988,Middle East & North Africa,Upper middle income,5.91154496373488,-1.00000549065851,38.111587277742,83.824030833102,0.022031473854886,0,0,0
DZA,Algeria,1999,Middle East & North Africa,Upper middle income,2.64551113392798,3.20000155319546,50.9291093379713,42.2077031731846,0.599498299671608,0,0,0
DZA,Algeria,2008,Middle East & North Africa,Upper middle income,4.85859062814938,2.49999999929371,71.0284922505261,59.7094462183175,1.46277344571787,0,0,0
DZA,Algeria,2006,Middle East & North Africa,Upper middle income,2.31149918514423,2.89999999905852,65.9152919677621,54.4649954975876,1.49572335207526,0,0,0
DZA,Algeria,2001,Middle East & North Africa,Upper middle income,4.22598834854673,2.99999999863043,54.5296491177208,52.3817644227651,1.87349238167778,0,0,0
DZA,Algeria,2020,Middle East & North Africa,Upper middle income,2.41513094083413,-4.99999999908597,40.3897565625388,84.871788930535,0.693816014772836,0,0,0
DZA,Algeria,2005,Middle East & North Africa,Upper middle income,1.38244656662118,5.39999999969525,66.8404602203906,51.8925610676587,1.07990333031143,0,0,0
DZA,Algeria,2007,Middle East & North Africa,Upper middle income,3.67899574741699,3.10000000128674,67.5454733939763,60.7173627576789,1.1838181536619,0,0,0
DZA,Algeria,2003,Middle East & North Africa,Upper middle income,4.268953958395,6.50000000062043,57.7691353044878,58.0159636711519,0.868036712018978,0,0,0
DZA,Algeria,2004,Middle East & North Africa,Upper middle income,3.96180030257187,4.49999999976698,61.3579975707176,55.0218644144851,0.962586875552012,0,0,0
DZA,Algeria,2002,Middle East & North Africa,Upper middle income,1.4183019234505,5.40000000000001,56.5896052814114,57.8750799363848,1.73118897497205,0,0,0
AGO,Angola,2004,Sub-Saharan Africa,Lower middle income,43.5421067519686,11.4198633904585,90.3860384733605,11.823711826558,8.13849032848245,1,1,1
AGO,Angola,2007,Sub-Saharan Africa,Lower middle income,12.2514974459486,13.0026889457975,97.2256306999958,18.2712730929169,-1.22312266225132,1,1,0
AGO,Angola,2008,Sub-Saharan Africa,Lower middle income,12.4758291326397,10.7866360496581,108.680408741993,28.2495306190181,1.69952793928946,1,1,0
AGO,Angola,1989,Sub-Saharan Africa,Lower middle income,NA,0.0416214618373516,NA,NA,1.9604420096587,0,0,0
AGO,Angola,2005,Sub-Saharan Africa,Lower middle income,22.9535138513939,14.1547775343954,95.3414592884703,11.8779284746281,-3.14962046173322,1,1,1
AGO,Angola,2006,Sub-Saharan Africa,Lower middle income,13.3052101780031,11.8418178757044,84.6246041171541,14.53299734122,-0.0643009490167298,1,1,0
AGO,Angola,2003,Sub-Saharan Africa,Lower middle income,98.2241436573304,3.48731240097521,90.6807161820483,11.8286814245232,17.5840588571176,1,1,1
AGO,Angola,2018,Sub-Saharan Africa,Lower middle income,19.628937970152,-0.59441122698307,58.916480075976,27.2014834675071,-7.21246216123288,1,1,1
AGO,Angola,2009,Sub-Saharan Africa,Lower middle income,13.7302839288408,1.99558909788963,102.263183257986,39.2457687887471,2.69909240017807,1,1,0
AGO,Angola,1986,Sub-Saharan Africa,Lower middle income,NA,2.90000174246853,NA,NA,3.30857271569459,0,0,0
AGO,Angola,1987,Sub-Saharan Africa,Lower middle income,NA,4.08274863510731,NA,NA,1.4719684486904001,0,0,0
AGO,Angola,1999,Sub-Saharan Africa,Lower middle income,248.195902412868,2.18148971840462,NA,22.8493546482441,40.1672485630423,1,1,1
AGO,Angola,2000,Sub-Saharan Africa,Lower middle income,324.99687160132,3.05462423430785,NA,17.2805558862873,9.62386615038711,1,1,1
AGO,Angola,1988,Sub-Saharan Africa,Lower middle income,NA,6.12889047765088,NA,NA,1.49375642275957,0,0,0
AGO,Angola,2002,Sub-Saharan Africa,Lower middle income,108.897436089429,13.6656887608562,90.5708209731095,14.1716078329291,10.0713557339551,1,1,1
AGO,Angola,2014,Sub-Saharan Africa,Lower middle income,7.2803873036112,4.65572356315585,69.5801424481147,31.610917621527,2.38352427018273,0,1,0
AGO,Angola,2015,Sub-Saharan Africa,Lower middle income,9.35597215533783,0.763177710914789,54.9793808779835,36.1345261001086,9.7795154502448,0,1,0
AGO,Angola,2016,Sub-Saharan Africa,Lower middle income,30.6944150806719,-1.70053036291208,47.0155661405313,34.5078006959851,-0.299804386002375,0,1,0
AGO,Angola,2017,Sub-Saharan Africa,Lower middle income,29.8444799015679,-0.149396225571834,45.6643423539921,28.109929668,-8.76696380208172,0,1,0
AGO,Angola,2019,Sub-Saharan Africa,Lower middle income,17.080954143438,-0.204680245744115,60.7148243336685,29.5877017574321,-5.07649440156737,1,1,1
AGO,Angola,1985,Sub-Saharan Africa,Lower middle income,NA,3.49999949008608,NA,NA,3.68013758032242,0,0,0
AGO,Angola,2012,Sub-Saharan Africa,Lower middle income,10.2779049218839,8.50312283866612,81.9394785486361,28.1107170441561,-1.02012839058611,1,1,0
AGO,Angola,2013,Sub-Saharan Africa,Lower middle income,8.77781429332623,4.88306129688392,77.3498013716078,29.6352671500319,-4.78350487024797,0,1,0
AGO,Angola,1997,Sub-Saharan Africa,Lower middle income,219.176721172974,7.27427735460373,NA,22.6154835724704,5.38231611756009,1,1,1
AGO,Angola,1998,Sub-Saharan Africa,Lower middle income,107.284821528298,4.69114645093552,NA,24.4370429180687,17.1216116785351,1,1,1
AGO,Angola,2001,Sub-Saharan Africa,Lower middle income,152.561022469298,4.20599855619506,NA,21.1357136613316,24.0090757001341,1,1,1
AGO,Angola,1991,Sub-Saharan Africa,Lower middle income,83.7837837837837,0.991359302044742,NA,NA,6.26663053571429,0,0,0
AGO,Angola,1994,Sub-Saharan Africa,Lower middle income,949.792531120331,1.33936343648007,NA,NA,3.83703655802979,1,1,1
AGO,Angola,1992,Sub-Saharan Africa,Lower middle income,299.509803921568,-5.83828073313154,NA,NA,3.46608752793541,0,0,0
AGO,Angola,1990,Sub-Saharan Africa,Lower middle income,NA,-3.45009868500237,NA,NA,-2.98142869155218,0,0,0
AGO,Angola,2011,Sub-Saharan Africa,Lower middle income,13.4824679218511,3.59386960240222,89.0369443425845,31.144789456155,-2.40838836782517,1,1,0
AGO,Angola,1995,Sub-Saharan Africa,Lower middle income,2666.45059288537,15.0000000288633,NA,36.4871300806511,8.52948883994992,1,1,1
AGO,Angola,2010,Sub-Saharan Africa,Lower middle income,14.4696564932576,5.29366572819954,90.9940631355109,30.4992141555069,-3.37761927933748,1,1,0
AGO,Angola,2020,Sub-Saharan Africa,Lower middle income,22.2715392470509,-4.04244724639663,54.3442286847189,33.0224968288013,-3.17143620765821,1,1,1
AGO,Angola,1996,Sub-Saharan Africa,Lower middle income,4145.10598220637,13.5443697551025,NA,27.5775740909858,2.39900196315229,1,1,1
AGO,Angola,1993,Sub-Saharan Africa,Lower middle income,1378.52760736196,-23.9834174420578,NA,NA,5.2368632542517,1,1,1
ARM,Armenia,1985,Europe & Central Asia,Upper middle income,NA,NA,NA,NA,NA,0,0,0
ARM,Armenia,1988,Europe & Central Asia,Upper middle income,NA,NA,NA,NA,NA,0,0,0
ARM,Armenia,1986,Europe & Central Asia,Upper middle income,NA,NA,NA,NA,NA,0,0,0
ARM,Armenia,1999,Europe & Central Asia,Upper middle income,0.648245760470385,3.30000000058166,70.5604791440404,11.0846117712931,6.61258080861414,0,0,0
ARM,Armenia,1996,Europe & Central Asia,Upper middle income,18.681185640036,5.86540074943565,79.2295601199241,8.22291222713919,1.10020924585916,1,1,1
ARM,Armenia,1994,Europe & Central Asia,Upper middle income,3373.75944336293,5.40000277917656,112.429364602262,13.0974112608503,0.608291636986276,0,0,0
ARM,Armenia,1987,Europe & Central Asia,Upper middle income,NA,NA,NA,NA,NA,0,0,0
ARM,Armenia,1991,Europe & Central Asia,Upper middle income,NA,-11.699998482027,100.865855188857,NA,NA,0,0,0
ARM,Armenia,1989,Europe & Central Asia,Upper middle income,NA,NA,NA,NA,NA,0,0,0
ARM,Armenia,1997,Europe & Central Asia,Upper middle income,13.960764121791,3.32107970046953,78.5477450545048,8.73356320859035,3.16805363549908,1,1,0
ARM,Armenia,2006,Europe & Central Asia,Upper middle income,2.89235662459003,13.1999999994661,61.0301379818566,18.2869798220067,7.30731450469503,0,0,0
ARM,Armenia,1995,Europe & Central Asia,Upper middle income,175.951325534583,6.89999841973659,86.1148570667578,7.70715371562187,1.72442275716256,0,0,0
ARM,Armenia,2008,Europe & Central Asia,Upper middle income,8.94995335353387,6.90000000042959,54.5423279613666,19.8358366931835,8.09234920917782,0,0,0
ARM,Armenia,2009,Europe & Central Asia,Upper middle income,3.40676682683801,-14.1000000006998,57.2742357441995,25.9414625160401,8.78869421378729,0,0,0
ARM,Armenia,1998,Europe & Central Asia,Upper middle income,8.67248632385157,7.29999998770998,71.8424518815414,10.052218423345,12.2707797402698,0,1,0
ARM,Armenia,2011,Europe & Central Asia,Upper middle income,7.65000807859294,4.69999999867412,69.4355736620453,29.8304506454222,6.44066805582743,0,0,0
ARM,Armenia,2000,Europe & Central Asia,Upper middle income,-0.790883768934757,5.90000000312092,72.2333302273367,14.7045108640783,5.45043315573561,0,0,0
ARM,Armenia,2001,Europe & Central Asia,Upper middle income,3.1459046468502,9.59999999927597,69.8642663925336,13.4496484249285,3.29806741743693,0,0,0
ARM,Armenia,2002,Europe & Central Asia,Upper middle income,1.06004929341666,13.1999999979356,73.9845018432309,15.5515985078589,4.65949974895044,0,0,0
ARM,Armenia,2003,Europe & Central Asia,Upper middle income,4.7215533660534,14.0000000015501,80.0513676022426,14.3919593551431,4.37657009672654,0,0,0
ARM,Armenia,1992,Europe & Central Asia,Upper middle income,NA,-41.8000027457562,101.076759405526,79.8720506818402,0.188555401528096,0,0,0
ARM,Armenia,1993,Europe & Central Asia,Upper middle income,NA,-8.7999987932935,107.973146280234,69.1137816170074,0.0665938114123568,0,0,0
ARM,Armenia,2018,Europe & Central Asia,Upper middle income,2.52023382001637,5.19999999965324,92.473107021212,46.1206403041553,2.14204783415544,0,0,0
ARM,Armenia,2017,Europe & Central Asia,Upper middle income,0.969553268816137,7.50000000164144,87.202376539837,46.4154242411359,2.19257337687685,0,0,0
ARM,Armenia,2007,Europe & Central Asia,Upper middle income,4.40736089644516,13.7000000015467,56.9750470853147,21.9523992829099,7.25233231640274,0,0,0
ARM,Armenia,2020,Europe & Central Asia,Upper middle income,1.21143577838464,-7.19999999920631,70.1213571368789,54.3851665436419,0.463408850763634,0,0,0
ARM,Armenia,2012,Europe & Central Asia,Upper middle income,2.55802007757907,7.20000000096486,75.9616759606704,31.5569524364009,4.67672759828402,0,0,0
ARM,Armenia,2010,Europe & Central Asia,Upper middle income,8.17636138473951,2.2000000002151,64.642975973633,26.3390937683362,5.7160373406455,0,0,0
ARM,Armenia,2004,Europe & Central Asia,Upper middle income,6.96126135875795,10.4999999988202,73.0706339919371,14.9869807725944,6.90990201303095,0,0,0
ARM,Armenia,2005,Europe & Central Asia,Upper middle income,0.638928002410097,13.8999999991133,70.1397385835334,16.29839156809,5.96010687349519,0,0,0
ARM,Armenia,1990,Europe & Central Asia,Upper middle income,NA,NA,81.3357185450209,NA,NA,0,0,0
ARM,Armenia,2019,Europe & Central Asia,Upper middle income,1.44344660770698,7.59999999853918,97.847004865327,47.1544016835076,0.736345856475298,0,0,0
ARM,Armenia,2016,Europe & Central Asia,Upper middle income,-1.40360755900899,0.199999999825991,76.0779674593548,43.0229257525026,3.16536727816995,0,0,0
ARM,Armenia,2013,Europe & Central Asia,Upper middle income,5.7896677854465,3.3,77.5550481598824,33.9221954954342,3.11193185351156,0,0,0
ARM,Armenia,2014,Europe & Central Asia,Upper middle income,2.98130868933672,3.60000000058993,75.778866962639,34.6722961325568,3.50211415457343,0,0,0
ARM,Armenia,2015,Europe & Central Asia,Upper middle income,3.73169119261693,3.19999999896625,71.6820743427575,36.79245528668,1.74473701796819,0,0,0
AZE,Azerbaijan,2017,Europe & Central Asia,Upper middle income,12.9359184187334,0.153614661745507,90.4023156823216,32.375295290754,7.01669598350389,0,0,0
AZE,Azerbaijan,2018,Europe & Central Asia,Upper middle income,2.26854690373999,1.50040167167313,91.6725765369825,30.04094438261,2.97797589143235,0,0,0
AZE,Azerbaijan,2016,Europe & Central Asia,Upper middle income,12.4433748584372,-3.06359842251706,90.0773187345677,34.571996388808,11.8828171505465,0,0,0
AZE,Azerbaijan,1989,Europe & Central Asia,Upper middle income,NA,NA,NA,NA,NA,0,0,0
AZE,Azerbaijan,1994,Europe & Central Asia,Upper middle income,1662.21594875899,-19.7000012399238,55.3493194555644,55.9175834000534,1.84387243127836,0,0,0
AZE,Azerbaijan,2020,Europe & Central Asia,Upper middle income,2.75980947008127,-4.19896065333343,72.0178676487811,40.212967234331,1.18790387182911,0,0,0
AZE,Azerbaijan,1990,Europe & Central Asia,Upper middle income,NA,NA,83.0832196452933,NA,NA,0,0,0
AZE,Azerbaijan,1991,Europe & Central Asia,Upper middle income,NA,-0.700000175699572,86.8637724550898,NA,NA,0,0,0
AZE,Azerbaijan,2015,Europe & Central Asia,Upper middle income,4.02768573742725,1.04954641215085,72.6015079073189,39.2035490126885,7.62606837682972,0,0,0
AZE,Azerbaijan,1985,Europe & Central Asia,Upper middle income,NA,NA,NA,NA,NA,0,0,0
AZE,Azerbaijan,1986,Europe & Central Asia,Upper middle income,NA,NA,NA,NA,NA,0,0,0
AZE,Azerbaijan,1996,Europe & Central Asia,Upper middle income,19.7948028061898,1.29999940463827,80.8497401741931,11.260336390251,19.7473805562834,1,1,1
AZE,Azerbaijan,2019,Europe & Central Asia,Upper middle income,2.61057182799215,2.47980879185565,85.8181454084561,35.247430493515,3.12183056112494,0,0,0
AZE,Azerbaijan,1988,Europe & Central Asia,Upper middle income,NA,NA,NA,NA,NA,0,0,0
AZE,Azerbaijan,2001,Europe & Central Asia,Upper middle income,1.54719590152279,9.89999986533643,78.8151854917601,12.9316251296911,14.3593922707314,0,0,0
AZE,Azerbaijan,2002,Europe & Central Asia,Upper middle income,2.7711647199827,9.43891626906561,92.8181443298969,12.9799509806046,32.4654989629361,0,0,0
AZE,Azerbaijan,1997,Europe & Central Asia,Upper middle income,3.67434809684729,5.80000014795783,82.0789665326283,13.7784694930817,28.1356900500269,0,0,0
AZE,Azerbaijan,1992,Europe & Central Asia,Upper middle income,-10.63009715762,-22.6000003264444,140.799983402834,38.5942200369287,NA,0,0,0
AZE,Azerbaijan,1993,Europe & Central Asia,Upper middle income,1128.00002429404,-23.0999987188387,133.490445859873,54.8495885350318,6.36783439490446e-4,0,0,0
AZE,Azerbaijan,2003,Europe & Central Asia,Upper middle income,2.23386492967049,10.2082994004776,107.551948506262,14.2847604413775,55.0728766554257,0,0,0
AZE,Azerbaijan,1998,Europe & Central Asia,Upper middle income,-0.772697886033166,9.99999961153691,77.2278091030634,10.7290918594431,23.0067972039761,0,0,0
AZE,Azerbaijan,1999,Europe & Central Asia,Upper middle income,-8.52517000536063,7.40000129958564,69.8259648751026,11.740901202216,11.1392558729835,0,0,0
AZE,Azerbaijan,1987,Europe & Central Asia,Upper middle income,NA,NA,NA,NA,NA,0,0,0
AZE,Azerbaijan,2000,Europe & Central Asia,Upper middle income,1.80500303704356,11.0999991434346,78.5485682796041,16.2908235115195,2.46437455007312,0,0,0
AZE,Azerbaijan,2014,Europe & Central Asia,Upper middle income,1.37344181533176,2.79758521448559,69.4832251953347,36.544870094774,5.88846176710651,0,0,0
AZE,Azerbaijan,2006,Europe & Central Asia,Upper middle income,8.32892482863209,34.4662096226792,105.262399846369,18.3235363268822,21.380140470442,0,0,0
AZE,Azerbaijan,1995,Europe & Central Asia,Upper middle income,411.759641777267,-11.7999991076818,85.8937107507733,12.3152709813478,13.6534869926891,1,1,1
AZE,Azerbaijan,2012,Europe & Central Asia,Upper middle income,1.06621339720302,2.20293891708398,78.263069540422,30.6433467346745,7.59651867931835,0,0,0
AZE,Azerbaijan,2007,Europe & Central Asia,Upper middle income,16.6997549618244,25.4632157314482,96.6418081486575,20.7939232417976,13.9011034961161,0,1,0
AZE,Azerbaijan,2010,Europe & Central Asia,Upper middle income,5.72687224669605,4.78883248761557,74.9859884610856,24.790979277664,6.337255132933,0,0,0
AZE,Azerbaijan,2013,Europe & Central Asia,Upper middle income,2.41571745279419,5.84341590483928,74.6758447629851,33.1542970168781,3.53211598676051,0,0,0
AZE,Azerbaijan,2011,Europe & Central Asia,Upper middle income,7.8583333333334,-1.5729973511111,80.5080450059522,26.6947809784571,6.80050011965746,0,0,0
AZE,Azerbaijan,2009,Europe & Central Asia,Upper middle income,1.45704835970321,9.36950260277183,74.7440416836369,23.7888372455655,6.54746236391725,0,0,0
AZE,Azerbaijan,2004,Europe & Central Asia,Upper middle income,6.70893042797784,9.25380179728907,121.507115894117,17.6535586582497,54.3650509070362,0,0,0
AZE,Azerbaijan,2005,Europe & Central Asia,Upper middle income,9.67950731917056,27.9615381082131,115.841884607706,14.6833526495037,33.7957978256418,0,0,0
AZE,Azerbaijan,2008,Europe & Central Asia,Upper middle income,20.8490871772712,10.591437462476,89.2428968637573,21.1629793146757,8.1611083168233,0,1,0
BGD,Bangladesh,2003,South Asia,Lower middle income,5.66870773441476,4.73956739963045,27.657884900158,43.9885771769768,0.44596078329809,0,0,0
BGD,Bangladesh,2005,South Asia,Lower middle income,7.04661816222038,6.53594493875502,34.396934864465,47.4210681471904,1.17065167448603,0,0,0
BGD,Bangladesh,2007,South Asia,Lower middle income,9.10698496905382,7.05859935449848,39.9423826531735,50.2819117580457,0.817756922700044,0,0,0
BGD,Bangladesh,2004,South Asia,Lower middle income,7.58753638504689,5.23953291029852,26.8582341492431,45.6229943594212,0.689472335587339,0,0,0
BGD,Bangladesh,2002,South Asia,Lower middle income,3.33256493271912,3.83312393993225,28.9673807211649,42.740177242997,0.0955793676464671,0,0,0
BGD,Bangladesh,1988,South Asia,Lower middle income,7.41276595744666,2.41625685565774,17.6780643099612,21.484808836741,0.00691614475605439,0,0,0
BGD,Bangladesh,1989,South Asia,Lower middle income,6.04547975596243,2.83658212908817,18.3251740190693,22.878190439802,8.61339473035719e-4,0,0,0
BGD,Bangladesh,2006,South Asia,Lower middle income,6.76526117054757,6.67190498576788,38.1119244325921,50.4759985553139,0.635863899506714,0,0,0
BGD,Bangladesh,2008,South Asia,Lower middle income,8.90194489465153,6.01378975738535,42.6209140325589,51.1876270713566,1.4496579161576,0,0,0
BGD,Bangladesh,1990,South Asia,Lower middle income,6.12671846981457,5.62225816160344,18.9665020125385,22.4466391322843,0.0102498457488283,0,0,0
BGD,Bangladesh,1985,South Asia,Lower middle income,NA,3.34201465416713,18.2221846249994,19.5926033985971,-0.0298943959229265,0,0,0
BGD,Bangladesh,1986,South Asia,Lower middle income,NA,4.17338255900151,17.0187425082782,20.1979115796951,0.0111899311751012,0,0,0
BGD,Bangladesh,1987,South Asia,Lower middle income,9.87469609126632,3.77240185251682,16.6877976312963,20.8107917938397,0.0131907256034205,0,0,0
BGD,Bangladesh,2009,South Asia,Lower middle income,5.42347236174679,5.04512479919337,40.092796223023,54.8817155926531,0.879517142536145,0,0,0
BGD,Bangladesh,2014,South Asia,Lower middle income,6.99163889220848,6.0610593588495,44.5140801968096,63.3375540979273,1.46870305074204,0,0,0
BGD,Bangladesh,2000,South Asia,Lower middle income,2.20825620937535,5.29329471892532,29.3217143619038,30.5539892604712,0.525362089236087,0,0,0
BGD,Bangladesh,2001,South Asia,Lower middle income,2.0071737421384,5.07728777526728,32.0980170730117,40.2671476674779,0.145443904569924,0,0,0
BGD,Bangladesh,2015,South Asia,Lower middle income,6.19428022984983,6.55263987816197,42.0859963070382,64.5065520747659,1.4507824552936,0,0,0
BGD,Bangladesh,2016,South Asia,Lower middle income,5.51352572692995,7.11347821270093,31.3341501346142,54.9691444990129,0.879528340271998,0,0,0
BGD,Bangladesh,2017,South Asia,Lower middle income,5.70207015717238,6.59024999794057,29.9997306724343,55.8375416123996,0.616341784631384,0,0,0
BGD,Bangladesh,2018,South Asia,Lower middle income,5.54362139486476,7.31941263014136,32.5146317240884,54.8325562875275,0.75354913412869,0,0,0
BGD,Bangladesh,2010,South Asia,Lower middle income,8.12667639169917,5.57178818533122,37.8028426708321,58.7459016095395,1.06896766308322,0,0,0
BGD,Bangladesh,2012,South Asia,Lower middle income,6.21750422069283,6.52145877906443,48.1109227490467,60.7424608294873,1.18850391920183,0,0,0
BGD,Bangladesh,2013,South Asia,Lower middle income,7.53040640913172,6.01360565834344,46.2964027228174,61.399914294208,1.73532012481503,0,0,0
BGD,Bangladesh,1997,South Asia,Lower middle income,5.30560105668801,4.4898964976265,26.3255133900833,25.9368786504287,0.288896567530213,0,0,0
BGD,Bangladesh,1998,South Asia,Lower middle income,8.40223795613228,5.1770268731498,27.8800634028394,26.2325061615944,0.380236166897954,0,0,0
BGD,Bangladesh,1999,South Asia,Lower middle income,6.10669589841958,4.67015636882111,28.3879405571158,27.8851595216238,0.350304290993083,0,0,0
BGD,Bangladesh,2019,South Asia,Lower middle income,5.59199639930629,7.88191515117722,31.5780544912404,54.8702535060565,0.543244141585063,0,0,0
BGD,Bangladesh,2020,South Asia,Lower middle income,5.69107474746211,3.44801755122445,26.271447376215,57.7630649896826,0.407859894856915,0,0,0
BGD,Bangladesh,2011,South Asia,Lower middle income,11.3951651552399,6.46437912497728,47.4208498356898,59.8117683130297,0.983399364184761,0,0,0
BGD,Bangladesh,1993,South Asia,Lower middle income,3.01481859989798,4.71156172453999,23.1215830698982,26.2049500333029,0.0423616549795556,0,0,0
BGD,Bangladesh,1994,South Asia,Lower middle income,5.31374007936497,3.89012644116818,22.8658645545703,28.9521640750639,0.033012230974896,0,0,0
BGD,Bangladesh,1995,South Asia,Lower middle income,10.2978117947206,5.12127789724337,28.2094960764218,28.827915737296,0.00499837818821925,0,0,0
BGD,Bangladesh,1996,South Asia,Lower middle income,2.37712902953223,4.52291921684423,26.0760877233809,25.6338800863882,0.0291349551912919,0,0,0
BGD,Bangladesh,1991,South Asia,Lower middle income,6.35736412278234,3.48522781598027,18.8898268850747,24.0087114615132,0.00449146424413688,0,0,0
BGD,Bangladesh,1992,South Asia,Lower middle income,3.63407691798491,5.44268554966725,19.9340055024511,24.8676501147129,0.0117375764038404,0,0,0
BLR,Belarus,2015,Europe & Central Asia,Upper middle income,13.5344897649734,-3.82957056812593,115.914826201946,36.3629729392154,2.92676775504253,1,1,0
BLR,Belarus,2000,Europe & Central Asia,Upper middle income,168.620235850933,5.80000327485702,141.609165955024,17.6675021579189,0.932726194574,1,1,1
BLR,Belarus,1992,Europe & Central Asia,Upper middle income,NA,-9.60000108728426,117.391304347826,NA,0.0413228260869565,0,0,0
BLR,Belarus,1994,Europe & Central Asia,Upper middle income,2221.01656992039,-11.7000038612152,155.375709548699,39.0052992749958,0.0703214382060361,0,0,0
BLR,Belarus,1995,Europe & Central Asia,Upper middle income,709.346032118606,-10.4000003781854,103.718194772782,14.7726667380542,0.105205275981648,1,1,1
BLR,Belarus,1996,Europe & Central Asia,Upper middle income,52.7120767531954,2.80000456599095,96.7748997857579,14.2499401060264,0.720667909896663,1,1,1
BLR,Belarus,1993,Europe & Central Asia,Upper middle income,1190.22923349187,-7.60000201957324,150.964467005076,NA,0.10814083248731,0,0,0
BLR,Belarus,1998,Europe & Central Asia,Upper middle income,72.8697170535354,8.3999913697987,122.957697735989,30.9405445617173,1.33490888841733,1,1,1
BLR,Belarus,1999,Europe & Central Asia,Upper middle income,293.678750889772,3.3999992040046,120.835117829629,16.7029599473111,3.65778714528179,1,1,1
BLR,Belarus,2014,Europe & Central Asia,Upper middle income,18.1195543526734,1.65112470228097,110.651424367582,29.7151774519675,2.36255232890544,1,1,1
BLR,Belarus,2006,Europe & Central Asia,Upper middle income,6.99712903535584,9.99999473022963,124.295103889386,22.0846831594484,0.966130137383779,0,0,0
BLR,Belarus,1991,Europe & Central Asia,Upper middle income,NA,-1.1999957451749,66.6666666666667,NA,NA,0,0,0
BLR,Belarus,1990,Europe & Central Asia,Upper middle income,NA,NA,89.6073903002309,NA,NA,0,0,0
BLR,Belarus,2008,Europe & Central Asia,Upper middle income,14.8378764828254,10.1999994860937,129.599478545475,23.8546185862172,3.60135661387402,0,0,0
BLR,Belarus,2009,Europe & Central Asia,Upper middle income,12.9456563410401,0.199995231733979,108.63564482836,26.8187235249449,3.68858496262614,0,1,0
BLR,Belarus,1997,Europe & Central Asia,Upper middle income,63.9373663357478,11.4000054007553,125.516179156558,15.7509625439577,2.48860300411635,1,1,1
BLR,Belarus,2011,Europe & Central Asia,Upper middle income,53.2286983118174,5.54997471638077,157.974255073313,36.1910930690491,6.48031997656593,0,1,0
BLR,Belarus,2012,Europe & Central Asia,Upper middle income,59.2197360232518,1.70785253368828,153.085269313372,29.4537701826843,2.22818019245943,0,1,0
BLR,Belarus,2013,Europe & Central Asia,Upper middle income,18.3122610377873,0.998719299661161,119.815965235724,28.8221408448184,2.97388136295762,1,1,1
BLR,Belarus,2019,Europe & Central Asia,Upper middle income,5.59815595039853,1.44645548204305,130.850406102184,36.0045556596649,1.976861708457,0,0,0
BLR,Belarus,2003,Europe & Central Asia,Upper middle income,28.3978399133473,7.04319246586394,134.141852273225,16.1186162169628,0.963790820679998,1,1,1
BLR,Belarus,2004,Europe & Central Asia,Upper middle income,18.1082424937646,11.4497432088167,142.136510387704,17.6818998315724,0.707817258030317,1,1,1
BLR,Belarus,2005,Europe & Central Asia,Upper middle income,10.3388794457932,9.40000151584914,118.88435169233,19.3194242558835,1.01489264466989,1,1,0
BLR,Belarus,1987,Europe & Central Asia,Upper middle income,NA,NA,NA,NA,NA,0,0,0
BLR,Belarus,2007,Europe & Central Asia,Upper middle income,8.42675273505309,8.60000659811426,128.153877979073,25.2209559379737,3.99176494489288,0,0,0
BLR,Belarus,2020,Europe & Central Asia,Upper middle income,5.5481435745651,-0.672742918585868,118.934176146534,33.9302611928336,2.27010267778425,0,0,0
BLR,Belarus,2010,Europe & Central Asia,Upper middle income,7.735748043125,7.75001707500896,115.917972989303,29.4840203724149,2.43465600372626,0,1,0
BLR,Belarus,2018,Europe & Central Asia,Upper middle income,4.87230220550689,3.14919758275296,139.393736250171,35.3441913281344,2.37627120733619,0,0,0
BLR,Belarus,1986,Europe & Central Asia,Upper middle income,NA,NA,NA,NA,NA,0,0,0
BLR,Belarus,2016,Europe & Central Asia,Upper middle income,11.8365807653496,-2.5264464460425,125.209322899662,35.7402034226534,2.61275643208459,1,1,0
BLR,Belarus,2017,Europe & Central Asia,Upper middle income,6.03183725177785,2.53218349471909,133.367754723012,37.6824804445939,2.33218919527708,0,0,0
BLR,Belarus,1989,Europe & Central Asia,Upper middle income,NA,NA,NA,NA,NA,0,0,0
BLR,Belarus,1985,Europe & Central Asia,Upper middle income,NA,NA,NA,NA,NA,0,0,0
BLR,Belarus,1988,Europe & Central Asia,Upper middle income,NA,NA,NA,NA,NA,0,0,0
BLR,Belarus,2002,Europe & Central Asia,Upper middle income,42.5375481348794,5.04526758311702,131.002058282291,14.6089847426956,1.69305705420781,1,1,1
BLR,Belarus,2001,Europe & Central Asia,Upper middle income,61.1349331618476,4.72530605111095,137.044930473063,14.9202713314933,0.775405864952368,1,1,1
BLZ,Belize,1992,Latin America & Caribbean,Upper middle income,2.39670073025188,12.7362233602929,80.3474754942984,29.5688274295692,2.24221321392302,0,0,0
BLZ,Belize,1988,Latin America & Caribbean,Upper middle income,3.13888888888894,9.78848090834173,81.4921461620596,29.9100723692016,3.32186498991577,0,0,0
BLZ,Belize,1989,Latin America & Caribbean,Upper middle income,2.12765957446807,13.0108423686405,78.4160346161678,29.2475055996742,3.79759723070658,0,0,0
BLZ,Belize,1990,Latin America & Caribbean,Upper middle income,3.05907172995785,11.3429425965195,79.393742120487,30.2509783308294,3.14585666222443,0,0,0
BLZ,Belize,1987,Latin America & Caribbean,Upper middle income,2.01190138849529,10.7269593429991,76.8465724872002,32.5586095392078,1.84586364861223,0,0,0
BLZ,Belize,2005,Latin America & Caribbean,Upper middle income,-1.10431044411909,2.2191905367057,92.9971266332515,43.8156549583178,8.6080583090955,0,0,0
BLZ,Belize,1999,Latin America & Caribbean,Upper middle income,2.62139524582746,9.42319471476534,93.3222988336503,40.0425402069124,5.86883406193407,0,0,0
BLZ,Belize,2000,Latin America & Caribbean,Upper middle income,3.06743966930585,12.2406120663359,96.6018447146265,39.5401489502899,2.59763309185999,0,0,0
BLZ,Belize,1991,Latin America & Caribbean,Upper middle income,0.761951500806879,11.7787032699319,79.1779659554057,30.5184284898106,2.27927065350209,0,0,0
BLZ,Belize,1998,Latin America & Caribbean,Upper middle income,2.1952625003759,3.89301999542513,85.2837692818555,37.2198069634798,1.89979624281656,0,0,0
BLZ,Belize,2003,Latin America & Caribbean,Upper middle income,2.31808274663101,9.66522679614125,94.3631228859413,40.9447440638197,-0.83504705917142,0,0,0
BLZ,Belize,2006,Latin America & Caribbean,Upper middle income,-7.11376771265013,4.51145460193301,98.8810743235728,47.3068611066802,6.84256959940517,0,0,0
BLZ,Belize,2001,Latin America & Caribbean,Upper middle income,3.65141786561502,4.99356206143864,93.1624050489864,42.3136429513829,5.21949933984009,0,0,0
BLZ,Belize,2002,Latin America & Caribbean,Upper middle income,4.24026660688645,5.39907320663811,93.0794584713606,41.0399593765492,2.04686311047792,0,0,0
BLZ,Belize,1995,Latin America & Caribbean,Upper middle income,2.88961584372151,0.731558011871286,77.3367628065445,33.2468533555097,2.57149410220803,0,0,0
BLZ,Belize,1996,Latin America & Caribbean,Upper middle income,5.96502097537242,1.10530578663676,79.5739076328491,34.4320283519833,1.94981037564896,0,0,0
BLZ,Belize,1997,Latin America & Caribbean,Upper middle income,1.14903756760539,4.2346158780441,85.4507314878676,37.4119023243988,1.36954750688798,0,0,0
BLZ,Belize,1986,Latin America & Caribbean,Upper middle income,0.799771493858952,4.54738181047276,69.6704858747994,31.9576243980738,1.47672552166934,0,0,0
BLZ,Belize,2011,Latin America & Caribbean,Upper middle income,1.602056156402,-0.13007112300869,106.914960208874,60.0899626275547,5.20581667105349,0,0,0
BLZ,Belize,2012,Latin America & Caribbean,Upper middle income,1.30058074547858,3.94389321816617,111.166652365429,63.7299723736603,10.1300443506209,0,0,0
BLZ,Belize,2013,Latin America & Caribbean,Upper middle income,0.50974776898322,4.06646561608865,108.672614067831,60.8437391816382,4.53263160783493,0,0,0
BLZ,Belize,2014,Latin America & Caribbean,Upper middle income,1.20139964481057,3.89226067249989,107.112517468788,62.4825588534825,6.5987393918196,0,0,0
BLZ,Belize,2015,Latin America & Caribbean,Upper middle income,-0.861584009427747,2.7602602736023,104.070958799941,65.5262151735642,2.69569808214426,0,0,0
BLZ,Belize,2004,Latin America & Caribbean,Upper middle income,6.39443099742398,4.78066505273344,86.3853536846826,43.2887183420678,7.9628629551609,0,0,0
BLZ,Belize,2017,Latin America & Caribbean,Upper middle income,1.14765339305816,-1.83323729057784,97.7072571800462,64.8573233460351,1.40473162686238,0,0,0
BLZ,Belize,1994,Latin America & Caribbean,Upper middle income,2.56934304644295,-0.0199863391166843,80.8829702605987,29.833073779731,1.99128573612597,0,0,0
BLZ,Belize,2008,Latin America & Caribbean,Upper middle income,6.39443100250033,-1.62747776449082,105.461874277231,56.5627646901246,9.75973413898317,0,0,0
BLZ,Belize,2009,Latin America & Caribbean,Upper middle income,-1.10431044864355,-0.446709636828217,89.5808843860925,62.0010478463507,6.44782371601601,0,0,0
BLZ,Belize,2010,Latin America & Caribbean,Upper middle income,0.917977378808887,1.41741099233461,94.8581591507411,59.7710241371527,5.51460930694585,0,0,0
BLZ,Belize,1985,Latin America & Caribbean,Upper middle income,6.23716611805549,1.00642398286939,67.0732840236686,29.1910894535329,1.28785241907414,0,0,0
BLZ,Belize,2007,Latin America & Caribbean,Upper middle income,2.3180827464202,3.33939738340764,95.9555511519831,50.8765052723159,8.22731936335606,0,0,0
BLZ,Belize,2016,Latin America & Caribbean,Upper middle income,0.663427167917601,-0.0187414958130319,96.4998358304218,65.8652276415981,1.46157075571746,0,0,0
BLZ,Belize,1993,Latin America & Caribbean,Upper middle income,1.47259694693679,6.13788542592131,75.74810886971,28.242943900085,1.22298930090409,0,0,0
BLZ,Belize,2020,Latin America & Caribbean,Upper middle income,0.121434644614893,-13.5228997055506,81.6431433128545,86.3046097948473,3.72214070775569,0,0,0
BLZ,Belize,2019,Latin America & Caribbean,Upper middle income,0.187069385181424,4.25658710030072,102.441856907677,66.2980328276074,3.94384011758557,0,0,0
BLZ,Belize,2018,Latin America & Caribbean,Upper middle income,0.269982622646335,0.822068592512508,100.989214362975,65.9980677306884,5.33885311944147,0,0,0
BEN,Benin,1988,Sub-Saharan Africa,Lower middle income,NA,3.40524529583226,45.8868280290306,20.2786268126816,-1.3369598677605,0,0,0
BEN,Benin,1986,Sub-Saharan Africa,Lower middle income,NA,2.17114159792595,49.2914176982042,23.5880474072087,0.0823290421830946,0,0,0
BEN,Benin,1992,Sub-Saharan Africa,Lower middle income,NA,2.95771082720395,56.7407458048553,29.6220981137924,0.0562914420956269,0,0,0
BEN,Benin,1989,Sub-Saharan Africa,Lower middle income,NA,-2.85416049622336,38.3003673589405,21.7409745379421,-0.0744505328917815,0,0,0
BEN,Benin,1990,Sub-Saharan Africa,Lower middle income,NA,8.9761343599898,45.7201821451396,25.1156071155851,-0.150760018353931,0,0,0
BEN,Benin,1987,Sub-Saharan Africa,Lower middle income,NA,-1.50000295231442,46.2181352147978,20.6179375936953,0.00640035953471579,0,0,0
BEN,Benin,2001,Sub-Saharan Africa,Lower middle income,3.98429547767893,5.33313570603937,48.2571706392197,17.9977975020232,0.456588183737808,0,0,0
BEN,Benin,2002,Sub-Saharan Africa,Lower middle income,2.48916235491541,4.64303087074482,43.7684225364311,14.6410436093978,-0.462423415216639,0,0,0
BEN,Benin,1991,Sub-Saharan Africa,Lower middle income,NA,4.22579942071668,51.3447168355486,26.4678661692991,0.0198255555852336,0,0,0
BEN,Benin,2006,Sub-Saharan Africa,Lower middle income,3.78217696540374,3.94373882815798,39.7746987128551,18.5348372060989,-0.175764667500161,0,0,0
BEN,Benin,2007,Sub-Saharan Africa,Lower middle income,1.29806813334152,5.98634932177609,49.1137841529705,20.7109819579844,1.70386973478894,0,0,0
BEN,Benin,2003,Sub-Saharan Africa,Lower middle income,1.48724246145441,3.44357677591658,41.6162305574334,16.7880036917867,0.198870349303422,0,0,0
BEN,Benin,1996,Sub-Saharan Africa,Lower middle income,4.91423972637201,4.32428403131786,56.5177914456367,23.1801804966157,-0.620945814843515,0,0,0
BEN,Benin,2000,Sub-Saharan Africa,Lower middle income,4.16540442290282,5.85771420543269,47.3481515012844,19.1893080035169,-0.363490759310418,0,0,0
BEN,Benin,2013,Sub-Saharan Africa,Lower middle income,0.428888888888883,7.19143372144946,59.2001918331875,26.8619707362547,2.87863747120321,0,0,0
BEN,Benin,2014,Sub-Saharan Africa,Lower middle income,-0.54875755094818,6.35767909791932,65.2682749404551,29.9654302622445,3.054209933397,0,0,0
BEN,Benin,1999,Sub-Saharan Africa,Lower middle income,0.326722893396866,5.34144937204417,54.3917891538957,16.8262822433061,0.253298446675962,0,0,0
BEN,Benin,2004,Sub-Saharan Africa,Lower middle income,0.873890830868499,4.42968455385082,39.9029743365096,14.0338387215602,-0.658688596039682,0,0,0
BEN,Benin,2005,Sub-Saharan Africa,Lower middle income,5.36452085832342,1.71316456361184,39.0959311879142,15.4599715800366,-0.133820369489742,0,0,0
BEN,Benin,2016,Sub-Saharan Africa,Lower middle income,-0.793310145785624,3.33967342629693,58.9869283378276,29.8320946092057,1.11488130998834,0,0,0
BEN,Benin,2015,Sub-Saharan Africa,Lower middle income,0.21878592353624501,1.77815106030278,56.7563131849476,30.9847606493043,1.31501182124746,0,0,0
BEN,Benin,2009,Sub-Saharan Africa,Lower middle income,0.896072355749069,2.31929213912838,44.7026290629806,23.9524195587132,-0.193121764606275,0,0,0
BEN,Benin,1997,Sub-Saharan Africa,Lower middle income,3.46629590564776,5.73468837521307,58.7116296113966,22.1286084617254,0.537109663360586,0,0,0
BEN,Benin,1998,Sub-Saharan Africa,Lower middle income,5.75331458417064,3.96101213832645,59.5936252981433,19.5070336084605,0.46002921041369,0,0,0
BEN,Benin,1995,Sub-Saharan Africa,Lower middle income,14.4625482180894,6.04519865041564,63.800140010475,22.873627302817,-0.356668640063887,0,0,0
BEN,Benin,2012,Sub-Saharan Africa,Lower middle income,6.74468253340712,4.811223315688,50.7367367791134,24.8831507282871,2.52705777310103,0,0,0
BEN,Benin,2010,Sub-Saharan Africa,Lower middle income,2.20783532536523,2.11406472648392,51.4308599492924,25.5234386493141,0.561144747750256,0,0,0
BEN,Benin,2011,Sub-Saharan Africa,Lower middle income,2.7042390774728,2.96375291904201,47.2170288118403,26.1382333435945,1.50844050539908,0,0,0
BEN,Benin,1993,Sub-Saharan Africa,Lower middle income,0.440599214931793,5.83617208501383,55.3817991336605,26.4909358895432,-0.951216875624251,0,0,0
BEN,Benin,1994,Sub-Saharan Africa,Lower middle income,38.5308661668537,2.02040044761662,64.4004792535565,28.4413709645636,-0.444751623578263,0,0,0
BEN,Benin,1985,Sub-Saharan Africa,Lower middle income,NA,7.53032483806271,60.3012179781571,23.7590663684299,-0.00860656969427103,0,0,0
BEN,Benin,2008,Sub-Saharan Africa,Lower middle income,7.94729876067854,4.89657708429647,47.7753592695169,23.2666022946797,0.492562990177947,0,0,0
BEN,Benin,2017,Sub-Saharan Africa,Lower middle income,0.0432648555103608,5.67156195150444,61.4765969588474,28.6309908502176,1.58170495191393,0,0,0
BEN,Benin,2018,Sub-Saharan Africa,Lower middle income,0.919170717886053,6.69725362180888,61.7951944903448,27.9343009114216,1.36073573251591,0,0,0
BEN,Benin,2019,Sub-Saharan Africa,Lower middle income,0.732849371241066,6.86568662848335,63.68133231423,27.8216327591835,1.51620780888962,0,0,0
BEN,Benin,2020,Sub-Saharan Africa,Lower middle income,3.02272119663759,3.84879240030133,44.8332333768726,30.5466451421651,1.10934414138144,0,0,0
BTN,Bhutan,2019,South Asia,Lower middle income,2.72643037388832,5.75514851246506,76.1235167041505,70.1856322709485,0.475617042344246,0,0,0
BTN,Bhutan,2017,South Asia,Lower middle income,4.95508366985129,2.08684522733067,76.7884016850221,66.8861845021585,-0.638806366922729,0,0,0
BTN,Bhutan,2020,South Asia,Lower middle income,5.62936522632507,-10.2183974208569,71.8303510394637,95.0386160900432,-0.113401528947433,0,0,0
BTN,Bhutan,1995,South Asia,Lower middle income,9.48754836789369,7.07411745757784,83.8829086495551,34.4891519950029,0.0172122381711195,0,1,0
BTN,Bhutan,2018,South Asia,Lower middle income,2.72396386183713,3.50187185732737,79.7397203296083,68.0727888928965,0.10255942689779,0,0,0
BTN,Bhutan,2016,South Asia,Lower middle income,3.21988689395717,8.47594339232963,76.3847528498375,60.7292405134645,0.504099187674602,0,0,0
BTN,Bhutan,1987,South Asia,Lower middle income,6.33177192699079,29.054323847546,64.2819609233681,17.5602510791842,NA,0,0,0
BTN,Bhutan,1988,South Asia,Lower middle income,10.0967137576586,4.76737301961812,80.4822195141748,19.0970285619136,NA,0,0,0
BTN,Bhutan,1989,South Asia,Lower middle income,8.7798371889804,7.35556731915111,68.8145422191638,22.7278540209948,NA,0,0,0
BTN,Bhutan,1994,South Asia,Lower middle income,7.0099535500995,4.95150372472288,72.1007793556435,29.4828716861064,NA,0,1,0
BTN,Bhutan,1990,South Asia,Lower middle income,10.0118383223406,10.3831179126517,61.2162874391515,21.4179577380024,0.556009229910456,0,1,0
BTN,Bhutan,1985,South Asia,Lower middle income,1.88201230546507,4.0285329991183,69.753674933224,22.9739531296252,NA,0,0,0
BTN,Bhutan,2000,South Asia,Lower middle income,4.01212081070342,3.35506838174288,74.0264971104432,47.982963164868,NA,0,0,0
BTN,Bhutan,2001,South Asia,Lower middle income,3.41478946111594,7.32837435673082,71.0945747295588,45.7741036067833,NA,0,0,0
BTN,Bhutan,2002,South Asia,Lower middle income,2.45535714285714,10.4437797168913,70.2833172005966,56.4021545693294,0.433615900118682,0,0,0
BTN,Bhutan,2003,South Asia,Lower middle income,2.57230861693339,7.78656040877364,72.8499006593611,53.0632167439965,0.516969908871867,0,0,0
BTN,Bhutan,2004,South Asia,Lower middle income,4.10593698272957,5.15725736177561,89.0605518004294,56.1803374038809,1.20485866433723,0,0,0
BTN,Bhutan,1991,South Asia,Lower middle income,12.2751729438892,-0.407875722553669,75.9729858132023,25.5797171050538,0.249693827492942,0,1,0
BTN,Bhutan,1992,South Asia,Lower middle income,15.9752173615389,4.60089124887257,91.7608375674865,25.4882739003641,NA,1,1,0
BTN,Bhutan,1993,South Asia,Lower middle income,11.1980165874679,1.98636656014881,78.7559933474217,28.1829876399169,NA,1,1,0
BTN,Bhutan,1986,South Asia,Lower middle income,9.96447602131438,11.3921975985388,73.7685764327379,20.6766161717063,NA,0,0,0
BTN,Bhutan,1997,South Asia,Lower middle income,6.50548718269086,5.37383854585261,85.2114372285036,43.9846614800224,-0.198734302841513,0,0,0
BTN,Bhutan,1998,South Asia,Lower middle income,10.5855899892463,5.91403093576604,85.5831350923996,42.7472225708323,NA,0,0,0
BTN,Bhutan,1999,South Asia,Lower middle income,6.77699393553632,7.98397179406629,85.866205982457,49.2347989630324,0.263020421489478,0,0,0
BTN,Bhutan,2006,South Asia,Lower middle income,5.0004543802254,5.6408051539139,108.157794891125,58.7576532430025,0.649361841531609,0,0,0
BTN,Bhutan,2011,South Asia,Lower middle income,8.848985699468,8.4892584842808,102.795600221106,58.7670397074705,1.57461513860453,0,0,0
BTN,Bhutan,2015,South Asia,Lower middle income,4.54814395082205,6.66080128866197,89.6391604595496,55.4856673223175,0.294858179551153,0,0,0
BTN,Bhutan,2014,South Asia,Lower middle income,8.27106093949327,5.88108550658288,87.9342562013295,58.7955047901205,1.12656942719562,0,1,0
BTN,Bhutan,2013,South Asia,Lower middle income,8.77638345268212,1.73634039505693,95.0525382780424,52.269871161227,1.05127659163372,0,1,0
BTN,Bhutan,2007,South Asia,Lower middle income,5.15611138758462,16.1047836542012,106.929022415,54.0336410211856,5.88132297381915,0,0,0
BTN,Bhutan,1996,South Asia,Lower middle income,8.79001381935162,5.56517288179062,84.629491433895,32.924305240047,0.461424354408845,0,1,0
BTN,Bhutan,2005,South Asia,Lower middle income,5.3126310463775,6.93507146766659,97.7434135429344,55.7488991800477,0.721867150911614,0,0,0
BTN,Bhutan,2010,South Asia,Lower middle income,7.03638316073018,11.9318738376229,105.010666693593,66.4991290563516,4.40487201345335,0,0,0
BTN,Bhutan,2009,South Asia,Lower middle income,4.36112219119804,7.66749238553135,101.559411565244,69.1265171494716,1.37452904839501,0,0,0
BTN,Bhutan,2012,South Asia,Lower middle income,10.919656944683,5.16482012683895,94.0450271469571,54.4166415523476,1.2354733641673,0,1,0
BTN,Bhutan,2008,South Asia,Lower middle income,8.32716049382712,4.52944877696235,101.954235669521,61.7583180578183,0.23863062320184,0,0,0
BOL,Bolivia,2014,Latin America & Caribbean,Lower middle income,5.76660074579143,5.46056950635116,85.2644695625131,84.5230679036935,1.98982485629696,0,0,0
BOL,Bolivia,1995,Latin America & Caribbean,Lower middle income,10.1932067630745,4.67827659710034,49.737987097898,42.4922259133467,5.847960416432,0,1,0
BOL,Bolivia,2015,Latin America & Caribbean,Lower middle income,4.05961041135644,4.8571871797142,67.9328451905248,95.6178161105184,1.68072787961335,0,0,0
BOL,Bolivia,2013,Latin America & Caribbean,Lower middle income,5.73640023719606,6.79601142810857,81.2309075267174,78.6599622330564,5.7066221190291,0,0,0
BOL,Bolivia,1989,Latin America & Caribbean,Lower middle income,15.1734681125731,3.79013096203738,45.6546855363276,19.4778509589239,-0.517390530792772,1,1,0
BOL,Bolivia,1990,Latin America & Caribbean,Lower middle income,17.1187746048239,4.63578742813344,46.7032725841847,24.4743037788536,0.558798940852009,1,1,1
BOL,Bolivia,1985,Latin America & Caribbean,Lower middle income,11749.6396321438,-1.67638978272157,41.8927911934119,12.1420479980102,0.185967745899762,0,0,0
BOL,Bolivia,2017,Latin America & Caribbean,Lower middle income,2.8227580554717,4.19520633360403,45.5761123650708,75.5697135966742,1.55130384811576,0,0,0
BOL,Bolivia,2018,Latin America & Caribbean,Lower middle income,2.27205987230154,2.86808404814794,46.9261953417368,74.6494677895611,0.624547731622922,0,0,0
BOL,Bolivia,1991,Latin America & Caribbean,Lower middle income,21.447069817114,5.26652666784713,48.444968874686,29.7776593940152,0.973188205098959,1,1,1
BOL,Bolivia,2016,Latin America & Caribbean,Lower middle income,3.62321431764138,4.26392086382097,56.4010345026573,92.9693808824292,0.988080149462259,0,0,0
BOL,Bolivia,1998,Latin America & Caribbean,Lower middle income,7.67322895675083,5.02935475543048,52.2811629581228,55.1987792417582,11.1715280663643,0,0,0
BOL,Bolivia,1986,Latin America & Caribbean,Lower middle income,276.335967563201,-2.57388420056624,47.0313573970904,10.7361999837863,0.252564614775659,0,0,0
BOL,Bolivia,2020,Latin America & Caribbean,Lower middle income,0.940742153381849,-12.7194690092717,37.5164342446486,91.8796298152777,-2.66931283946252,0,0,0
BOL,Bolivia,1997,Latin America & Caribbean,Lower middle income,4.70844436028192,4.95420874299724,50.4696628058748,54.7179177861923,9.21807040100919,0,0,0
BOL,Bolivia,1988,Latin America & Caribbean,Lower middle income,16.002091054939,2.90949796034215,41.9062518616647,18.8431814671335,-0.219679242270933,1,1,0
BOL,Bolivia,2012,Latin America & Caribbean,Lower middle income,4.51560291399375,5.12227558091767,84.9487611684942,75.3900148041806,3.9135501461408,0,0,0
BOL,Bolivia,1994,Latin America & Caribbean,Lower middle income,7.87404421467434,4.6672651026673,48.8608505020702,46.0375691038907,2.17681238557843,0,1,0
BOL,Bolivia,2000,Latin America & Caribbean,Lower middle income,4.60822998872598,2.50781080899505,45.5977750218555,52.1769138021437,8.76830997312938,0,0,0
BOL,Bolivia,1992,Latin America & Caribbean,Lower middle income,12.0603236018289,1.64649818317035,49.1108578783889,34.8010262193987,1.64957769476396,1,1,0
BOL,Bolivia,1993,Latin America & Caribbean,Lower middle income,8.52787695688002,4.26929611661518,47.4671256895523,41.8787066387135,2.15878792325071,0,1,0
BOL,Bolivia,1999,Latin America & Caribbean,Lower middle income,2.15951626835597,0.426885422588768,44.1682564870165,55.4037082624968,12.196646241927,0,0,0
BOL,Bolivia,2019,Latin America & Caribbean,Lower middle income,1.83954504969025,1.50672102666863,45.8209732749024,72.5212477557551,-0.44160551411852,0,0,0
BOL,Bolivia,2011,Latin America & Caribbean,Lower middle income,9.88446419823883,5.20409244308591,82.4803954243518,71.1065192908019,3.58442251378885,0,0,0
BOL,Bolivia,1987,Latin America & Caribbean,Lower middle income,14.5786984489191,2.46348461969905,43.6226566654591,17.8266066226337,0.876273748832527,1,1,0
BOL,Bolivia,2007,Latin America & Caribbean,Lower middle income,8.70560923578869,4.56438426887904,76.0619114476148,60.333265491656,2.79185385749299,0,0,0
BOL,Bolivia,2010,Latin America & Caribbean,Lower middle income,2.5032760584424,4.12672259105658,75.5116262512877,69.7187384776906,3.16542867647895,0,0,0
BOL,Bolivia,2002,Latin America & Caribbean,Lower middle income,0.928258851611069,2.48556573783827,49.3502603725957,56.7448767192623,8.55789350643914,0,0,0
BOL,Bolivia,1996,Latin America & Caribbean,Lower middle income,12.4254866180049,4.36134195244541,49.8562913723023,51.0278982209993,6.40939922529255,0,1,0
BOL,Bolivia,2008,Latin America & Caribbean,Lower middle income,14.0068107702519,6.14849787462195,82.8670208961798,64.207384597071,3.07261074755318,0,0,0
BOL,Bolivia,2009,Latin America & Caribbean,Lower middle income,3.34645420142013,3.35699957430558,68.6270739127592,70.1103985691524,2.43967814560444,0,0,0
BOL,Bolivia,2004,Latin America & Caribbean,Lower middle income,4.43738080101724,4.17329558916195,57.4642660901316,50.0696742124679,0.745772608696722,0,0,0
BOL,Bolivia,2001,Latin America & Caribbean,Lower middle income,1.58965377879567,1.68379912721821,45.2278224315522,63.478429025317,8.66860569359696,0,0,0
BOL,Bolivia,2005,Latin America & Caribbean,Lower middle income,5.39323106890663,4.42143312687995,67.6419413613743,51.5273082664293,-2.49886824544741,0,0,0
BOL,Bolivia,2006,Latin America & Caribbean,Lower middle income,4.28239604802561,4.79700882356046,74.537848431547,53.36272918429,2.45168756123775,0,0,0
BOL,Bolivia,2003,Latin America & Caribbean,Lower middle income,3.33727499671533,2.7113398370071,51.967836443987,59.3469065277089,2.442343967183,0,0,0
BIH,Bosnia and Herzegovina,2009,Europe & Central Asia,Upper middle income,-0.381464282453056,-3.0044555389081,73.7474942255023,51.2493933046102,0.786371182353609,0,0,0
BIH,Bosnia and Herzegovina,2010,Europe & Central Asia,Upper middle income,1.99621236745886,0.865667236280544,80.9682159626823,53.7242906558004,2.5840244914247,0,0,0
BIH,Bosnia and Herzegovina,2011,Europe & Central Asia,Upper middle income,3.67125,0.959511709726897,87.8363477136556,54.9625473876933,2.52952738058176,0,0,0
BIH,Bosnia and Herzegovina,1996,Europe & Central Asia,Upper middle income,NA,54.1993001671131,107.500043530726,NA,NA,0,0,0
BIH,Bosnia and Herzegovina,2013,Europe & Central Asia,Upper middle income,-0.0930456838317588,2.34985873172397,87.9312380280562,60.0983407320841,1.72337931811156,0,0,0
BIH,Bosnia and Herzegovina,1987,Europe & Central Asia,Upper middle income,NA,NA,NA,NA,NA,0,0,0
BIH,Bosnia and Herzegovina,2012,Europe & Central Asia,Upper middle income,2.05267452001717,-0.821837252962993,88.1451088628529,56.8579492253314,2.27539881306156,0,0,0
BIH,Bosnia and Herzegovina,2014,Europe & Central Asia,Upper middle income,-0.897194054194333,1.15384793371298,90.5522780395662,63.120450052242,2.93590253684149,0,0,0
BIH,Bosnia and Herzegovina,1990,Europe & Central Asia,Upper middle income,NA,NA,NA,NA,NA,0,0,0
BIH,Bosnia and Herzegovina,1985,Europe & Central Asia,Upper middle income,NA,NA,NA,NA,NA,0,0,0
BIH,Bosnia and Herzegovina,2008,Europe & Central Asia,Upper middle income,7.42704310332952,5.44184730165964,86.1628798430504,48.7445903658457,5.25748627826678,0,0,0
BIH,Bosnia and Herzegovina,2000,Europe & Central Asia,Upper middle income,NA,5.41431594987505,85.3577431341788,21.8926628587607,2.62359146003394,0,0,0
BIH,Bosnia and Herzegovina,2001,Europe & Central Asia,Upper middle income,NA,2.42331317180992,86.0357340130948,36.2866060669783,2.04280429156892,0,0,0
BIH,Bosnia and Herzegovina,2002,Europe & Central Asia,Upper middle income,NA,5.027444647203,78.7274783626,36.2690466942446,3.97979747748747,0,0,0
BIH,Bosnia and Herzegovina,2015,Europe & Central Asia,Upper middle income,-1.03602303425474,4.28413016137854,88.291992587588,64.4586707516122,2.33529310215055,0,0,0
BIH,Bosnia and Herzegovina,2016,Europe & Central Asia,Upper middle income,-1.58410000000001,3.24225822231566,88.2440340022738,66.7354653207651,1.82975695066219,0,0,0
BIH,Bosnia and Herzegovina,1991,Europe & Central Asia,Upper middle income,NA,-9.34802499921999,NA,NA,NA,0,0,0
BIH,Bosnia and Herzegovina,1986,Europe & Central Asia,Upper middle income,NA,NA,NA,NA,NA,0,0,0
BIH,Bosnia and Herzegovina,1993,Europe & Central Asia,Upper middle income,NA,-2.18134849048988,NA,NA,NA,0,0,0
BIH,Bosnia and Herzegovina,1994,Europe & Central Asia,Upper middle income,NA,11.1319654858782,101.847227683838,NA,NA,0,0,0
BIH,Bosnia and Herzegovina,1995,Europe & Central Asia,Upper middle income,NA,15.9683009584782,91.8796126648453,NA,NA,0,0,0
BIH,Bosnia and Herzegovina,2007,Europe & Central Asia,Upper middle income,1.50077710611541,5.85911689412598,83.551858889163,53.012614165276,11.6737641903939,0,0,0
BIH,Bosnia and Herzegovina,1998,Europe & Central Asia,Upper middle income,NA,16.6163744979847,125.666609057011,25.1783812772668,1.62108640132628,0,0,0
BIH,Bosnia and Herzegovina,1997,Europe & Central Asia,Upper middle income,NA,36.641128467034,100.630964756317,23.4779157304897,NA,0,0,0
BIH,Bosnia and Herzegovina,1992,Europe & Central Asia,Upper middle income,NA,-6.43690771039316,NA,NA,NA,0,0,0
BIH,Bosnia and Herzegovina,2018,Europe & Central Asia,Upper middle income,1.41710814018033,3.82900399349064,98.4320694182631,71.2722751822106,2.93781298692857,0,0,0
BIH,Bosnia and Herzegovina,1988,Europe & Central Asia,Upper middle income,NA,NA,NA,NA,NA,0,0,0
BIH,Bosnia and Herzegovina,1989,Europe & Central Asia,Upper middle income,NA,NA,NA,NA,NA,0,0,0
BIH,Bosnia and Herzegovina,2006,Europe & Central Asia,Upper middle income,6.12556615620284,5.41400299607282,79.8299477752016,49.3677830561499,6.57577358932059,0,0,0
BIH,Bosnia and Herzegovina,2019,Europe & Central Asia,Upper middle income,0.56278215406123,2.88585242083978,94.516125154246,73.5860907463056,2.18661375097898,0,0,0
BIH,Bosnia and Herzegovina,2020,Europe & Central Asia,Upper middle income,-1.05129600763489,-3.01509335460439,82.5216467994007,81.3447237207056,2.38939027026416,0,0,0
BIH,Bosnia and Herzegovina,2005,Europe & Central Asia,Upper middle income,NA,3.89718320544974,84.3554628217984,45.7503518048637,5.55844401745043,0,0,0
BIH,Bosnia and Herzegovina,2017,Europe & Central Asia,Upper middle income,0.810133321953038,3.24409895306594,96.6458803566861,69.5421267426485,2.77975922538248,0,0,0
BIH,Bosnia and Herzegovina,1999,Europe & Central Asia,Upper middle income,NA,9.52157018578967,121.820541564193,27.0364490272354,3.7723201862043,0,0,0
BIH,Bosnia and Herzegovina,2004,Europe & Central Asia,Upper middle income,NA,6.32526794858342,81.8126861817184,42.7022307020932,8.75886067110945,0,0,0
BIH,Bosnia and Herzegovina,2003,Europe & Central Asia,Upper middle income,NA,3.86713552011777,80.5694572639365,37.3176723312036,4.49216828974651,0,0,0
BWA,Botswana,2006,Sub-Saharan Africa,Upper middle income,11.5552187914379,8.36387109282306,86.612433913524,42.4813576164307,4.90881469396689,0,0,0
BWA,Botswana,1990,Sub-Saharan Africa,Upper middle income,11.3963461199555,6.77282195004784,104.847320396747,21.9202109934986,2.52965346277001,0,1,0
BWA,Botswana,2010,Sub-Saharan Africa,Upper middle income,6.94887658743103,10.119723322694,94.6390020873926,49.9227194246318,1.7280613479871,0,0,0
BWA,Botswana,2007,Sub-Saharan Africa,Upper middle income,7.08099847172692,5.79255577727118,98.4965249407252,49.7863917216888,4.6808134501234004,0,1,0
BWA,Botswana,2009,Sub-Saharan Africa,Upper middle income,8.02729703109581,-14.1442346163423,88.4807886337378,53.4769363816476,2.06256005196384,0,1,0
BWA,Botswana,1985,Sub-Saharan Africa,Upper middle income,8.0945757997594,7.12527126873714,117.522808175582,26.2806761121196,4.8091665472547,0,0,0
BWA,Botswana,2011,Sub-Saharan Africa,Upper middle income,8.45987233408583,6.83841052493574,98.9614677801469,43.3206056577116,1.94040749024403,0,0,0
BWA,Botswana,2013,Sub-Saharan Africa,Upper middle income,5.88460707056816,11.1029068737822,125.78303991122,44.5408963251605,0.470417841005353,0,0,0
BWA,Botswana,1989,Sub-Saharan Africa,Upper middle income,11.5750147473285,13.0594058858571,105.360864562126,28.9246887849941,1.36797816113176,0,1,0
BWA,Botswana,2005,Sub-Saharan Africa,Upper middle income,8.61022528546439,4.55664565323181,88.5053520573505,44.4258385493897,4.24294905100869,0,0,0
BWA,Botswana,2008,Sub-Saharan Africa,Upper middle income,12.7021883920075,3.25207295796832,99.008222007989,53.5475302533667,4.85440497340622,0,1,0
BWA,Botswana,1991,Sub-Saharan Africa,Upper middle income,11.7650160839534,7.45870921940397,99.5583853464229,27.4563874164915,-0.208261490288424,1,1,0
BWA,Botswana,2004,Sub-Saharan Africa,Upper middle income,6.94570363654674,2.70582170611173,90.9978228872631,46.884142062216704,4.36383657370126,0,0,0
BWA,Botswana,2012,Sub-Saharan Africa,Upper middle income,7.53690261091916,-0.170857099335691,111.875280620952,46.3360841335406,1.05040106491218,0,0,0
BWA,Botswana,1995,Sub-Saharan Africa,Upper middle income,10.512546081579,7.03041024834083,94.595171646002,20.4782602064937,1.48846306653149,1,1,0
BWA,Botswana,2014,Sub-Saharan Africa,Upper middle income,4.40225309243427,5.69714422072884,119.497541791464,40.2145223107546,3.33019730942426,0,0,0
BWA,Botswana,1987,Sub-Saharan Africa,Upper middle income,9.80193387398674,11.8819281370865,123.571753295954,30.7122291256251,5.7796641591328,0,1,0
BWA,Botswana,1988,Sub-Saharan Africa,Upper middle income,8.35167956821219,19.4499695097307,114.451590222921,25.4009677819596,1.50957483685764,0,1,0
BWA,Botswana,2019,Sub-Saharan Africa,Upper middle income,2.7728644286332,3.0317733945467,83.0929813601175,47.1185707035898,0.559653498041763,0,0,0
BWA,Botswana,2001,Sub-Saharan Africa,Upper middle income,6.55903767014861,0.250573949689084,87.5250655680957,39.3992277756433,0.558884523880211,0,0,0
BWA,Botswana,2020,Sub-Saharan Africa,Upper middle income,1.8903591682421,-8.72888243996397,77.6634178592071,52.3734519585463,0.212513875084985,0,0,0
BWA,Botswana,1993,Sub-Saharan Africa,Upper middle income,14.3308033365887,1.9161070518754,86.2082050096699,21.037855501396,-6.89760875290975,1,1,0
BWA,Botswana,1994,Sub-Saharan Africa,Upper middle income,10.5429209938218,3.62791615172975,88.1806097283683,20.9218512234796,-0.332324636827833,1,1,0
BWA,Botswana,2000,Sub-Saharan Africa,Upper middle income,8.6014851485149,1.98769583378552,91.924729689918,24.8162094619534,0.987700169396241,0,0,0
BWA,Botswana,1986,Sub-Saharan Africa,Upper middle income,10.0017155606022,8.17292433112134,117.459589590737,23.1636669341587,5.05559968962012,0,0,0
BWA,Botswana,2017,Sub-Saharan Africa,Upper middle income,3.30828076768219,4.11437856445083,81.9239513763494,43.4852588305467,1.61796092921322,0,0,0
BWA,Botswana,2018,Sub-Saharan Africa,Upper middle income,3.23801558947715,4.18869237159223,87.4551039946493,45.1835202596699,1.67893386448584,0,0,0
BWA,Botswana,2016,Sub-Saharan Africa,Upper middle income,2.81495791361943,7.20442475914267,100.464689766026,42.9088545386839,0.944944816734731,0,0,0
BWA,Botswana,1999,Sub-Saharan Africa,Upper middle income,7.74929619202848,9.66724070276106,98.9290812021418,28.5009502629981,0.668732762510087,0,0,0
BWA,Botswana,2002,Sub-Saharan Africa,Upper middle income,8.03279662527485,6.06953087648317,91.8357740585774,45.2485422384937,7.50151858437683,0,0,0
BWA,Botswana,2003,Sub-Saharan Africa,Upper middle income,9.18990265632739,4.62589474959299,85.8340425151264,47.8783144545501,5.56528127484831,0,0,0
BWA,Botswana,1992,Sub-Saharan Africa,Upper middle income,16.1676123963339,2.91707018751026,89.7512545868151,28.3321711496473,-0.0377233393157215,1,1,0
BWA,Botswana,1998,Sub-Saharan Africa,Upper middle income,6.66139865665752,0.443663586075374,101.841039320292,28.2630557202134,1.98974016992689,0,0,0
BWA,Botswana,2015,Sub-Saharan Africa,Upper middle income,3.06203169580557,-4.85132507409779,112.900891016005,48.8432930350265,2.79773267452093,0,0,0
BWA,Botswana,1997,Sub-Saharan Africa,Upper middle income,8.71993127147746,8.32589088396591,108.604415150755,22.3896812492498,1.99411258650837,0,1,0
BWA,Botswana,1996,Sub-Saharan Africa,Upper middle income,10.0828580652107,5.82980001379714,90.955575275056,19.794537974173,1.46835552021692,1,1,0
BRA,Brazil,2006,Latin America & Caribbean,Upper middle income,4.18356812896909,3.96198870899485,26.0416998879446,63.249779479687,1.753125434984,0,0,0
BRA,Brazil,2008,Latin America & Caribbean,Upper middle income,5.67859390284168,5.09419544811998,27.2575694165953,70.4894529705898,2.99060892561747,0,0,0
BRA,Brazil,2009,Latin America & Caribbean,Upper middle income,4.88803479876798,-0.12581200299141,22.1059756060711,76.0904194424089,1.88848240446291,0,0,0
BRA,Brazil,1985,Latin America & Caribbean,Upper middle income,225.989665211895,7.85000000000042,20.4497665840761,14.3689168067947,0.683327514048415,0,0,0
BRA,Brazil,1990,Latin America & Caribbean,Upper middle income,2947.73277248299,-4.35000000000022,15.1555990810218,30.3945142169109,0.253118795948323,1,1,1
BRA,Brazil,2005,Latin America & Caribbean,Upper middle income,6.86953720898964,3.20213206216255,27.0867952052479,60.1330444582565,1.73389357182998,0,0,0
BRA,Brazil,2011,Latin America & Caribbean,Upper middle income,6.6364496221309,3.97442307944702,23.9344051765103,76.825275139619,3.91517954138648,0,0,0
BRA,Brazil,2007,Latin America & Caribbean,Upper middle income,3.64127299102652,6.06987060733128,25.2926113757805,68.3591986273479,3.19082655934052,0,0,0
BRA,Brazil,2017,Latin America & Caribbean,Upper middle income,3.44637335032669,1.32286905390815,24.3197343741684,93.0595991988879,3.33826028420938,0,0,0
BRA,Brazil,2012,Latin America & Caribbean,Upper middle income,5.40349914036997,1.92117598509462,25.1142736103322,79.0528620279344,3.75496210868766,0,0,0
BRA,Brazil,1986,Latin America & Caribbean,Upper middle income,147.142826237604,7.48999999999982,15.8606541452464,20.8799625638871,0.134512965266612,0,0,0
BRA,Brazil,2010,Latin America & Caribbean,Upper middle income,5.03872690108074,7.52822581812151,22.7721781132208,74.2193801449518,3.73001226987179,0,0,0
BRA,Brazil,1988,Latin America & Caribbean,Upper middle income,629.114509120897,-0.059999999999917,17.7672447097778,80.4476356609773,0.910738734536583,1,1,1
BRA,Brazil,1989,Latin America & Caribbean,Upper middle income,1430.7237251472,3.16000000000032,14.3908776472134,111.325303911187,0.273855965905703,1,1,1
BRA,Brazil,2002,Latin America & Caribbean,Upper middle income,8.45016437708331,3.05346185683619,27.6183574077173,55.0049821725667,3.25358063263725,0,0,0
BRA,Brazil,2003,Latin America & Caribbean,Upper middle income,14.7149197228147,1.14082899877101,28.1403847215489,56.5263637979904,1.81340059419325,0,0,0
BRA,Brazil,2004,Latin America & Caribbean,Upper middle income,6.59718509985963,5.75996463685998,29.6782524803495,56.3320651091779,2.71353208011572,0,0,0
BRA,Brazil,2018,Latin America & Caribbean,Upper middle income,3.66485028376728,1.78366676137003,28.876203376153,93.7130340305506,4.07858861807831,0,0,0
BRA,Brazil,2019,Latin America & Caribbean,Upper middle income,3.73297621216893,1.22077782271943,28.8902578697354,96.0578504271936,3.69267330426814,0,0,0
BRA,Brazil,2020,Latin America & Caribbean,Upper middle income,3.21176803803376,-3.27675879612903,32.3020785443492,109.154217103739,2.59263784624068,0,0,0
BRA,Brazil,2016,Latin America & Caribbean,Upper middle income,8.73914352329393,-3.2759169063211,24.5336820770756,93.8211379340118,4.13737853830264,0,0,0
BRA,Brazil,1994,Latin America & Caribbean,Upper middle income,2075.88839757325,5.8528703643893,18.6747597961023,45.4613037988532,0.584730926619457,1,1,1
BRA,Brazil,1987,Latin America & Caribbean,Upper middle income,228.336162575512,3.52999999999983,16.2623973390749,20.6593216072822,0.412991260987785,1,1,1
BRA,Brazil,2015,Latin America & Caribbean,Upper middle income,9.02990102416136,-3.54576339347278,26.9536259372369,88.0696276484348,3.59214973121732,0,0,0
BRA,Brazil,1993,Latin America & Caribbean,Upper middle income,1927.38079016026,4.92469000463774,19.5993205474635,93.658846471248,0.350804998676963,1,1,1
BRA,Brazil,1999,Latin America & Caribbean,Upper middle income,4.85844749902666,0.467937566679467,20.982166473881,42.811054211001,4.73376982673849,0,0,0
BRA,Brazil,2000,Latin America & Caribbean,Upper middle income,7.04414105947265,4.38794944364869,22.6397613589755,46.4865878068579,5.0339171410898,0,0,0
BRA,Brazil,2001,Latin America & Caribbean,Upper middle income,6.84035902487523,1.3898964044581,26.936285024943,58.6361717166178,4.14759326073982,0,0,0
BRA,Brazil,2014,Latin America & Caribbean,Upper middle income,6.32904015516138,0.503955740273241,24.685405813292,81.9065640139893,3.57135261310663,0,0,0
BRA,Brazil,1991,Latin America & Caribbean,Upper middle income,432.786661926461,1.0321895854696,16.5920777626646,35.0296013245953,0.321941120989948,1,1,1
BRA,Brazil,1992,Latin America & Caribbean,Upper middle income,951.962053052817,-0.544072051030298,19.2533747878959,60.9324088168595,0.627993785794032,1,1,1
BRA,Brazil,1996,Latin America & Caribbean,Upper middle income,15.7576656002606,2.20886405051482,15.6355914783829,35.118481561031,1.47596541133615,1,1,1
BRA,Brazil,1997,Latin America & Caribbean,Upper middle income,6.92671251629154,3.39484598531597,16.5762092633371,36.9651290494395,2.1504523942889,0,0,0
BRA,Brazil,2013,Latin America & Caribbean,Upper middle income,6.204310666401,3.0048226702888,25.7859573281452,78.6265278073102,3.04150922966082,0,0,0
BRA,Brazil,1995,Latin America & Caribbean,Upper middle income,66.0070335542481,4.2237936336472,16.9844599991956,32.4485468783574,0.631585790960148,1,1,1
BRA,Brazil,1998,Latin America & Caribbean,Upper middle income,3.19507629280051,0.338097901952338,16.438584928207,39.3317317429728,3.34088713373843,0,0,0
BFA,Burkina Faso,1998,Sub-Saharan Africa,Low income,5.08433344145324,7.30771963496896,40.9397835752562,21.5261861392885,0.157122759480677,0,0,0
BFA,Burkina Faso,1999,Sub-Saharan Africa,Low income,-1.07261362759533,7.39523780111931,35.2548157814824,17.5109436038408,0.233833721885331,0,0,0
BFA,Burkina Faso,1989,Sub-Saharan Africa,Low income,-0.481798715203333,2.15026727173506,32.3947599439306,18.4877964309622,0.216777278252004,0,0,0
BFA,Burkina Faso,1990,Sub-Saharan Africa,Low income,-0.504303388918912,-0.602928477580988,35.4226504401749,18.1784041666065,0.0148324858775218,0,0,0
BFA,Burkina Faso,1991,Sub-Saharan Africa,Low income,2.16260052713423,9.06998445877436,33.7962364263647,18.1305668248272,0.0181815538151598,0,0,0
BFA,Burkina Faso,1992,Sub-Saharan Africa,Low income,-1.99113580736894,0.232710761845951,28.3740163771975,18.7615381720288,0.0927415899786328,0,0,0
BFA,Burkina Faso,1993,Sub-Saharan Africa,Low income,0.553455723541917,3.46138493945818,29.6250839534616,19.8654620062825,0.0993387646784723,0,0,0
BFA,Burkina Faso,1994,Sub-Saharan Africa,Low income,25.1778762249962,1.31500727210265,39.2292222386411,22.1304757143247,0.969328378478066,0,0,0
BFA,Burkina Faso,2000,Sub-Saharan Africa,Low income,-0.304212168486802,1.88847388906525,35.1229419704263,18.6289597846143,0.778458188099508,0,0,0
BFA,Burkina Faso,2013,Sub-Saharan Africa,Low income,0.533738507090536,5.79258484509867,64.0358513024234,28.2873353776802,3.64766773141753,0,0,0
BFA,Burkina Faso,2014,Sub-Saharan Africa,Low income,-0.258089517535291,4.32684561452976,58.8235624937426,30.2894261109739,2.56255154786841,0,0,0
BFA,Burkina Faso,1988,Sub-Saharan Africa,Low income,4.25561601785941,5.79559296458005,38.1296822765951,19.0832577811735,0.141817377437063,0,0,0
BFA,Burkina Faso,2008,Sub-Saharan Africa,Low income,10.6597978997424,5.79999174105387,35.3853169801502,20.8826596935394,0.351169723487995,0,0,0
BFA,Burkina Faso,2001,Sub-Saharan Africa,Low income,5.00743290822373,6.61340574539679,31.6581708148511,16.2839927625652,0.196436710369704,0,0,0
BFA,Burkina Faso,2002,Sub-Saharan Africa,Low income,2.17569480664608,4.35296382988099,31.3125228527966,14.6847701654749,0.414815789165315,0,0,0
BFA,Burkina Faso,2007,Sub-Saharan Africa,Low income,-0.230627306273049,4.11137901761516,33.7797172895073,18.9952949594834,0.284717939080865,0,0,0
BFA,Burkina Faso,1996,Sub-Saharan Africa,Low income,6.09780439121741,11.014743869558,38.1802977691941,22.6304264307343,0.627288328664118,0,0,0
BFA,Burkina Faso,1997,Sub-Saharan Africa,Low income,2.31869062176683,6.31683473483768,37.4164187803511,24.6756491490467,0.398984078044402,0,0,0
BFA,Burkina Faso,1987,Sub-Saharan Africa,Low income,-2.68178423511595,-0.236336789143323,39.4399463300075,17.9033210645973,0.0561220518817235,0,0,0
BFA,Burkina Faso,1995,Sub-Saharan Africa,Low income,7.45884497828324,5.71637386269622,40.7474714183407,23.9702848549793,0.412551201629083,0,0,0
BFA,Burkina Faso,2015,Sub-Saharan Africa,Low income,0.724838981070516,3.9212287937935,59.0891813101662,35.5971028843395,1.95992715697747,0,0,0
BFA,Burkina Faso,2016,Sub-Saharan Africa,Low income,0.441041448058809,5.95797670754024,57.8931727994406,36.5625742997606,3.04380349897538,0,0,0
BFA,Burkina Faso,2003,Sub-Saharan Africa,Low income,2.03456574053815,7.80249388870359,30.3682364077323,22.69470571933,0.614299394603336,0,0,0
BFA,Burkina Faso,2004,Sub-Saharan Africa,Low income,-0.400228702115451,4.47845213670386,35.4809436017462,20.7600330070757,0.263190384062024,0,0,0
BFA,Burkina Faso,2005,Sub-Saharan Africa,Low income,6.41504018369684,8.66187322841225,34.1721697681049,17.9641579126181,0.848145874654018,0,0,0
BFA,Burkina Faso,2017,Sub-Saharan Africa,Low income,1.48299897161325,6.20348941121868,59.2687802020168,41.1011430661806,0.0182370342122821,0,0,0
BFA,Burkina Faso,2010,Sub-Saharan Africa,Low income,-0.764230734676768,8.44628157707625,49.0732385398039,25.6262389906549,0.384492219825665,0,0,0
BFA,Burkina Faso,2011,Sub-Saharan Africa,Low income,2.75976724854534,6.62256261306693,57.4972531038508,25.7564537101449,1.19074493368624,0,0,0
BFA,Burkina Faso,2012,Sub-Saharan Africa,Low income,3.8181524025238,6.45267237953146,61.2386079818398,26.4211963324223,2.62145990530181,0,0,0
BFA,Burkina Faso,1985,Sub-Saharan Africa,Low income,6.90605782140466,8.51736499112322,40.9475469828696,13.3803705671313,-0.092109898028705,0,0,0
BFA,Burkina Faso,1986,Sub-Saharan Africa,Low income,-2.61174292476783,7.9553627287484,37.9617294229875,16.193478613476,0.154200993096417,0,0,0
BFA,Burkina Faso,2019,Sub-Saharan Africa,Low income,-3.23338933983321,5.88920497068135,60.4086928753226,43.1817672363833,1.0164787373679,0,0,0
BFA,Burkina Faso,2006,Sub-Saharan Africa,Low income,2.33310856372219,6.25316468817478,35.1065423554549,18.7747960550847,1.28064578676022,0,0,0
BFA,Burkina Faso,2009,Sub-Saharan Africa,Low income,2.60817666368314,2.96195085866692,40.2959836735924,24.450580568313,0.599468939611006,0,0,0
BFA,Burkina Faso,2020,Sub-Saharan Africa,Low income,1.88470066518847,2.01077262406221,60.7397786403239,46.8446169956733,-0.557279533533573,0,0,0
BFA,Burkina Faso,2018,Sub-Saharan Africa,Low income,1.95594302672532,6.60456906812341,60.5956256236488,42.1281649957099,1.68919942943091,0,0,0
BDI,Burundi,1985,Sub-Saharan Africa,Low income,3.80428683649424,11.7831801786654,NA,14.3033770201238,0.046832716873145,0,0,0
BDI,Burundi,1987,Sub-Saharan Africa,Low income,7.11323763955336,5.50309611952244,NA,14.4595290549627,0.120879772464207,0,0,0
BDI,Burundi,1986,Sub-Saharan Africa,Low income,1.67567567567546,3.25018045970241,NA,14.4885970218876,0.126820029714969,0,0,0
BDI,Burundi,2000,Sub-Saharan Africa,Low income,24.4320242102151,-0.856864058424151,NA,17.1728550609034,1.34215244308902,0,0,0
BDI,Burundi,1998,Sub-Saharan Africa,Low income,12.5004107653378,4.74999999509613,NA,15.7858820589705,NA,1,1,0
BDI,Burundi,1988,Sub-Saharan Africa,Low income,4.48679769704176,5.03102436749121,NA,15.3918691268985,0.110552499276144,0,0,0
BDI,Burundi,1990,Sub-Saharan Africa,Low income,7.00216956651121,3.49982213611253,NA,15.7785308286654,0.110894210226116,0,0,0
BDI,Burundi,2001,Sub-Saharan Africa,Low income,9.29618771341888,2.05580710835243,NA,17.2257816352167,-0.0013048564735641,0,0,0
BDI,Burundi,1994,Sub-Saharan Africa,Low income,14.8528149833969,-3.82999999619828,NA,23.0052066694014,4.27861408178981e-4,0,0,0
BDI,Burundi,1995,Sub-Saharan Africa,Low income,19.2632536382537,-7.92000000374772,NA,19.8036143636716,0.19810737848951,0,1,0
BDI,Burundi,1996,Sub-Saharan Africa,Low income,26.4367816091951,-7.99999999794093,NA,22.3323071075637,NA,1,1,0
BDI,Burundi,1997,Sub-Saharan Africa,Low income,31.1115898319694,-1.58999999685828,NA,18.5863768961494,NA,1,1,1
BDI,Burundi,2011,Sub-Saharan Africa,Low income,9.5921660597967,4.02442793864228,NA,26.805998695761,0.150057243665302,0,0,0
BDI,Burundi,1999,Sub-Saharan Africa,Low income,3.38542427340454,-1.00999999649815,NA,20.4737373737374,-0.0588051848971754,0,0,0
BDI,Burundi,2018,Sub-Saharan Africa,Low income,-2.81469807668465,5.3422447312502,NA,30.3917072741844,0.228727114717487,0,0,0
BDI,Burundi,2012,Sub-Saharan Africa,Low income,18.161045306545,4.42303118490126,NA,26.1297784433938,0.0259911934949934,0,0,0
BDI,Burundi,2002,Sub-Saharan Africa,Low income,-1.36568005328059,4.44651941224797,NA,21.2523406830438,NA,0,0,0
BDI,Burundi,1989,Sub-Saharan Africa,Low income,11.6615998479958,1.34950223651784,NA,15.7366345484687,0.0509215013186548,0,0,0
BDI,Burundi,2004,Sub-Saharan Africa,Low income,8.17642937482053,4.83365776809453,NA,22.3254125001561,0.00488285714415741,0,0,0
BDI,Burundi,1991,Sub-Saharan Africa,Low income,8.9969387349433,4.99683644792125,NA,17.0356020349413,0.0764520532874518,0,1,0
BDI,Burundi,2007,Sub-Saharan Africa,Low income,8.41206285772543,3.44449364663615,NA,24.619613407841,0.036885807330262,0,0,0
BDI,Burundi,2008,Sub-Saharan Africa,Low income,24.4069510353913,4.90874190813545,NA,25.2588848848776,0.237816296916251,0,0,0
BDI,Burundi,2009,Sub-Saharan Africa,Low income,10.5554355299529,3.7870758305051,NA,25.8770374379,0.0196229518082158,0,1,0
BDI,Burundi,2010,Sub-Saharan Africa,Low income,6.49326591473993,5.09373697323055,NA,28.2427285653968,0.0384119130803942,0,0,0
BDI,Burundi,2019,Sub-Saharan Africa,Low income,-0.686772170797358,4.45934202358784,NA,35.5510470669746,1.05451097508345,0,0,0
BDI,Burundi,1993,Sub-Saharan Africa,Low income,9.67934658067928,-6.24000000139047,NA,17.73312870522,0.0504648856980533,0,0,0
BDI,Burundi,2005,Sub-Saharan Africa,Low income,13.2520699188223,0.900000000901912,NA,23.2228639248364,0.0523404213217611,0,1,0
BDI,Burundi,2006,Sub-Saharan Africa,Low income,2.7454200021424,5.41380714491444,NA,26.2748698373922,0.00248110542789525,0,0,0
BDI,Burundi,2003,Sub-Saharan Africa,Low income,10.6474645658305,-1.22372796023444,NA,24.0243463141909,NA,0,0,0
BDI,Burundi,2015,Sub-Saharan Africa,Low income,5.54468891259779,-0.404525595204191,NA,25.0432787550205,0.264702987630016,0,0,0
BDI,Burundi,2020,Sub-Saharan Africa,Low income,7.3211064341552,0.306443809481593,NA,37.9686462481577,0.656677740998658,0,0,0
BDI,Burundi,1992,Sub-Saharan Africa,Low income,1.82333333333307,1.00999837099629,NA,16.9075357682664,0.0554078910909431,0,0,0
BDI,Burundi,2013,Sub-Saharan Africa,Low income,7.93795807492417,4.92392485117456,NA,25.8819425264112,4.7612156740524,0,1,0
BDI,Burundi,2014,Sub-Saharan Africa,Low income,4.40535234185293,4.24490803087248,NA,26.4533319187798,3.38973967159169,0,0,0
BDI,Burundi,2016,Sub-Saharan Africa,Low income,5.55768961400965,3.20017470604286,NA,24.4852969840702,0.00210472726474442,0,0,0
BDI,Burundi,2017,Sub-Saharan Africa,Low income,16.0525353030391,3.83185756925806,NA,26.2974722725836,2.30701019619549,0,0,0
CPV,Cabo Verde,1985,Sub-Saharan Africa,Lower middle income,5.39325842696638,8.64208661528207,101.821285052255,38.2551396503956,0,0,0,0
CPV,Cabo Verde,1988,Sub-Saharan Africa,Lower middle income,4.07407407407384,5.99685491429432,76.2016248517583,31.4431517313743,0.226217656170992,0,0,0
CPV,Cabo Verde,1989,Sub-Saharan Africa,Lower middle income,4.55516014234884,5.69794936616317,81.43779264177,31.4522181114132,0.0650679327297321,0,0,0
CPV,Cabo Verde,1987,Sub-Saharan Africa,Lower middle income,3.84615384615408,4.30906373191068,83.8326188925635,33.0505808743414,1.18431638645375,0,0,0
CPV,Cabo Verde,2009,Sub-Saharan Africa,Lower middle income,0.991103480568084,-1.50358672385678,80.4609561325344,71.0321628337926,6.80241863090143,0,0,0
CPV,Cabo Verde,1992,Sub-Saharan Africa,Lower middle income,3.1166643268286,10.9376469895221,83.9398899681127,42.6297277193163,0.126125688840816,0,0,0
CPV,Cabo Verde,1993,Sub-Saharan Africa,Lower middle income,5.78839590443697,8.70831156568961,60.3064320023898,49.7888088541707,0.743054427415921,0,0,0
CPV,Cabo Verde,1986,Sub-Saharan Africa,Lower middle income,10.8742004264391,2.87145542241004,93.0525241231483,36.3350851540362,-0.0045812352012123804,0,0,0
CPV,Cabo Verde,1998,Sub-Saharan Africa,Lower middle income,4.39423509983477,12.5172857879884,81.8814137506275,61.4545897527155,1.3017068264142,0,0,0
CPV,Cabo Verde,1995,Sub-Saharan Africa,Lower middle income,8.35152497972927,14.2116362469634,77.5155513809747,67.1200964080596,5.37425869038076,0,0,0
CPV,Cabo Verde,1996,Sub-Saharan Africa,Lower middle income,5.96361961777575,11.3465247642174,75.4899678573908,67.7569685050613,5.68310475150467,0,0,0
CPV,Cabo Verde,2013,Sub-Saharan Africa,Lower middle income,1.50654285701407,0.632136727385131,86.1698600308418,81.5743854193041,4.40125011545419,0,0,0
CPV,Cabo Verde,1999,Sub-Saharan Africa,Lower middle income,4.35643374510452,11.2226484455351,80.9690199640443,59.9585947710986,9.10423779012784,0,0,0
CPV,Cabo Verde,2000,Sub-Saharan Africa,Lower middle income,-2.47745668519835,14.2848688450919,87.5206083614917,64.3692809635846,6.34282422287075,0,0,0
CPV,Cabo Verde,2003,Sub-Saharan Africa,Lower middle income,1.18817038620528,4.17625932578332,98.7683808076547,71.0955943818955,4.82213415181345,0,0,0
CPV,Cabo Verde,2004,Sub-Saharan Africa,Lower middle income,-1.8908217230618,10.197072633926,101.567169989502,76.1676911801539,7.312720061603,0,0,0
CPV,Cabo Verde,2005,Sub-Saharan Africa,Lower middle income,0.41889161285517,6.91245795720201,104.343839857053,83.9926726482993,8.2812271109681,0,0,0
CPV,Cabo Verde,2006,Sub-Saharan Africa,Lower middle income,5.36907687065548,7.98375044795048,117.816697232822,87.7357029893905,11.8764317277784,0,0,0
CPV,Cabo Verde,1994,Sub-Saharan Africa,Lower middle income,3.45205833010708,19.1826416318144,71.5634420456064,66.1964376817888,0.523498435615536,0,0,0
CPV,Cabo Verde,2008,Sub-Saharan Africa,Lower middle income,6.77443546371142,7.03901129565128,90.9663882396256,68.9449933497726,10.7624753520891,0,0,0
CPV,Cabo Verde,2020,Sub-Saharan Africa,Lower middle income,0.6057961856899,-20.8052758990735,78.3934545931901,117.207977472991,3.71218491455203,0,0,0
CPV,Cabo Verde,2010,Sub-Saharan Africa,Lower middle income,2.07866470906423,1.83641914989978,85.5484498816191,73.0436006292437,6.36802137795552,0,0,0
CPV,Cabo Verde,1997,Sub-Saharan Africa,Lower middle income,8.55606258148633,11.1184260583756,85.979346154719,67.5847029038154,2.35964256897109,0,0,0
CPV,Cabo Verde,1990,Sub-Saharan Africa,Lower middle income,10.6535057862491,0.692171874476983,85.9515840306445,33.9238121124159,0.0823097605799336,0,0,0
CPV,Cabo Verde,2011,Sub-Saharan Africa,Lower middle income,4.47388342165023,3.92471821338283,90.5564501122747,71.5421051455497,4.99538224029443,0,0,0
CPV,Cabo Verde,2012,Sub-Saharan Africa,Lower middle income,2.54039644167108,1.08364848376166,90.649916554117,74.7307784158382,6.69129799994045,0,0,0
CPV,Cabo Verde,2001,Sub-Saharan Africa,Lower middle income,3.34996472317894,2.23165454528898,92.1637224974152,65.69693247356,1.60013112628632,0,0,0
CPV,Cabo Verde,1991,Sub-Saharan Africa,Lower middle income,9.5509074131036,1.40414698106899,80.9539693096621,34.9142940296732,0.545399202839722,0,0,0
CPV,Cabo Verde,2015,Sub-Saharan Africa,Lower middle income,0.131187999024544,0.936026507808833,94.0084870167993,90.2355435905366,5.49024513305668,0,0,0
CPV,Cabo Verde,2007,Sub-Saharan Africa,Lower middle income,4.41099704193488,15.1706879735517,94.2062075477847,71.1488112717832,11.6247473388534,0,0,0
CPV,Cabo Verde,2019,Sub-Saharan Africa,Lower middle income,1.10750930553819,6.94782634051859,103.602656463726,89.7736167899788,5.45788755667341,0,0,0
CPV,Cabo Verde,2018,Sub-Saharan Africa,Lower middle income,1.25615185860785,3.70696458310842,105.867524052105,89.146825081916,4.69595735976167,0,0,0
CPV,Cabo Verde,2002,Sub-Saharan Africa,Lower middle income,1.88453410076764,5.25089116960211,101.089702293616,71.5558713257736,2.37854487715663,0,0,0
CPV,Cabo Verde,2014,Sub-Saharan Africa,Lower middle income,-0.238778144990623,0.696666840118581,91.3038524117221,87.1221741798431,8.84407322092194,0,0,0
CPV,Cabo Verde,2016,Sub-Saharan Africa,Lower middle income,-1.40781637091705,4.28071482662371,95.3781398609533,92.2130330102213,6.82845117866997,0,0,0
CPV,Cabo Verde,2017,Sub-Saharan Africa,Lower middle income,0.784415251101334,4.5513148102974,100.052133904219,92.733881656721,5.59469673480566,0,0,0
KHM,Cambodia,2018,East Asia & Pacific,Lower middle income,2.45908515380146,8.77622376224463,118.43765541305,74.6505901845183,9.69240300027112,0,0,0
KHM,Cambodia,2019,East Asia & Pacific,Lower middle income,1.94257500833107,7.93695013588524,115.736679072448,79.4957002219874,9.98500044202808,0,0,0
KHM,Cambodia,1985,East Asia & Pacific,Lower middle income,NA,4.67018404006252,NA,NA,NA,0,0,0
KHM,Cambodia,1986,East Asia & Pacific,Lower middle income,NA,3.80081800784569,NA,NA,NA,0,0,0
KHM,Cambodia,2020,East Asia & Pacific,Lower middle income,2.9402951426397,-3.55572193406549,122.105396346568,95.8171140933626,10.410239809326,0,0,0
KHM,Cambodia,2001,East Asia & Pacific,Lower middle income,-0.600648300123686,7.38971065070517,111.771741244001,13.5619715478379,3.53337669089546,0,0,0
KHM,Cambodia,1989,East Asia & Pacific,Lower middle income,NA,3.47938318460915,NA,NA,NA,0,0,0
KHM,Cambodia,1990,East Asia & Pacific,Lower middle income,NA,1.16231184838939,NA,NA,NA,0,0,0
KHM,Cambodia,1991,East Asia & Pacific,Lower middle income,NA,7.59129793854025,NA,NA,NA,0,0,0
KHM,Cambodia,1995,East Asia & Pacific,Lower middle income,-0.798944337811878,9.90346890117173,77.7667280459137,7.69656814918501,4.38218500888824,0,0,0
KHM,Cambodia,1996,East Asia & Pacific,Lower middle income,7.15086140872796,5.89750560694478,69.161566797509,9.90682315982157,8.37255420712081,0,0,0
KHM,Cambodia,1997,East Asia & Pacific,Lower middle income,7.96021397777456,4.00662107873787,78.9346444583816,10.4764568397308,5.91564174870823,0,0,0
KHM,Cambodia,1998,East Asia & Pacific,Lower middle income,14.8065035437763,4.68163210426384,75.6194730009492,10.4951672835932,3.71333117712453,0,1,0
KHM,Cambodia,1987,East Asia & Pacific,Lower middle income,NA,21.5315192666416,NA,NA,NA,0,0,0
KHM,Cambodia,1988,East Asia & Pacific,Lower middle income,NA,11.9769088837606,NA,NA,NA,0,0,0
KHM,Cambodia,2013,East Asia & Pacific,Lower middle income,2.94162509547349,7.8574997554252,124.887552768657,43.3172830099668,10.4430587644193,0,0,0
KHM,Cambodia,2016,East Asia & Pacific,Lower middle income,3.01913975139128,7.90550116130704,122.704555602667,59.6772873985936,9.32318507305764,0,0,0
KHM,Cambodia,2002,East Asia & Pacific,Lower middle income,0.211466568022607,6.26507280509637,118.269562072288,16.4032649680924,2.90934773211661,0,0,0
KHM,Cambodia,2003,East Asia & Pacific,Lower middle income,0.94174611779921,10.2836813071691,120.074969093599,16.6250073622518,1.61651685032136,0,0,0
KHM,Cambodia,1992,East Asia & Pacific,Lower middle income,NA,7.01753837770227,NA,NA,1.32451043794356,0,0,0
KHM,Cambodia,1993,East Asia & Pacific,Lower middle income,NA,4.09837080453724,48.7242577792075,4.89445955475539,2.1361412398871,0,0,0
KHM,Cambodia,1994,East Asia & Pacific,Lower middle income,NA,-34.808638773859,64.4680319495873,6.36232853538865,2.46826428986319,0,0,0
KHM,Cambodia,2006,East Asia & Pacific,Lower middle income,5.81068550464306,10.9433600681694,140.348734318483,20.3554410879328,5.78657071926189,0,0,0
KHM,Cambodia,2000,East Asia & Pacific,Lower middle income,-0.791992529473567,9.99358032292079,110.397125303731,12.8570985855208,3.20257592365608,0,0,0
KHM,Cambodia,2008,East Asia & Pacific,Lower middle income,24.096851930605,7.47636606631011,130.393510678736,24.1147968902835,6.69590818514056,0,0,0
KHM,Cambodia,1999,East Asia & Pacific,Lower middle income,4.00820702088782,12.7053811380498,94.1768880770207,10.7842038899928,2.90641952247495,0,0,0
KHM,Cambodia,2015,East Asia & Pacific,Lower middle income,1.22393195511119,7.20703472529512,122.109596815379,54.0599818698712,7.54029662001984,0,0,0
KHM,Cambodia,2012,East Asia & Pacific,Lower middle income,2.93431609293951,7.65025657870362,116.740233418212,39.4519266838103,11.1524912445112,0,0,0
KHM,Cambodia,2011,East Asia & Pacific,Lower middle income,5.4784474961745,7.28665813879552,109.790505166814,31.2678877991878,9.59845134883877,0,0,0
KHM,Cambodia,2017,East Asia & Pacific,Lower middle income,2.91263557371478,8.07503915535979,121.155451298689,66.6143048461621,9.49760203098743,0,0,0
KHM,Cambodia,2014,East Asia & Pacific,Lower middle income,3.85568861424207,8.00032074618566,124.454908526693,51.0567705606563,8.40902020300656,0,0,0
KHM,Cambodia,2004,East Asia & Pacific,Lower middle income,4.31933677434786,9.45769481103929,131.351481056276,18.1337209886301,2.2337173477841,0,0,0
KHM,Cambodia,2005,East Asia & Pacific,Lower middle income,6.61525912001587,13.3033338358455,133.551965265648,17.1602588319069,5.36603852621255,0,0,0
KHM,Cambodia,2007,East Asia & Pacific,Lower middle income,8.70882770568049,10.398458101201,133.700023826819,27.4766104246117,8.56334609470361,0,0,0
KHM,Cambodia,2010,East Asia & Pacific,Lower middle income,3.99639528107218,5.07691843229247,109.998400607758,33.8731484201671,10.169807189939,0,0,0
KHM,Cambodia,2009,East Asia & Pacific,Lower middle income,-1.24171754189637,4.07477850599065,102.2879490147,31.1811886246228,7.42542554520067,0,0,0
CMR,Cameroon,2019,Sub-Saharan Africa,Lower middle income,2.45280214062732,3.47505998194981,43.3785132480415,NA,2.58340602489154,0,0,0
CMR,Cameroon,1995,Sub-Saharan Africa,Lower middle income,9.06969071921509,2.89400137739698,36.682272663701,11.9588597793816,0.139033995720212,0,0,0
CMR,Cameroon,1986,Sub-Saharan Africa,Lower middle income,7.77002498703532,6.77166308397663,46.0058070249231,20.4511830322858,-0.76494667807891,0,0,0
CMR,Cameroon,1985,Sub-Saharan Africa,Lower middle income,8.50837434391594,8.06316167125891,65.0245883756553,22.8503079864154,3.70083163693805,0,0,0
CMR,Cameroon,2018,Sub-Saharan Africa,Lower middle income,1.0688581131292,3.95551423892049,40.587602877028,21.401849245219,1.91485781286221,0,0,0
CMR,Cameroon,1990,Sub-Saharan Africa,Lower middle income,1.09938128383608,-6.10569764600656,37.496445441126,21.2336852653104,-0.916249104832404,0,0,0
CMR,Cameroon,2020,Sub-Saharan Africa,Lower middle income,2.43760882182236,0.259932915907115,33.7388313623871,NA,1.65595614712353,0,0,0
CMR,Cameroon,1996,Sub-Saharan Africa,Lower middle income,3.92406372749798,4.21507214953058,45.1156121020442,10.2738594743712,0.941242103821204,0,0,0
CMR,Cameroon,1997,Sub-Saharan Africa,Lower middle income,4.78623881860375,4.52731376625037,48.4696352704455,10.9781752730351,1.38667291495375,0,0,0
CMR,Cameroon,1998,Sub-Saharan Africa,Lower middle income,3.17075185386906,4.72553484802563,42.2946538344074,11.1785548375879,0.488852764808766,0,0,0
CMR,Cameroon,1999,Sub-Saharan Africa,Lower middle income,1.87174500672008,4.51130422140731,37.2383798464814,11.8588183863838,0.302700390243536,0,0,0
CMR,Cameroon,1987,Sub-Saharan Africa,Lower middle income,13.140499844701,-2.14665021536007,37.3202952689502,17.4876882252046,0.888344945897767,0,1,0
CMR,Cameroon,2001,Sub-Saharan Africa,Lower middle income,4.41977245881145,4.32426119221549,51.5722691890366,12.7084509376941,-0.10652670822566,0,0,0
CMR,Cameroon,1988,Sub-Saharan Africa,Lower middle income,1.68233260771209,-7.82363197491021,31.9946088568334,19.202999723067,0.754838562353887,0,0,0
CMR,Cameroon,1989,Sub-Saharan Africa,Lower middle income,-1.66552589550543,-1.81912051186825,38.4764837848263,20.4096381560754,-0.778514698819021,0,0,0
CMR,Cameroon,2002,Sub-Saharan Africa,Lower middle income,2.83442260128066,4.47702683369155,48.4817227279603,14.341494680962,4.06898458469026,0,0,0
CMR,Cameroon,1991,Sub-Saharan Africa,Lower middle income,0.0600513305003454,-3.80859937279318,34.6387793556715,21.6289440462884,-0.122447755843683,0,0,0
CMR,Cameroon,1992,Sub-Saharan Africa,Lower middle income,-0.0160550458717418,-3.10000321081914,38.8625921730277,18.8293120686533,0.241917820451063,0,0,0
CMR,Cameroon,1993,Sub-Saharan Africa,Lower middle income,-3.20655456915868,-7.93206657447536,26.1588429586065,11.9188114815468,0.0316449867572285,0,0,0
CMR,Cameroon,1994,Sub-Saharan Africa,Lower middle income,35.0944618459464,1.87680922580404,36.9611210051921,13.9818480031008,0.0412731557711486,0,0,0
CMR,Cameroon,2000,Sub-Saharan Africa,Lower middle income,1.22719012976132,3.83241779430614,47.9279442460149,13.401148205749,1.51144473289681,0,0,0
CMR,Cameroon,2007,Sub-Saharan Africa,Lower middle income,0.921402245650095,4.32758900972871,53.2156908605178,15.5063350261574,0.792290665611713,0,0,0
CMR,Cameroon,2017,Sub-Saharan Africa,Lower middle income,0.64040914988195,3.54117654926007,39.1990216052629,19.8972084405868,2.25620975874553,0,0,0
CMR,Cameroon,2015,Sub-Saharan Africa,Lower middle income,2.67623531419899,5.66695298703932,45.5401468279393,19.7832423088138,2.15564021048479,0,0,0
CMR,Cameroon,2012,Sub-Saharan Africa,Lower middle income,2.73529677529539,4.62597872209571,50.0360127271229,17.8203382055767,1.7488404761216,0,0,0
CMR,Cameroon,2016,Sub-Saharan Africa,Lower middle income,0.874190383288856,4.53579423678801,40.6386315268268,19.7406341351971,1.96334943457327,0,0,0
CMR,Cameroon,2011,Sub-Saharan Africa,Lower middle income,2.93969946305091,3.37921128506045,51.521987603918,19.0180387164544,2.13270391251932,0,0,0
CMR,Cameroon,2013,Sub-Saharan Africa,Lower middle income,2.0503471800174,4.99552916130783,49.6745363462134,18.3545710209579,1.62296806273401,0,0,0
CMR,Cameroon,2003,Sub-Saharan Africa,Lower middle income,0.623163557374316,5.45315368881347,40.2431925894529,13.59913981428,2.09694383064128,0,0,0
CMR,Cameroon,2004,Sub-Saharan Africa,Lower middle income,0.233647380067583,7.04886281858374,41.8377424272557,13.6311761091468,0.361118040793554,0,0,0
CMR,Cameroon,2009,Sub-Saharan Africa,Lower middle income,3.04361847939999,2.57925177738754,42.1761073594765,16.6728729156932,2.671669501987,0,0,0
CMR,Cameroon,2010,Sub-Saharan Africa,Lower middle income,1.27538046242338,2.89902472122014,47.2385853965951,18.314405045246,1.94952386693621,0,0,0
CMR,Cameroon,2005,Sub-Saharan Africa,Lower middle income,2.01353950175986,2.22827020924117,44.9976813478478,13.8993501294851,1.24860831295214,0,0,0
CMR,Cameroon,2006,Sub-Saharan Africa,Lower middle income,5.11757816019469,3.80958327566137,47.1044341803567,14.1520910010792,0.282739555044298,0,0,0
CMR,Cameroon,2008,Sub-Saharan Africa,Lower middle income,5.33780627627498,2.8476778892105,56.9244171562734,16.3715836247368,0.0757546676819469,0,0,0
CMR,Cameroon,2014,Sub-Saharan Africa,Lower middle income,1.85489850366776,5.71981814509198,50.8323893087648,19.2725607454566,1.99484327731063,0,0,0
CAF,Central African Republic,2002,Sub-Saharan Africa,Low income,2.33181703516234,3.61654219150596,36.1085647794782,14.9328716787466,0.566657013276163,0,0,0
CAF,Central African Republic,2006,Sub-Saharan Africa,Low income,6.69526465773354,4.77108543044105,36.3958702287378,15.9233900693061,2.37163652036171,0,0,0
CAF,Central African Republic,2003,Sub-Saharan Africa,Low income,4.13470905150995,-5.39748521855877,36.2312260023474,14.3866672329731,0.989218808380309,0,0,0
CAF,Central African Republic,2005,Sub-Saharan Africa,Low income,2.88352073359021,0.908210514871953,35.0709368656226,18.0693378091793,0.754917589946925,0,0,0
CAF,Central African Republic,1986,Sub-Saharan Africa,Low income,2.24515251162269,3.57797925430461,46.8090580912756,15.105481323669,0.727137995053487,0,0,0
CAF,Central African Republic,1990,Sub-Saharan Africa,Low income,-0.0123304562272101,-2.14752806574087,42.9429835183745,15.7665294260111,0.048437878429039,0,0,0
CAF,Central African Republic,1991,Sub-Saharan Africa,Low income,-2.76236280675762,-0.552543005101867,43.7093216871222,15.2411295864034,-0.353864327370008,0,0,0
CAF,Central African Republic,2004,Sub-Saharan Africa,Low income,-2.06640601136302,5.99488422798696,33.2439549188203,16.0606210396852,1.1867705571186,0,0,0
CAF,Central African Republic,1993,Sub-Saharan Africa,Low income,-2.91535849298334,0.335275684646064,39.9886220219109,17.8347044901589,-0.780440922889276,0,0,0
CAF,Central African Republic,2007,Sub-Saharan Africa,Low income,0.959917619457109,4.60753485452025,37.5808990187896,14.0040339877604,3.33860588929027,0,0,0
CAF,Central African Republic,1985,Sub-Saharan Africa,Low income,10.4238402303886,3.92721953798056,53.6444942027307,14.7810420929365,0.345905879849888,0,0,0
CAF,Central African Republic,2008,Sub-Saharan Africa,Low income,9.25895099417076,2.05413096200485,34.4375218095517,15.1768159629271,5.87486387887319,0,0,0
CAF,Central African Republic,1987,Sub-Saharan Africa,Low income,-6.98680270599973,-4.93898788502545,46.3944345628938,16.8578331144616,0.990740893335477,0,0,0
CAF,Central African Republic,1988,Sub-Saharan Africa,Low income,-3.96446882079366,1.71016528472386,42.7986346311062,15.1382356376145,-0.302589529524064,0,0,0
CAF,Central African Republic,1989,Sub-Saharan Africa,Low income,0.689055807312737,1.97727043451945,46.7670475619484,16.288481177947,0.104157669147719,0,0,0
CAF,Central African Republic,2012,Sub-Saharan Africa,Low income,5.47829594346117,5.05376125356918,33.0594485943314,15.7845783384482,2.79010478789883,0,0,0
CAF,Central African Republic,2001,Sub-Saharan Africa,Low income,3.83486060237361,4.46473902640867,39.7304997372329,15.914628060427,0.555825631817538,0,0,0
CAF,Central African Republic,2013,Sub-Saharan Africa,Low income,6.98879341970198,-36.3919770983887,38.3992875721315,25.5729526376708,0.109532467338194,0,0,0
CAF,Central African Republic,2014,Sub-Saharan Africa,Low income,14.8986841797549,0.0810705153264877,53.0950920179825,26.1656430570193,0.18339589636816,0,0,0
CAF,Central African Republic,2015,Sub-Saharan Africa,Low income,1.40297017136816,4.33712103020231,53.1451477769621,25.7138497015735,0.176904971713319,0,0,0
CAF,Central African Republic,2016,Sub-Saharan Africa,Low income,4.94543276106518,4.75031684122342,50.53064402191,25.208041304983,0.397590019652539,0,0,0
CAF,Central African Republic,2020,Sub-Saharan Africa,Low income,1.71015659523152,0.899999996857062,49.5210200011921,31.0917934655786,0.0746698927110639,0,0,0
CAF,Central African Republic,2009,Sub-Saharan Africa,Low income,3.52126227238642,8.58726042640994,31.4942464896799,15.5031081709309,2.04509891475672,0,0,0
CAF,Central African Republic,2010,Sub-Saharan Africa,Low income,1.49102370047802,4.63081843223307,34.4304819543042,16.5114673317348,2.8712892233531,0,0,0
CAF,Central African Republic,2011,Sub-Saharan Africa,Low income,1.1944757244985,4.19461533741989,34.4756183327299,17.3376006183327,1.5138934301082,0,0,0
CAF,Central African Republic,2000,Sub-Saharan Africa,Low income,3.20340091563112,-2.48943244028874,45.6597819937269,17.0347976402063,0.096977752043516,0,0,0
CAF,Central African Republic,1999,Sub-Saharan Africa,Low income,-1.41420220082551,3.59997490432274,43.212343897896,17.6049688095486,0.598007452503247,0,0,0
CAF,Central African Republic,2017,Sub-Saharan Africa,Low income,4.18072331871266,4.52727821346231,57.1435457117119,24.9906093454464,0.332412482969051,0,0,0
CAF,Central African Republic,2018,Sub-Saharan Africa,Low income,1.61215686991555,3.78944359275462,49.6602000024318,27.8010918950905,0.810612744001372,0,0,0
CAF,Central African Republic,2019,Sub-Saharan Africa,Low income,2.68537355266786,3.09999999999999,50.0658000014868,28.7013697066065,1.1525297989583,0,0,0
CAF,Central African Republic,1992,Sub-Saharan Africa,Low income,-1.03360811667777,-6.42407819946331,43.2290760804125,15.3166917743891,-0.756175028741329,0,0,0
CAF,Central African Republic,1996,Sub-Saharan Africa,Low income,3.72494110325801,-4.00009296364789,47.0844050293092,24.4534835453449,1.08411154913108,0,0,0
CAF,Central African Republic,1997,Sub-Saharan Africa,Low income,1.6113134776091,5.29993601826074,55.8185083614851,21.2536837854973,0.159683663271446,0,0,0
CAF,Central African Republic,1995,Sub-Saharan Africa,Low income,19.1894039735098,7.20004555751903,50.4758911171183,21.5930093669454,0.555910651339989,0,0,0
CAF,Central African Republic,1998,Sub-Saharan Africa,Low income,-1.8852009615791,4.70014237879329,51.0495318767161,17.0925014412555,0.75470901166624,0,0,0
CAF,Central African Republic,1994,Sub-Saharan Africa,Low income,24.5710137275604,4.89994941000114,48.4180322318527,24.3958643689057,0.423212351291702,0,0,0
TCD,Chad,1997,Sub-Saharan Africa,Low income,5.5722571112533,5.65339233100983,49.313101141288,12.6826222838018,2.86749782361545,0,0,0
TCD,Chad,1996,Sub-Saharan Africa,Low income,11.3308789057282,2.21447303231241,46.6100331929446,14.5008505680701,2.45536342628588,0,1,0
TCD,Chad,1998,Sub-Saharan Africa,Low income,4.2588511022514,6.95157991199449,48.0589828951249,10.2511828257405,1.24350917038373,0,0,0
TCD,Chad,1999,Sub-Saharan Africa,Low income,-8.02505962727454,-0.682850218939151,50.5078677642823,10.7905924626226,1.5980577412484,0,0,0
TCD,Chad,2000,Sub-Saharan Africa,Low income,3.82260088086306,-0.879681024403922,51.5711720135652,12.3490994800595,8.29469631381898,0,0,0
TCD,Chad,2005,Sub-Saharan Africa,Low income,7.89036567462993,17.3325337353466,77.577493649797,5.5448073534234,-1.1476866334562,0,0,0
TCD,Chad,2007,Sub-Saharan Africa,Low income,-8.9747396200927,4.20017418206496,75.1059962731949,7.70608483788778,-2.96036446114529,0,0,0
TCD,Chad,1995,Sub-Saharan Africa,Low income,9.23032599768656,1.23654931823651,55.6965565726313,12.9137178295389,2.25542024301071,0,0,0
TCD,Chad,2008,Sub-Saharan Africa,Low income,10.2969758221254,3.08119033861925,69.0677746090641,8.48248041674512,3.48233332294757,0,0,0
TCD,Chad,2009,Sub-Saharan Africa,Low income,9.95242290748864,-1.40828262674047,64.8597511917067,8.33574882696176,3.04360891943899,0,0,0
TCD,Chad,2010,Sub-Saharan Africa,Low income,-2.07786574641866,13.6738272741836,63.7311691270791,8.70140951220497,2.22641001271938,0,0,0
TCD,Chad,2011,Sub-Saharan Africa,Low income,2.0292405367826,4.49542966941512,57.5437561870898,8.79224929996722,1.68950609671276,0,0,0
TCD,Chad,2001,Sub-Saharan Africa,Low income,12.4312865279941,11.6581346546737,64.3219080406854,12.0683047719947,26.8795142899677,0,0,0
TCD,Chad,2002,Sub-Saharan Africa,Low income,5.19181895195446,8.49120981920397,126.350807849912,13.2549244704387,46.275241273497,0,0,0
TCD,Chad,2016,Sub-Saharan Africa,Low income,-0.792440525236102,-4.12250332670322,43.9580149331537,12.2811689052555,1.87837153237555,0,0,0
TCD,Chad,2017,Sub-Saharan Africa,Low income,-1.5370996298084,-1.61746922760291,43.2900613852468,11.6969722537549,2.72215531343515,0,0,0
TCD,Chad,2018,Sub-Saharan Africa,Low income,4.27462198610545,5.74111580758154,46.7384317860183,10.7191805601758,3.00704966736056,0,0,0
TCD,Chad,2006,Sub-Saharan Africa,Low income,8.03628897951331,-0.542829570704413,77.0815766029615,7.47697747794766,-2.86740171976294,0,0,0
TCD,Chad,2020,Sub-Saharan Africa,Low income,4.46414437232861,-0.393646583111035,40.6428170621932,15.3120934124957,3.73465690769548,0,0,0
TCD,Chad,1992,Sub-Saharan Africa,Low income,-3.11303067214949,8.00144335036164,35.904560029092,13.3470612638839,0.104193926304216,0,0,0
TCD,Chad,1994,Sub-Saharan Africa,Low income,41.7248972364414,10.1368876316675,50.9883513558935,9.56520099073719,2.29478113190748,0,0,0
TCD,Chad,2012,Sub-Saharan Africa,Low income,7.51662364663833,9.0618039227671,54.3851887421013,8.58548219684348,3.24047414068829,0,0,0
TCD,Chad,2003,Sub-Saharan Africa,Low income,-1.75256941248655,14.7216670128899,83.3789149599315,11.6119479068705,25.9829201533053,0,0,0
TCD,Chad,2004,Sub-Saharan Africa,Low income,-5.35540028884816,33.6293718505196,101.768590921564,8.16223192158948,10.5541199124918,0,0,0
TCD,Chad,2013,Sub-Saharan Africa,Low income,0.222671564624551,2.83821524768997,51.5308164549816,9.65711185947141,2.91179134022524,0,0,0
TCD,Chad,2014,Sub-Saharan Africa,Low income,1.6819731392567,2.06283074347695,40.8116269859319,12.0294799460796,-3.72317778039931,0,0,0
TCD,Chad,1991,Sub-Saharan Africa,Low income,3.19387473029496,8.53513716408554,36.3495413219118,13.6771803360387,0.225850606022365,0,0,0
TCD,Chad,1990,Sub-Saharan Africa,Low income,-0.738282265310918,-4.17847237277633,41.3870234428165,14.8020198338506,0.540663174463444,0,0,0
TCD,Chad,2019,Sub-Saharan Africa,Low income,-0.971939175419401,5.3828220290379,46.6777247152768,12.8212485831541,3.80153819394825,0,0,0
TCD,Chad,1993,Sub-Saharan Africa,Low income,-8.427933486518,-15.7098370450575,42.647333333374696,11.5051004426004,1.03611067994266,0,0,0
TCD,Chad,2015,Sub-Saharan Africa,Low income,4.37712665065654,3.30415979759636,48.5114982079885,11.9315892413338,3.84380092336452,0,0,0
TCD,Chad,1986,Sub-Saharan Africa,Low income,-13.0565725758829,-4.08166751727347,48.7698991279027,19.6633149612375,2.64092106277313,0,0,0
TCD,Chad,1987,Sub-Saharan Africa,Low income,-5.97484276729554,-2.38880849732436,51.8817263983252,21.5588453563133,0.701554073153588,0,0,0
TCD,Chad,1988,Sub-Saharan Africa,Low income,15.4775176514303,15.4823590700135,45.1233829032322,14.8284955545675,0.0869586948337224,0,0,0
TCD,Chad,1989,Sub-Saharan Africa,Low income,-3.68913460441471,4.88473510251002,45.1900918656555,15.4736609050615,1.3070728380526,0,0,0
TCD,Chad,1985,Sub-Saharan Africa,Low income,5.15399900645816,21.7927735303921,43.2336653879896,15.4912536441823,5.19326944873866,0,0,0
CHN,China,1987,East Asia & Pacific,Upper middle income,7.23383553065609,11.6282225655699,24.8138336744697,65.2454473151253,0.846208214101229,0,0,0
CHN,China,1991,East Asia & Pacific,Upper middle income,3.55668565220452,9.36170212784847,25.8729814947102,84.2688789310812,1.13546978147697,0,0,0
CHN,China,2007,East Asia & Pacific,Upper middle income,4.81676767378834,14.1499854947127,61.2664640006176,147.145178873564,4.33537500236917,0,0,0
CHN,China,1985,East Asia & Pacific,Upper middle income,NA,13.435474366529,20.6743372843961,53.4768920238265,0.535049748242083,0,0,0
CHN,China,1998,East Asia & Pacific,Upper middle income,-0.773186011549318,7.92079207933551,32.1717399357488,122.938871865825,4.40097362165008,0,0,0
CHN,China,1986,East Asia & Pacific,Upper middle income,NA,8.93506493506504,19.8450541369327,61.072418039095,0.622282399569032,0,0,0
CHN,China,2001,East Asia & Pacific,Upper middle income,0.719125609120113,8.31263887091522,38.0826469518334,139.457645645892,3.47245235578959,0,0,0
CHN,China,2003,East Asia & Pacific,Upper middle income,1.12760348729637,10.1181928640117,51.0774801301803,151.396834348204,3.43849537731211,0,0,0
CHN,China,1988,East Asia & Pacific,Upper middle income,18.8118179448752,11.2225949825209,30.0133389183239,63.1451231060606,1.02080965909091,0,0,0
CHN,China,1990,East Asia & Pacific,Upper middle income,3.05229012075233,3.9416305983694,24.2259824799678,77.6425730845708,0.964431294157465,0,0,0
CHN,China,1994,East Asia & Pacific,Upper middle income,24.2569897243361,13.0727091631599,35.605463524878,96.0257622456623,5.95964712479176,0,0,0
CHN,China,1995,East Asia & Pacific,Upper middle income,16.7912251650916,11.0328121562746,34.1049521589323,98.5305615302014,4.85635899646063,1,1,0
CHN,China,2004,East Asia & Pacific,Upper middle income,3.82463743108159,10.1314073631003,58.640334040843904,147.615589302677,3.43299015092913,0,0,0
CHN,China,1989,East Asia & Pacific,Upper middle income,18.2456383621647,4.20633435547828,25.061554891412,66.2004648460198,0.973934921557234,0,1,0
CHN,China,2013,East Asia & Pacific,Upper middle income,2.62105001748114,7.77872409446717,45.9160413795571,183.302565918285,2.98598708261986,0,0,0
CHN,China,1997,East Asia & Pacific,Upper middle income,2.78646505531881,9.2876465280865,34.3135763220021,114.512695543783,4.69530688267996,0,0,0
CHN,China,2014,East Asia & Pacific,Upper middle income,1.9216416278852,7.46190028229434,44.0684564812532,187.314251294572,2.51155883670463,0,0,0
CHN,China,1999,East Asia & Pacific,Upper middle income,-1.40147268276464,7.7370030581299,33.2255380760054,132.461717092239,3.71556393762674,0,0,0
CHN,China,2000,East Asia & Pacific,Upper middle income,0.347811226864586,8.58643201808462,39.0109424774998,134.204035985099,3.43984725315719,0,0,0
CHN,China,2016,East Asia & Pacific,Upper middle income,2.00000182191943,6.77555562837017,36.177170692978,203.636484929709,1.52539470315394,0,0,0
CHN,China,2002,East Asia & Pacific,Upper middle income,-0.731970902350243,9.24339326638321,42.1944423387413,143.510188392199,3.56241418263928,0,0,0
CHN,China,2017,East Asia & Pacific,Upper middle income,1.59313600071435,6.8912663621211,36.95085261586,197.758726760426,1.32468971748482,0,0,0
CHN,China,2008,East Asia & Pacific,Upper middle income,5.92525137041091,9.67024588602851,56.7111330003209,146.512649012789,3.67520717506325,0,0,0
CHN,China,2009,East Asia & Pacific,Upper middle income,-0.728165250932898,9.40269972778044,44.4197644331119,172.126190075826,2.52538984334254,0,0,0
CHN,China,2010,East Asia & Pacific,Upper middle income,3.17532475269199,10.5962719761682,49.8540722338977,173.1296534949,3.93541996731512,0,0,0
CHN,China,1996,East Asia & Pacific,Upper middle income,8.31316028893908,9.97619992053447,33.6287512313005,105.379681099451,4.62623979720429,0,1,0
CHN,China,2012,East Asia & Pacific,Upper middle income,2.6195243264554,7.85617427055587,47.4802130784317,177.923288760071,2.78099138181613,0,0,0
CHN,China,2011,East Asia & Pacific,Upper middle income,5.55389892257493,9.4613358870736,49.9458272253643,171.792982609304,3.65069190228423,0,0,0
CHN,China,1992,East Asia & Pacific,Upper middle income,6.35398134024868,14.2996108947926,30.0340940533808,89.1253535368338,2.60348627617638,0,0,0
CHN,China,1993,East Asia & Pacific,Upper middle income,14.6100786356602,13.9290780143689,35.9086416582146,99.6122245579946,6.16158341638819,0,0,0
CHN,China,2015,East Asia & Pacific,Upper middle income,1.43702380935654,6.97878002657477,38.6971848362625,198.185813599802,2.14957284731563,0,0,0
CHN,China,2018,East Asia & Pacific,Upper middle income,2.07479039965576,6.75671800166833,36.8943843914718,191.550070069751,1.66361992284408,0,0,0
CHN,China,2006,East Asia & Pacific,Upper middle income,1.64943099455859,12.6746751655235,63.5695798621627,155.272748838162,4.44499743873593,0,0,0
CHN,China,2019,East Asia & Pacific,Upper middle income,2.89923416358226,6.06850235053705,35.1994202738836,194.078381206535,1.28549226847992,0,0,0
CHN,China,2005,East Asia & Pacific,Upper middle income,1.7764140766757,11.458238455067,61.3600749408237,149.026378631702,4.49218509012467,0,0,0
CHN,China,2020,East Asia & Pacific,Upper middle income,2.41942189457782,2.34018843078414,34.0389507864581,207.530288794204,1.68770756292082,0,0,0
COL,Colombia,1985,Latin America & Caribbean,Upper middle income,24.090174368125,3.1071061957296,26.3331012832964,31.2695244732911,2.9317015543862,0,0,0
COL,Colombia,1993,Latin America & Caribbean,Upper middle income,22.4424828533275,5.38540993901029,36.1774714449627,28.4643572252727,1.44341026306631,1,1,1
COL,Colombia,1998,Latin America & Caribbean,Upper middle income,18.6769799276671,0.569784088434517,35.9089230535138,33.046013382286,2.87354611202614,1,1,1
COL,Colombia,1999,Latin America & Caribbean,Upper middle income,10.873687085747,-4.20401524244947,36.1492793141794,34.2740263359738,1.74959315214541,1,1,0
COL,Colombia,1994,Latin America & Caribbean,Upper middle income,22.8462417553044,5.81466190724336,35.917537450138,32.1082201432541,1.77042262125538,1,1,1
COL,Colombia,1988,Latin America & Caribbean,Upper middle income,28.1083969771703,4.06417324490376,30.1428020036572,23.1011389313487,0.51769140170422,1,1,1
COL,Colombia,1992,Latin America & Caribbean,Upper middle income,27.010626623136,4.04492943933556,33.6115913436524,26.9398374337339,1.24736846158865,1,1,1
COL,Colombia,2006,Latin America & Caribbean,Upper middle income,4.29342363628926,6.71686869844402,39.6413559606293,32.2883014174959,4.17238510059526,0,0,0
COL,Colombia,2007,Latin America & Caribbean,Upper middle income,5.54438485815155,6.73819469090975,37.0988970982903,33.7551965296607,4.30867680626701,0,0,0
COL,Colombia,1991,Latin America & Caribbean,Upper middle income,30.3878204854435,2.00160759559029,33.5299180947153,24.7296935438941,0.929119963410911,1,1,1
COL,Colombia,1996,Latin America & Caribbean,Upper middle income,20.7975755127401,2.05585471287195,36.0441071863282,33.41472134795,3.20262771722448,1,1,1
COL,Colombia,1997,Latin America & Caribbean,Upper middle income,18.4700217119089,3.43029367788374,35.5970680886793,34.2534486260465,5.21492781259777,1,1,1
COL,Colombia,2010,Latin America & Caribbean,Upper middle income,2.27200227892008,4.49465897070922,34.2646031687681,37.9368625133083,2.24433595561184,0,0,0
COL,Colombia,1995,Latin America & Caribbean,Upper middle income,20.8917930194849,5.20243759278655,35.4972303177666,32.9296463798546,1.04680224097574,1,1,1
COL,Colombia,2001,Latin America & Caribbean,Upper middle income,7.96556090304834,1.67789830787579,33.9011117949445,28.5091471133911,2.58851936306874,0,1,0
COL,Colombia,1989,Latin America & Caribbean,Upper middle income,25.8675480831987,3.41409610966596,31.8216218481762,NA,1.45674970076126,1,1,1
COL,Colombia,1990,Latin America & Caribbean,Upper middle income,29.1520245976215,4.28199833053058,34.7778103803081,24.116638694195,1.04506114042541,1,1,1
COL,Colombia,1987,Latin America & Caribbean,Upper middle income,23.302028364018,5.36893214821323,29.865550187616,26.7775356715147,0.877016761917627,1,1,1
COL,Colombia,2018,Latin America & Caribbean,Upper middle income,3.24056932930569,2.56432428277704,36.5347527968973,36.9100913802191,3.38083573220188,0,0,0
COL,Colombia,2005,Latin America & Caribbean,Upper middle income,5.05101962689695,4.82876110773741,37.422697494955,30.90999647801,7.02979401438219,0,0,0
COL,Colombia,2020,Latin America & Caribbean,Upper middle income,2.52663500084706,-7.18591413760859,34.0555709680101,46.9413813299507,2.7588942895314,0,0,0
COL,Colombia,1986,Latin America & Caribbean,Upper middle income,18.8424631612405,5.82407613745866,30.8306359086594,NA,1.9288837346618,0,0,0
COL,Colombia,2008,Latin America & Caribbean,Upper middle income,6.9968849555451,3.28344618616541,39.1676494164355,35.9614943047243,4.35627834630067,0,0,0
COL,Colombia,2009,Latin America & Caribbean,Upper middle income,4.20251661216481,1.13964864548062,35.1561285074585,36.920133331889,3.45627065154005,0,0,0
COL,Colombia,2003,Latin America & Caribbean,Upper middle income,7.1297886294186,3.91827190322513,36.51618351723,27.3345394310413,1.81783931129221,0,0,0
COL,Colombia,2004,Latin America & Caribbean,Upper middle income,5.90402005546502,5.33302206759905,35.8634269337995,28.8546460581021,2.66083488771203,0,0,0
COL,Colombia,2000,Latin America & Caribbean,Upper middle income,9.22534818585365,2.92486148176778,32.6670854693067,25.8200005700064,2.43950747934181,0,1,0
COL,Colombia,2002,Latin America & Caribbean,Upper middle income,6.35150728778872,2.50398046659659,32.9826392144234,27.455592548075,2.17844751407948,0,0,0
COL,Colombia,2019,Latin America & Caribbean,Upper middle income,3.52301932741446,3.18685539245533,37.558533980839,36.86598903815,4.33058240931506,0,0,0
COL,Colombia,2014,Latin America & Caribbean,Upper middle income,2.89883787761737,4.49903000110972,37.4874656411103,46.3781588471125,4.2410725668786204,0,0,0
COL,Colombia,2017,Latin America & Caribbean,Upper middle income,4.3143132569501,1.35936086788746,35.2829149424588,49.0241162749341,4.3931823276543,0,0,0
COL,Colombia,2015,Latin America & Caribbean,Upper middle income,4.98983115849529,2.95590137527523,38.3607641184453,48.9914370832794,3.95939854860993,0,0,0
COL,Colombia,2012,Latin America & Caribbean,Upper middle income,3.16930188840055,3.91263576716115,38.835151018669,42.7462807925581,4.05728041313345,0,0,0
COL,Colombia,2011,Latin America & Caribbean,Upper middle income,3.4150334477625,6.94789198173555,39.4704235545367,39.6524715556766,4.37269536127322,0,0,0
COL,Colombia,2013,Latin America & Caribbean,Upper middle income,2.01699224310383,5.13399351995672,37.9866487978457,45.3776099797769,4.24252457969381,0,0,0
COL,Colombia,2016,Latin America & Caribbean,Upper middle income,7.51346024627674,2.08738250162794,36.202652984202,48.9199583628706,4.90164572903473,0,0,0
COM,Comoros,1985,Sub-Saharan Africa,Lower middle income,NA,2.77913541754444,35.757685475385,9.65755569213642,0,0,0,0
COM,Comoros,1999,Sub-Saharan Africa,Lower middle income,NA,2.69768646408839,35.7571570476989,10.887134339482,0.072864796790572,0,0,0
COM,Comoros,2000,Sub-Saharan Africa,Lower middle income,NA,-1.00701887109655,35.7574785306267,11.8420252268592,0.0275813880015483,0,0,0
COM,Comoros,1990,Sub-Saharan Africa,Lower middle income,NA,7.33881096130857,35.7570317175345,14.1681148815513,0.0978688375370205,0,0,0
COM,Comoros,1995,Sub-Saharan Africa,Lower middle income,NA,5.63727928670581,35.7572385369768,11.889443545206,0.226472068292729,0,0,0
COM,Comoros,1989,Sub-Saharan Africa,Lower middle income,NA,-0.917059811290571,35.7577593566687,14.2208572573107,0.993838581584732,0,0,0
COM,Comoros,1998,Sub-Saharan Africa,Lower middle income,NA,0.0250407992332242,35.7572500543394,9.79537338922528,0.105574621312169,0,0,0
COM,Comoros,2009,Sub-Saharan Africa,Lower middle income,4.36234829325719,3.24060198483924,37.8969223253542,18.0285610620514,1.52866108214525,0,0,0
COM,Comoros,1997,Sub-Saharan Africa,Lower middle income,NA,4.41042562590719,35.7570438604224,11.5689262192895,0.00551242380778482,0,0,0
COM,Comoros,2003,Sub-Saharan Africa,Lower middle income,3.799081366719,1.93442812313498,35.7569591176854,14.9434969932178,0.145062208685244,0,0,0
COM,Comoros,1991,Sub-Saharan Africa,Lower middle income,NA,-6.16697445150861,35.75721110708,14.1148050155297,0.625613888602015,0,0,0
COM,Comoros,1988,Sub-Saharan Africa,Lower middle income,NA,4.9705961043117,35.7565312388164,12.643460210375,1.11973812946484,0,0,0
COM,Comoros,2002,Sub-Saharan Africa,Lower middle income,3.53304214308077,4.59768263263243,35.7571190335913,16.3213081515995,0.100716007387665,0,0,0
COM,Comoros,1993,Sub-Saharan Africa,Lower middle income,NA,2.5473458344995,35.7569519162497,14.3293538746058,0.0445831475707246,0,0,0
COM,Comoros,1994,Sub-Saharan Africa,Lower middle income,NA,-3.98651752857747,35.7572794061551,14.2083339690871,0.0564549352359372,0,0,0
COM,Comoros,2007,Sub-Saharan Africa,Lower middle income,4.46616710098131,0.803599788247752,33.1561792127495,15.9442378815728,0.966721983950354,0,0,0
COM,Comoros,1996,Sub-Saharan Africa,Lower middle income,NA,-0.510368828932258,35.7578150774993,12.7425588715783,0.12994022919074,0,0,0
COM,Comoros,2008,Sub-Saharan Africa,Lower middle income,1.7007817628453,3.96461118871815,36.2185263542809,16.5833465307162,0.507893616352291,0,0,0
COM,Comoros,2011,Sub-Saharan Africa,Lower middle income,1.8426630075619,4.14356479211455,40.00094857244,20.8318022868284,2.25967654324554,0,0,0
COM,Comoros,2004,Sub-Saharan Africa,Lower middle income,4.47499289078106,3.10041210399676,35.7570631253248,14.0137067397024,0.108010654825932,0,0,0
COM,Comoros,1986,Sub-Saharan Africa,Lower middle income,NA,2.07103502558049,35.7566167116572,9.71855564007338,0,0,0,0
COM,Comoros,1987,Sub-Saharan Africa,Lower middle income,NA,2.07774404121217,35.7568169719435,11.6467526950242,2.40879401250528,0,0,0
COM,Comoros,2017,Sub-Saharan Africa,Lower middle income,-0.237362224154613,3.81570211280726,40.164358921352,27.2175455164757,0.363776536091142,0,0,0
COM,Comoros,2006,Sub-Saharan Africa,Lower middle income,3.37436360121204,-1.75444679449394,35.7572745739842,15.4088043393002,0.11306053010776,0,0,0
COM,Comoros,2005,Sub-Saharan Africa,Lower middle income,3.0133239505812,5.66520240193151,35.7574093238258,14.2565481779877,0.0852741893191707,0,0,0
COM,Comoros,1992,Sub-Saharan Africa,Lower middle income,NA,7.35801529393501,35.757355539978,14.529515105884,-0.331455374973995,0,0,0
COM,Comoros,2001,Sub-Saharan Africa,Lower middle income,5.55459394816812,5.41959971808741,35.7572288509346,15.9303655192455,0.307423421152582,0,0,0
COM,Comoros,2016,Sub-Saharan Africa,Lower middle income,0.797517430888487,3.32039987961315,37.1328797158337,27.8636077791238,0.352458395658835,0,0,0
COM,Comoros,2020,Sub-Saharan Africa,Lower middle income,0.786641929499151,-0.195577456821965,33.7299346029218,31.5521395452455,0.318014572633564,0,0,0
COM,Comoros,2012,Sub-Saharan Africa,Lower middle income,6.31474450315177,3.16835627559691,40.8104424089423,22.4617518584309,1.02133818400059,0,0,0
COM,Comoros,2018,Sub-Saharan Africa,Lower middle income,2.15155084413033,3.64259587408398,42.9961533369453,28.2159061016217,0.48130680430061,0,0,0
COM,Comoros,2010,Sub-Saharan Africa,Lower middle income,3.35475770328919,3.77788070743117,39.5501058029898,20.4028166767333,0.91966985988271,0,0,0
COM,Comoros,2019,Sub-Saharan Africa,Lower middle income,3.58213544469211,1.76070164655727,42.2680785372908,28.1030746834602,0.362046315267837,0,0,0
COM,Comoros,2015,Sub-Saharan Africa,Lower middle income,-0.117173884190069,1.14747399397193,37.8049520714563,26.5577926363641,0.511029838634196,0,0,0
COM,Comoros,2013,Sub-Saharan Africa,Lower middle income,-4.29487331536756,4.4661636979028,39.2433304149929,21.7333536290114,0.379103082802071,0,0,0
COM,Comoros,2014,Sub-Saharan Africa,Lower middle income,7.54755379096711,2.10666920560958,39.2358244169194,22.8178435244477,0.407499039358216,0,0,0
COD,"Congo, Dem. Rep.",2015,Sub-Saharan Africa,Low income,0.74419899478147,6.35973756164829,57.7539236163245,11.5984767365493,2.90127515060918,0,0,0
COD,"Congo, Dem. Rep.",1993,Sub-Saharan Africa,Low income,1986.90476190475,-13.469050538128,NA,30.6835066864785,0.0641680665385587,1,1,1
COD,"Congo, Dem. Rep.",1994,Sub-Saharan Africa,Low income,23773.1317741015,-3.89999680312374,42.5167224681773,8.40106010880216,-0.0257715032452164,1,1,1
COD,"Congo, Dem. Rep.",1989,Sub-Saharan Africa,Low income,104.06522942826,-1.26605063560959,NA,8.51920850583063,-0.067724373028688,1,1,1
COD,"Congo, Dem. Rep.",2017,Sub-Saharan Africa,Low income,NA,4.24121047272719,65.9184525277578,13.6541513915048,2.79181852942997,0,0,0
COD,"Congo, Dem. Rep.",1986,Sub-Saharan Africa,Low income,44.4,4.71720965340853,NA,8.06631239533562,0.0685577291884824,0,0,0
COD,"Congo, Dem. Rep.",2014,Sub-Saharan Africa,Low income,1.24303889760802,7.30227750870263,74.1131729382021,11.1174080264245,3.90992337722209,0,0,0
COD,"Congo, Dem. Rep.",2019,Sub-Saharan Africa,Low income,NA,0.555384294580819,60.9143523742792,16.7186874641726,2.88391132652101,0,0,0
COD,"Congo, Dem. Rep.",1985,Sub-Saharan Africa,Low income,23.8207845213349,0.46785095094603,NA,6.89722658161266,0.961634330644133,0,0,0
COD,"Congo, Dem. Rep.",1991,Sub-Saharan Africa,Low income,2154.4368271134,-8.42105149913377,NA,14.3642253333333,0.128721430145,1,1,1
COD,"Congo, Dem. Rep.",2018,Sub-Saharan Africa,Low income,NA,6.0716887064661504,72.5591739081336,12.6564111724281,3.01664160584951,0,0,0
COD,"Congo, Dem. Rep.",1987,Sub-Saharan Africa,Low income,78.6703601108032,2.67564245126937,NA,8.78443394064611,-0.718907496811814,1,1,1
COD,"Congo, Dem. Rep.",2016,Sub-Saharan Africa,Low income,2.88585107289988,0.393832798154563,68.0083342860132,13.5668003866896,2.41546438746157,0,0,0
COD,"Congo, Dem. Rep.",1997,Sub-Saharan Africa,Low income,198.516707416462,-5.61704659870092,33.750000421875,NA,-0.728142744101784,1,1,1
COD,"Congo, Dem. Rep.",1998,Sub-Saharan Africa,Low income,29.1488069236652,-1.62415404479,62.6793067265869,NA,0.986360812284015,1,1,1
COD,"Congo, Dem. Rep.",1988,Sub-Saharan Africa,Low income,71.0917312661503,0.470381336748687,NA,10.5646750326316,-0.04446300103079,1,1,1
COD,"Congo, Dem. Rep.",2003,Sub-Saharan Africa,Low income,12.8739657187404,5.57782231144439,54.0313561776419,3.16074494763066,4.37764234247167,1,1,0
COD,"Congo, Dem. Rep.",1990,Sub-Saharan Africa,Low income,81.295404814004,-6.56831069464245,NA,12.8896846443257,-0.154656300440917,1,1,1
COD,"Congo, Dem. Rep.",2005,Sub-Saharan Africa,Low income,21.316816722934,6.13515115548968,51.0276749145565,4.2985310260745,1.42746926673699,0,0,0
COD,"Congo, Dem. Rep.",1992,Sub-Saharan Africa,Low income,4129.16985661558,-10.5000085646478,NA,15.8024695856874,-0.00887285141144068,1,1,1
COD,"Congo, Dem. Rep.",2006,Sub-Saharan Africa,Low income,13.0526949745101,5.10894433184896,44.7667089929736,5.54535538315526,1.65396062655392,0,0,0
COD,"Congo, Dem. Rep.",1996,Sub-Saharan Africa,Low income,492.441850235414,-1.02317264199921,60.3162567434145,NA,0.429527590786065,1,1,1
COD,"Congo, Dem. Rep.",1999,Sub-Saharan Africa,Low income,284.894975914086,-4.27014083113345,41.1776608191529,NA,0.236879334969256,1,1,1
COD,"Congo, Dem. Rep.",2000,Sub-Saharan Africa,Low income,513.906843747535,-6.91092731652104,27.0144029227569,3.42308139669861,0.493452281553792,1,1,1
COD,"Congo, Dem. Rep.",2001,Sub-Saharan Africa,Low income,359.936614264585,-2.10017302488848,25.0419375138391,2.85740812895541,1.37428477040761,1,1,1
COD,"Congo, Dem. Rep.",2002,Sub-Saharan Africa,Low income,31.5225826025495,2.94776518359767,29.3168456429821,2.91725803901463,2.1493797198493,1,1,1
COD,"Congo, Dem. Rep.",2020,Sub-Saharan Africa,Low income,NA,0.775427992354622,61.0284707727916,21.7477739808735,3.20844071096691,0,0,0
COD,"Congo, Dem. Rep.",1995,Sub-Saharan Africa,Low income,541.908883239026,0.699998829794396,52.2085314177979,6.7405046846566,-0.396035086238951,1,1,1
COD,"Congo, Dem. Rep.",2004,Sub-Saharan Africa,Low income,3.9943840081597,6.73837393324293,49.3364146254994,5.06281053286604,3.97216281770058,0,0,0
COD,"Congo, Dem. Rep.",2011,Sub-Saharan Africa,Low income,15.316515913949,7.59331721294959,83.4133637998303,9.89490017567858,6.04729215599495,0,0,0
COD,"Congo, Dem. Rep.",2013,Sub-Saharan Africa,Low income,0.80822310148711,9.62448879216879,72.5557545139014,10.7235574589915,4.86537109127196,0,0,0
COD,"Congo, Dem. Rep.",2007,Sub-Saharan Africa,Low income,16.9451006541949,8.52992974243585,72.9983031777719,6.3767881694153,9.83955871746128,1,1,0
COD,"Congo, Dem. Rep.",2010,Sub-Saharan Africa,Low income,7.10000000000037,7.84300782191249,80.9975153909582,9.02941039225899,11.3498081290486,0,0,0
COD,"Congo, Dem. Rep.",2008,Sub-Saharan Africa,Low income,17.3013845700156,7.40172337539792,72.9527093196566,7.38692429885377,7.59918523525185,1,1,0
COD,"Congo, Dem. Rep.",2012,Sub-Saharan Africa,Low income,9.72182806273364,8.66859360531922,66.7056747465748,10.4910922620386,9.62926566877035,0,1,0
COD,"Congo, Dem. Rep.",2009,Sub-Saharan Africa,Low income,2.79999999999981,0.565481557604713,63.0860045505312,9.73296477064675,-1.30701676006767,0,0,0
COG,"Congo, Rep.",2009,Sub-Saharan Africa,Lower middle income,4.41500374795223,11.6372888615758,135.552365681975,22.0572760170784,12.2288862499697,0,0,0
COG,"Congo, Rep.",1986,Sub-Saharan Africa,Lower middle income,4.15811088295678,-6.86152643665193,93.5022348876701,20.6463802627213,1.21343665371882,0,0,0
COG,"Congo, Rep.",1987,Sub-Saharan Africa,Lower middle income,0.443568260226844,0.189376640368906,80.3551924832466,20.2884914176839,1.89093188330246,0,0,0
COG,"Congo, Rep.",2010,Sub-Saharan Africa,Lower middle income,0.391525011227612,9.93126543095578,124.064754399607,20.4565775726738,11.5772952217296,0,0,0
COG,"Congo, Rep.",2012,Sub-Saharan Africa,Lower middle income,5.01018773134471,9.94715314257564,97.444435145443,24.3752178069678,-0.391399397519283,0,0,0
COG,"Congo, Rep.",2011,Sub-Saharan Africa,Lower middle income,1.75958704273803,2.20591936286718,124.591742710141,24.9001094939288,1.90783479461617,0,0,0
COG,"Congo, Rep.",1989,Sub-Saharan Africa,Lower middle income,-1.79698882952884,2.59987651814491,83.3530093224987,18.0943196696791,-0.298176845331261,0,0,0
COG,"Congo, Rep.",2013,Sub-Saharan Africa,Lower middle income,4.63161619729461,-0.712434451876447,93.0028633915235,25.0861986194118,10.4621010083708,0,0,0
COG,"Congo, Rep.",2014,Sub-Saharan Africa,Lower middle income,0.912139545450097,6.64606540928447,104.197620103417,28.6204605365655,16.1339951694307,0,0,0
COG,"Congo, Rep.",2020,Sub-Saharan Africa,Lower middle income,1.79537147083107,-6.26777227963225,69.3066247188397,31.1889506418211,-17.2921171034228,0,0,0
COG,"Congo, Rep.",2004,Sub-Saharan Africa,Lower middle income,2.42976607961799,3.47663162118089,131.368198717322,12.7938350028504,1.90162065209621,0,0,0
COG,"Congo, Rep.",2008,Sub-Saharan Africa,Lower middle income,4.95875092023151,6.30637595585259,133.108486659608,18.5039484494991,16.7210018165878,0,0,0
COG,"Congo, Rep.",1994,Sub-Saharan Africa,Lower middle income,42.4396750333452,-5.49307574541402,132.736248422167,16.2127936805245,0.168987137204284,0,0,0
COG,"Congo, Rep.",1995,Sub-Saharan Africa,Lower middle income,9.41800743452227,3.9853243781107,128.312504260557,15.0715773527741,5.3299564486963,0,0,0
COG,"Congo, Rep.",1985,Sub-Saharan Africa,Lower middle income,NA,-1.18566085432533,112.793572311496,15.4038936959209,0.587247631196912,0,0,0
COG,"Congo, Rep.",2015,Sub-Saharan Africa,Lower middle income,3.16909796750829,0.415193061293763,117.320721558581,30.479655342254,34.4182561027248,0,0,0
COG,"Congo, Rep.",2016,Sub-Saharan Africa,Lower middle income,3.19056179723773,-8.68524343913786,122.259818284021,29.3906277095463,0.46296936341342,0,0,0
COG,"Congo, Rep.",1990,Sub-Saharan Africa,Lower middle income,2.88905374216946,1.00000356627487,70.8193543307087,21.4318897637795,0.805773714234814,0,0,0
COG,"Congo, Rep.",1991,Sub-Saharan Africa,Lower middle income,-1.67834968956536,2.39536745255616,69.6845429946663,20.2250552881488,1.20202902395457,0,0,0
COG,"Congo, Rep.",1992,Sub-Saharan Africa,Lower middle income,-3.93546810070881,2.61194805533871,57.1407058861412,21.7892838742916,0.0933795445251198,0,0,0
COG,"Congo, Rep.",2019,Sub-Saharan Africa,Lower middle income,2.20607305781525,1.12447391976529,91.5757547930374,22.0323782956445,-10.214754646531,0,0,0
COG,"Congo, Rep.",1993,Sub-Saharan Africa,Lower middle income,4.92366412213743,-0.979683208744774,74.1761942770688,16.3452177345086,10.6564766458744,0,0,0
COG,"Congo, Rep.",2007,Sub-Saharan Africa,Lower middle income,2.65464645060702,-6.61399480441001,148.586625395069,17.2004506508317,16.216555026587,0,0,0
COG,"Congo, Rep.",2006,Sub-Saharan Africa,Lower middle income,6.53784395299603,7.98623836334291,125.600762974491,14.7089559157911,18.4459801245354,0,0,0
COG,"Congo, Rep.",1996,Sub-Saharan Africa,Lower middle income,10.0311203319502,4.29048155870402,128.407663306917,14.1704239439871,2.4571054845724,0,1,0
COG,"Congo, Rep.",1997,Sub-Saharan Africa,Lower middle income,NA,-0.624812152260716,135.758179538246,14.8778490816552,-2.11824149757414,0,0,0
COG,"Congo, Rep.",1998,Sub-Saharan Africa,Lower middle income,NA,3.73755276980884,148.901662464134,15.2957134162247,-8.70306930470468,0,0,0
COG,"Congo, Rep.",1988,Sub-Saharan Africa,Lower middle income,1.0304219823355,1.76626342847234,81.0470409711684,20.303186646434,0.411077390234112,0,0,0
COG,"Congo, Rep.",2017,Sub-Saharan Africa,Lower middle income,0.450063823285546,-5.59477371915547,94.6170952583422,24.5043390590813,37.3227748739474,0,0,0
COG,"Congo, Rep.",2003,Sub-Saharan Africa,Lower middle income,-0.631844987363156,0.813264076303781,156.861777335368,12.8882271877153,6.28014568176251,0,0,0
COG,"Congo, Rep.",2002,Sub-Saharan Africa,Lower middle income,4.37875971780872,4.58187006108889,135.45607107226,12.6619791914105,6.59456506726084,0,0,0
COG,"Congo, Rep.",2005,Sub-Saharan Africa,Lower middle income,3.09449011456181,7.75575897806648,119.552892262402,12.0267440975008,12.0498455846018,0,0,0
COG,"Congo, Rep.",2018,Sub-Saharan Africa,Lower middle income,1.15277896375523,-2.30431780125842,100.583216779714,19.2866399178296,29.2086100198947,0,0,0
COG,"Congo, Rep.",1999,Sub-Saharan Africa,Lower middle income,4.14267137284048,-2.58219935813743,131.394190298765,14.5499896501759,-2.90043469110616,0,0,0
COG,"Congo, Rep.",2001,Sub-Saharan Africa,Lower middle income,0.0559899218140582,3.80260189913561,130.732481081873,11.5470878289313,-4.84426109284501,0,0,0
COG,"Congo, Rep.",2000,Sub-Saharan Africa,Lower middle income,-0.88199151702543,7.5759803952642,123.909884405671,14.5814612868048,-3.04039258438044,0,0,0
CRI,Costa Rica,2008,Latin America & Caribbean,Upper middle income,13.4244635507283,4.73817487754022,86.4015127113254,56.6043766075203,7.90900698278232,0,1,0
CRI,Costa Rica,1988,Latin America & Caribbean,Upper middle income,20.8325332309202,3.43214737968853,69.8354905376179,43.0845181087359,2.64809968925736,1,1,0
CRI,Costa Rica,2007,Latin America & Caribbean,Upper middle income,9.35724456417157,8.21513198348715,86.4565958439349,53.9245551115533,8.33742597856098,0,1,0
CRI,Costa Rica,2011,Latin America & Caribbean,Upper middle income,4.87799830970702,4.40315923970431,68.6391465074016,49.3301997156756,6.39172539644787,0,0,0
CRI,Costa Rica,2010,Latin America & Caribbean,Upper middle income,5.66275708420021,5.36034352634111,67.512089684107,51.0918426788015,5.06371170213526,0,0,0
CRI,Costa Rica,1991,Latin America & Caribbean,Upper middle income,28.7092913706617,2.26565496296193,71.4396757036532,33.9697371452846,2.47237786850201,1,1,1
CRI,Costa Rica,2012,Latin America & Caribbean,Upper middle income,4.49545314354605,4.88259241025739,67.0485392950976,49.3686258314811,5.70866124854743,0,0,0
CRI,Costa Rica,2009,Latin America & Caribbean,Upper middle income,7.84270167700653,-0.873455942787785,69.7593177251535,56.863634661028,5.25151067245965,0,1,0
CRI,Costa Rica,1990,Latin America & Caribbean,Upper middle income,19.0397526635648,3.55306336572285,75.2851641940228,42.822205081057,2.84504346292679,1,1,1
CRI,Costa Rica,2019,Latin America & Caribbean,Upper middle income,2.09604635327807,2.41751181762513,65.7605300176622,44.9382934539858,4.22094016659811,0,0,0
CRI,Costa Rica,1985,Latin America & Caribbean,Upper middle income,15.0574196445756,0.721601729268301,63.1993362968233,38.7182080822636,1.78352544818659,0,0,0
CRI,Costa Rica,1986,Latin America & Caribbean,Upper middle income,11.8350618936099,5.53625084315689,61.8362125287889,37.588313374237,1.3804078444541,0,0,0
CRI,Costa Rica,1987,Latin America & Caribbean,Upper middle income,16.8424201630394,4.76453327969497,67.3988009843484,37.8742882206448,1.77147252308516,1,1,0
CRI,Costa Rica,2013,Latin America & Caribbean,Upper middle income,5.23133614174428,2.49476611209954,64.0664105879442,50.4829610730799,6.29127735209415,0,0,0
CRI,Costa Rica,2014,Latin America & Caribbean,Upper middle income,4.51920098516953,3.54210987765977,65.1912420532368,52.4568066554807,6.23293662208767,0,0,0
CRI,Costa Rica,2015,Latin America & Caribbean,Upper middle income,0.801982005099623,3.65208096802883,60.753561939521,50.6443739897965,5.23639457671538,0,0,0
CRI,Costa Rica,1992,Latin America & Caribbean,Upper middle income,21.7911687900609,9.2011037327736,76.0962354814708,32.259591456302,2.63410792471723,1,1,1
CRI,Costa Rica,2018,Latin America & Caribbean,Upper middle income,2.2211146152658,2.6159044043379,66.945342016636,45.373355051473,4.829438721344,0,0,0
CRI,Costa Rica,2003,Latin America & Caribbean,Upper middle income,9.44758091616983,4.31717986636224,83.3277075355642,46.9184453602134,4.48353970316272,0,1,0
CRI,Costa Rica,2005,Latin America & Caribbean,Upper middle income,13.7982949108987,3.97666636818026,89.2226638923224,52.8860359402535,7.62843539507747,0,1,0
CRI,Costa Rica,2006,Latin America & Caribbean,Upper middle income,11.4705968149052,7.3266954325067,89.8145546136931,53.537093277109,7.92850433097117,1,1,0
CRI,Costa Rica,2020,Latin America & Caribbean,Upper middle income,0.724911478131375,-4.27335432161462,60.1398862509533,54.8657926972592,3.37043523313038,0,0,0
CRI,Costa Rica,1993,Latin America & Caribbean,Upper middle income,9.77860078293776,7.09719123999687,79.3523368268699,31.4025330307708,2.57924460482051,0,1,0
CRI,Costa Rica,1989,Latin America & Caribbean,Upper middle income,16.509808768739,5.66597554871299,73.5829599960743,41.2617011030716,1.92914688454646,1,1,1
CRI,Costa Rica,1996,Latin America & Caribbean,Upper middle income,17.5114524814591,1.35045949139338,84.0571640061047,33.2407760860418,3.65588697118439,1,1,0
CRI,Costa Rica,1997,Latin America & Caribbean,Upper middle income,13.2480440791191,5.4761657765486,87.6131980978704,14.9844688373708,3.24576223328059,1,1,0
CRI,Costa Rica,2000,Latin America & Caribbean,Upper middle income,10.9615496593622,3.86871808953644,86.5249235130705,18.4547634361911,4.81846449896273,1,1,0
CRI,Costa Rica,2004,Latin America & Caribbean,Upper middle income,12.3148150178852,4.42459959654504,85.2564771965872,48.6738621812112,5.8231265333186,0,1,0
CRI,Costa Rica,2002,Latin America & Caribbean,Upper middle income,9.16752048509118,3.41687639041064,80.4139443360039,43.4368770924739,4.36202694033196,0,1,0
CRI,Costa Rica,2001,Latin America & Caribbean,Upper middle income,11.2556157091171,3.49116989434005,80.852758718109,41.3444336126812,3.89233617537996,1,1,0
CRI,Costa Rica,2016,Latin America & Caribbean,Upper middle income,-0.0174788505908217,4.20432325175899,62.1784781768295,49.1383907243063,4.45296211770326,0,0,0
CRI,Costa Rica,1994,Latin America & Caribbean,Upper middle income,13.5344687273427,4.51902837637206,77.9973079960212,31.6843044985007,2.83701364475497,0,1,0
CRI,Costa Rica,1999,Latin America & Caribbean,Upper middle income,10.0452817292494,4.21481117123987,87.5386137677373,16.9052409898701,4.34566834672367,1,1,0
CRI,Costa Rica,1995,Latin America & Caribbean,Upper middle income,23.1864981102567,4.15395304333353,79.7743745489399,26.2682219794938,2.90967964192101,0,1,0
CRI,Costa Rica,1998,Latin America & Caribbean,Upper middle income,11.6592997742233,7.15530857859194,92.0380212366186,15.0298011122346,4.49056201812519,1,1,0
CRI,Costa Rica,2017,Latin America & Caribbean,Upper middle income,1.62590692991731,4.1576989627609,65.0719537438815,46.5754635847343,4.83327522078441,0,0,0
CIV,Cote d'Ivoire,1990,Sub-Saharan Africa,Lower middle income,-0.80587969827806,-1.09590841238308,58.8014956103209,28.7619528454125,0.4486393140459,0,0,0
CIV,Cote d'Ivoire,2003,Sub-Saharan Africa,Lower middle income,3.29680746974208,-4.72586658630681,53.260060681877,13.1091219082305,0.778244315036861,0,0,0
CIV,Cote d'Ivoire,2006,Sub-Saharan Africa,Lower middle income,2.46719148596914,2.81557859252327,63.690377061452,14.8635624822961,1.38823180058485,0,0,0
CIV,Cote d'Ivoire,2007,Sub-Saharan Africa,Lower middle income,1.89200629349597,1.10142976793477,61.4309423484426,18.8465266467747,1.54311664780089,0,0,0
CIV,Cote d'Ivoire,2005,Sub-Saharan Africa,Lower middle income,3.88583039886481,0.996065564854788,62.8209360402806,13.6877356540705,1.45218108383072,0,0,0
CIV,Cote d'Ivoire,1985,Sub-Saharan Africa,Lower middle income,1.86380327150627,4.50122318068745,79.1725137120598,29.9682435584721,0.417905703334341,0,0,0
CIV,Cote d'Ivoire,2002,Sub-Saharan Africa,Lower middle income,3.07726485157427,-2.73052647441901,55.9019482275388,17.8358800206156,1.17744492416162,0,0,0
CIV,Cote d'Ivoire,2014,Sub-Saharan Africa,Lower middle income,0.448682076766141,9.37199994240375,53.6804175610344,24.8194590556386,0.899528920528967,0,0,0
CIV,Cote d'Ivoire,1994,Sub-Saharan Africa,Lower middle income,26.0815719947161,0.811206679935481,69.8366580166987,26.2343249009021,1.41381796970228,0,0,0
CIV,Cote d'Ivoire,1995,Sub-Saharan Africa,Lower middle income,14.2950690851944,7.12574472834217,76.202343905242,26.041415794334,1.9250729478447,0,0,0
CIV,Cote d'Ivoire,2004,Sub-Saharan Africa,Lower middle income,1.45798835600741,3.18503822575397,58.1182963035946,14.0168363578859,1.20362782194335,0,0,0
CIV,Cote d'Ivoire,2009,Sub-Saharan Africa,Lower middle income,1.01950457731137,3.60332156667053,66.6729037469185,21.3064601936745,1.17339078576713,0,0,0
CIV,Cote d'Ivoire,2010,Sub-Saharan Africa,Lower middle income,1.22645612135479,6.84804939907013,67.472940081257,23.3989011667238,1.02606239201511,0,0,0
CIV,Cote d'Ivoire,1986,Sub-Saharan Africa,Lower middle income,9.68295473116514,3.25934876606091,69.6773571637603,30.423211733948,0.77252310778488,0,0,0
CIV,Cote d'Ivoire,2008,Sub-Saharan Africa,Lower middle income,6.30852769152578,4.7826659787672,61.9406212969499,18.4376064652673,1.37441880759786,0,0,0
CIV,Cote d'Ivoire,1988,Sub-Saharan Africa,Lower middle income,6.93068617206514,1.13648396562287,58.3782715178313,30.9055107434438,0.504135972188017,0,0,0
CIV,Cote d'Ivoire,1989,Sub-Saharan Africa,Lower middle income,1.04951823790383,2.94800494335441,61.0885440449655,27.8770071495618,0.189496994370163,0,0,0
CIV,Cote d'Ivoire,2000,Sub-Saharan Africa,Lower middle income,2.53077516737996,-0.265789462275947,54.9639916295152,13.9827905566811,1.41578193433815,0,0,0
CIV,Cote d'Ivoire,2001,Sub-Saharan Africa,Lower middle income,4.36152914007256,-2.15401249077306,53.1141047180447,13.9805685742207,1.62207726789971,0,0,0
CIV,Cote d'Ivoire,2015,Sub-Saharan Africa,Lower middle income,1.25149954781467,7.19494942728191,52.7153604615931,26.1100955291875,1.07914154751206,0,0,0
CIV,Cote d'Ivoire,2016,Sub-Saharan Africa,Lower middle income,0.723178457513308,7.17275963956332,47.5663138935656,27.3748610620111,1.19375800859004,0,0,0
CIV,Cote d'Ivoire,2017,Sub-Saharan Africa,Lower middle income,0.685881065304603,7.41076242592504,48.6596050387177,28.1221296447834,1.85673486381973,0,0,0
CIV,Cote d'Ivoire,2018,Sub-Saharan Africa,Lower middle income,0.401297817263547,4.84314605889178,46.040028237159,29.9133201080609,1.05998699614336,0,0,0
CIV,Cote d'Ivoire,1987,Sub-Saharan Africa,Lower middle income,6.94330626536573,-0.348972913938866,63.050248281061,30.6862829713648,0.867496010149957,0,0,0
CIV,Cote d'Ivoire,2012,Sub-Saharan Africa,Lower middle income,1.30451119915606,7.62041176451649,70.3010893191249,25.4036956022817,0.909737108884904,0,0,0
CIV,Cote d'Ivoire,2013,Sub-Saharan Africa,Lower middle income,2.58117037252935,10.7602131311256,58.3526792527234,24.8226316343292,0.953203642314205,0,0,0
CIV,Cote d'Ivoire,1999,Sub-Saharan Africa,Lower middle income,0.70237580595596,1.16685998202273,55.8935626908747,14.4225121856694,1.24714569492904,0,0,0
CIV,Cote d'Ivoire,1992,Sub-Saharan Africa,Lower middle income,4.23138382869967,-0.244560610691636,60.0250653360901,28.3307369325128,0.6191519578407,0,0,0
CIV,Cote d'Ivoire,2019,Sub-Saharan Africa,Lower middle income,0.79085551205366,6.72137167584978,44.6604105830795,30.4418281948488,1.40583048179048,0,0,0
CIV,Cote d'Ivoire,2020,Sub-Saharan Africa,Lower middle income,2.41252617189052,0.699728593494228,41.9426318190526,35.9517770758951,1.13111245703154,0,0,0
CIV,Cote d'Ivoire,1991,Sub-Saharan Africa,Lower middle income,1.68334849863479,0.0409251717252914,56.9978213142969,28.593682435283,0.176551469990932,0,0,0
CIV,Cote d'Ivoire,1996,Sub-Saharan Africa,Lower middle income,2.48080669187551,7.72932741916973,52.8042944211567,16.0747241604524,1.48963672945104,0,0,0
CIV,Cote d'Ivoire,2011,Sub-Saharan Africa,Lower middle income,4.9124339505245,-5.37044724000579,64.7159030611345,25.968099902503,0.822954277239134,0,0,0
CIV,Cote d'Ivoire,1998,Sub-Saharan Africa,Lower middle income,4.61144759515372,4.26390594437231,53.6538337944761,14.7253686133616,3.87417179081598,0,0,0
CIV,Cote d'Ivoire,1993,Sub-Saharan Africa,Lower middle income,2.16471453976754,-0.192485098607804,55.3485218490843,26.3754859844724,1.58570823040921,0,0,0
CIV,Cote d'Ivoire,1997,Sub-Saharan Africa,Lower middle income,4.02083333333305,9.6488400474633,54.0062903380367,15.2620493279509,2.30201825162195,0,0,0
DJI,Djibouti,2020,Middle East & North Africa,Lower middle income,1.77900535643955,1.2021151728969,225.744871323723,81.3127120774606,5.03254315668511,0,0,0
DJI,Djibouti,1993,Middle East & North Africa,Lower middle income,NA,NA,NA,70.6270690816718,0.305457425513059,0,0,0
DJI,Djibouti,1989,Middle East & North Africa,Lower middle income,NA,NA,NA,78.1044145623539,-0.0317677465249493,0,0,0
DJI,Djibouti,1991,Middle East & North Africa,Lower middle income,NA,NA,NA,74.4724216100586,0.495241664547389,0,0,0
DJI,Djibouti,2017,Middle East & North Africa,Lower middle income,0.57728572456066,5.458091517212,305.967966403468,75.4763016344219,5.97013597143086,0,0,0
DJI,Djibouti,1990,Middle East & North Africa,Lower middle income,NA,NA,NA,73.1749187069744,0.0132647080044086,0,0,0
DJI,Djibouti,1994,Middle East & North Africa,Lower middle income,NA,NA,NA,69.3929632024352,0.289528343451566,0,0,0
DJI,Djibouti,1995,Middle East & North Africa,Lower middle income,NA,NA,NA,72.1703445780953,0.646649181513972,0,0,0
DJI,Djibouti,1998,Middle East & North Africa,Lower middle income,NA,NA,NA,59.1961153745998,0.617093489663684,0,0,0
DJI,Djibouti,1985,Middle East & North Africa,Lower middle income,2.12890298848072,NA,NA,74.6307817934205,0.0674507517490648,0,0,0
DJI,Djibouti,1986,Middle East & North Africa,Lower middle income,18.147633450986,NA,NA,NA,NA,0,0,0
DJI,Djibouti,2002,Middle East & North Africa,Lower middle income,0.637619553666319,NA,NA,62.2932983547634,0.580649337298248,0,0,0
DJI,Djibouti,2003,Middle East & North Africa,Lower middle income,1.98196734627544,NA,NA,69.7072167988537,2.28673980374562,0,0,0
DJI,Djibouti,2004,Middle East & North Africa,Lower middle income,3.12226204699352,NA,NA,74.1357186906019,5.78669482576557,0,0,0
DJI,Djibouti,1992,Middle East & North Africa,Lower middle income,NA,NA,NA,68.2277750968091,0.479043325761231,0,0,0
DJI,Djibouti,2016,Middle East & North Africa,Lower middle income,2.40252905434889,7.1234323372872,213.071998607921,65.6530204985804,6.1420623506391,0,0,0
DJI,Djibouti,2013,Middle East & North Africa,Lower middle income,-12.563149225034,NA,347.720317058403,60.6806525568338,13.9893763417185,0,0,0
DJI,Djibouti,2019,Middle East & North Africa,Lower middle income,3.31763203299602,5.54508081154978,320.93923036418,69.3320390113449,5.66550441566635,0,0,0
DJI,Djibouti,2006,Middle East & North Africa,Lower middle income,3.48340699677866,NA,NA,79.8159317940649,14.0839401368509,0,0,0
DJI,Djibouti,1996,Middle East & North Africa,Lower middle income,NA,NA,NA,67.3272965430833,0.660629876416651,0,0,0
DJI,Djibouti,1987,Middle East & North Africa,Lower middle income,4.08911644641214,NA,NA,77.8784149322132,0.112488428269259,0,0,0
DJI,Djibouti,1999,Middle East & North Africa,Lower middle income,NA,NA,NA,54.6022102868923,0.599332232633272,0,0,0
DJI,Djibouti,2000,Middle East & North Africa,Lower middle income,NA,NA,NA,53.7006470658488,0.596129445834392,0,0,0
DJI,Djibouti,2001,Middle East & North Africa,Lower middle income,1.74665224985434,NA,NA,55.6066709524961,0.592742006829803,0,0,0
DJI,Djibouti,2015,Middle East & North Africa,Lower middle income,-0.522166521445793,7.30898563450799,268.363456254629,64.8574020514867,5.93271216592944,0,0,0
DJI,Djibouti,1988,Middle East & North Africa,Lower middle income,NA,NA,NA,78.8402198631202,0.151593804723951,0,0,0
DJI,Djibouti,2005,Middle East & North Africa,Lower middle income,3.10496640148299,NA,NA,77.592867975766,3.13326292887826,0,0,0
DJI,Djibouti,2014,Middle East & North Africa,Lower middle income,1.34186494340162,7.19298728463697,298.564535821251,59.4903174114541,6.88983261287099,0,0,0
DJI,Djibouti,1997,Middle East & North Africa,Lower middle income,NA,NA,NA,63.1559505686397,0.616772633652726,0,0,0
DJI,Djibouti,2018,Middle East & North Africa,Lower middle income,0.138836400011405,4.77433934943193,300.398900523844,67.5724322631324,5.83497725047345,0,0,0
DJI,Djibouti,2009,Middle East & North Africa,Lower middle income,1.67549587285962,NA,NA,89.6739655348111,9.2325515288363,0,0,0
DJI,Djibouti,2007,Middle East & North Africa,Lower middle income,4.96597654553301,NA,NA,78.3291818465357,23.0388936446947,0,0,0
DJI,Djibouti,2008,Middle East & North Africa,Lower middle income,11.9586206896551,NA,NA,80.4738941721765,22.785843817934,0,0,0
DJI,Djibouti,2012,Middle East & North Africa,Lower middle income,3.73120950756887,NA,NA,85.7035473731029,8.1261509172004,0,0,0
DJI,Djibouti,2010,Middle East & North Africa,Lower middle income,3.95007875923886,NA,NA,93.5269233579306,3.23415329697175,0,0,0
DJI,Djibouti,2011,Middle East & North Africa,Lower middle income,5.0687139477798,NA,NA,81.379142401454,6.37538483893525,0,0,0
DMA,Dominica,2015,Latin America & Caribbean,Upper middle income,-0.843826984638329,-3.37338262476895,NA,89.7175754804456,1.22782053461875,0,0,0
DMA,Dominica,2014,Latin America & Caribbean,Upper middle income,0.799250372687492,2.33521742067693,NA,88.3203280527251,2.15759020953855,0,0,0
DMA,Dominica,1986,Latin America & Caribbean,Upper middle income,2.77423367675706,7.07335660054757,NA,40.3540566676634,3.83627556304961,0,0,0
DMA,Dominica,2017,Latin America & Caribbean,Upper middle income,0.296252889279486,-7.5443637547282,NA,115.512866027639,4.02538103514499,0,0,0
DMA,Dominica,2013,Latin America & Caribbean,Upper middle income,-0.0464116468805991,0.0045039972976042,NA,88.2939750915626,7.09315981024728,0,0,0
DMA,Dominica,1989,Latin America & Caribbean,Upper middle income,6.21852149777859,-0.191136403056177,NA,45.8178616945784,9.28840465650472,0,0,0
DMA,Dominica,2016,Latin America & Caribbean,Upper middle income,0.141816225732312,1.44724556489263,NA,90.6160839499009,6.89801855079428,0,0,0
DMA,Dominica,1991,Latin America & Caribbean,Upper middle income,5.55706153429132,1.3477691598669,NA,52.4485978158285,6.92665498179856,0,0,0
DMA,Dominica,2018,Latin America & Caribbean,Upper middle income,0.989191119189889,2.964010610466,NA,105.204178249207,12.4606230458607,0,0,0
DMA,Dominica,2019,Latin America & Caribbean,Upper middle income,1.50462353858141,3.94809757938053,NA,90.4997809715435,9.78484788732394,0,0,0
DMA,Dominica,1997,Latin America & Caribbean,Upper middle income,2.43629715479673,2.18562742404438,NA,60.6480208295134,6.9688412971995,0,0,0
DMA,Dominica,1998,Latin America & Caribbean,Upper middle income,0.999147457910748,3.77423043853915,NA,58.7956914911948,2.01950580694076,0,0,0
DMA,Dominica,1999,Latin America & Caribbean,Upper middle income,1.17947787394174,0.354077659205259,NA,62.0914055260955,5.41222439296677,0,0,0
DMA,Dominica,1987,Latin America & Caribbean,Upper middle income,4.02458043341634,6.30756102261223,NA,46.5423803397194,8.90144820636147,0,0,0
DMA,Dominica,1988,Latin America & Caribbean,Upper middle income,2.92459163123741,7.81662301716332,NA,45.4539062192953,6.96989766352513,0,0,0
DMA,Dominica,2002,Latin America & Caribbean,Upper middle income,0.170055330197681,-3.08742052359268,NA,61.2207228737266,5.34525004766951,0,0,0
DMA,Dominica,2011,Latin America & Caribbean,Upper middle income,1.1312313652648,0.0427388878891435,NA,78.9022130169585,9.48510899097882,0,0,0
DMA,Dominica,2003,Latin America & Caribbean,Upper middle income,1.4533680043725,5.80495468629533,NA,66.7030015079963,8.39561947401853,0,0,0
DMA,Dominica,1990,Latin America & Caribbean,Upper middle income,3.19092323226821,5.41798351146888,NA,50.0384290074652,6.39870554922218,0,0,0
DMA,Dominica,2006,Latin America & Caribbean,Upper middle income,2.20239132631669,4.40077479812059,NA,74.673249720005,6.28236832373597,0,0,0
DMA,Dominica,1992,Latin America & Caribbean,Upper middle income,5.47182559344177,2.02941338180298,NA,56.1524463573644,8.72048863852142,0,0,0
DMA,Dominica,1993,Latin America & Caribbean,Upper middle income,1.56902604224498,2.16142138921818,NA,52.9347432571049,5.37621432450371,0,0,0
DMA,Dominica,2020,Latin America & Caribbean,Upper middle income,1.22026442242476,-15.7064024545862,NA,97.2665216118755,4.31749235024332,0,0,0
DMA,Dominica,1985,Latin America & Caribbean,Upper middle income,3.73997998064239,1.42093316227962,NA,39.73582980353,2.51062973508836,0,0,0
DMA,Dominica,2000,Latin America & Caribbean,Upper middle income,0.856946805358482,2.3402193777688,NA,59.7940964270244,5.2571268374394,0,0,0
DMA,Dominica,2001,Latin America & Caribbean,Upper middle income,1.3038940346596,-0.0638434428881567,NA,55.6007611244665,3.87696994458447,0,0,0
DMA,Dominica,2012,Latin America & Caribbean,Upper middle income,1.35677147808859,-0.15739179314221,NA,89.7985862992007,10.823245661111,0,0,0
DMA,Dominica,2004,Latin America & Caribbean,Upper middle income,2.39410982050298,4.09783662273917,NA,66.8822771491523,6.49739806247027,0,0,0
DMA,Dominica,2005,Latin America & Caribbean,Upper middle income,1.68190079877552,0.915286472779144,NA,71.4849117727759,4.83084578819671,0,0,0
DMA,Dominica,1994,Latin America & Caribbean,Upper middle income,0.0151367351744227,0.034477526872962,NA,51.6480576063658,8.54849329653549,0,0,0
DMA,Dominica,1996,Latin America & Caribbean,Upper middle income,1.67716450485913,3.10419572470771,NA,59.9586460458456,6.08994259791933,0,0,0
DMA,Dominica,1995,Latin America & Caribbean,Upper middle income,1.3175374577496901,3.0308658627128,NA,60.0274947720619,19.7042673466359,0,0,0
DMA,Dominica,2008,Latin America & Caribbean,Upper middle income,6.35992183336295,7.12131217762231,NA,75.4106788527866,11.7112903770296,0,0,0
DMA,Dominica,2009,Latin America & Caribbean,Upper middle income,0.00626357107066859,-1.13575145648322,NA,77.2843305774439,11.0100917882515,0,0,0
DMA,Dominica,2010,Latin America & Caribbean,Upper middle income,2.99936630549,-0.105610857694984,NA,78.6756046616684,10.9887086593887,0,0,0
DMA,Dominica,2007,Latin America & Caribbean,Upper middle income,3.6322212931782,5.3579375575878,NA,77.0831762795153,9.08254423496638,0,0,0
DOM,Dominican Republic,2012,Latin America & Caribbean,Upper middle income,3.69449707884776,2.77567100848816,58.5062536731089,33.422076654772,5.64036946601582,0,0,0
DOM,Dominican Republic,2011,Latin America & Caribbean,Upper middle income,5.79676809206533,3.19196227475523,59.0692578401698,32.7955097605702,3.79217588020774,0,0,0
DOM,Dominican Republic,2009,Latin America & Caribbean,Upper middle income,1.44215131834353,1.00345293018719,50.6509376792025,32.9966527807618,3.51548540591409,0,0,0
DOM,Dominican Republic,2013,Latin America & Caribbean,Upper middle income,4.830950967408,4.93473300709881,56.8137658014945,34.079255291321,2.55757225532805,0,0,0
DOM,Dominican Republic,1994,Latin America & Caribbean,Upper middle income,8.26076798575834,2.59378305986246,77.157908271893,21.7372363463922,1.42098853745987,0,0,0
DOM,Dominican Republic,2015,Latin America & Caribbean,Upper middle income,0.836746346724556,6.98771131236387,52.3471238667007,34.1435139864913,3.13851060913817,0,0,0
DOM,Dominican Republic,2017,Latin America & Caribbean,Upper middle income,3.27955694678546,3.93386176401576,50.7595355508472,34.9667293791438,4.55025610026855,0,0,0
DOM,Dominican Republic,2014,Latin America & Caribbean,Upper middle income,2.99864226125218,7.11122629673892,55.6601041506633,33.3589761623396,3.55938801753347,0,0,0
DOM,Dominican Republic,1990,Latin America & Caribbean,Upper middle income,50.4624792378524,-5.45431239511254,69.1984136752272,29.0651688753712,1.87738325230096,1,1,1
DOM,Dominican Republic,2016,Latin America & Caribbean,Upper middle income,1.61416607245222,6.71974078681295,51.7306571245477,34.4200197218543,3.33024928523507,0,0,0
DOM,Dominican Republic,2006,Latin America & Caribbean,Upper middle income,7.57280523853073,9.17120650955299,63.7664826351505,32.3700770175984,4.0356569620282,0,0,0
DOM,Dominican Republic,2004,Latin America & Caribbean,Upper middle income,51.4608598338065,2.58556667449577,81.3514229381911,38.3195380058697,4.18629057899448,0,0,0
DOM,Dominican Republic,1995,Latin America & Caribbean,Upper middle income,12.5359594558962,5.69998859173715,73.8979593803276,21.8798298927143,2.5088098596536,0,0,0
DOM,Dominican Republic,1996,Latin America & Caribbean,Upper middle income,5.39929385038922,5.96119319380874,72.6424908698332,23.326262639766,0.735680171267024,0,0,0
DOM,Dominican Republic,1985,Latin America & Caribbean,Upper middle income,45.3361755532178,-2.12253497623708,56.9971149804481,22.9652014418729,0.717601864754359,0,0,0
DOM,Dominican Republic,1986,Latin America & Caribbean,Upper middle income,7.63897266579929,3.52199319901496,49.4260827751438,32.5360643844168,0.81670940964079,0,0,0
DOM,Dominican Republic,1987,Latin America & Caribbean,Upper middle income,13.5507237827822,10.1173673617477,58.0564730668285,30.0313788855363,1.5273592726169,0,1,0
DOM,Dominican Republic,1988,Latin America & Caribbean,Upper middle income,43.8638323515052,2.15596333107848,71.3525273587921,29.5287742956728,1.97421060166512,0,1,0
DOM,Dominican Republic,1989,Latin America & Caribbean,Upper middle income,40.6579161175004,4.40053881491089,69.4726770929163,29.9518316703229,1.64508291463213,1,1,0
DOM,Dominican Republic,2019,Latin America & Caribbean,Upper middle income,1.81060377042959,4.8940301149584,50.912982200697,34.2246729187713,3.17366550445317,0,0,0
DOM,Dominican Republic,1991,Latin America & Caribbean,Upper middle income,47.0791574105359,0.944138889056532,83.09106896203,19.2201890155047,1.47590458431994,1,1,1
DOM,Dominican Republic,1992,Latin America & Caribbean,Upper middle income,4.25902638893392,11.2374641300752,80.4648015417106,20.7725199851801,1.54841945052706,0,0,0
DOM,Dominican Republic,1993,Latin America & Caribbean,Upper middle income,5.2503388069097,7.36669526975602,78.0028967722022,22.0398765774202,1.45783488936631,0,0,0
DOM,Dominican Republic,2005,Latin America & Caribbean,Upper middle income,4.19020260472056,9.43178931977285,61.6535587358027,35.5662519266632,3.12598170087694,0,0,0
DOM,Dominican Republic,2003,Latin America & Caribbean,Upper middle income,27.4497127394394,-1.34935744782766,84.4495031861592,49.332979426785,2.88055489904245,0,0,0
DOM,Dominican Republic,2010,Latin America & Caribbean,Upper middle income,6.32993220146146,8.40114541209596,56.0573964175321,32.4586772089038,3.38320513554667,0,0,0
DOM,Dominican Republic,2008,Latin America & Caribbean,Upper middle income,10.6446210953711,3.26808671288212,61.4285058325394,30.3614114002226,5.67335967834237,0,0,0
DOM,Dominican Republic,2018,Latin America & Caribbean,Upper middle income,3.56443426013507,7.09751640210159,52.3351709577013,33.304176107071,3.22902365102652,0,0,0
DOM,Dominican Republic,1997,Latin America & Caribbean,Upper middle income,8.29656754792045,8.89955230035797,74.2332371692166,24.2936595703194,2.0417185963078,0,0,0
DOM,Dominican Republic,1998,Latin America & Caribbean,Upper middle income,4.83166558591895,6.70585570778992,75.9113027135939,25.1631175101779,3.08644032520187,0,0,0
DOM,Dominican Republic,1999,Latin America & Caribbean,Upper middle income,6.47054186846928,5.95651024999543,76.3027532814337,27.8846877218989,6.07546439711917,0,0,0
DOM,Dominican Republic,2000,Latin America & Caribbean,Upper middle income,7.72413566181615,4.65172550299128,79.3003930961432,29.0260433233994,4.0689908919589,0,0,0
DOM,Dominican Republic,2001,Latin America & Caribbean,Upper middle income,8.8830684881296,2.46937023763239,70.5105678080061,36.7515200987417,4.24930666375932,0,0,0
DOM,Dominican Republic,2020,Latin America & Caribbean,Upper middle income,3.78103179915516,-7.92905234231061,44.7331613466756,42.9163536621918,3.13265976088131,0,0,0
DOM,Dominican Republic,2002,Latin America & Caribbean,Upper middle income,5.22336769759446,4.48650367045651,68.7232829028777,34.6981132101001,3.41225986375611,0,0,0
DOM,Dominican Republic,2007,Latin America & Caribbean,Upper middle income,6.14356655248047,7.41840577774235,61.229259153164,32.794952585776,5.12424998266344,0,0,0
ECU,Ecuador,1995,Latin America & Caribbean,Upper middle income,22.9341344145802,2.25254865225104,45.9112707318244,20.9518042357402,1.85193034031665,1,1,1
ECU,Ecuador,1998,Latin America & Caribbean,Upper middle income,36.0984331623885,3.26652934570988,43.395107949805,18.7630942246312,3.10908156656419,1,1,1
ECU,Ecuador,2006,Latin America & Caribbean,Upper middle income,3.29874846258215,4.34113198577639,65.8423556166562,29.497177002651,0.594056305145447,0,0,0
ECU,Ecuador,1996,Latin America & Caribbean,Upper middle income,24.4114592150674,1.73174762607862,44.2157026832153,22.8149524757757,1.98078257206972,1,1,1
ECU,Ecuador,1997,Latin America & Caribbean,Upper middle income,30.6575675722172,4.32786475767577,45.0171863180765,22.2925736509208,2.57065775466879,1,1,1
ECU,Ecuador,1986,Latin America & Caribbean,Upper middle income,23.0302261142617,3.46478251574867,33.1106044808965,13.2601037082559,0.528922995873142,0,0,0
ECU,Ecuador,1999,Latin America & Caribbean,Upper middle income,52.2420051858225,-4.73938585363382,49.2012507989376,13.1456625643925,3.30059048812225,1,1,1
ECU,Ecuador,1994,Latin America & Caribbean,Upper middle income,27.3108817940495,4.25825042741626,43.7777474951998,21.1128285729422,2.537928973021,1,1,1
ECU,Ecuador,2020,Latin America & Caribbean,Upper middle income,-0.338872392562139,-9.24509619165865,43.9893109378389,50.6387503454972,1.16754746598289,0,0,0
ECU,Ecuador,2007,Latin America & Caribbean,Upper middle income,2.27618478002121,1.90242859700484,68.8505854462677,31.3915215103295,0.388921736574003,0,0,0
ECU,Ecuador,2005,Latin America & Caribbean,Upper middle income,2.1682770118372,5.39862243994342,61.9581507902572,29.6186201100235,1.22499487397379,0,0,0
ECU,Ecuador,2009,Latin America & Caribbean,Upper middle income,5.15996829181047,1.0910129698311,57.3473460627608,34.5502787587342,0.513570185696715,0,0,0
ECU,Ecuador,2000,Latin America & Caribbean,Upper middle income,96.0963756926096,1.09180164720277,65.4042953826391,21.6446761777991,-0.133637950998727,1,1,1
ECU,Ecuador,2001,Latin America & Caribbean,Upper middle income,37.6767454518094,4.20627185748789,56.128486744205,21.6177136518247,2.32873824691471,1,1,1
ECU,Ecuador,2008,Latin America & Caribbean,Upper middle income,8.40009593987462,6.56492068224719,74.5902963648439,31.7120206715018,1.7294958127597,0,0,0
ECU,Ecuador,2015,Latin America & Caribbean,Upper middle income,3.96664623255357,0.119692109287612,47.8280397077826,42.2870573611702,1.36067004574537,0,0,0
ECU,Ecuador,2002,Latin America & Caribbean,Upper middle income,12.4835980082094,4.92809549611376,54.7966439366136,25.1549978028211,2.8951552675912,1,1,0
ECU,Ecuador,2003,Latin America & Caribbean,Upper middle income,7.92936487461555,2.88450036512064,52.3575426975979,25.9100625450344,2.81449236195545,0,1,0
ECU,Ecuador,2004,Latin America & Caribbean,Upper middle income,2.74323198926704,6.83239736646514,56.0745467239942,28.3514751194255,2.37801066697343,0,0,0
ECU,Ecuador,2019,Latin America & Caribbean,Upper middle income,0.266012515466155,0.1654044646003,48.0828494933307,41.0318926476983,0.915058228783613,0,0,0
ECU,Ecuador,1992,Latin America & Caribbean,Upper middle income,54.6078215093596,2.11431064978969,44.8065436522069,12.9791725558397,0.983738573731403,1,1,1
ECU,Ecuador,2010,Latin America & Caribbean,Upper middle income,3.55437734567842,4.02913787986621,65.7773849135062,35.4739834890087,0.243419054034351,0,0,0
ECU,Ecuador,1985,Latin America & Caribbean,Upper middle income,27.9936107429224,3.93500141252335,35.7173093974088,14.7880656935685,0.361535251936395,0,0,0
ECU,Ecuador,2016,Latin America & Caribbean,Upper middle income,1.72826463324532,-0.687954245877947,40.5344917996647,49.5926738926826,0.78469808886928,0,0,0
ECU,Ecuador,2011,Latin America & Caribbean,Upper middle income,4.4745326579584,8.48147656332823,70.0356837525249,35.6943376986956,0.817966548837347,0,0,0
ECU,Ecuador,2012,Latin America & Caribbean,Upper middle income,5.10172180958665,5.783212336172,67.0029290916898,37.5849613554665,0.646739602691481,0,0,0
ECU,Ecuador,2014,Latin America & Caribbean,Upper middle income,3.58922016616663,4.22606520388456,61.4263766217565,42.0489528162959,0.751953401658059,0,0,0
ECU,Ecuador,1988,Latin America & Caribbean,Upper middle income,58.2162865413937,5.89046729088525,42.6623014756666,11.706547928212,1.18756821249721,1,1,1
ECU,Ecuador,2017,Latin America & Caribbean,Upper middle income,0.417335588666824,5.97039880954841,43.6177233172817,37.0884180365937,0.605279629548276,0,0,0
ECU,Ecuador,2018,Latin America & Caribbean,Upper middle income,-0.224103246005552,1.04429460679607,48.0093476154836,37.7350788960455,1.29342873266166,0,0,0
ECU,Ecuador,1993,Latin America & Caribbean,Upper middle income,44.9550537592163,1.97321813678619,43.1712184234683,18.1993423267319,2.50133095620069,1,1,1
ECU,Ecuador,1991,Latin America & Caribbean,Upper middle income,48.718080675219,4.29134246404705,45.196639984556,13.2360120208729,0.941811624600907,1,1,1
ECU,Ecuador,1989,Latin America & Caribbean,Upper middle income,75.6481901026385,1.00577794490313,45.1129811864879,10.1594260395624,1.15183954100245,1,1,1
ECU,Ecuador,1987,Latin America & Caribbean,Upper middle income,29.5039972488395,-0.259098708877119,37.7307228547875,13.8026295458132,0.882009573744326,1,1,1
ECU,Ecuador,2013,Latin America & Caribbean,Upper middle income,2.72177577710371,7.21123653679159,63.4333003342414,38.911990511496,0.752903273859877,0,0,0
ECU,Ecuador,1990,Latin America & Caribbean,Upper middle income,48.5191129963729,3.67991405308877,44.5949122940278,13.920982233012,0.826811116327478,1,1,1
EGY,"Egypt, Arab Rep.",1991,Middle East & North Africa,Lower middle income,19.7485448195578,1.12540459520747,62.8444444444444,87.5234666666667,0.676690666666667,1,1,1
EGY,"Egypt, Arab Rep.",1992,Middle East & North Africa,Lower middle income,13.6374241717218,4.47285918408184,59.3098490294752,84.5389647735442,1.09661732566499,1,1,0
EGY,"Egypt, Arab Rep.",2005,Middle East & North Africa,Lower middle income,4.86939696871988,4.47174447174434,62.9526462395543,97.137842448468,5.99551598885794,0,0,0
EGY,"Egypt, Arab Rep.",2006,Middle East & North Africa,Lower middle income,7.64452644526434,6.84383819379117,61.5185365063947,97.3873117113486,9.34856726566294,0,0,0
EGY,"Egypt, Arab Rep.",1996,Middle East & North Africa,Lower middle income,7.18710369719992,4.98873056512208,46.9485614646905,78.6414559721011,0.940414995640802,0,1,0
EGY,"Egypt, Arab Rep.",1993,Middle East & North Africa,Lower middle income,12.0897922868977,2.90079079959442,55.9278350515464,85.8077963917526,1.05842525773196,1,1,0
EGY,"Egypt, Arab Rep.",1994,Middle East & North Africa,Lower middle income,8.15423128587096,3.97317218034541,50.6285714285714,84.6335428571429,2.42013257142857,0,1,0
EGY,"Egypt, Arab Rep.",2018,Middle East & North Africa,Lower middle income,14.4014657807421,5.3311086189448,45.9110196733959,77.765221186773,3.10040077579187,1,1,0
EGY,"Egypt, Arab Rep.",1989,Middle East & North Africa,Lower middle income,21.2618670886077,4.92086860390228,50.1298701298701,83.2383116883117,3.144613175915,1,1,1
EGY,"Egypt, Arab Rep.",1990,Middle East & North Africa,Lower middle income,16.7563747077691,5.66702915715818,52.9227557411273,86.1250521920668,1.70781419624217,1,1,1
EGY,"Egypt, Arab Rep.",2007,Middle East & North Africa,Lower middle income,9.31896905799229,7.08782742681038,65.077873254565,96.2064140574651,8.87633606337272,0,0,0
EGY,"Egypt, Arab Rep.",2008,Middle East & North Africa,Lower middle income,18.3168316831684,7.15628356605819,71.6806253489671,88.4042515689559,5.8314126186488,0,1,0
EGY,"Egypt, Arab Rep.",1995,Middle East & North Africa,Lower middle income,15.7422305021595,4.64245877240639,50.2450980392157,79.7874019607843,0.994028431372549,0,1,0
EGY,"Egypt, Arab Rep.",2010,Middle East & North Africa,Lower middle income,11.2651882653185,5.1472348575531,47.9363500745898,80.7455617272054,2.91601657550141,1,1,0
EGY,"Egypt, Arab Rep.",1997,Middle East & North Africa,Lower middle income,4.62560578826438,5.49235474302942,43.7382474614517,75.1547574276044,1.13537589319293,0,0,0
EGY,"Egypt, Arab Rep.",1998,Middle East & North Africa,Lower middle income,3.87257546427489,5.575497460986,41.9276270006959,77.0256437021573,1.26843702157272,0,0,0
EGY,"Egypt, Arab Rep.",1999,Middle East & North Africa,Lower middle income,3.07949912638332,6.05343878467555,38.3615084525358,76.0433680104031,1.1743928153446,0,0,0
EGY,"Egypt, Arab Rep.",2002,Middle East & North Africa,Lower middle income,2.73723855000334,2.39020402573726,40.9870678279229,87.8365003958828,0.759753233043019,0,0,0
EGY,"Egypt, Arab Rep.",2003,Middle East & North Africa,Lower middle income,4.50777636319303,3.19345473739745,46.1796407185629,96.6788502994012,0.295683832335329,0,0,0
EGY,"Egypt, Arab Rep.",2004,Middle East & North Africa,Lower middle income,11.2706193320519,4.0920716112534,57.8199052132701,96.6786258633835,1.59083618380383,0,0,0
EGY,"Egypt, Arab Rep.",1987,Middle East & North Africa,Lower middle income,19.693593314763,3.83275261319132,35.3398058252427,87.1425242718446,2.34260249653259,1,1,0
EGY,"Egypt, Arab Rep.",1985,Middle East & North Africa,Lower middle income,12.1067560598246,5.79150579142357,46.112600536193,82.239946380697,3.01527740329376,0,0,0
EGY,"Egypt, Arab Rep.",1988,Middle East & North Africa,Lower middle income,17.66348615313,5.46132049551341,52.5974025974026,88.5529220779221,3.40193181818182,1,1,1
EGY,"Egypt, Arab Rep.",2011,Middle East & North Africa,Lower middle income,10.0649259874818,1.7645719489982,45.2556341623514,75.7939119305135,-0.204542848807527,1,1,0
EGY,"Egypt, Arab Rep.",2019,Middle East & North Africa,Lower middle income,9.15279959324803,5.55209307156956,41.1240171551108,73.4545303449416,2.82732944960686,0,1,0
EGY,"Egypt, Arab Rep.",2009,Middle East & North Africa,Lower middle income,11.7634954386443,4.67359979952391,56.5534446363462,83.1559011993859,3.54835118019574,0,1,0
EGY,"Egypt, Arab Rep.",2016,Middle East & North Africa,Lower middle income,13.8136062148289,4.34664345555447,30.2465490514505,98.136132366497,2.43856278142762,1,1,0
EGY,"Egypt, Arab Rep.",2012,Middle East & North Africa,Lower middle income,7.11172943343082,2.22619979863525,40.7117692721084,69.7154590593826,1.00234071774049,0,1,0
EGY,"Egypt, Arab Rep.",2013,Middle East & North Africa,Lower middle income,9.4697198106492,2.18546605362143,40.373038056332,74.6118357615808,1.45343420769727,0,1,0
EGY,"Egypt, Arab Rep.",2015,Middle East & North Africa,Lower middle income,10.370490343517,4.37201907790141,34.8459429600229,77.9858778916977,2.10258128401326,0,1,0
EGY,"Egypt, Arab Rep.",2020,Middle East & North Africa,Lower middle income,5.04493288977538,3.55016483786838,32.1262555667523,79.9747249270848,1.52462948997172,0,0,0
EGY,"Egypt, Arab Rep.",2017,Middle East & North Africa,Lower middle income,29.5066083940038,4.18122099994778,42.8321343581608,87.6024678721874,2.98301550917695,1,1,0
EGY,"Egypt, Arab Rep.",1986,Middle East & North Africa,Lower middle income,23.8642898217366,4.74452554738158,36.0544217687075,84.1319727891157,2.95109102688694,0,0,0
EGY,"Egypt, Arab Rep.",2014,Middle East & North Africa,Lower middle income,10.0702154687481,2.91591187985748,36.9201877934272,75.4426483751864,1.50925042253521,0,1,0
EGY,"Egypt, Arab Rep.",2000,Middle East & North Africa,Lower middle income,2.68380535348546,6.37000382991766,39.0179359012055,76.7418994413408,1.23699720670391,0,0,0
EGY,"Egypt, Arab Rep.",2001,Middle East & North Africa,Lower middle income,2.26975720475955,3.53525197391507,39.8104265402844,82.3782826874826,0.527384722609423,0,0,0
SLV,El Salvador,1989,Latin America & Caribbean,Upper middle income,17.6340799385345,0.964059196617328,36.9282958229436,38.4098193883545,0.328437622913949,1,1,1
SLV,El Salvador,2001,Latin America & Caribbean,Upper middle income,3.7508205747202,0.879613659882722,65.8907385362251,62.2792942562879,2.2707041485317,0,0,0
SLV,El Salvador,2015,Latin America & Caribbean,Upper middle income,-0.731384487387957,2.40000008852115,76.5602707370519,50.1110096479514,2.10997804482034,0,0,0
SLV,El Salvador,2000,Latin America & Caribbean,Upper middle income,2.27128756828723,1.12790697674419,68.7100889044911,51.3195795218899,1.47137092746017,0,0,0
SLV,El Salvador,1993,Latin America & Caribbean,Upper middle income,18.5066883302714,5.81831555719015,53.5272904870361,38.0070532448249,0.245978770106455,1,1,0
SLV,El Salvador,1990,Latin America & Caribbean,Upper middle income,23.9991651130861,4.83290057793786,49.6156277783176,28.7541401962657,0.0394033306877826,1,1,1
SLV,El Salvador,1991,Latin America & Caribbean,Upper middle income,14.4026748806266,1.49408756791307,47.7534309263615,31.3481067226329,0.479414650509057,1,1,0
SLV,El Salvador,2002,Latin America & Caribbean,Upper middle income,1.86552503610077,1.57291844759789,65.9190907767708,59.1339464525532,3.71125187529755,0,0,0
SLV,El Salvador,2014,Latin America & Caribbean,Upper middle income,1.14134467538233,1.7293998423459,78.1044257477935,48.618049979283,2.2408951362935,0,0,0
SLV,El Salvador,1988,Latin America & Caribbean,Upper middle income,19.7611617858858,1.878176962178,38.0957044115822,35.3661680048116,0.40478486257363,1,1,1
SLV,El Salvador,1995,Latin America & Caribbean,Upper middle income,10.0296564501018,4.73408140229732,59.3607543357884,44.7429588348283,0.426333155458645,1,1,0
SLV,El Salvador,1992,Latin America & Caribbean,Upper middle income,11.2144813801987,7.02196331575217,48.675245823902,32.7221332634946,0.263348136437545,1,1,0
SLV,El Salvador,2004,Latin America & Caribbean,Upper middle income,4.45194392395045,0.889404485692197,69.7822641767691,57.6504243832176,2.64681242347754,0,0,0
SLV,El Salvador,1994,Latin America & Caribbean,Upper middle income,10.5858066526451,4.6920617266787,55.1486486416098,46.4338077116602,NA,1,1,0
SLV,El Salvador,1999,Latin America & Caribbean,Upper middle income,0.514827130192979,2.16203373722973,60.9904896201298,52.7717526755983,1.91240900881117,0,0,0
SLV,El Salvador,2013,Latin America & Caribbean,Upper middle income,0.757669184522973,2.18295232499635,80.4511944908271,49.7941160550517,1.11490857279595,0,0,0
SLV,El Salvador,1985,Latin America & Caribbean,Upper middle income,22.3283750554416,0.614316239316253,52.2105382093726,52.7538302468871,0.326284139912113,0,0,0
SLV,El Salvador,1987,Latin America & Caribbean,Upper middle income,24.8645003373125,2.50816921310606,45.0946221996724,33.3689923446565,0.462854674395127,1,1,1
SLV,El Salvador,2016,Latin America & Caribbean,Upper middle income,0.60404908699661,2.53906241135864,72.8190933731491,50.0303916835425,1.98198031581358,0,0,0
SLV,El Salvador,2003,Latin America & Caribbean,Upper middle income,2.1203909173333,1.56539303147618,68.23698247861,57.6626968905578,1.06615183714648,0,0,0
SLV,El Salvador,2019,Latin America & Caribbean,Upper middle income,0.0753241350024612,2.43747159065784,76.0420130991468,59.0672598582873,2.59024369040438,0,0,0
SLV,El Salvador,2005,Latin America & Caribbean,Upper middle income,4.69094870903769,2.68083009363194,69.7158116750578,55.9072224232325,3.47761600217717,0,0,0
SLV,El Salvador,2006,Latin America & Caribbean,Upper middle income,4.03712359429612,4.3369986028604,73.4555675070266,56.7473533433474,1.50707286112592,0,0,0
SLV,El Salvador,1996,Latin America & Caribbean,Upper middle income,9.78892040179966,0.811461899328009,55.2818567293307,47.3889606397386,NA,0,1,0
SLV,El Salvador,2010,Latin America & Caribbean,Upper middle income,1.17933576873673,2.15419536693635,73.5372876725398,58.4320795168941,-0.613406192808089,0,0,0
SLV,El Salvador,2011,Latin America & Caribbean,Upper middle income,5.1289237668161,3.77358499834686,79.2766437025052,52.043318478755,0.603930846788838,0,0,0
SLV,El Salvador,2012,Latin America & Caribbean,Upper middle income,1.72973481581383,2.88770010188691,77.6485716222883,49.9970883395562,2.01123945886672,0,0,0
SLV,El Salvador,1986,Latin America & Caribbean,Upper middle income,31.9350161472763,0.19467303778427,53.7141227244257,33.0904413734503,0.639867087892442,0,0,0
SLV,El Salvador,2017,Latin America & Caribbean,Upper middle income,1.0123540331558,2.24761908134138,74.3046511916519,53.8410714047973,2.01688451540263,0,0,0
SLV,El Salvador,2018,Latin America & Caribbean,Upper middle income,1.09033000581892,2.4124442237792,75.6336168879956,54.8223554701326,1.58620478716365,0,0,0
SLV,El Salvador,2007,Latin America & Caribbean,Upper middle income,4.57808572377153,1.84760220587859,77.6210560347995,62.6383686717004,9.11434743633077,0,0,0
SLV,El Salvador,2009,Latin America & Caribbean,Upper middle income,1.05595029731201,-2.10876837627522,66.0711911744487,61.1531119466845,2.09486399547314,0,0,0
SLV,El Salvador,1997,Latin America & Caribbean,Upper middle income,4.49013627855204,3.13797006665828,63.5570927549383,49.1337718064031,0.577629026954658,0,0,0
SLV,El Salvador,1998,Latin America & Caribbean,Upper middle income,2.54705977554151,2.65227730016461,60.8722907509534,50.0436671277026,10.0824491417474,0,0,0
SLV,El Salvador,2020,Latin America & Caribbean,Upper middle income,-0.371590212324095,-7.893101359867,66.4595069497083,69.3654716759111,1.55101998611342,0,0,0
SLV,El Salvador,2008,Latin America & Caribbean,Upper middle income,6.70792293515939,2.15440298282768,80.6659739399085,58.5581867908332,5.0206011155903,0,0,0
GNQ,Equatorial Guinea,1986,Sub-Saharan Africa,Upper middle income,-17.6404240920371,-2.33055635744239,NA,39.8143148035975,7.36839652194923,0,0,0
GNQ,Equatorial Guinea,1987,Sub-Saharan Africa,Upper middle income,-13.1744727471927,4.43673736244361,NA,33.6281904928414,1.7997583486442,0,0,0
GNQ,Equatorial Guinea,1995,Sub-Saharan Africa,Upper middle income,19.8724349483472,17.4862637323938,NA,16.3263272854262,89.4756175644807,0,0,0
GNQ,Equatorial Guinea,1993,Sub-Saharan Africa,Upper middle income,5.4522847373328,11.0332130375277,NA,8.41041233967392,16.3925166145847,0,0,0
GNQ,Equatorial Guinea,2010,Sub-Saharan Africa,Upper middle income,7.78916547991184,-8.92417588851806,144.668225001248,11.2483528533962,16.7581567258275,0,0,0
GNQ,Equatorial Guinea,1990,Sub-Saharan Africa,Upper middle income,0.857871551124735,-1.75856408496443,NA,12.3991980414915,9.87677202149511,0,0,0
GNQ,Equatorial Guinea,1988,Sub-Saharan Africa,Upper middle income,2.52365930599391,2.6552621825882,NA,18.7082126131257,0.497340932478831,0,0,0
GNQ,Equatorial Guinea,1985,Sub-Saharan Africa,Upper middle income,NA,12.9051788684821,NA,32.148980007319,3.92797178260412,0,0,0
GNQ,Equatorial Guinea,2003,Sub-Saharan Africa,Upper middle income,7.32354399351809,13.9552503163825,NA,10.534956307168,27.7605754478919,0,1,0
GNQ,Equatorial Guinea,2020,Sub-Saharan Africa,Upper middle income,4.76669523944228,-4.79108083383294,77.9278846441807,13.8373256564558,-0.0916985922610923,0,0,0
GNQ,Equatorial Guinea,1994,Sub-Saharan Africa,Upper middle income,31.8410168416385,16.6688355418416,NA,13.8667233537698,16.8594770837927,0,0,0
GNQ,Equatorial Guinea,2005,Sub-Saharan Africa,Upper middle income,5.63163351357613,16.7487006053541,131.02447181321,6.38958093436903,9.36000539014064,0,0,0
GNQ,Equatorial Guinea,1996,Sub-Saharan Africa,Upper middle income,4.54072771540235,66.5799972215897,NA,13.8802666069405,161.823760047878,0,0,0
GNQ,Equatorial Guinea,1997,Sub-Saharan Africa,Upper middle income,3.01650540694366,149.972963487965,NA,6.98817305200954,12.0838692640296,0,0,0
GNQ,Equatorial Guinea,1998,Sub-Saharan Africa,Upper middle income,7.93571069814148,23.7744823299607,NA,9.53368104672642,74.1238969100452,0,0,0
GNQ,Equatorial Guinea,1999,Sub-Saharan Africa,Upper middle income,0.372266170311928,25.6640154410418,NA,9.19456136167528,24.8416884395355,0,0,0
GNQ,Equatorial Guinea,2009,Sub-Saharan Africa,Upper middle income,4.69106567747375,1.34335628806095,122.212077110801,10.0057511930449,10.8879553596521,0,0,0
GNQ,Equatorial Guinea,2000,Sub-Saharan Africa,Upper middle income,4.80228886901398,18.2137799569674,NA,6.43283449739388,14.7705365281136,0,0,0
GNQ,Equatorial Guinea,1991,Sub-Saharan Africa,Upper middle income,-3.42528735632201,-1.02223887710288,NA,10.6656500600727,37.2610573822568,0,0,0
GNQ,Equatorial Guinea,1992,Sub-Saharan Africa,Upper middle income,-4.27874315639129,34.7453200290652,NA,12.191535125205201,4.4677054227634,0,0,0
GNQ,Equatorial Guinea,2018,Sub-Saharan Africa,Upper middle income,1.06007410662171,-6.23654406734575,103.645681622953,12.3029314380312,-1.10304372116447,0,0,0
GNQ,Equatorial Guinea,2014,Sub-Saharan Africa,Upper middle income,4.30999866149107,0.415066301596866,104.379198671388,12.0500403280886,0.771291915530887,0,0,0
GNQ,Equatorial Guinea,2004,Sub-Saharan Africa,Upper middle income,4.21968787094834,37.9987268556423,NA,8.67977980444367,7.72914723671237,0,0,0
GNQ,Equatorial Guinea,2019,Sub-Saharan Africa,Upper middle income,1.53027528964189,-5.48182537893445,94.8787924253545,12.4655114591842,7.22811929659373,0,0,0
GNQ,Equatorial Guinea,2002,Sub-Saharan Africa,Upper middle income,7.5924784983324,19.4628340359251,NA,7.53193274211684,17.899145375458,0,0,0
GNQ,Equatorial Guinea,2006,Sub-Saharan Africa,Upper middle income,4.41589984169561,7.70491760658767,118.532782368937,5.92029022328923,4.65478286948259,0,0,0
GNQ,Equatorial Guinea,2007,Sub-Saharan Africa,Upper middle income,2.80373831775704,15.2821139194857,134.083789857569,6.99603968549037,9.50702132548057,0,0,0
GNQ,Equatorial Guinea,2008,Sub-Saharan Africa,Upper middle income,6.55176691184535,17.7991091333811,128.688006601458,6.4761202007167,-4.01962840224965,0,0,0
GNQ,Equatorial Guinea,2017,Sub-Saharan Africa,Upper middle income,0.74435474661241,-5.66750850486686,102.428258251803,12.7319433307131,3.1541343035206,0,0,0
GNQ,Equatorial Guinea,2015,Sub-Saharan Africa,Upper middle income,1.67663085315988,-9.11004114881537,98.8780591680756,15.4449664033497,9.00761663149669,0,0,0
GNQ,Equatorial Guinea,1989,Sub-Saharan Africa,Upper middle income,6.16615384615363,-1.22917807949834,NA,27.9960153533799,1.0086094568311,0,0,0
GNQ,Equatorial Guinea,2001,Sub-Saharan Africa,Upper middle income,8.82538925854966,63.3798754250602,NA,5.73547327817735,64.3841007471897,0,0,0
GNQ,Equatorial Guinea,2016,Sub-Saharan Africa,Upper middle income,1.41193915479015,-8.81641723219757,92.6007307237942,14.2763501829348,15.6154447046738,0,0,0
GNQ,Equatorial Guinea,2013,Sub-Saharan Africa,Upper middle income,2.94887694639662,-4.13319850131583,106.893284926066,14.1967346403369,2.65594378481707,0,0,0
GNQ,Equatorial Guinea,2012,Sub-Saharan Africa,Upper middle income,3.65662048278806,8.31287184445641,116.675422472364,12.6765986227562,4.4007560526439,0,0,0
GNQ,Equatorial Guinea,2011,Sub-Saharan Africa,Upper middle income,4.805389221557,6.52392362989873,114.37734663649,9.02170278597333,9.24740468952516,0,0,0
SWZ,Eswatini,2017,Sub-Saharan Africa,Lower middle income,6.22137528933118,3.52095345987983,86.8801420302976,29.1556462236588,-1.2917821060433,0,0,0
SWZ,Eswatini,2018,Sub-Saharan Africa,Lower middle income,4.81506167461513,0.0653956557843571,85.4927768173538,29.3535273530224,0.670381040235302,0,0,0
SWZ,Eswatini,1992,Sub-Saharan Africa,Lower middle income,7.55829536317337,3.22620654131664,NA,25.6145396536766,6.79556680799572,0,1,0
SWZ,Eswatini,1993,Sub-Saharan Africa,Lower middle income,12.0234238724148,3.10611402629526,NA,24.0333291145665,5.29923176204507,0,1,0
SWZ,Eswatini,2011,Sub-Saharan Africa,Lower middle income,6.10742714590251,1.83973625916165,NA,25.5977388584321,2.08998856482498,0,0,0
SWZ,Eswatini,2016,Sub-Saharan Africa,Lower middle income,7.8472745908568,2.94916821059911,89.3584874439935,30.5149924225903,0.721382841978235,0,0,0
SWZ,Eswatini,1986,Sub-Saharan Africa,Lower middle income,13.7370753323486,12.2644780398838,NA,31.7548475104745,6.92779990057745,0,0,0
SWZ,Eswatini,1987,Sub-Saharan Africa,Lower middle income,13.3766233766228,14.6065902367825,NA,31.2577987051207,9.63591871168152,1,1,0
SWZ,Eswatini,2019,Sub-Saharan Africa,Lower middle income,2.59801620311077,6.43186888691574,86.6407948477595,27.5291637806366,2.7717218211659,0,0,0
SWZ,Eswatini,2020,Sub-Saharan Africa,Lower middle income,NA,-2.9518345340928702,84.0140188426878,31.1395515324834,0.938105324268348,0,0,0
SWZ,Eswatini,2010,Sub-Saharan Africa,Lower middle income,4.50923691774369,3.82443487429767,NA,26.0690235530477,3.11096766561026,0,0,0
SWZ,Eswatini,1985,Sub-Saharan Africa,Lower middle income,20.4626334519576,3.79241569165134,NA,36.5435514018692,3.22741433106282,0,0,0
SWZ,Eswatini,1999,Sub-Saharan Africa,Lower middle income,6.08886063431493,2.95087531226599,NA,23.5312156331952,6.34868014150224,0,0,0
SWZ,Eswatini,2000,Sub-Saharan Africa,Lower middle income,12.2085358545844,1.76017342169806,NA,17.6454012479002,5.34174285106622,0,0,0
SWZ,Eswatini,1988,Sub-Saharan Africa,Lower middle income,20.3945622781115,6.56982157105428,NA,32.417466471747296,7.30947850325828,1,1,0
SWZ,Eswatini,1989,Sub-Saharan Africa,Lower middle income,7.54616477272771,12.9111040728151,NA,35.0648848306771,9.64000201161903,0,1,0
SWZ,Eswatini,1990,Sub-Saharan Africa,Lower middle income,13.0922899124981,21.0180005361393,NA,22.3553419085027,2.70104296721308,0,1,0
SWZ,Eswatini,1991,Sub-Saharan Africa,Lower middle income,8.93430656934288,1.76037668689723,NA,24.2537803744698,7.10425071314241,0,1,0
SWZ,Eswatini,2004,Sub-Saharan Africa,Lower middle income,3.44533507316614,3.61711931922247,NA,18.0640405657428,2.56728759984033,0,0,0
SWZ,Eswatini,1995,Sub-Saharan Africa,Lower middle income,12.2885912601426,4.82565115428272,NA,19.9180375008406,3.04629095204008,1,1,0
SWZ,Eswatini,1996,Sub-Saharan Africa,Lower middle income,6.42521330315218,3.84205386908532,NA,20.7221815517375,1.35491846029588,0,0,0
SWZ,Eswatini,1997,Sub-Saharan Africa,Lower middle income,7.12532722513057,3.10280509010417,NA,21.554042516268,-0.892048929076706,0,0,0
SWZ,Eswatini,2009,Sub-Saharan Africa,Lower middle income,7.44823423445754,1.43311134247756,NA,25.8213598843848,1.86388312281576,0,1,0
SWZ,Eswatini,1998,Sub-Saharan Africa,Lower middle income,8.10996563573863,2.60403956156969,NA,22.0763054051574,9.68479827643606,0,0,0
SWZ,Eswatini,2015,Sub-Saharan Africa,Lower middle income,4.95124493704919,1.70425806017289,88.2620944023684,26.5361759372489,0.805945191942897,0,0,0
SWZ,Eswatini,2014,Sub-Saharan Africa,Lower middle income,5.68134885776447,2.05738179246586,91.6200186943398,25.02701511267,0.601685882709023,0,0,0
SWZ,Eswatini,2005,Sub-Saharan Africa,Lower middle income,4.77400404553712,5.99228289096037,NA,17.6130038764151,-1.48002383468155,0,0,0
SWZ,Eswatini,2001,Sub-Saharan Africa,Lower middle income,5.94210982281648,1.41221393287066,NA,17.6258319802963,1.95160425482532,0,0,0
SWZ,Eswatini,2002,Sub-Saharan Africa,Lower middle income,12.0197154699232,4.0886479398829,NA,17.5758388294673,6.66778898222294,0,0,0
SWZ,Eswatini,2003,Sub-Saharan Africa,Lower middle income,7.28999999999999,4.53865525672528,NA,18.174441216725,-2.8000452332194,0,0,0
SWZ,Eswatini,2013,Sub-Saharan Africa,Lower middle income,5.62130623468948,4.09458522119226,85.2034551274939,25.98237427577,1.83246466722921,0,0,0
SWZ,Eswatini,2006,Sub-Saharan Africa,Lower middle income,5.30463946338728,6.72880946564094,NA,19.9346681907525,3.764215946629,0,0,0
SWZ,Eswatini,1994,Sub-Saharan Africa,Lower middle income,13.7693248804359,2.40069150379567,NA,23.4494329263085,4.45729356553655,0,1,0
SWZ,Eswatini,2012,Sub-Saharan Africa,Lower middle income,8.93964682788212,4.09048190124592,NA,24.7767767399158,0.557730516305156,0,0,0
SWZ,Eswatini,2008,Sub-Saharan Africa,Lower middle income,12.6574601863915,1.44055358727118,NA,22.7547915693139,3.26736558419805,0,0,0
SWZ,Eswatini,2007,Sub-Saharan Africa,Lower middle income,8.07608827861589,4.31772144872362,NA,22.066084451342,1.10564693422697,0,0,0
ETH,Ethiopia,2015,Sub-Saharan Africa,Low income,9.56889955968623,10.3924630141307,39.6561241449515,NA,4.22926466080082,0,0,0
ETH,Ethiopia,1994,Sub-Saharan Africa,Low income,7.59387600185336,3.18996458331273,NA,31.2213293751225,0.242366826705661,0,0,0
ETH,Ethiopia,1993,Sub-Saharan Africa,Low income,3.54306596166032,13.1428339363255,NA,26.9223659833398,0.0386695728163876,0,0,0
ETH,Ethiopia,1988,Sub-Saharan Africa,Low income,7.08071532141089,0.503674879297719,NA,22.3415785750829,0,0,0,0
ETH,Ethiopia,2016,Sub-Saharan Africa,Low income,6.62813337230924,9.43348265981905,34.8990210816111,NA,6.0502150951561,0,0,0
ETH,Ethiopia,2018,Sub-Saharan Africa,Low income,13.8330356586661,6.81614778557282,31.1993689777881,NA,4.03228222144798,0,0,0
ETH,Ethiopia,2019,Sub-Saharan Africa,Low income,15.8096321719344,8.36408573314054,28.8152939288346,NA,2.77536541541531,1,1,0
ETH,Ethiopia,2020,Sub-Saharan Africa,Low income,20.3563468559061,6.05953089054807,24.0061143401794,NA,2.42792592797614,1,1,0
ETH,Ethiopia,2017,Sub-Saharan Africa,Low income,10.6871150284238,9.56418965754014,31.1036494929016,NA,5.26039764214773,0,0,0
ETH,Ethiopia,1996,Sub-Saharan Africa,Low income,-8.48424868948825,12.4261737814951,NA,27.5373929644706,0.250307732741369,0,0,0
ETH,Ethiopia,1985,Sub-Saharan Africa,Low income,19.0646851444406,-11.1443529779264,NA,19.6691992894234,0,0,0,0
ETH,Ethiopia,1986,Sub-Saharan Africa,Low income,-9.80876507050661,9.66161236122211,NA,21.0915768804025,0,0,0,0
ETH,Ethiopia,1987,Sub-Saharan Africa,Low income,-2.42867248283368,13.8593303949744,NA,20.8429675348632,0,0,0,0
ETH,Ethiopia,2000,Sub-Saharan Africa,Low income,0.662458109266481,6.07321748125295,NA,34.5854779120504,1.63351478937744,0,0,0
ETH,Ethiopia,1989,Sub-Saharan Africa,Low income,7.81730118223048,-0.361044179752284,NA,24.5436934366021,0,0,0,0
ETH,Ethiopia,1990,Sub-Saharan Africa,Low income,5.15248124174767,2.72645178272684,NA,27.7334025849098,0.0961620638798249,0,0,0
ETH,Ethiopia,1991,Sub-Saharan Africa,Low income,35.7225982298715,-7.13747971659305,NA,29.0730965821018,0.0434789655941437,0,0,0
ETH,Ethiopia,1992,Sub-Saharan Africa,Low income,10.5274440119592,-8.6724801143672,NA,31.7473359103837,0.00158068969417161,0,0,0
ETH,Ethiopia,2003,Sub-Saharan Africa,Low income,13.6740452028271,-2.16135972256865,NA,44.8778804423559,5.39212251252315,0,0,0
ETH,Ethiopia,1997,Sub-Saharan Africa,Low income,2.39520958083829,3.1339068517801,NA,31.9280497226382,3.27697722032662,0,0,0
ETH,Ethiopia,1998,Sub-Saharan Africa,Low income,0.894801693964106,-3.4581391346848,NA,32.7592885788845,3.25297744362568,0,0,0
ETH,Ethiopia,2011,Sub-Saharan Africa,Low income,33.2499598823344,11.1782962297008,48.232935411689,NA,1.96735663905254,0,1,0
ETH,Ethiopia,2010,Sub-Saharan Africa,Low income,8.14926402965082,12.5505383347633,NA,NA,0.963030625359937,0,1,0
ETH,Ethiopia,1999,Sub-Saharan Africa,Low income,7.94144864137325,5.16214582255112,NA,34.6504198185551,0.886611360320082,0,0,0
ETH,Ethiopia,2014,Sub-Saharan Africa,Low income,6.89001951597191,10.2574929627477,40.7410841498626,NA,3.33569111068815,0,0,0
ETH,Ethiopia,2005,Sub-Saharan Africa,Low income,9.96997123512891,11.8187659491625,NA,43.777021964339,2.13780093729558,0,0,0
ETH,Ethiopia,2001,Sub-Saharan Africa,Low income,-8.23784453391136,8.30130632267965,NA,37.1632706542002,4.24475958430851,0,0,0
ETH,Ethiopia,1995,Sub-Saharan Africa,Low income,10.0221733553238,6.12751141587474,NA,28.4590896726797,0.180008028148242,0,0,0
ETH,Ethiopia,2002,Sub-Saharan Africa,Low income,0.6750891021708,1.51472570667433,NA,44.036796941287,3.2480726995032,0,0,0
ETH,Ethiopia,2013,Sub-Saharan Africa,Low income,7.46402192944517,10.5822700502552,41.4717870807625,NA,2.82040845857162,0,1,0
ETH,Ethiopia,2006,Sub-Saharan Africa,Low income,12.2994763114824,10.8347270679373,NA,42.4864001741599,3.5682352741624,0,0,0
ETH,Ethiopia,2009,Sub-Saharan Africa,Low income,8.48364404530282,8.8025531990487,NA,NA,0.682729366934427,0,1,0
ETH,Ethiopia,2012,Sub-Saharan Africa,Low income,23.600417677317,8.64781163513926,45.3979041835072,NA,0.643172898229037,0,1,0
ETH,Ethiopia,2008,Sub-Saharan Africa,Low income,44.3566858766951,10.7885216870332,NA,33.9671207502096,0.400997134132688,1,1,0
ETH,Ethiopia,2004,Sub-Saharan Africa,Low income,3.32737047894847,13.5726031401471,NA,45.3530821708908,5.38041579859625,0,0,0
ETH,Ethiopia,2007,Sub-Saharan Africa,Low income,17.2404008340897,11.4561670019891,NA,39.7427532885857,1.12647092519686,0,1,0
FJI,Fiji,1986,East Asia & Pacific,Upper middle income,1.79884248433801,7.74990796850761,NA,39.056030649244,0.622562861015047,0,0,0
FJI,Fiji,1988,East Asia & Pacific,Upper middle income,11.7583268783888,0.955754866463423,NA,45.1398966994205,2.84706408829507,0,0,0
FJI,Fiji,1985,East Asia & Pacific,Upper middle income,4.42097239621908,-4.61347485610258,NA,36.9490276511699,1.89911853517206,0,0,0
FJI,Fiji,1993,East Asia & Pacific,Upper middle income,5.20658925195764,2.13003242138259,NA,54.1789098116947,-0.198216055500495,0,0,0
FJI,Fiji,2007,East Asia & Pacific,Upper middle income,4.80370641306988,-0.850654310045783,NA,72.2557771542802,13.7414773077002,0,0,0
FJI,Fiji,1994,East Asia & Pacific,Upper middle income,0.816666666667011,5.09999960852183,NA,52.4256107141521,-1.71336650331076,0,0,0
FJI,Fiji,1989,East Asia & Pacific,Upper middle income,6.18935403382354,7.43863244182891,NA,44.4128898538944,2.58795720622278,0,0,0
FJI,Fiji,1996,East Asia & Pacific,Upper middle income,3.05016181229797,4.80000043020961,NA,49.4424209962507,-3.3911355115158,0,0,0
FJI,Fiji,1997,East Asia & Pacific,Upper middle income,3.36814006437943,-2.19999936869252,NA,44.6710630965005,-2.87977200424178,0,0,0
FJI,Fiji,1987,East Asia & Pacific,Upper middle income,5.66377475855221,-6.6150200063595,NA,40.6159568659569,1.37182600419974,0,0,0
FJI,Fiji,1995,East Asia & Pacific,Upper middle income,2.16564721441536,2.49999853846879,NA,52.8466563210509,-1.15125022335583,0,0,0
FJI,Fiji,2002,East Asia & Pacific,Upper middle income,0.762032085561206,3.19999911373272,NA,50.5143273942432,1.67309841241214,0,0,0
FJI,Fiji,2006,East Asia & Pacific,Upper middle income,2.49083638787078,1.85248387199492,NA,68.1585877604822,18.9830079707872,0,0,0
FJI,Fiji,2001,East Asia & Pacific,Upper middle income,4.27267024465105,2.00000014675203,NA,44.4657168176502,2.49941576652652,0,0,0
FJI,Fiji,2008,East Asia & Pacific,Upper middle income,7.73227857918421,1.03279422025963,NA,65.4790014641183,19.2785877551773,0,0,0
FJI,Fiji,2009,East Asia & Pacific,Upper middle income,3.13103559015967,-1.38603770763578,NA,70.1263571777471,10.7423905992561,0,0,0
FJI,Fiji,2010,East Asia & Pacific,Upper middle income,3.6890122967076,2.9546724221223,NA,67.6410823586535,5.67141021084985,0,0,0
FJI,Fiji,1999,East Asia & Pacific,Upper middle income,1.96867366000919,8.79999871927237,NA,39.948401982119,-7.59550090453841,0,0,0
FJI,Fiji,2000,East Asia & Pacific,Upper middle income,1.09216459977387,-1.69999841605511,NA,41.9930856870924,0.0352382457624236,0,0,0
FJI,Fiji,2013,East Asia & Pacific,Upper middle income,2.91354193603992,4.73421948956533,NA,74.1727541985571,5.81824859099488,0,0,0
FJI,Fiji,1998,East Asia & Pacific,Upper middle income,5.71168160413118,1.30000045153808,NA,40.8210686558076,1.23001999628593,0,0,0
FJI,Fiji,1991,East Asia & Pacific,Upper middle income,6.49734555984547,-2.7000037309646,NA,54.9344760039177,-2.90401665495103,0,0,0
FJI,Fiji,1992,East Asia & Pacific,Upper middle income,4.88302271568615,6.10000190987678,NA,55.8022316776659,2.466134347801,0,0,0
FJI,Fiji,2018,East Asia & Pacific,Upper middle income,4.08147637644542,3.81235122208561,NA,72.0751921139216,8.40038118168196,0,0,0
FJI,Fiji,2019,East Asia & Pacific,Upper middle income,1.79388647514555,-0.581946709343867,NA,75.0323713552766,6.02971795135456,0,0,0
FJI,Fiji,2012,East Asia & Pacific,Upper middle income,3.42337523401979,1.41131438177968,NA,67.6528843396108,6.9816643965711,0,0,0
FJI,Fiji,2020,East Asia & Pacific,Upper middle income,-1.70014167847317,-17.1835352599354,NA,95.4235967455232,5.66217121930221,0,0,0
FJI,Fiji,2011,East Asia & Pacific,Upper middle income,7.278117827085,2.70514302901054,NA,66.8566291310968,5.74582849158733,0,0,0
FJI,Fiji,2005,East Asia & Pacific,Upper middle income,2.36576453830433,0.700000402432295,NA,58.9053852775794,5.80296958864135,0,0,0
FJI,Fiji,2003,East Asia & Pacific,Upper middle income,4.17274777763034,0.999999344757256,NA,53.9988320664037,1.75225501277583,0,0,0
FJI,Fiji,2014,East Asia & Pacific,Upper middle income,0.519306474579106,5.6035144061830104,NA,68.9197297147807,7.77972455296746,0,0,0
FJI,Fiji,2004,East Asia & Pacific,Upper middle income,2.827485193912,5.29999970460942,NA,54.9281536807228,9.25370794256615,0,0,0
FJI,Fiji,1990,East Asia & Pacific,Upper middle income,8.19137132040969,5.8000027238601,NA,49.460303030303,-2.27272676116573,0,0,0
FJI,Fiji,2017,East Asia & Pacific,Upper middle income,3.34757834757831,5.35336455965039,NA,74.0676395921425,7.24021289135771,0,0,0
FJI,Fiji,2016,East Asia & Pacific,Upper middle income,3.86322538221277,2.44565179664245,NA,73.4274552967452,7.94325933214602,0,0,0
FJI,Fiji,2015,East Asia & Pacific,Upper middle income,1.37488542621446,4.50120041028725,NA,73.2870308257235,4.38599233241205,0,0,0
GAB,Gabon,2010,Sub-Saharan Africa,Upper middle income,1.46154402720469,7.08988731455126,89.1576627248353,19.6607552438889,3.64540417621404,0,0,0
GAB,Gabon,2008,Sub-Saharan Africa,Upper middle income,5.26430145575285,-3.30843064878751,88.9988725945748,16.1294990713945,4.45376516954727,0,0,0
GAB,Gabon,2009,Sub-Saharan Africa,Upper middle income,1.88570754577918,0.130331119816617,83.5045774235636,20.3295668434207,5.24757097949021,0,0,0
GAB,Gabon,2007,Sub-Saharan Africa,Upper middle income,5.03031883679951,6.00810802487668,85.1324791636578,16.9536460055297,5.25722235465119,0,0,0
GAB,Gabon,1989,Sub-Saharan Africa,Upper middle income,6.74083769633498,8.54530998982545,86.9936353425683,19.1243728940472,-0.72931486223162,0,0,0
GAB,Gabon,2006,Sub-Saharan Africa,Upper middle income,-1.4094013660098,-2.80657835569052,88.6494092562519,17.4254300235645,2.59310046782659,0,0,0
GAB,Gabon,2011,Sub-Saharan Africa,Upper middle income,1.26331707837421,7.09175334258654,90.4983773331323,20.7023005295064,6.16978545780463,0,0,0
GAB,Gabon,2012,Sub-Saharan Africa,Upper middle income,2.65241828695626,5.25107691750407,92.3428089420545,22.2869719996744,3.94472371225415,0,0,0
GAB,Gabon,2018,Sub-Saharan Africa,Upper middle income,4.74906652083221,0.83791658082157,77.0365976973024,23.8697156154116,8.17598940777917,0,0,0
GAB,Gabon,1995,Sub-Saharan Africa,Upper middle income,9.64653104079616,4.97384776335103,95.1346961861668,14.5022624434389,-3.94238849463857,0,0,0
GAB,Gabon,1996,Sub-Saharan Africa,Upper middle income,0.689693377281638,3.62504902027987,95.6709008514144,14.4457909914859,-5.00720955514632,0,0,0
GAB,Gabon,1998,Sub-Saharan Africa,Upper middle income,1.44873854294598,3.47783358718901,95.9747826086956,17.3756143667297,2.9576937639839,0,0,0
GAB,Gabon,1999,Sub-Saharan Africa,Upper middle income,-1.9366039760362601,-8.93262280230105,97.7314524555904,15.5283873214908,1.91835587390645,0,0,0
GAB,Gabon,1985,Sub-Saharan Africa,Upper middle income,7.3549257759783,-2.33294933269416,119.853382205931,20.4983005664778,0.451849383828874,0,0,0
GAB,Gabon,1986,Sub-Saharan Africa,Upper middle income,6.28535512256451,-0.803597733902933,89.8956477475185,23.4684822261814,3.239161792578,0,0,0
GAB,Gabon,2013,Sub-Saharan Africa,Upper middle income,0.505441058915615,5.63869900338696,90.6350361478645,24.9315584459845,1.84153865698512,0,0,0
GAB,Gabon,1990,Sub-Saharan Africa,Upper middle income,7.72532188841208,5.19223727652398,76.8974453905961,16.3385165987906,1.23411082335865,0,0,0
GAB,Gabon,1991,Sub-Saharan Africa,Upper middle income,-11.6861126920888,6.11250348301178,80.5349385481311,18.8122826320151,-1.01036543149075,0,0,0
GAB,Gabon,1992,Sub-Saharan Africa,Upper middle income,-9.54291330336575,-3.09014565154393,79.868842088552,16.3118641319768,2.26987151119813,0,0,0
GAB,Gabon,1993,Sub-Saharan Africa,Upper middle income,0.533746556474191,3.94655500790242,83.3430365420292,15.5019466436728,-2.59704974082741,0,0,0
GAB,Gabon,1994,Sub-Saharan Africa,Upper middle income,36.1162456962985,3.71275484108966,99.9266868001633,14.0101531115392,-2.37669285683173,0,0,0
GAB,Gabon,2004,Sub-Saharan Africa,Upper middle income,0.40820530743925,0.689543058464849,81.7675371418698,15.1275938784615,4.04069424179394,0,0,0
GAB,Gabon,2005,Sub-Saharan Africa,Upper middle income,3.70833333333304,2.67620333310926,83.9495998399241,16.276362896511,3.40362339596918,0,0,0
GAB,Gabon,2019,Sub-Saharan Africa,Upper middle income,2.46456756151187,3.92080879452831,73.4280894486644,22.9275910548301,9.20409837955739,0,0,0
GAB,Gabon,2020,Sub-Saharan Africa,Upper middle income,1.35276110675333,-1.83776106357656,70.1140546466012,NA,11.1881442291265,0,0,0
GAB,Gabon,1987,Sub-Saharan Africa,Upper middle income,-0.946185688941441,-17.1460422148976,87.9144276143595,24.4063672186929,2.7364899067487,0,0,0
GAB,Gabon,1988,Sub-Saharan Africa,Upper middle income,-8.77611940298511,12.8453532480867,78.5220207494277,21.1203046778247,3.45679012161836,0,0,0
GAB,Gabon,2000,Sub-Saharan Africa,Upper middle income,0.504920025834859,-1.8829663976089701,101.701928939637,14.6141289285516,5.4731252435535,0,0,0
GAB,Gabon,2015,Sub-Saharan Africa,Upper middle income,-0.338795188753406,3.8788993950789,73.9497814588281,24.8968844551111,0.289976985604188,0,0,0
GAB,Gabon,2016,Sub-Saharan Africa,Upper middle income,2.10670712784054,2.09144220829562,70.1333810645308,24.4547104671564,8.86815381799839,0,0,0
GAB,Gabon,2017,Sub-Saharan Africa,Upper middle income,2.65192583143902,0.472642030911146,75.0687404456638,19.3624163679485,8.80157025688894,0,0,0
GAB,Gabon,2003,Sub-Saharan Africa,Upper middle income,2.23535313551536,2.2473300115045,80.3026082056312,14.9614060138191,1.53052262034086,0,0,0
GAB,Gabon,1997,Sub-Saharan Africa,Upper middle income,3.973450075453,5.73836739483843,98.5362645138464,15.0597278955325,-2.15348493002674,0,0,0
GAB,Gabon,2014,Sub-Saharan Africa,Upper middle income,4.69045751826284,4.31496444107469,73.5203290162438,23.4701903743794,6.93864724297156,0,0,0
GAB,Gabon,2001,Sub-Saharan Africa,Upper middle income,2.13762052701465,2.13523342197423,83.6386132424108,14.9309274080002,-2.00298894717111,0,0,0
GAB,Gabon,2002,Sub-Saharan Africa,Upper middle income,0.0366828893971394,-0.249033168543434,84.7590815376223,15.5400858029116,0.0217546424549428,0,0,0
GMB,"Gambia, The",2003,Sub-Saharan Africa,Low income,17.0328665431988,6.86999962173842,68.8587930342232,32.8986293120564,3.75180060709964,0,0,0
GMB,"Gambia, The",2004,Sub-Saharan Africa,Low income,14.2067432845569,7.05000000064635,49.9342995615683,19.3787214454149,5.77256282742027,0,1,0
GMB,"Gambia, The",2005,Sub-Saharan Africa,Low income,4.83862177543157,-2.35172936176019,50.0187233950976,20.5956797970838,5.22041688120703,0,0,0
GMB,"Gambia, The",2006,Sub-Saharan Africa,Low income,2.0565034236599,-0.555580977246521,50.374468581975,25.8918162855536,7.79879790286452,0,0,0
GMB,"Gambia, The",2008,Sub-Saharan Africa,Low income,4.4436549094501,6.25590553394287,39.0890994561344,27.8833287099057,4.53283904240458,0,0,0
GMB,"Gambia, The",2009,Sub-Saharan Africa,Low income,4.56150687670983,6.6657243078367,41.7773944257977,28.7203048605845,2.72023911271176,0,0,0
GMB,"Gambia, The",2010,Sub-Saharan Africa,Low income,5.04968075857402,5.90833580968288,41.0125150279466,30.2487862417886,2.40659689644853,0,0,0
GMB,"Gambia, The",1986,Sub-Saharan Africa,Low income,56.560172013504,4.09107074099691,102.722471997511,21.4405724953329,-1.07192690494711,0,0,0
GMB,"Gambia, The",2017,Sub-Saharan Africa,Low income,8.03418974545911,4.8226112492757,55.7335796090833,38.2839721428451,4.27524164277035,0,0,0
GMB,"Gambia, The",1987,Sub-Saharan Africa,Low income,23.5291669556941,2.45433259678632,108.704991030241,22.0098667350077,0.691312137317751,1,1,1
GMB,"Gambia, The",1988,Sub-Saharan Africa,Low income,11.6905868876763,4.47682692076357,108.818999972051,22.034713099863,0.441599805469085,1,1,0
GMB,"Gambia, The",1989,Sub-Saharan Africa,Low income,8.27501608751592,5.89572187264736,120.337404203123,22.1001080407441,4.82676982319594,0,1,0
GMB,"Gambia, The",2007,Sub-Saharan Africa,Low income,5.36913473801957,3.04324950829739,44.2938444656791,25.6959111443614,6.10257365099724,0,0,0
GMB,"Gambia, The",1991,Sub-Saharan Africa,Low income,8.64234325973438,3.10703922385581,64.1029468943288,10.7610676072524,1.34293561281427,0,1,0
GMB,"Gambia, The",2011,Sub-Saharan Africa,Low income,4.7958826618311,-8.13044422315659,42.6397020468894,35.0121722998102,2.55921826982754,0,0,0
GMB,"Gambia, The",1985,Sub-Saharan Africa,Low income,18.319884874273,-0.812264660562306,97.7814665225553,29.2337448091473,-0.221507139200182,0,0,0
GMB,"Gambia, The",2016,Sub-Saharan Africa,Low income,7.22879272057922,1.94335965478776,38.1140879565948,NA,4.70370236790454,0,0,0
GMB,"Gambia, The",1997,Sub-Saharan Africa,Low income,2.78122790023229,4.89999910999681,48.3174980980993,14.5180162436799,1.4517162767366,0,0,0
GMB,"Gambia, The",2002,Sub-Saharan Africa,Low income,8.60912474386327,-3.25000014970206,59.642950918834,27.8064606875408,7.4065003138309,0,0,0
GMB,"Gambia, The",2001,Sub-Saharan Africa,Low income,4.49259609239754,5.80000024323377,46.9292631865623,21.9530369649078,5.16139810385096,0,0,0
GMB,"Gambia, The",2019,Sub-Saharan Africa,Low income,7.11567625631192,6.22205315994859,55.9979116186993,44.4200035932423,3.9194379121789,0,0,0
GMB,"Gambia, The",2020,Sub-Saharan Africa,Low income,5.93127636562441,0.591487287873974,47.3955201736291,52.9393661119146,10.4612755737217,0,0,0
GMB,"Gambia, The",1998,Sub-Saharan Africa,Low income,1.11418841174713,3.49999870205306,53.8709622701508,14.6656020115126,2.82047073744559,0,0,0
GMB,"Gambia, The",1993,Sub-Saharan Africa,Low income,6.46380422753847,3.01210137437499,64.6299221312549,12.0979229760388,1.42260116278372,0,0,0
GMB,"Gambia, The",2014,Sub-Saharan Africa,Low income,5.94799935696626,-1.40738249510954,58.2579307752264,37.9790482812269,1.8718835765044,0,0,0
GMB,"Gambia, The",2015,Sub-Saharan Africa,Low income,6.8084549457961,4.0580738039996,44.5223730803813,NA,5.22255647330922,0,0,0
GMB,"Gambia, The",1992,Sub-Saharan Africa,Low income,9.48654250617163,3.37868879121812,67.4430836477238,11.6201286275464,0.885296675815402,0,1,0
GMB,"Gambia, The",1996,Sub-Saharan Africa,Low income,1.09948870771018,2.22354563838627,50.9543943800384,11.6456005227025,1.25614459780092,0,0,0
GMB,"Gambia, The",1999,Sub-Saharan Africa,Low income,3.8123720536602,6.39999905009302,52.4132975230667,15.8371705771847,6.07322210375252,0,0,0
GMB,"Gambia, The",2018,Sub-Saharan Africa,Low income,6.52096823946573,7.23489033258579,64.8124640003735,39.4720955129567,4.89653501762191,0,0,0
GMB,"Gambia, The",2013,Sub-Saharan Africa,Low income,5.69912989637382,2.872768790327,45.4619193623296,36.1417430773726,4.96800325180048,0,0,0
GMB,"Gambia, The",1994,Sub-Saharan Africa,Low income,1.71020632305637,0.154345959845131,49.9160789438545,11.1987945979985,1.30160018652941,0,0,0
GMB,"Gambia, The",1990,Sub-Saharan Africa,Low income,12.1677841130696,3.55887936756983,131.485415341849,20.6576480269643,4.45308295613349,0,1,0
GMB,"Gambia, The",2012,Sub-Saharan Africa,Low income,4.25432199813899,5.24156924630741,47.7006731141985,34.3647140810726,2.91048196914862,0,0,0
GMB,"Gambia, The",2000,Sub-Saharan Africa,Low income,0.8449695667737,5.50000021632955,56.3598198850954,19.8005135837806,5.55872128046551,0,0,0
GMB,"Gambia, The",1995,Sub-Saharan Africa,Low income,6.98097441830556,0.881848240754678,59.2767980339628,12.1960209235368,0.983365191013703,0,0,0
GEO,Georgia,2006,Europe & Central Asia,Upper middle income,9.16096508394497,9.42148081189909,89.125374368197,20.3031179639833,15.1240361672901,0,0,0
GEO,Georgia,2008,Europe & Central Asia,Upper middle income,9.99948761552747,2.42161440960641,86.2982243681487,23.1807163672451,12.5221905619449,0,1,0
GEO,Georgia,2010,Europe & Central Asia,Upper middle income,7.11017897486099,6.24640865303363,81.6733870603639,27.9877592941675,7.41065931415781,0,0,0
GEO,Georgia,2016,Europe & Central Asia,Upper middle income,2.13492713939121,3.45021517996871,94.9262528383443,43.4618553880666,10.746989399988,0,0,0
GEO,Georgia,2005,Europe & Central Asia,Upper middle income,8.24709043114158,9.59113832853026,84.5295975354749,16.8791113508153,7.06775086735302,0,0,0
GEO,Georgia,1987,Europe & Central Asia,Upper middle income,NA,1.28148065724565,82.2958430048533,NA,NA,0,0,0
GEO,Georgia,1988,Europe & Central Asia,Upper middle income,NA,5.55545382967426,88.6041439476554,NA,NA,0,0,0
GEO,Georgia,2007,Europe & Central Asia,Upper middle income,9.24489745592404,12.5755698246405,88.3934140686603,24.1197213823188,18.5993001881899,0,1,0
GEO,Georgia,1990,Europe & Central Asia,Upper middle income,NA,-14.788785046729,85.5271949752773,NA,NA,0,0,0
GEO,Georgia,2009,Europe & Central Asia,Upper middle income,1.7275146113791,-3.65075229596822,78.1930390303569,26.4850823519605,6.13732507746039,0,0,0
GEO,Georgia,2011,Europe & Central Asia,Upper middle income,8.5429333333333,7.9343365253078,85.4659350932986,27.1955909160269,7.56100540937968,0,0,0
GEO,Georgia,1985,Europe & Central Asia,Upper middle income,NA,4.94120590442833,NA,NA,NA,0,0,0
GEO,Georgia,1986,Europe & Central Asia,Upper middle income,NA,-8.17567222383052,NA,NA,NA,0,0,0
GEO,Georgia,2001,Europe & Central Asia,Upper middle income,4.64604442058634,4.80729867243699,63.3299250824094,11.2276120007492,3.41273251705983,0,0,0
GEO,Georgia,2002,Europe & Central Asia,Upper middle income,5.58783730000794,5.47402488700408,71.6291255364807,11.9408294796137,4.72348885200524,0,0,0
GEO,Georgia,2004,Europe & Central Asia,Upper middle income,5.65632636191132,5.79268292682926,79.0407459055607,15.6164600520453,9.61361623129554,0,0,0
GEO,Georgia,2017,Europe & Central Asia,Upper middle income,6.03531725272117,5.15990261658827,102.584277697146,44.0357692307692,11.7183676491747,0,0,0
GEO,Georgia,2018,Europe & Central Asia,Upper middle income,2.6152447139767,6.062036412677,109.847740556266,45.7059549521753,7.28401976586955,0,0,0
GEO,Georgia,2019,Europe & Central Asia,Upper middle income,4.85289821696723,5.38071926589951,117.810080239714,48.4927020069983,7.92523222582948,0,0,0
GEO,Georgia,2020,Europe & Central Asia,Upper middle income,5.2024648897534,-6.2904717853839,92.8910841752194,61.0166703488722,3.47997036066188,0,0,0
GEO,Georgia,1991,Europe & Central Asia,Upper middle income,NA,-21.0998508379398,59.1623036649215,NA,NA,0,0,0
GEO,Georgia,2012,Europe & Central Asia,Upper middle income,-0.943658853270964,6.57883101954195,89.7348800946338,28.3318599540836,5.73087327277528,0,0,0
GEO,Georgia,2014,Europe & Central Asia,Upper middle income,3.06881210379543,4.09049059581743,94.9506979383393,35.2746860423388,10.2241873429056,0,0,0
GEO,Georgia,2015,Europe & Central Asia,Upper middle income,4.00357820695097,3.35102350265353,97.0163115086257,37.9772432557601,11.3986492046024,0,0,0
GEO,Georgia,2000,Europe & Central Asia,Upper middle income,4.06396201382596,1.84038117927339,62.6613956413099,10.3824117092221,4.29984428089904,0,0,0
GEO,Georgia,1997,Europe & Central Asia,Upper middle income,7.08761762948726,10.5208042446244,57.7530659289995,8.27364723704143,6.90780807482052,0,1,0
GEO,Georgia,2003,Europe & Central Asia,Upper middle income,0.837734531536568,11.0570310020104,77.6333765369391,12.7932612300183,8.39036166616402,0,0,0
GEO,Georgia,1999,Europe & Central Asia,Upper middle income,19.1926758218895,2.86729567454968,57.1518743274472,7.95279730802477,2.93925854428705,0,0,0
GEO,Georgia,1989,Europe & Central Asia,Upper middle income,NA,-7.19378285079883,87.7804096419117,NA,NA,0,0,0
GEO,Georgia,1992,Europe & Central Asia,Upper middle income,NA,-44.899774806083,101.943699731903,NA,NA,0,0,0
GEO,Georgia,2013,Europe & Central Asia,Upper middle income,-0.512058410947092,5.13288531209382,93.8139137895532,33.75872949764,5.97432640298838,0,0,0
GEO,Georgia,1993,Europe & Central Asia,Upper middle income,NA,-29.3001665068873,118.638889058298,NA,3.70208393049906e-4,0,0,0
GEO,Georgia,1994,Europe & Central Asia,Upper middle income,NA,-10.3982300884956,166.902615538069,NA,0.318234733458938,0,0,0
GEO,Georgia,1995,Europe & Central Asia,Upper middle income,162.717152150377,2.59657506969336,67.8286788091539,7.73874480486522,NA,0,0,0
GEO,Georgia,1998,Europe & Central Asia,Upper middle income,3.56680781278783,3.1015096961657602,53.5666693215985,7.44493518647578,7.34191772565261,0,0,0
GEO,Georgia,1996,Europe & Central Asia,Upper middle income,39.3574999987146,11.2025463861501,45.6965490500194,6.82298668734652,NA,0,0,0
GHA,Ghana,1998,Sub-Saharan Africa,Lower middle income,14.6241666666675,4.70039078427911,80.5995432469935,22.8573763581591,2.23734900555042,1,1,0
GHA,Ghana,2000,Sub-Saharan Africa,Lower middle income,40.240933123914,3.70000008164408,116.048430162968,28.1661733054676,3.32941946782064,0,0,0
GHA,Ghana,2001,Sub-Saharan Africa,Lower middle income,41.509496287803,4.00000012807919,110.045854160811,31.4453255740362,1.68056701347756,0,0,0
GHA,Ghana,1997,Sub-Saharan Africa,Lower middle income,27.8852086407527,4.19635744019571,85.4018379695892,23.8419648702651,1.18697923958791,1,1,1
GHA,Ghana,1999,Sub-Saharan Africa,Lower middle income,4.86539785077528,4.39999682545296,81.7051040340528,24.0928291330063,3.15750877559549,0,0,0
GHA,Ghana,2003,Sub-Saharan Africa,Lower middle income,29.7729797160384,5.200000133101,97.2871457139532,31.0459269884883,1.7916409392104,0,1,0
GHA,Ghana,2004,Sub-Saharan Africa,Lower middle income,18.0427388232565,5.59999999077445,99.6703343472122,32.7225904303127,1.56810546990152,0,1,0
GHA,Ghana,2010,Sub-Saharan Africa,Lower middle income,10.7333898354915,7.89971194051621,75.3778157916824,29.619193066523,7.84948455261709,1,1,0
GHA,Ghana,2002,Sub-Saharan Africa,Lower middle income,9.36093239560313,4.49999955900331,97.4892431746551,34.1082281365568,0.955694277966518,0,1,0
GHA,Ghana,1995,Sub-Saharan Africa,Lower middle income,59.4615536991446,4.11241897162861,57.4230942889947,21.6429944399293,1.64748906691435,1,1,1
GHA,Ghana,2012,Sub-Saharan Africa,Lower middle income,11.1863409441067,9.2927894063005,93.1680351286831,30.3617418407418,7.98251565917851,0,1,0
GHA,Ghana,2013,Sub-Saharan Africa,Lower middle income,11.6661923071729,7.31252501678145,60.7593219028775,21.9527563428547,5.13479660884921,0,1,0
GHA,Ghana,1996,Sub-Saharan Africa,Lower middle income,46.5610196762282,4.60246115564627,72.2049441293975,20.5961071375025,1.73085450713045,1,1,1
GHA,Ghana,2015,Sub-Saharan Africa,Lower middle income,17.1499695007878,2.12075933817334,76.5212709243242,25.6702732096289,6.45737614178894,1,1,0
GHA,Ghana,2016,Sub-Saharan Africa,Lower middle income,17.4546347070868,3.37346574966936,67.8769994445865,26.2807758335841,6.20782671803196,1,1,1
GHA,Ghana,2018,Sub-Saharan Africa,Lower middle income,7.80876516610703,6.20007768127284,67.9585174644902,25.1273803325435,4.4440435772374,0,1,0
GHA,Ghana,2014,Sub-Saharan Africa,Lower middle income,15.4896160333318,2.85624016330883,63.8365624430783,23.642550556526,6.15120635162518,1,1,0
GHA,Ghana,2007,Sub-Saharan Africa,Lower middle income,10.7342665456292,4.34681910440079,65.3543222852532,25.7168116882847,5.57118876952139,1,1,0
GHA,Ghana,2008,Sub-Saharan Africa,Lower middle income,16.494639613412,9.14979893831817,69.5142256111434,27.461460329864,9.46643908231485,1,1,0
GHA,Ghana,2009,Sub-Saharan Africa,Lower middle income,19.2469482220857,4.84448705175076,71.5947385281523,28.247021571746,9.10808669100415,1,1,0
GHA,Ghana,1992,Sub-Saharan Africa,Lower middle income,10.0561167448841,3.87941908037517,45.9935958613923,20.5258743254694,0.350680105249075,1,1,0
GHA,Ghana,2011,Sub-Saharan Africa,Lower middle income,8.7284593709302,14.0471235803149,86.2954538549695,30.5490058881024,8.2558797134245,0,1,0
GHA,Ghana,1994,Sub-Saharan Africa,Lower middle income,24.8702554369576,3.29999973947747,62.0211527377522,22.5131258405379,4.27806801152738,1,1,0
GHA,Ghana,2017,Sub-Saharan Africa,Lower middle income,12.3719215507048,8.12889488100956,70.5483652904116,25.4883349966688,5.39035841681501,1,1,0
GHA,Ghana,1985,Sub-Saharan Africa,Lower middle income,10.3054406698295,5.09161727201138,24.243837597071,13.6185023670157,0.124325458827919,0,0,0
GHA,Ghana,2020,Sub-Saharan Africa,Lower middle income,9.88728956269944,0.513941670628171,66.5754987162431,30.8173156252875,2.67937438514205,0,1,0
GHA,Ghana,1991,Sub-Saharan Africa,Lower middle income,18.0314390089849,5.28182639834429,42.4883492637987,15.5627800944911,0.302884126204054,1,1,1
GHA,Ghana,1989,Sub-Saharan Africa,Lower middle income,25.2236920295825,5.08587270013842,41.0858910510339,16.9169934815772,0.285613181918892,1,1,1
GHA,Ghana,2006,Sub-Saharan Africa,Lower middle income,11.6791839392492,6.39991260618034,64.5190542439152,22.7692547025883,3.04529018468516,1,1,0
GHA,Ghana,1986,Sub-Saharan Africa,Lower middle income,24.5654160765001,5.19916067974877,36.7116874888784,13.5145377429883,0.0749693484267481,0,0,0
GHA,Ghana,1987,Sub-Saharan Africa,Lower middle income,39.8150678775363,4.79489887940781,45.8481233243968,14.2050938337802,0.0926139410187668,1,1,0
GHA,Ghana,1993,Sub-Saharan Africa,Lower middle income,24.9598424742497,4.85000055379412,56.6691201156995,19.8354562123912,2.09418016063635,1,1,0
GHA,Ghana,1990,Sub-Saharan Africa,Lower middle income,37.2590664855671,3.32881788321653,42.7281781307805,14.1420904200405,0.251311464912112,1,1,1
GHA,Ghana,2005,Sub-Saharan Africa,Lower middle income,15.4389920155908,5.90000381855104,98.1715141146279,32.1100295243883,1.34923986570129,1,1,1
GHA,Ghana,2019,Sub-Saharan Africa,Lower middle income,7.14364003330857,6.5077747939152,76.824802732152,26.3917474285807,5.67619931009197,0,1,0
GHA,Ghana,1988,Sub-Saharan Africa,Lower middle income,31.3592676264768,5.62816876359457,42.2454994120982,14.746060677552,0.0961951910014878,1,1,1
GRD,Grenada,1985,Latin America & Caribbean,Upper middle income,2.50138492350979,5.97970814111039,NA,39.1313712259678,2.4510516755026,0,0,0
GRD,Grenada,2020,Latin America & Caribbean,Upper middle income,-0.740732597045498,-13.7566222572107,NA,94.3763313760777,13.5399655332758,0,0,0
GRD,Grenada,1986,Latin America & Caribbean,Upper middle income,0.557079903550532,7.19427376957988,NA,44.8076434622082,2.38898282779597,0,0,0
GRD,Grenada,1988,Latin America & Caribbean,Upper middle income,4.00000000000013,2.96679168426633,NA,48.616243031974,6.3384830094354,0,0,0
GRD,Grenada,1987,Latin America & Caribbean,Upper middle income,-0.872333388457509,9.09742510698013,NA,43.6750586112586,6.84724044961457,0,0,0
GRD,Grenada,1992,Latin America & Caribbean,Upper middle income,3.77833753148618,-0.851148756391396,NA,48.6389839810507,7.28058070781046,0,0,0
GRD,Grenada,1989,Latin America & Caribbean,Upper middle income,5.59294871794896,3.76773076437745,NA,45.8552294423048,3.92083713990509,0,0,0
GRD,Grenada,2019,Latin America & Caribbean,Upper middle income,0.598149764736022,0.676511738873756,NA,82.1403261496577,17.1914579677146,0,0,0
GRD,Grenada,1995,Latin America & Caribbean,Upper middle income,1.86882475298978,2.12947514959858,NA,67.514158766349,5.83851031177903,0,0,0
GRD,Grenada,1996,Latin America & Caribbean,Upper middle income,2.03235172127782,4.43823471603358,NA,69.2220884058309,4.62317630583783,0,0,0
GRD,Grenada,1997,Latin America & Caribbean,Upper middle income,1.24452782989343,5.01549460936745,NA,71.2722625601725,8.54176531327455,0,0,0
GRD,Grenada,1998,Latin America & Caribbean,Upper middle income,1.37769330389496,11.7535029919192,NA,70.3832608892289,10.9183209092615,0,0,0
GRD,Grenada,1999,Latin America & Caribbean,Upper middle income,0.577427638677119,6.89836243368677,NA,74.1122629166653,8.62054856317914,0,0,0
GRD,Grenada,2000,Latin America & Caribbean,Upper middle income,2.18181818181821,4.88795213650562,NA,78.1745456477432,11.0547097235546,0,0,0
GRD,Grenada,2003,Latin America & Caribbean,Upper middle income,2.15492809908679,9.46397343076491,NA,89.5681048224543,16.7656355887062,0,0,0
GRD,Grenada,2004,Latin America & Caribbean,Upper middle income,2.3129167822611,-0.647450316084857,NA,106.225125279716,21.0923990279235,0,0,0
GRD,Grenada,2005,Latin America & Caribbean,Upper middle income,3.475806937554,13.2761883306272,NA,85.7807415867945,11.7331857542313,0,0,0
GRD,Grenada,1993,Latin America & Caribbean,Upper middle income,2.80859916782245,-1.95881558143746,NA,60.0101925551311,6.53562032624543,0,0,0
GRD,Grenada,1994,Latin America & Caribbean,Upper middle income,3.77065767284965,1.69355604419043,NA,64.3075618770021,5.93983676727061,0,0,0
GRD,Grenada,2009,Latin America & Caribbean,Upper middle income,-0.308654779585642,-6.61328134799545,NA,96.3978312982246,14.0935303304599,0,0,0
GRD,Grenada,2010,Latin America & Caribbean,Upper middle income,3.43650905943351,-0.511146187173722,NA,99.472541575558,7.21829642572972,0,0,0
GRD,Grenada,2012,Latin America & Caribbean,Upper middle income,2.41077704021862,-1.15483816409801,NA,91.4250651426762,6.22764121735725,0,0,0
GRD,Grenada,2013,Latin America & Caribbean,Upper middle income,-0.0439997864828058,2.35109801677905,NA,90.0571055821276,15.4729269608086,0,0,0
GRD,Grenada,2011,Latin America & Caribbean,Upper middle income,3.0334728033474,0.764773550338731,NA,98.852961610179,11.0347999232425,0,0,0
GRD,Grenada,2006,Latin America & Caribbean,Upper middle income,4.25195321977967,-3.99532824427482,NA,87.349443713458,14.7018185551416,0,0,0
GRD,Grenada,2001,Latin America & Caribbean,Upper middle income,3.14099305202543,-2.02390004072058,NA,86.7302172012184,17.2109605555303,0,0,0
GRD,Grenada,1990,Latin America & Caribbean,Upper middle income,2.72423736530525,4.01261191599704,NA,48.2784786316122,4.62931727452113,0,0,0
GRD,Grenada,1991,Latin America & Caribbean,Upper middle income,2.64460367880678,1.38554578702994,NA,47.0418989656132,5.07852815781561,0,0,0
GRD,Grenada,2018,Latin America & Caribbean,Upper middle income,0.804102313277033,4.36144039364797,NA,87.2179276023228,15.9441349586327,0,0,0
GRD,Grenada,2007,Latin America & Caribbean,Upper middle income,3.85882922469653,6.12345094741467,NA,90.2366289719078,21.7777169094036,0,0,0
GRD,Grenada,2008,Latin America & Caribbean,Upper middle income,8.0332732765034,0.947542624907697,NA,87.1066983245366,17.4857564898281,0,0,0
GRD,Grenada,2016,Latin America & Caribbean,Upper middle income,1.65038994431573,3.7396039558691,NA,85.0922576166172,10.3063305270724,0,0,0
GRD,Grenada,2017,Latin America & Caribbean,Upper middle income,0.908458255874249,4.43867566948151,NA,82.7318341092668,13.6164508332703,0,0,0
GRD,Grenada,2014,Latin America & Caribbean,Upper middle income,-0.98360305555498,7.34212396037948,NA,88.3850844158283,9.18674323761499,0,0,0
GRD,Grenada,2002,Latin America & Caribbean,Upper middle income,1.06721547992874,3.43732352954147,NA,92.3404264156993,14.4083748207884,0,0,0
GRD,Grenada,2015,Latin America & Caribbean,Upper middle income,-0.515448031435329,6.44522314693144,NA,86.7217079259413,15.4731884681937,0,0,0
GTM,Guatemala,1995,Latin America & Caribbean,Upper middle income,8.41141312270566,4.94854750210382,44.6894303422515,19.5598248513479,0.513121288070686,0,1,0
GTM,Guatemala,2019,Latin America & Caribbean,Upper middle income,3.69998398008605,4.01789785040324,45.5167341512863,53.7007219082713,1.51707073546928,0,0,0
GTM,Guatemala,2017,Latin America & Caribbean,Upper middle income,4.42453655182546,3.07985126948702,46.0694033463258,50.8043228509746,1.39328931381397,0,0,0
GTM,Guatemala,1994,Latin America & Caribbean,Upper middle income,10.8553211494391,4.03374149641458,42.3708926972021,19.3039472920773,0.502186153783675,1,1,0
GTM,Guatemala,1989,Latin America & Caribbean,Upper middle income,11.3871321997958,3.94258951982349,39.7815461505075,25.2011857933103,0.90598617587788,1,1,0
GTM,Guatemala,2018,Latin America & Caribbean,Upper middle income,3.75186186704508,3.40687348346576,47.0116852699223,53.1955053282223,1.25790065429015,0,0,0
GTM,Guatemala,2016,Latin America & Caribbean,Upper middle income,4.44844199942827,2.67780277623314,46.3727344722496,49.6577511534571,1.28045862124744,0,0,0
GTM,Guatemala,2004,Latin America & Caribbean,Upper middle income,7.57862247309729,3.13791683609193,70.2148723581872,44.3120632713663,1.36317570702825,0,0,0
GTM,Guatemala,1991,Latin America & Caribbean,Upper middle income,33.1664219167535,3.65824875006811,39.5202562231777,22.8942235353003,0.964264266004397,1,1,0
GTM,Guatemala,2020,Latin America & Caribbean,Upper middle income,3.21444062197345,-1.78555175063326,41.1407594507716,62.7524305318698,1.29230382378627,0,0,0
GTM,Guatemala,1985,Latin America & Caribbean,Upper middle income,18.6867912971238,-0.609338955584263,24.9322455919306,29.3061657913413,0.635694421557388,0,0,0
GTM,Guatemala,1986,Latin America & Caribbean,Upper middle income,36.9311212965016,0.143049595525113,30.6440192534157,24.9766383067519,0.951332232912412,0,0,0
GTM,Guatemala,1996,Latin America & Caribbean,Upper middle income,11.0569165321987,2.95777988740716,40.392952957301,18.4441410090117,0.490595256545279,0,1,0
GTM,Guatemala,1997,Latin America & Caribbean,Upper middle income,9.23290294884935,4.36408994678341,41.5519511569592,20.4651968731267,3.54917970403487,0,1,0
GTM,Guatemala,1988,Latin America & Caribbean,Upper middle income,10.8327037689912,3.89238706354786,38.0399139851034,24.972500120881,4.20704806640199,1,1,0
GTM,Guatemala,2001,Latin America & Caribbean,Upper middle income,7.28587366610138,2.33257486608854,70.6690331769476,32.9553698379889,-5.088199966054,0,0,0
GTM,Guatemala,1990,Latin America & Caribbean,Upper middle income,41.2218671380973,3.10256317557587,45.8694854703458,21.2460719499582,0.623513367892386,1,1,0
GTM,Guatemala,1987,Latin America & Caribbean,Upper middle income,12.3232132755046,3.54398330651921,38.1429634270897,24.1956981355248,2.12015136627297,1,1,0
GTM,Guatemala,1992,Latin America & Caribbean,Upper middle income,10.0459179984088,4.83833884688683,45.3622490673106,24.1963485010309,0.901273522590179,1,1,0
GTM,Guatemala,1993,Latin America & Caribbean,Upper middle income,11.8196901746257,3.92713194504024,43.7789281525868,21.6100572281729,1.24999810291311,1,1,0
GTM,Guatemala,1999,Latin America & Caribbean,Upper middle income,5.21361058601122,3.8470621889051,46.3605068544295,21.1941327387257,5.04738067531559,0,0,0
GTM,Guatemala,2003,Latin America & Caribbean,Upper middle income,5.60347675434469,2.56037766801896,67.0023391862425,43.7282994717282,0.0903239703402523,0,0,0
GTM,Guatemala,1998,Latin America & Caribbean,Upper middle income,6.61346070518058,4.99352780305848,44.4237399632554,21.2672642215164,6.94130368276462,0,0,0
GTM,Guatemala,2015,Latin America & Caribbean,Upper middle income,2.3887203283955,4.09217081621244,49.8934517710689,49.2412052101998,1.93508794944894,0,0,0
GTM,Guatemala,2013,Latin America & Caribbean,Upper middle income,4.34337131279521,3.69481894978053,56.6852490208198,47.8364253905363,2.87216286478145,0,0,0
GTM,Guatemala,2000,Latin America & Caribbean,Upper middle income,5.97757734737136,3.6088687174876,49.1455879049537,23.2545726020237,-4.08835554722306,0,0,0
GTM,Guatemala,2014,Latin America & Caribbean,Upper middle income,3.4183616966296,4.44397783368888,55.0832735945126,48.0337930012964,2.43302117698753,0,0,0
GTM,Guatemala,2006,Latin America & Caribbean,Upper middle income,6.56085282795384,5.35139778711536,67.9119237396616,47.1752127318754,2.13587522888421,0,0,0
GTM,Guatemala,2002,Latin America & Caribbean,Upper middle income,8.13263054281054,3.83928708556792,67.1048115244645,32.2797015809976,-4.97449876130187,0,0,0
GTM,Guatemala,2005,Latin America & Caribbean,Upper middle income,9.1086498571922,3.27602692588886,67.1036996082037,46.175454092022,2.01617500337249,0,0,0
GTM,Guatemala,2012,Latin America & Caribbean,Upper middle income,3.78180754679678,2.97470856847661,61.9594193352042,46.8018188069586,2.82256297187213,0,0,0
GTM,Guatemala,2007,Latin America & Caribbean,Upper middle income,6.82161753590326,6.33771869016203,69.0013643101763,45.6766463041048,2.55959192771149,0,0,0
GTM,Guatemala,2010,Latin America & Caribbean,Upper middle income,3.8595090983316,2.88417542800377,63.1251925746222,47.3037841394878,2.71030706792051,0,0,0
GTM,Guatemala,2008,Latin America & Caribbean,Upper middle income,11.355761126315,3.29352400028485,65.1787305213103,43.8604398640306,1.89952208705823,0,0,0
GTM,Guatemala,2011,Latin America & Caribbean,Upper middle income,6.214123930671,4.16390688293349,65.0470510420457,45.5574249270072,1.87038244023626,0,0,0
GTM,Guatemala,2009,Latin America & Caribbean,Upper middle income,1.85910254733028,0.476898106596394,58.0406869738673,46.9158515674456,1.34627822535543,0,0,0
GIN,Guinea,2013,Sub-Saharan Africa,Lower middle income,11.8875884481828,3.94568708624053,80.4264477180461,21.8122160196576,0.00226821971801587,1,1,0
GIN,Guinea,1994,Sub-Saharan Africa,Lower middle income,NA,3.97009910590064,33.3418125019301,6.32607530563365,0.00425721664523434,0,0,0
GIN,Guinea,2011,Sub-Saharan Africa,Lower middle income,21.3169268542577,5.61211177430975,85.9546732708386,27.1582272469189,14.0905035719922,0,0,0
GIN,Guinea,1991,Sub-Saharan Africa,Lower middle income,NA,2.61342300409642,41.7787115678445,6.2921554718551,0.881902276892439,0,0,0
GIN,Guinea,2012,Sub-Saharan Africa,Lower middle income,15.2262941038638,5.91528626133322,86.6743318322581,20.8562594908191,7.92820721970247,1,1,1
GIN,Guinea,2014,Sub-Saharan Africa,Lower middle income,6.1505055670642,3.69655311664086,76.7719658952305,23.3999037487349,-0.840221306496811,0,0,0
GIN,Guinea,1990,Sub-Saharan Africa,Lower middle income,NA,4.3240627548313,44.2481030022452,NA,0.459324256828018,0,0,0
GIN,Guinea,1985,Sub-Saharan Africa,Lower middle income,NA,4.9999305837981,NA,NA,0.00487106070480292,0,0,0
GIN,Guinea,2016,Sub-Saharan Africa,Lower middle income,8.17268112275132,10.82062719659,111.839467415368,23.9685925724389,18.8280094343567,0,0,0
GIN,Guinea,1988,Sub-Saharan Africa,Lower middle income,NA,6.30811670197524,39.7422431817903,NA,0.451030888508573,0,0,0
GIN,Guinea,2015,Sub-Saharan Africa,Lower middle income,11.7800825029834,3.82591056949435,72.4427307469345,24.8647922800347,0.605767981893699,0,0,0
GIN,Guinea,1987,Sub-Saharan Africa,Lower middle income,NA,3.29993884280005,42.7516661105747,NA,0.4316840622809,0,0,0
GIN,Guinea,1996,Sub-Saharan Africa,Lower middle income,NA,4.46157508517599,29.861424528614,6.20023128057436,0.421431935826052,0,0,0
GIN,Guinea,2001,Sub-Saharan Africa,Lower middle income,NA,3.65834646929586,40.1878781394378,8.5716782684984,0.0406493462481599,0,0,0
GIN,Guinea,1986,Sub-Saharan Africa,Lower middle income,NA,3.11404003445122,40.5770272469583,NA,0.288746084714818,0,0,0
GIN,Guinea,2002,Sub-Saharan Africa,Lower middle income,NA,5.16460946696631,38.0284032674396,9.71290979930097,0.697413496345229,0,0,0
GIN,Guinea,2010,Sub-Saharan Africa,Lower middle income,15.0502688559001,4.81336016967553,73.5465739340387,26.4414189306179,NA,0,0,0
GIN,Guinea,1989,Sub-Saharan Africa,Lower middle income,NA,4.0034760101484,41.7534082655351,NA,0.347707963801776,0,0,0
GIN,Guinea,2004,Sub-Saharan Africa,Lower middle income,NA,2.34011731288737,34.5950959210535,12.6123382606261,1.8469021984972,0,0,0
GIN,Guinea,1995,Sub-Saharan Africa,Lower middle income,NA,4.60767320245354,31.3044291693273,6.35037430015957,0.0142785414169761,0,0,0
GIN,Guinea,2003,Sub-Saharan Africa,Lower middle income,NA,1.24860125923698,35.0751269891585,11.021339930126,1.57141015760488,0,0,0
GIN,Guinea,1997,Sub-Saharan Africa,Lower middle income,NA,5.18160345773762,29.0897874940253,6.8692443560679,0.313599110237239,0,0,0
GIN,Guinea,1998,Sub-Saharan Africa,Lower middle income,NA,3.64412124205991,33.0646236252079,6.8401762130453,0.340397518598648,0,0,0
GIN,Guinea,1999,Sub-Saharan Africa,Lower middle income,NA,3.81200403347202,32.6958994059117,NA,1.25727870580315,0,0,0
GIN,Guinea,2020,Sub-Saharan Africa,Lower middle income,10.6016203387167,4.70459096113575,115.765259518929,26.6768170490297,1.25171292113785,0,1,0
GIN,Guinea,1992,Sub-Saharan Africa,Lower middle income,NA,3.2709473025656,34.9419059949339,5.95083218930435,0.411131630762173,0,0,0
GIN,Guinea,2018,Sub-Saharan Africa,Lower middle income,9.82761701259191,6.35849192736715,88.984111543709,22.2176757893061,2.97511256265365,0,1,0
GIN,Guinea,2019,Sub-Saharan Africa,Lower middle income,9.47001039253012,5.61691446889876,78.4153132285974,23.713594411458,0.330286821832839,0,1,0
GIN,Guinea,2005,Sub-Saharan Africa,Lower middle income,31.3733025877534,2.99727256275818,47.9377003917167,12.8183630257453,2.45185683545098,0,0,0
GIN,Guinea,2000,Sub-Saharan Africa,Lower middle income,NA,2.50306056299607,36.6796954912881,8.01144783813217,0.227638091242679,0,0,0
GIN,Guinea,2009,Sub-Saharan Africa,Lower middle income,4.68438868976504,-1.12264204848687,69.8153454158123,17.3685682276753,1.3552372021911,0,0,0
GIN,Guinea,2017,Sub-Saharan Africa,Lower middle income,8.91435947913097,10.3000053427355,101.251633768429,23.0186757313632,5.59427174638354,0,1,0
GIN,Guinea,2006,Sub-Saharan Africa,Lower middle income,34.6952705997072,1.18960211693242,69.3862937148949,17.896869072834,2.96207137841546,0,0,0
GIN,Guinea,2007,Sub-Saharan Africa,Lower middle income,18.1755656108597,6.81747111070281,71.1210322265015,12.9341619843047,6.14302807033806,1,1,1
GIN,Guinea,1993,Sub-Saharan Africa,Lower middle income,NA,5.04414454071403,37.4482435133692,6.90944097788192,0.0568898869797263,0,0,0
GIN,Guinea,2008,Sub-Saharan Africa,Lower middle income,23.065612938798,4.13301615965833,64.1842433909581,14.7319989040666,5.48348837799648,1,1,1
GNB,Guinea-Bissau,2011,Sub-Saharan Africa,Low income,5.046102263202,8.08504167173554,48.6174602066373,29.8702392273268,2.16270009395862,0,0,0
GNB,Guinea-Bissau,2012,Sub-Saharan Africa,Low income,2.13054580274503,-1.71286958446419,44.1280665609795,28.7606814774351,0.631297914892102,0,0,0
GNB,Guinea-Bissau,2013,Sub-Saharan Africa,Low income,1.20712555668405,3.25607190852087,39.9574617805787,29.5202357738202,1.76984840814073,0,0,0
GNB,Guinea-Bissau,1986,Sub-Saharan Africa,Low income,NA,-0.793847626356836,37.0703241436613,6.92405158977077,0.242227858780226,0,0,0
GNB,Guinea-Bissau,1985,Sub-Saharan Africa,Low income,NA,4.1664928969891,67.467524669876,NA,0.38506876902922,0,0,0
GNB,Guinea-Bissau,2010,Sub-Saharan Africa,Low income,2.51785140171701,5.60536311358261,43.5145876385454,24.0611595441454,2.79117647230681,0,0,0
GNB,Guinea-Bissau,2015,Sub-Saharan Africa,Low income,1.47672048910485,6.1340893623123,54.3703755891285,44.9387451635836,1.61191900956541,0,0,0
GNB,Guinea-Bissau,2016,Sub-Saharan Africa,Low income,1.50312055861088,5.4326782650304,54.3006730474711,45.3705593034327,1.92748272635559,0,0,0
GNB,Guinea-Bissau,2014,Sub-Saharan Africa,Low income,-1.50924460570494,0.964525745841428,46.8696583055238,42.9431625298517,2.54152912247103,0,0,0
GNB,Guinea-Bissau,1992,Sub-Saharan Africa,Low income,69.5836363993793,1.09999996776526,55.0143756809514,6.20010478954192,0.990975373761451,1,1,1
GNB,Guinea-Bissau,1993,Sub-Saharan Africa,Low income,48.1081660687067,2.09999998911347,41.5863006471537,5.72240454353908,0.53590609937673,1,1,1
GNB,Guinea-Bissau,1994,Sub-Saharan Africa,Low income,15.1763474313441,3.20000001913081,50.7637789858982,6.68096672912318,0.0702038426762444,1,1,1
GNB,Guinea-Bissau,2009,Sub-Saharan Africa,Low income,-1.65139733620775,2.44795106098685,43.5957474099206,22.3638014224458,2.12209420424558,0,0,0
GNB,Guinea-Bissau,1997,Sub-Saharan Africa,Low income,49.1009235769531,6.49999999321456,69.4903546403129,9.2662709227379,1.64431904316453,1,1,1
GNB,Guinea-Bissau,1995,Sub-Saharan Africa,Low income,45.3653083621856,4.4000000061065,46.8104328931542,6.32263978698623,0.00605881226648954,1,1,1
GNB,Guinea-Bissau,1988,Sub-Saharan Africa,Low income,60.2817826333536,4.59999998843411,63.6090902381545,8.33762834543134,0.159058998905435,0,0,0
GNB,Guinea-Bissau,1989,Sub-Saharan Africa,Low income,80.7881406436233,6.10000002132945,55.0802352563847,5.42698376365378,0.0848264743790341,0,0,0
GNB,Guinea-Bissau,1990,Sub-Saharan Africa,Low income,33.0019778318026,6.09999998628119,46.970502719062,26.4926746884043,0.318517904409627,1,1,1
GNB,Guinea-Bissau,1991,Sub-Saharan Africa,Low income,57.5952847505664,5.10000003451967,47.7736098789209,4.90376077835083,0.312653853564993,1,1,1
GNB,Guinea-Bissau,2008,Sub-Saharan Africa,Low income,10.4600731354706,4.52457514610252,45.1388893744724,20.5487991421485,0.695948347275502,0,0,0
GNB,Guinea-Bissau,2007,Sub-Saharan Africa,Low income,4.61743772241997,2.55982647078751,46.2445284700147,18.6695106273411,2.49217201872461,0,0,0
GNB,Guinea-Bissau,2003,Sub-Saharan Africa,Low income,-3.50258551103421,-0.285931052286514,38.0334709318917,9.43269346242573,0.723518172893491,0,0,0
GNB,Guinea-Bissau,2019,Sub-Saharan Africa,Low income,0.24660026814783,5.32749571119344,49.9435101361017,39.1292243634601,4.48925285290298,0,0,0
GNB,Guinea-Bissau,1996,Sub-Saharan Africa,Low income,50.7340549612119,11.6000000043869,42.3601714670932,6.03443485654017,0.146522200078246,1,1,1
GNB,Guinea-Bissau,2006,Sub-Saharan Africa,Low income,1.95473717628916,2.66650493269572,48.7605033860226,16.0297457248346,2.81783767413937,0,0,0
GNB,Guinea-Bissau,1998,Sub-Saharan Africa,Low income,8.01375518965603,-22.4457270657526,43.5009973080258,9.62149879975614,0.745665889021338,0,1,0
GNB,Guinea-Bissau,2004,Sub-Saharan Africa,Low income,0.883302696930943,1.17189152277038,43.192131633446,14.0017049770923,0.329050599325975,0,0,0
GNB,Guinea-Bissau,2020,Sub-Saharan Africa,Low income,1.14000939393222,2.89139814952995,42.8853856881523,40.6793996659482,1.23102714227173,0,0,0
GNB,Guinea-Bissau,2018,Sub-Saharan Africa,Low income,0.381324702790992,3.76145359637003,55.0195890357005,42.2862285544659,1.32316927565873,0,0,0
GNB,Guinea-Bissau,2002,Sub-Saharan Africa,Low income,3.30012175283752,3.65393603642713,39.6760635550924,22.0397577912881,0.759522998746594,0,0,0
GNB,Guinea-Bissau,1999,Sub-Saharan Africa,Low income,-2.08630513223527,16.8150212692905,49.0994892293696,11.4305261095372,0.126151737824337,0,0,0
GNB,Guinea-Bissau,2005,Sub-Saharan Africa,Low income,3.32919922802856,6.55977111846077,45.7842315450716,15.1067439123063,1.35867358840187,0,0,0
GNB,Guinea-Bissau,1987,Sub-Saharan Africa,Low income,NA,2.9000000075597,50.3231539365638,9.03559049942301,0.0265549367726112,0,0,0
GNB,Guinea-Bissau,2017,Sub-Saharan Africa,Low income,1.69111461822298,4.66367943913264,56.9137475938811,40.3241926894459,1.06744396733032,0,0,0
GNB,Guinea-Bissau,2001,Sub-Saharan Africa,Low income,3.34812265527108,4.7859716500482,47.5832172774612,18.7833196997195,0.0958805556532383,0,0,0
GNB,Guinea-Bissau,2000,Sub-Saharan Africa,Low income,8.63632094930278,1.10027815777423,52.7373461180145,23.5804716142607,0.179450083125325,0,0,0
HTI,Haiti,2002,Latin America & Caribbean,Lower middle income,7.03287406224601,1.05182013450109,24.9396784759828,24.57148553064,0.0918488613041635,0,1,0
HTI,Haiti,2006,Latin America & Caribbean,Lower middle income,11.3452152244299,1.76875060288195,37.0570704128996,23.0517100179952,2.10244121995639,1,1,0
HTI,Haiti,2003,Latin America & Caribbean,Lower middle income,28.6995777887374,3.48077973188326,37.1973434444641,27.953171489868,0.272084819262136,0,1,0
HTI,Haiti,2001,Latin America & Caribbean,Lower middle income,13.31672224251,-0.342747883252144,27.569933019116,22.2350420565584,0.0694886389960982,0,0,0
HTI,Haiti,1989,Latin America & Caribbean,Lower middle income,6.92390503711238,-2.91342439807192,40.5631325688157,33.3218333834142,0.342074781494251,0,0,0
HTI,Haiti,1990,Latin America & Caribbean,Lower middle income,21.2760320067832,1.03812280198248,46.4148543201609,30.1890346310607,0.258373747832002,0,0,0
HTI,Haiti,2004,Latin America & Caribbean,Lower middle income,21.0318339277222,-1.3178567596495,33.7809703531059,25.0326304034486,0.0969221359795515,0,1,0
HTI,Haiti,2005,Latin America & Caribbean,Lower middle income,13.973008326384,3.07217337664731,34.9651045038228,25.9957517855092,0.369835650694654,1,1,0
HTI,Haiti,2018,Latin America & Caribbean,Lower middle income,12.4814111170435,1.66781095484656,45.1385763027223,30.9975300427674,0.640093066153268,1,1,0
HTI,Haiti,1991,Latin America & Caribbean,Lower middle income,15.4199073669492,1.88054472396281,39.8074901808928,28.9257066991204,-0.0518199955744869,0,0,0
HTI,Haiti,1992,Latin America & Caribbean,Lower middle income,19.358494654122,-5.30993292251178,32.5376884422111,32.9624081948203,-0.0974689186316196,1,1,1
HTI,Haiti,1985,Latin America & Caribbean,Lower middle income,10.6488390138928,0.603631294369663,NA,29.8633422912312,0.244849208719021,0,0,0
HTI,Haiti,1986,Latin America & Caribbean,Lower middle income,3.27992663366622,-0.497504788372368,NA,28.2703019844694,0.207937877480587,0,0,0
HTI,Haiti,1987,Latin America & Caribbean,Lower middle income,-11.4494646121705,-0.793648700197082,NA,36.0845056662759,0.228604923798359,0,0,0
HTI,Haiti,2010,Latin America & Caribbean,Lower middle income,4.82734190074673,-5.65151153448299,44.7215241260457,27.5114657776297,1.50093014768549,0,0,0
HTI,Haiti,2000,Latin America & Caribbean,Lower middle income,9.33322197565603,0.870059259424892,27.1535220636918,21.7462788126225,0.194464980712557,0,0,0
HTI,Haiti,2011,Latin America & Caribbean,Lower middle income,6.33279483849042,5.09821354410036,44.1635704019387,26.8098396060004,0.91476918408797,0,0,0
HTI,Haiti,2012,Latin America & Caribbean,Lower middle income,5.01804155429246,0.502424403581585,40.2582414988129,26.4188378578155,1.13794476642421,0,0,0
HTI,Haiti,2013,Latin America & Caribbean,Lower middle income,4.76502404779142,4.32478411472874,40.3325097562551,25.2039044903606,1.0865204500402,0,0,0
HTI,Haiti,2014,Latin America & Caribbean,Lower middle income,3.43816659958601,2.88877250863379,42.3515259071619,25.8191820722627,0.653599798370867,0,0,0
HTI,Haiti,2015,Latin America & Caribbean,Lower middle income,6.73184069658997,1.40000000859727,41.9457381172044,29.9547613794764,0.711667596569424,0,0,0
HTI,Haiti,2019,Latin America & Caribbean,Lower middle income,18.7037825672506,-1.72309699839232,44.5687187758294,29.9432304218837,0.499464210439719,1,1,0
HTI,Haiti,2007,Latin America & Caribbean,Lower middle income,6.55722772638066,4.70652994008303,34.2825489611293,23.5708047230825,0.807269738778004,0,0,0
HTI,Haiti,2008,Latin America & Caribbean,Lower middle income,15.2817744823772,2.6580323082747,36.1450381454244,22.9951623340376,0.285633151798952,0,0,0
HTI,Haiti,2009,Latin America & Caribbean,Lower middle income,0.393886040173341,5.89037894844316,33.0964998246108,22.1033380328828,0.478313239983432,0,0,0
HTI,Haiti,1988,Latin America & Caribbean,Lower middle income,4.10546805875063,0.200426837325949,48.7783590573386,25.3483073818288,0.386391845402863,0,0,0
HTI,Haiti,1999,Latin America & Caribbean,Lower middle income,3.00439421550734,2.71024801048499,41.9484795102088,34.8953851041095,0.722243133970601,0,0,0
HTI,Haiti,1993,Latin America & Caribbean,Lower middle income,29.7059715065172,-5.42629599215383,48.7522666436404,38.041619894655,-0.149074637768759,1,1,1
HTI,Haiti,2016,Latin America & Caribbean,Lower middle income,11.5029073942666,1.81246807847532,41.4109022161974,30.2899610946836,0.745596209929376,0,0,0
HTI,Haiti,2017,Latin America & Caribbean,Lower middle income,10.6800887242584,2.51027134544685,42.0745477868911,28.1765962079789,2.48360915333592,0,0,0
HTI,Haiti,1998,Latin America & Caribbean,Lower middle income,5.26903547042201,2.18184032957123,36.5207867041288,31.0180167309554,0.288944097337968,0,0,0
HTI,Haiti,1996,Latin America & Caribbean,Lower middle income,20.5835962145112,4.14077332856783,40.223379852938,31.9176806654233,0.141013763586083,1,1,1
HTI,Haiti,1997,Latin America & Caribbean,Lower middle income,20.5590073395833,2.70471393077787,36.8940488093915,33.1200279598563,0.11979817057364,1,1,1
HTI,Haiti,2020,Latin America & Caribbean,Lower middle income,22.7963113642528,-3.30550546965893,37.4138801252638,27.1935440352802,0.17231607778598,1,1,0
HTI,Haiti,1995,Latin America & Caribbean,Lower middle income,27.6081851727601,9.89770748815705,37.8478190633142,36.1476363502976,0.2630350503705,1,1,1
HTI,Haiti,1994,Latin America & Caribbean,Lower middle income,39.3316195372753,-11.9506292939561,31.1336399762195,36.2411214368409,-0.129176969241841,1,1,1
HND,Honduras,1990,Latin America & Caribbean,Lower middle income,23.3225664366467,21.1713674322465,94.2224913877873,27.6854149165478,1.16482700685721,0,0,0
HND,Honduras,1991,Latin America & Caribbean,Lower middle income,33.9722602535864,26.0469004465336,89.5935124691766,25.630322597046,1.40834364593131,0,1,0
HND,Honduras,1989,Latin America & Caribbean,Lower middle income,9.85040925769098,7.12826947076638,79.5974815013278,27.7846510271787,1.16547544936604,0,0,0
HND,Honduras,2013,Latin America & Caribbean,Lower middle income,5.16189898581494,2.79155975746801,116.306049247436,53.1502477716167,5.77862113948416,0,0,0
HND,Honduras,2014,Latin America & Caribbean,Lower middle income,6.12924930313022,3.0580805621437,112.97509728471,54.6746373814689,8.62899693066618,0,0,0
HND,Honduras,1992,Latin America & Caribbean,Lower middle income,8.75988625255494,9.03523521415093,84.7584594344201,27.7359156482993,1.15454202144086,0,1,0
HND,Honduras,1993,Latin America & Caribbean,Lower middle income,10.748646716372,13.6371742968735,98.2484665384967,25.6468003295798,0.637113869815985,0,1,0
HND,Honduras,1994,Latin America & Caribbean,Lower middle income,21.729346883819,29.0190204112194,114.438113886322,26.0213938749678,0.84760481869082,0,1,0
HND,Honduras,1999,Latin America & Caribbean,Lower middle income,11.66374097913,11.5758601477966,121.502105602734,40.5526335301215,3.71123925401503,1,1,0
HND,Honduras,2012,Latin America & Caribbean,Lower middle income,5.19618615531848,4.12868774866939,121.188215808285,51.1504410333274,5.83610988955542,0,0,0
HND,Honduras,1988,Latin America & Caribbean,Lower middle income,4.49125763640182,7.57442109483326,68.8304283370907,27.2905902683357,0.987192870112896,0,0,0
HND,Honduras,1995,Latin America & Caribbean,Lower middle income,29.4645292281585,24.6744629260929,114.537647463165,25.8408134298046,1.07012618338771,1,1,0
HND,Honduras,2002,Latin America & Caribbean,Lower middle income,7.69050972034271,3.75433786119939,117.997454450299,46.615434093083,3.6562173778393,0,1,0
HND,Honduras,2003,Latin America & Caribbean,Lower middle income,7.67416639397937,4.54703805165397,122.248277175534,47.2788130535388,4.74055553954205,0,1,0
HND,Honduras,2004,Latin America & Caribbean,Lower middle income,8.1137909709338,6.23230296069102,135.461758741854,49.3627784118764,6.67606399673031,0,1,0
HND,Honduras,2001,Latin America & Caribbean,Lower middle income,9.67415556865377,2.72319327321379,115.943071737954,45.0878877303622,4.04940697578742,0,1,0
HND,Honduras,2008,Latin America & Caribbean,Lower middle income,11.4034270813932,4.23160011009342,135.748955193053,52.9996944844307,8.65020371949481,0,0,0
HND,Honduras,1996,Latin America & Caribbean,Lower middle income,23.8378353073358,22.9573908956763,122.725112727964,28.2948069456618,1.89420995385281,1,1,1
HND,Honduras,2019,Latin America & Caribbean,Lower middle income,4.36587159819267,2.55963434592314,99.4599779937589,63.3903949361544,3.83846408231678,0,0,0
HND,Honduras,2005,Latin America & Caribbean,Lower middle income,8.80906074819819,6.05059922215973,136.489768018486,50.9055919065266,6.16028277171203,0,1,0
HND,Honduras,1998,Latin America & Caribbean,Lower middle income,13.6681077485869,11.5761659820033,122.69670703096,37.3384252655392,1.60617614424743,1,1,0
HND,Honduras,2011,Latin America & Caribbean,Lower middle income,6.7622795731476,3.83569066207505,122.216902597337,51.5591823486487,5.88681418228473,0,0,0
HND,Honduras,2000,Latin America & Caribbean,Lower middle income,11.0480349344976,9.61221881702615,120.392164584236,40.2660292560068,4.8698431531529,1,1,0
HND,Honduras,2006,Latin America & Caribbean,Lower middle income,5.57775207654298,6.56724355177587,133.13183510432,55.1309689475738,6.57287305327357,0,0,0
HND,Honduras,2015,Latin America & Caribbean,Lower middle income,3.15783117980923,3.84007997093951,107.26440535424,53.1055498675525,6.27594328427599,0,0,0
HND,Honduras,2009,Latin America & Caribbean,Lower middle income,5.49634273772208,-2.43162787988011,96.9050060188904,50.7444750641409,3.38987200238321,0,0,0
HND,Honduras,2010,Latin America & Caribbean,Lower middle income,4.69889064976226,3.73114034433009,109.441838241682,51.3496270054707,3.83460574737835,0,0,0
HND,Honduras,2007,Latin America & Caribbean,Lower middle income,6.93621470895774,6.18832716678008,135.070634917917,56.7870372674305,7.82223281251053,0,0,0
HND,Honduras,1986,Latin America & Caribbean,Lower middle income,4.35272383207559,5.53564279745997,66.7835362614479,23.7298399949002,0.637470516988589,0,0,0
HND,Honduras,1987,Latin America & Caribbean,Lower middle income,2.48715402223898,1.74009422609132,60.5616143926126,27.1951122432734,0.769184843177838,0,0,0
HND,Honduras,2016,Latin America & Caribbean,Lower middle income,2.72461223295289,3.89297219726413,99.8157169505924,58.0997498242596,5.28156973350556,0,0,0
HND,Honduras,1985,Latin America & Caribbean,Lower middle income,3.36267523608605,4.66822602953714,67.4826144213664,23.6178176189266,0.635353371993623,0,0,0
HND,Honduras,2018,Latin America & Caribbean,Lower middle income,4.34734937777528,3.84499476966735,103.551162215452,60.9373757810527,5.99386120691106,0,0,0
HND,Honduras,2017,Latin America & Caribbean,Lower middle income,3.93436084442044,4.84291391050387,101.813111079622,59.6174831103871,4.10592046689605,0,0,0
HND,Honduras,2020,Latin America & Caribbean,Lower middle income,3.46841177951184,-8.96508223267296,88.0008563836292,80.0834579703572,1.0106822391556,0,0,0
HND,Honduras,1997,Latin America & Caribbean,Lower middle income,20.1998667554962,22.4277453268568,121.466190207647,35.3775423562874,2.18165022864844,1,1,1
IND,India,2000,South Asia,Lower middle income,4.0094359104519,3.84099115659129,26.9009229104474,54.6451291831448,0.765211694280817,0,0,0
IND,India,1998,South Asia,Lower middle income,13.2308389767977,6.18441582172117,23.6994700790647,48.9013068508578,0.625286204187864,0,1,0
IND,India,2019,South Asia,Lower middle income,3.72950573539129,3.87143694070356,39.9054035306442,76.98188096813,1.78482633957161,0,0,0
IND,India,1993,South Asia,Lower middle income,6.32689048779867,4.75077621776924,19.6515397864684,44.8834588757366,0.197056426383431,0,0,0
IND,India,1999,South Asia,Lower middle income,4.66982038037594,8.84575555939531,24.8155980442929,51.0649259553469,0.472644191458928,0,0,0
IND,India,1997,South Asia,Lower middle income,7.16425211462724,4.04982084998183,22.6193868670479,47.4599823040339,0.860208959660141,0,1,0
IND,India,2010,South Asia,Lower middle income,11.9893899204244,8.49758470221235,49.2552064974161,77.67995244357,1.6350340943491,0,1,0
IND,India,2001,South Asia,Lower middle income,3.77929312235637,4.82396626555771,25.9932547534365,57.7390677682671,1.05638020993358,0,0,0
IND,India,1996,South Asia,Lower middle income,8.97715233826453,7.54952224920051,21.9294878713867,44.6894365497978,0.617479351603705,0,1,0
IND,India,2003,South Asia,Lower middle income,3.80585899528851,7.8603814759073,30.592436132908,63.1792536038838,0.605887857091792,0,0,0
IND,India,2005,South Asia,Lower middle income,4.24634362031922,7.92343062148318,42.0016696148691,65.5481218951747,0.886098378458823,0,0,0
IND,India,2002,South Asia,Lower middle income,4.29715203929563,3.80397532112175,29.5086629350614,62.6195245160236,1.01156946489919,0,0,0
IND,India,2008,South Asia,Lower middle income,8.34926704907581,3.08669805921981,53.3682204392226,77.3729561105341,3.6205232354017,0,0,0
IND,India,2004,South Asia,Lower middle income,3.76725173477515,7.92293661199932,37.503814059447,64.6357080581913,0.765596855110284,0,0,0
IND,India,1991,South Asia,Lower middle income,13.8702461773683,1.05683143496063,16.9877265511351,43.4178555336728,0.0272255401825464,0,1,0
IND,India,2011,South Asia,Lower middle income,8.91179336483371,5.24131619937695,55.6238800135298,78.8373112865613,2.0020634629993,0,1,0
IND,India,2012,South Asia,Lower middle income,9.47899691419801,5.45638755166587,55.7937217287511,76.9131885205749,1.31293453035323,0,1,0
IND,India,2013,South Asia,Lower middle income,10.0178784746102,6.38610640094825,53.8441319466777,78.1821717320597,1.5162764665975,0,1,0
IND,India,2014,South Asia,Lower middle income,6.66565671867899,7.41022760508854,48.9221857470669,77.8993537588766,1.69565958990806,0,0,0
IND,India,2015,South Asia,Lower middle income,4.90697344127256,7.99625378571471,41.9229138658647,78.0119105841633,2.09211521443253,0,0,0
IND,India,2016,South Asia,Lower middle income,4.94821634062141,8.25630550179086,40.082485713276,74.5492653519617,1.9373641224439,0,0,0
IND,India,2017,South Asia,Lower middle income,3.32817337461298,6.79538341897911,40.7424969545225,74.1441893624702,1.50731583255894,0,0,0
IND,India,2018,South Asia,Lower middle income,3.9388264669163,6.45385134497769,43.6169693323889,74.097824604711,1.55821483801456,0,0,0
IND,India,2020,South Asia,Lower middle income,6.62343677628535,-5.77772470686801,37.7581053292768,87.6766726830318,2.40620322673636,0,0,0
IND,India,2009,South Asia,Lower middle income,10.8823529411764,7.86188883286074,46.2728696428837,79.0751963448471,2.65159033235479,0,0,0
IND,India,1992,South Asia,Lower middle income,11.7878170418134,5.48239602040357,18.433099041828,44.1444293103205,0.0959419487133591,0,1,0
IND,India,1989,South Asia,Lower middle income,7.07428002942301,5.94734333181324,15.1681320906695,42.8163359110211,0.085156820591001,0,1,0
IND,India,1994,South Asia,Lower middle income,10.2479355556119,6.65892407028434,20.0781443769255,46.0214654858897,0.297386581392873,0,0,0
IND,India,1995,South Asia,Lower middle income,10.2248861637544,7.57449183788519,22.8674487062499,43.545308881586,0.594986329567616,0,0,0
IND,India,1990,South Asia,Lower middle income,8.9712325027325,5.53345456125301,15.5062615101965,42.1837730850963,0.0737400205365026,0,1,0
IND,India,1987,South Asia,Lower middle income,8.80112581251833,3.96535563481719,12.5848140356758,42.6341664425997,0.0760911990543139,0,0,0
IND,India,1985,South Asia,Lower middle income,5.55642423236554,5.25429922311382,12.9000361941487,39.5283397579026,0.0456278399036275,0,0,0
IND,India,1986,South Asia,Lower middle income,8.72972072702581,4.77656416847516,12.2192718993726,41.6611461222068,0.0472837841556693,0,0,0
IND,India,2007,South Asia,Lower middle income,6.37288135593231,7.6608150670107,45.686268679348,72.2804239219053,2.07339404668754,0,0,0
IND,India,2006,South Asia,Lower middle income,5.79652337561634,8.06073257166651,45.7244804992652,68.0630217874844,2.13016842534495,0,0,0
IND,India,1988,South Asia,Lower middle income,9.38347186185335,9.62778291607844,13.4904501163017,42.5039894446876,0.0307664119671983,0,1,0
IDN,Indonesia,2000,East Asia & Pacific,Upper middle income,3.68862037056682,4.9200677470169,71.4368759173731,53.882681212192,-2.75743993350903,0,0,0
IDN,Indonesia,1996,East Asia & Pacific,Upper middle income,7.97328096513346,7.81818707670867,52.264743657148,52.693928287092,2.72419788646708,0,1,0
IDN,Indonesia,2019,East Asia & Pacific,Upper middle income,3.03058460941661,5.01928768046282,37.6277775357108,38.760243844744,2.23336204282241,0,0,0
IDN,Indonesia,2001,East Asia & Pacific,Upper middle income,11.5001160550887,3.64346644721492,69.7932075256238,50.8855192605092,-1.85568619300523,0,0,0
IDN,Indonesia,1999,East Asia & Pacific,Upper middle income,20.4778324428892,0.79112608199847,62.9439128601924,58.3876102132557,-1.33257354110795,0,0,0
IDN,Indonesia,2004,East Asia & Pacific,Upper middle income,6.06406189133648,5.03087394501685,59.761294836691,45.0328853927183,0.738243979887563,0,0,0
IDN,Indonesia,2005,East Asia & Pacific,Upper middle income,10.4532001873347,5.69257130383384,63.9879358688635,43.3540151492028,2.91611483313067,0,0,0
IDN,Indonesia,2002,East Asia & Pacific,Upper middle income,11.9001200338414,4.49947539085764,59.0794617663723,48.1711623796117,0.0741516383181159,0,0,0
IDN,Indonesia,2003,East Asia & Pacific,Upper middle income,6.75731256333564,4.78036912167654,53.6164937473016,47.0413453097139,-0.254256320381005,0,0,0
IDN,Indonesia,2008,East Asia & Pacific,Upper middle income,10.2266663272483,6.01370360009123,58.5613996312961,38.3099210918693,1.82632902403998,0,0,0
IDN,Indonesia,2009,East Asia & Pacific,Upper middle income,4.38641311792074,4.62887118256153,45.5121213687054,38.1966839102142,0.90391941965406,0,0,0
IDN,Indonesia,1995,East Asia & Pacific,Upper middle income,9.42030300572996,8.22000739903493,53.9585900635426,48.585731443755,2.15007984011937,0,1,0
IDN,Indonesia,1993,East Asia & Pacific,Upper middle income,9.6719108926401,6.49640812045304,50.5233858882307,43.6851339607091,1.26830064559013,0,1,0
IDN,Indonesia,2010,East Asia & Pacific,Upper middle income,5.13420639015885,6.22385418062366,46.7012738758737,36.0017184238458,2.02517914569356,0,0,0
IDN,Indonesia,2011,East Asia & Pacific,Upper middle income,5.35604849112582,6.16978420771008,50.1800131841104,36.7380019918479,2.30298429381592,0,0,0
IDN,Indonesia,2012,East Asia & Pacific,Upper middle income,4.2795142691943,6.03005065305615,49.5828982992627,38.3892882677716,2.30978031853073,0,0,0
IDN,Indonesia,2013,East Asia & Pacific,Upper middle income,6.41249457900391,5.5572636889101,48.6373726752893,39.0754741372861,2.55135633401058,0,0,0
IDN,Indonesia,2014,East Asia & Pacific,Upper middle income,6.39492882396559,5.006668425755,48.0801755855227,39.4838502418518,2.81997260412102,0,0,0
IDN,Indonesia,2015,East Asia & Pacific,Upper middle income,6.36312061196646,4.87632230022123,41.9376402415294,39.4644200518208,2.29761639380441,0,0,0
IDN,Indonesia,2017,East Asia & Pacific,Upper middle income,3.80879857691949,5.06978590134916,39.3554970704606,39.8766339278733,2.01948919812582,0,0,0
IDN,Indonesia,2020,East Asia & Pacific,Upper middle income,1.91983527270793,-2.06551182934165,32.9721754002427,44.7178744674807,1.81058402027127,0,0,0
IDN,Indonesia,1991,East Asia & Pacific,Upper middle income,9.41906784347004,6.91198283591309,54.8395648805761,44.103060801881,1.2707722797342,0,0,0
IDN,Indonesia,1992,East Asia & Pacific,Upper middle income,7.52351006242677,6.49750651682714,57.4274341101528,46.1728190792448,1.38798883350104,0,1,0
IDN,Indonesia,1997,East Asia & Pacific,Upper middle income,6.22615154887214,4.69987885390397,55.9938588086777,55.9991002010847,2.16779685196237,0,0,0
IDN,Indonesia,1998,East Asia & Pacific,Upper middle income,58.4510413515526,-13.1267254923818,96.1861923602686,59.8604137991647,-0.252290447660406,0,0,0
IDN,Indonesia,2016,East Asia & Pacific,Upper middle income,3.52580452815451,5.03306918280177,37.4213418023318,40.3570904370193,0.487372471368879,0,0,0
IDN,Indonesia,1986,East Asia & Pacific,Upper middle income,5.82266576732484,5.87504510359864,41.0095381677863,27.2996775102661,0.322685251406443,0,0,0
IDN,Indonesia,1985,East Asia & Pacific,Upper middle income,4.72453518543398,2.46214356422551,44.7183723110447,24.7370376939384,0.36346800280403,0,0,0
IDN,Indonesia,1994,East Asia & Pacific,Upper middle income,8.53199829189143,7.53997109551439,51.877101049475,45.3056187318445,1.1922519299764,0,1,0
IDN,Indonesia,1989,East Asia & Pacific,Upper middle income,6.41554079916364,7.45658692516847,49.0818836891175,35.3170475527964,0.722064256022232,0,0,0
IDN,Indonesia,2006,East Asia & Pacific,Upper middle income,13.108670985346,5.50095178520348,56.6571268148867,41.4017227442561,1.34794264068931,0,0,0
IDN,Indonesia,2007,East Asia & Pacific,Upper middle income,6.40656087966005,6.34502222667214,54.8292499782075,41.7541476720251,1.6030105718879,0,0,0
IDN,Indonesia,1988,East Asia & Pacific,Upper middle income,8.04535671530907,5.7804984881177,47.2545614222743,30.0723128282788,0.683272607101238,0,0,0
IDN,Indonesia,1990,East Asia & Pacific,Upper middle income,7.81919756505635,7.24213163856464,52.8918614376893,43.637383357226,1.02976494269192,0,0,0
IDN,Indonesia,2018,East Asia & Pacific,Upper middle income,3.19834755924996,5.17429153955024,43.0743089552002,38.8175814421371,1.81428979349441,0,0,0
IDN,Indonesia,1987,East Asia & Pacific,Upper middle income,9.27865406602839,4.92592736496611,46.9742478782921,27.5399405048515,0.507048517276106,0,0,0
IRN,"Iran, Islamic Rep.",1993,Middle East & North Africa,Upper middle income,21.2026307547761,-1.47101148218381,46.0408643243691,39.0887359601226,0.325601196600586,1,1,1
IRN,"Iran, Islamic Rep.",2017,Middle East & North Africa,Upper middle income,8.04492437660278,3.02685468694025,43.1556931383906,NA,0.983654956177998,0,1,0
IRN,"Iran, Islamic Rep.",2018,Middle East & North Africa,Upper middle income,18.0141183371874,-3.74796015711334,56.6153496142829,NA,0.576106085876311,0,1,0
IRN,"Iran, Islamic Rep.",1992,Middle East & North Africa,Upper middle income,25.8077226162332,3.29798191958058,40.3979272522381,44.3226573885109,0.00709701334601974,0,1,0
IRN,"Iran, Islamic Rep.",1996,Middle East & North Africa,Upper middle income,28.9373440168137,6.35052601873645,35.2212991546042,35.2372428037102,0.0215939791939169,1,1,1
IRN,"Iran, Islamic Rep.",1997,Middle East & North Africa,Upper middle income,17.3492257538708,1.3503992743003,32.6495581116416,37.2216799160372,0.0465242180580812,1,1,1
IRN,"Iran, Islamic Rep.",1994,Middle East & North Africa,Upper middle income,31.4470284237728,-1.69828611909162,41.6091363981328,39.5752881853618,0.00278390774262661,1,1,1
IRN,"Iran, Islamic Rep.",1991,Middle East & North Africa,Upper middle income,17.1285679434012,12.7161484424098,44.1941716478042,47.6100979386483,0.0171607419557352,0,1,0
IRN,"Iran, Islamic Rep.",1999,Middle East & North Africa,Upper middle income,20.0707078146866,2.00269623253435,34.8854141345934,36.2937699221459,0.0307426231739111,1,1,1
IRN,"Iran, Islamic Rep.",1995,Middle East & North Africa,Upper middle income,49.65598584627461,2.40104455220023,35.1442449159574,36.4496850927307,0.0176313384274561,1,1,1
IRN,"Iran, Islamic Rep.",2016,Middle East & North Africa,Upper middle income,7.24542548952979,8.8150866425182,39.8772417738866,79.1355189357989,0.70452835935243,0,1,0
IRN,"Iran, Islamic Rep.",2003,Middle East & North Africa,Upper middle income,16.4680116244792,8.6392983972006,50.6791057753261,39.1969107529773,1.89418626211609,1,1,0
IRN,"Iran, Islamic Rep.",2004,Middle East & North Africa,Upper middle income,14.7615086970672,4.33666597851041,51.3138573265888,38.7646215000619,1.61769687939769,1,1,0
IRN,"Iran, Islamic Rep.",2015,Middle East & North Africa,Upper middle income,12.4846815611533,-1.42488493937503,39.42258866118,76.7612720666369,0.500987695412685,1,1,0
IRN,"Iran, Islamic Rep.",2006,Middle East & North Africa,Upper middle income,10.0158982511924,4.99979526181222,53.1673587143845,47.0675292206663,0.872560020177082,1,1,0
IRN,"Iran, Islamic Rep.",2007,Middle East & North Africa,Upper middle income,17.3410404624277,8.15577352358517,49.8873069225934,47.3968984443766,0.5769461352122,1,1,0
IRN,"Iran, Islamic Rep.",2010,Middle East & North Africa,Upper middle income,10.0893629287979,5.79793830169604,43.7706437371399,54.1146898175522,0.74916862626536,1,1,0
IRN,"Iran, Islamic Rep.",2005,Middle East & North Africa,Upper middle income,13.433118008508,3.18980408728824,54.4404952635536,41.5308792818645,1.28425430112768,1,1,0
IRN,"Iran, Islamic Rep.",2011,Middle East & North Africa,Upper middle income,26.2933856738608,2.6457179180628,41.2194147918578,47.4861795158596,0.679834574763516,1,1,0
IRN,"Iran, Islamic Rep.",2012,Middle East & North Africa,Upper middle income,27.2568127242908,-3.74717139864109,44.0893466807452,55.5663119204692,0.723850091355471,1,1,0
IRN,"Iran, Islamic Rep.",2000,Middle East & North Africa,Upper middle income,14.4767513188567,5.84552747578209,41.2572474638031,37.1550948519383,0.0355866340456932,1,1,0
IRN,"Iran, Islamic Rep.",2001,Middle East & North Africa,Upper middle income,11.2742471332117,2.39217271207868,40.535566479523,40.8721462622172,0.321660450664957,1,1,0
IRN,"Iran, Islamic Rep.",1990,Middle East & North Africa,Upper middle income,7.62767493763934,13.594926443584,37.0805676988111,53.6821692426298,-0.289993217558947,0,1,0
IRN,"Iran, Islamic Rep.",2002,Middle East & North Africa,Upper middle income,14.3359337378404,8.07882927975243,48.1726865520657,37.8563477022753,2.73611498145264,1,1,0
IRN,"Iran, Islamic Rep.",2008,Middle East & North Africa,Upper middle income,25.4105090311987,0.250856553493634,48.2294027741438,44.2912620049814,0.487596567096289,1,1,0
IRN,"Iran, Islamic Rep.",2009,Middle East & North Africa,Upper middle income,13.5515548281506,1.00738545790475,43.6995802243585,53.2547045266019,0.720530462050838,1,1,0
IRN,"Iran, Islamic Rep.",1998,Middle East & North Africa,Upper middle income,17.8661342130398,2.08001178027133,29.2282196463134,40.1311523716424,0.0217633947743042,1,1,1
IRN,"Iran, Islamic Rep.",2013,Middle East & North Africa,Upper middle income,36.6030355191029,-1.52197920494184,47.0867179194755,51.996003252761,0.609501593960532,1,1,1
IRN,"Iran, Islamic Rep.",2014,Middle East & North Africa,Upper middle income,16.6065532357449,4.98477506709476,45.3514201413161,60.9614203205843,0.45545387401938,1,1,1
IRN,"Iran, Islamic Rep.",1985,Middle East & North Africa,Upper middle income,4.38934095741541,1.86764993250704,23.1723911405475,NA,-0.0211728446056716,0,0,0
IRN,"Iran, Islamic Rep.",1988,Middle East & North Africa,Upper middle income,28.6706349206345,-6.08199661986552,21.5839788397354,64.4087153630114,0.0491963692882078,1,1,1
IRN,"Iran, Islamic Rep.",2019,Middle East & North Africa,Upper middle income,39.9073455697784,-2.36143538770575,48.5917712137038,NA,0.433347777066285,0,1,0
IRN,"Iran, Islamic Rep.",2020,Middle East & North Africa,Upper middle income,30.5941390387295,4.44180865358672,43.8844674905013,NA,0.47769170946132,1,1,1
IRN,"Iran, Islamic Rep.",1989,Middle East & North Africa,Upper middle income,22.3496530454896,6.13211567717991,27.9350257079062,63.4657278896034,-0.0161166690263459,1,1,1
IRN,"Iran, Islamic Rep.",1986,Middle East & North Africa,Upper middle income,18.4290030211474,-9.78490557801793,14.1448539041301,61.5262020174783,-0.0537747127491272,0,0,0
IRN,"Iran, Islamic Rep.",1987,Middle East & North Africa,Upper middle income,28.5714285714292,-0.172107687605632,17.8848531376826,60.4818220430561,-0.229557502692838,0,0,0
IRQ,Iraq,1990,Middle East & North Africa,Upper middle income,NA,57.8178283456035,15.1262818163125,NA,-0.00377477582183759,0,0,0
IRQ,Iraq,2016,Middle East & North Africa,Upper middle income,0.556521397155511,13.7873730187089,54.588320188677,45.9397049158774,-3.7518091160480602,0,0,0
IRQ,Iraq,1991,Middle East & North Africa,Upper middle income,180.952380952381,-64.0471069734499,3.79114096995166,NA,1.88476429628094,0,0,0
IRQ,Iraq,1993,Middle East & North Africa,Upper middle income,207.692307692309,30.2898294911571,0.544696684469833,NA,0.0778142335586011,1,1,1
IRQ,Iraq,2017,Middle East & North Africa,Upper middle income,0.18405889884769,-1.81975035118309,59.7809123923157,41.8905778293773,-2.68799428357231,0,0,0
IRQ,Iraq,1992,Middle East & North Africa,Upper middle income,83.615819209039,32.5922111963098,1.9211456331597,NA,0.0167969496578877,0,0,0
IRQ,Iraq,2019,Middle East & North Africa,Upper middle income,-0.198965380023928,5.51379057542323,68.9899384202806,37.4572458230051,-1.31640616709339,0,0,0
IRQ,Iraq,1997,Middle East & North Africa,Upper middle income,23.0631996788727,21.237936128861,106.188169939941,NA,0.00555265079296931,0,0,0
IRQ,Iraq,1985,Middle East & North Africa,Upper middle income,NA,1.45389626285959,54.9614303414647,NA,-0.00239544870701715,0,0,0
IRQ,Iraq,2018,Middle East & North Africa,Upper middle income,0.367441488936849,2.63385099105624,65.8017917701083,35.4719338243209,-2.14854834807913,0,0,0
IRQ,Iraq,1988,Middle East & North Africa,Upper middle income,NA,-0.0190369368025927,42.4995625816943,NA,-0.00539686705571165,0,0,0
IRQ,Iraq,1989,Middle East & North Africa,Upper middle income,NA,-3.1185352147467,44.83508837264,NA,5.92417642187584e-4,0,0,0
IRQ,Iraq,2006,Middle East & North Africa,Upper middle income,53.230962911428,5.63829915220637,89.6505198581778,20.8397209059232,0.587900739517653,1,1,1
IRQ,Iraq,1986,Middle East & North Africa,Upper middle income,NA,4.64759057416617,42.9388479388479,NA,0.00194226044226044,0,0,0
IRQ,Iraq,1995,Middle East & North Africa,Upper middle income,387.310847766638,2.12002149754704,0.0209992321838355,NA,NA,1,1,1
IRQ,Iraq,1996,Middle East & North Africa,Upper middle income,-16.1173257510572,11.0207856442482,0.0268884829090311,NA,-0.0191111519736746,0,0,0
IRQ,Iraq,2011,Middle East & North Africa,Upper middle income,5.801455370853,7.546471200426,72.1713282233655,34.0951641451793,1.12086339764167,0,0,0
IRQ,Iraq,1994,Middle East & North Africa,Upper middle income,448.499999999999,3.85453244906617,0.0995823619218853,NA,-7.51625524972234e-4,1,1,1
IRQ,Iraq,2000,Middle East & North Africa,Upper middle income,4.97896213183735,16.7961344440251,125.336595640904,NA,-6.61645727484025e-5,0,0,0
IRQ,Iraq,2001,Middle East & North Africa,Upper middle income,16.3740814963262,1.76660876568174,126.780255976775,NA,-0.0183987197639496,0,0,0
IRQ,Iraq,2002,Middle East & North Africa,Upper middle income,19.316694601979,-8.20370481187175,119.762047746987,NA,-9.9002520234575e-4,0,0,0
IRQ,Iraq,2003,Middle East & North Africa,Upper middle income,33.6162105992383,-36.6567804383165,154.234525288266,NA,4.56171717525217,1,1,1
IRQ,Iraq,2004,Middle East & North Africa,Upper middle income,26.9619068193272,53.3855472887501,120.233977121676,26.966878391243,0.818918786960291,1,1,1
IRQ,Iraq,2005,Middle East & North Africa,Upper middle income,36.9594809201871,1.67522863586828,115.742540308642,20.2465658168836,1.02925980764254,1,1,1
IRQ,Iraq,2010,Middle East & North Africa,Upper middle income,2.8777472527476,6.40256484471193,73.4974796202443,37.8818477750462,1.00796493975113,0,0,0
IRQ,Iraq,2007,Middle East & North Africa,Upper middle income,-10.0674925768978,1.88853936243953,74.092853105498,24.504536970164,1.09391286623188,0,0,0
IRQ,Iraq,2008,Middle East & North Africa,Upper middle income,12.6628528269228,8.22810710383277,81.0555432665835,23.518118982104,1.40995173662765,0,0,0
IRQ,Iraq,2009,Middle East & North Africa,Upper middle income,6.8736154721255,3.37929909442771,78.6873788189898,35.8160599684758,1.43142990859109,0,0,0
IRQ,Iraq,2015,Middle East & North Africa,Upper middle income,1.39333028780309,2.60676642939541,69.5917685983115,43.4183533850378,-4.54159235443502,0,0,0
IRQ,Iraq,2012,Middle East & North Africa,Upper middle income,6.08909641595043,13.9364301737537,73.6086845912812,30.3618243387,1.55961531280073,0,0,0
IRQ,Iraq,2013,Middle East & North Africa,Upper middle income,1.87949800749469,7.62828592298754,67.4100184095672,32.7178933527608,-0.995279210263068,0,0,0
IRQ,Iraq,2014,Middle East & North Africa,Upper middle income,2.23597407904679,2.26368817563613,68.9824868569036,34.9145604974323,-4.45521124532956,0,0,0
IRQ,Iraq,1987,Middle East & North Africa,Upper middle income,NA,9.3052813911243,49.3494318181818,NA,-0.00755801136363636,0,0,0
IRQ,Iraq,1998,Middle East & North Africa,Upper middle income,14.7687735575528,35.0009676190523,132.243160520961,NA,0.0358338015096771,0,0,0
IRQ,Iraq,2020,Middle East & North Africa,Upper middle income,0.574162679425795,-12.0367930931152,57.742316395146,55.5992844084916,-1.58049696252586,0,0,0
IRQ,Iraq,1999,Middle East & North Africa,Upper middle income,12.5777623393436,17.5801703743844,138.314601242921,NA,NA,1,1,0
JAM,Jamaica,2012,Latin America & Caribbean,Upper middle income,6.87397708674309,-0.613636042132399,NA,43.6592957600717,2.79145695894721,0,0,0
JAM,Jamaica,1993,Latin America & Caribbean,Upper middle income,22.069949418529198,9.41710256580915,NA,44.4797453618426,1.43196537407347,1,1,1
JAM,Jamaica,2010,Latin America & Caribbean,Upper middle income,12.6105519975603,-1.45714720850386,NA,43.675982862313,1.4052035043033,0,1,0
JAM,Jamaica,2016,Latin America & Caribbean,Upper middle income,2.35102197485846,2.76043761369557,NA,47.6846560669555,6.22844979056863,0,0,0
JAM,Jamaica,1992,Latin America & Caribbean,Upper middle income,77.2965929559651,1.95554250017773,NA,57.2736588052766,4.02776431872453,1,1,1
JAM,Jamaica,2011,Latin America & Caribbean,Upper middle income,7.555856465809,1.73037627006349,NA,42.5420365244837,1.19599317121359,0,1,0
JAM,Jamaica,2017,Latin America & Caribbean,Upper middle income,4.37839864991561,2.29303371291363,NA,48.9542257434782,5.63139063640052,0,0,0
JAM,Jamaica,2013,Latin America & Caribbean,Upper middle income,9.34150076569673,0.517686011311724,NA,45.1974396269524,3.81898294324016,0,0,0
JAM,Jamaica,2015,Latin America & Caribbean,Upper middle income,3.69154228855725,0.92148712399856,NA,44.7645729731336,6.18152374482186,0,0,0
JAM,Jamaica,1998,Latin America & Caribbean,Upper middle income,8.63189613012144,-2.33455353946911,NA,47.8083176615645,3.66556082099311,0,1,0
JAM,Jamaica,2014,Latin America & Caribbean,Upper middle income,8.27407886231419,0.689822359762587,NA,44.8110852628213,4.18835617241287,0,0,0
JAM,Jamaica,1989,Latin America & Caribbean,Upper middle income,14.3295390328572,7.17330434565815,NA,66.4204260766272,1.29627254459442,0,0,0
JAM,Jamaica,1987,Latin America & Caribbean,Upper middle income,6.65244804962684,7.850354826906,NA,61.0918511568794,1.62457806679125,0,0,0
JAM,Jamaica,1991,Latin America & Caribbean,Upper middle income,51.0710977304313,4.83823875455573,NA,60.5216005678406,3.24386907297879,1,1,0
JAM,Jamaica,2004,Latin America & Caribbean,Upper middle income,13.5545023696682,1.32372510450574,NA,46.668281938326,5.49763452709418,0,1,0
JAM,Jamaica,2008,Latin America & Caribbean,Upper middle income,22.0228384991843,-0.811736702186792,NA,43.4984046222144,10.0413036123443,0,1,0
JAM,Jamaica,2009,Latin America & Caribbean,Upper middle income,9.59224598930482,-4.34530185828071,NA,44.7619429709654,4.00285728105842,0,1,0
JAM,Jamaica,1994,Latin America & Caribbean,Upper middle income,35.0633942484772,1.38338980682033,NA,43.0281896642517,1.44886099843129,1,1,1
JAM,Jamaica,1985,Latin America & Caribbean,Upper middle income,25.6731012391772,-2.94363557496624,NA,54.4043821246882,-0.428522654770816,0,0,0
JAM,Jamaica,1986,Latin America & Caribbean,Upper middle income,15.1053754209796,1.88258818544895,NA,62.1132429607851,-0.166996449444444,0,0,0
JAM,Jamaica,1997,Latin America & Caribbean,Upper middle income,9.65755261268595,-1.14045987350366,NA,47.5933015914647,1.85356222176268,0,1,0
JAM,Jamaica,1988,Latin America & Caribbean,Upper middle income,8.26676574400908,3.97430201540247,NA,72.6480431864999,-0.313451552358751,0,0,0
JAM,Jamaica,2020,Latin America & Caribbean,Upper middle income,5.2267777929352,-8.30441923583135,NA,66.0936092956467,1.76731178461616,0,0,0
JAM,Jamaica,1990,Latin America & Caribbean,Upper middle income,21.9601751165083,4.2005351147029,NA,61.9518486963006,3.00291270335979,0,1,0
JAM,Jamaica,2007,Latin America & Caribbean,Upper middle income,9.24482067275562,1.43195403769627,NA,46.5888217679578,6.34318590681939,0,1,0
JAM,Jamaica,2002,Latin America & Caribbean,Upper middle income,7.07635009310985,1.99729094191295,NA,47.8397539076197,4.56630894573429,0,0,0
JAM,Jamaica,2005,Latin America & Caribbean,Upper middle income,15.0528658875905,0.893797935409893,NA,44.5168816295289,5.67333342894728,1,1,0
JAM,Jamaica,2003,Latin America & Caribbean,Upper middle income,10.0869565217391,3.66631759041991,NA,45.8921410075113,7.2479637433656,0,0,0
JAM,Jamaica,1995,Latin America & Caribbean,Upper middle income,19.9087488364168,2.34995703773234,NA,42.9806647688927,1.54769563682143,1,1,1
JAM,Jamaica,1996,Latin America & Caribbean,Upper middle income,26.4066566074043,-0.113731205844019,NA,44.3047326002521,1.83529866886737,1,1,1
JAM,Jamaica,1999,Latin America & Caribbean,Upper middle income,5.95423949113006,1.04767386709968,NA,48.3065680640494,5.34147521194183,0,0,0
JAM,Jamaica,2006,Latin America & Caribbean,Upper middle income,8.56106408706157,2.89912534481287,NA,45.8972390659105,7.06060472344707,0,1,0
JAM,Jamaica,2001,Latin America & Caribbean,Upper middle income,6.8019093078759,1.34492956615135,NA,46.5394672316237,6.26989738675835,0,0,0
JAM,Jamaica,2018,Latin America & Caribbean,Upper middle income,3.73663882152163,2.51584458612513,NA,50.0208233759234,4.59566903085149,0,0,0
JAM,Jamaica,2019,Latin America & Caribbean,Upper middle income,3.90510000865872,1.80943147301357,NA,52.4991436033074,3.90817004443178,0,0,0
JAM,Jamaica,2000,Latin America & Caribbean,Upper middle income,8.17108356120225,0.87870355044231,NA,40.2845908822002,4.65960017463684,0,0,0
JOR,Jordan,2005,Middle East & North Africa,Lower middle income,3.49368534619531,8.14659481079931,146.908891279018,138.877386394192,15.7636461414358,0,0,0
JOR,Jordan,1985,Middle East & North Africa,Lower middle income,2.98507462714756,-2.70694716427624,115.91393484218,95.3577590581549,0.499617908099627,0,0,0
JOR,Jordan,1988,Middle East & North Africa,Lower middle income,6.61322645290578,1.46216981660707,108.12478719782099,118.231528770855,0.378047444132852,0,0,0
JOR,Jordan,2004,Middle East & North Africa,Lower middle income,3.36186821476601,8.56721424236899,134.621611934395,126.183366498165,8.2092227069918,0,0,0
JOR,Jordan,1987,Middle East & North Africa,Lower middle income,-0.199999999999908,2.32327437695264,90.7814754886955,105.138802641361,0.584626431164094,0,0,0
JOR,Jordan,2007,Middle East & North Africa,Lower middle income,4.74390639021648,8.17616995204646,145.994246288526,129.620073693668,15.3248262609959,0,0,0
JOR,Jordan,2008,Middle East & North Africa,Lower middle income,13.9712310012729,7.22038637280139,140.91292596092,118.416732985521,12.4753075049094,0,0,0
JOR,Jordan,2009,Middle East & North Africa,Lower middle income,-0.739069743144777,5.02371007272669,112.151998187109,135.844660269964,9.83417874476547,0,0,0
JOR,Jordan,2006,Middle East & North Africa,Lower middle income,6.25172466656443,8.09297527811933,141.747381831126,131.018388069768,23.5372913427131,0,0,0
JOR,Jordan,1994,Middle East & North Africa,Lower middle income,3.51669624132886,4.97147669964757,118.336176072338,103.967732311294,0.045776079316656,0,0,0
JOR,Jordan,1991,Middle East & North Africa,Lower middle income,8.15549597855212,1.60853107260243,137.261663286004,137.233333333333,-0.273621540083886,0,1,0
JOR,Jordan,2003,Middle East & North Africa,Lower middle income,1.62999999999998,4.16166755544407,115.706835253918,127.85788592693,5.36472671434697,0,0,0
JOR,Jordan,2016,Middle East & North Africa,Lower middle income,-0.778430463054142,1.9941808493012,88.7207178954687,112.713602214944,3.89285142868971,0,0,0
JOR,Jordan,1989,Middle East & North Africa,Lower middle income,25.7127192982454,-10.7292192804849,130.44733044733,133.483652855081,-0.0319754993738755,0,0,0
JOR,Jordan,1990,Middle East & North Africa,Lower middle income,16.1921375615233,-0.275903907591925,149.4476838941,126.955995798776,0.904951524213929,0,0,0
JOR,Jordan,2011,Middle East & North Africa,Lower middle income,4.1624416292779,2.73717988632104,118.699679501801,126.642330067935,5.03335872688489,0,0,0
JOR,Jordan,1992,Middle East & North Africa,Lower middle income,3.9958356055719,14.3497760596886,131.644698648349,116.192305561711,0.766783016836771,0,0,0
JOR,Jordan,1993,Middle East & North Africa,Lower middle income,3.31666666666706,4.48698977985755,130.485233240655,112.86327360725,-0.598396989551083,0,0,0
JOR,Jordan,2002,Middle East & North Africa,Lower middle income,1.83299389002049,5.78380792679296,114.03885781572,116.65646158375,2.48601734100151,0,0,0
JOR,Jordan,2014,Middle East & North Africa,Lower middle income,2.89947905006057,3.38407809933472,109.938805535022,108.74845245007,5.91204890205889,0,0,0
JOR,Jordan,2015,Middle East & North Africa,Lower middle income,-0.876851359704049,2.49652879315188,95.3579122266791,111.676531687872,4.14720229174937,0,0,0
JOR,Jordan,2020,Middle East & North Africa,Lower middle income,0.333294350628378,-1.10275188309046,66.0599488089059,114.502915625995,1.73975978294192,0,0,0
JOR,Jordan,2017,Middle East & North Africa,Lower middle income,3.32389447576097,2.47359815449045,89.7316005071358,108.017249160382,4.87814133167977,0,0,0
JOR,Jordan,2018,Middle East & North Africa,Lower middle income,4.46231108475481,1.91907091341564,87.6359151906857,103.789971242589,2.20177686575576,0,0,0
JOR,Jordan,2019,Middle East & North Africa,Lower middle income,0.761514047265601,1.75124077866225,85.6878334964204,106.338991433445,1.63970565115643,0,0,0
JOR,Jordan,2012,Middle East & North Africa,Lower middle income,4.5152295667099,2.42935800100238,117.855587685189,115.780125452734,4.89480688682321,0,0,0
JOR,Jordan,1986,Middle East & North Africa,Lower middle income,NA,5.5046342418638,81.83887525106,92.7807185896005,0.355420633365062,0,0,0
JOR,Jordan,2010,Middle East & North Africa,Lower middle income,4.84551875852116,2.31483422063046,114.222677694125,134.178970455283,6.22247566973912,0,0,0
JOR,Jordan,1996,Middle East & North Africa,Lower middle income,6.50121802679586,2.08702078168028,131.059123299943,96.6307313299129,0.223959605831094,0,0,0
JOR,Jordan,2013,Middle East & North Africa,Lower middle income,4.82462314269537,2.60994737548631,111.451527997628,121.352089680381,5.64977168714588,0,0,0
JOR,Jordan,2001,Middle East & North Africa,Lower middle income,1.77220437351017,5.26995757513571,109.285478573786,114.691625940883,3.04850514227071,0,0,0
JOR,Jordan,1995,Middle East & North Africa,Lower middle income,2.35312451301273,6.20087444373819,124.582688188008,101.590620824231,0.197813411584189,0,0,0
JOR,Jordan,1998,Middle East & North Africa,Lower middle income,3.09166666666703,3.01217269046565,109.052402937716,96.8203679275554,3.9181432493137,0,0,0
JOR,Jordan,1997,Middle East & North Africa,Lower middle income,3.0378842030025,3.30847538304737,120.737112880307,99.4453701360637,4.9812158137543,0,0,0
JOR,Jordan,2000,Middle East & North Africa,Lower middle income,0.66688092559796,4.24571192079179,110.328904595996,112.550502608899,10.7940053678297,0,0,0
JOR,Jordan,1999,Middle East & North Africa,Lower middle income,0.606256567779427,3.38953079405088,104.470373639306,108.567294879117,1.93828634719554,0,0,0
KAZ,Kazakhstan,1986,Europe & Central Asia,Upper middle income,NA,NA,NA,NA,NA,0,0,0
KAZ,Kazakhstan,2003,Europe & Central Asia,Upper middle income,6.4382181011894,9.30000000033759,91.4633324250457,21.0701361287739,8.05370034022495,0,0,0
KAZ,Kazakhstan,1985,Europe & Central Asia,Upper middle income,NA,NA,NA,NA,NA,0,0,0
KAZ,Kazakhstan,2004,Europe & Central Asia,Upper middle income,6.88205438981899,9.60000000136854,96.4091997009336,28.1103523106262,13.0128589220718,0,0,0
KAZ,Kazakhstan,2009,Europe & Central Asia,Upper middle income,7.31607858288578,1.19999999942873,75.7660674636533,44.0231721156941,12.3805834457831,0,1,0
KAZ,Kazakhstan,1997,Europe & Central Asia,Upper middle income,17.4080410607357,1.69999999949513,72.3595506961877,10.345947011095,5.96140056843242,1,1,1
KAZ,Kazakhstan,1998,Europe & Central Asia,Upper middle income,7.14632665452334,-1.89999999942479,65.2041827454395,8.57048988800607,5.20165904469805,0,1,0
KAZ,Kazakhstan,2002,Europe & Central Asia,Upper middle income,5.83692452105643,9.79999999960842,94.03168564978,19.1703227341657,10.5066901062522,0,0,0
KAZ,Kazakhstan,2001,Europe & Central Asia,Upper middle income,8.35413777161344,13.4999999984358,92.8490685069707,17.1238361009358,12.7154903277303,0,1,0
KAZ,Kazakhstan,2005,Europe & Central Asia,Upper middle income,7.57999929125766,9.69999999922682,97.7625030243024,27.2093138096755,4.45711144385218,0,0,0
KAZ,Kazakhstan,2006,Europe & Central Asia,Upper middle income,8.72169386091726,10.7,91.4535267973373,36.0060480592774,9.39605595950726,0,0,0
KAZ,Kazakhstan,2007,Europe & Central Asia,Upper middle income,10.8468362075557,8.89999999999405,92.1616330969975,36.0303789108957,11.4190297456091,0,1,0
KAZ,Kazakhstan,2008,Europe & Central Asia,Upper middle income,17.139899777207,3.30000000021091,94.2948046483658,39.0408803844671,12.6039290016987,0,1,0
KAZ,Kazakhstan,2012,Europe & Central Asia,Upper middle income,5.19568369035073,4.79999999528297,73.7237324891671,33.9279351024337,6.56164821145973,0,0,0
KAZ,Kazakhstan,1996,Europe & Central Asia,Upper middle income,39.1825423654111,0.500000002073506,71.2735732877076,9.85004623345497,5.40518494342609,1,1,1
KAZ,Kazakhstan,2015,Europe & Central Asia,Upper middle income,6.67828585615236,1.20000000053288,53.0497288072652,41.8888040751794,3.56737402233377,0,0,0
KAZ,Kazakhstan,2016,Europe & Central Asia,Upper middle income,14.3610942386248,1.09999999910173,60.3115965864153,42.1505362245327,12.5466202801438,0,0,0
KAZ,Kazakhstan,2017,Europe & Central Asia,Upper middle income,7.44266321306792,4.10000000257358,56.825387935971,35.7792185112831,2.85205738000704,0,0,0
KAZ,Kazakhstan,2018,Europe & Central Asia,Upper middle income,6.16366247577762,4.09999999309841,63.5279565118188,33.6679512588144,0.196995426846668,0,0,0
KAZ,Kazakhstan,2019,Europe & Central Asia,Upper middle income,5.33356098916669,4.50000000091883,64.8586165517565,30.664842365347,2.05367649290766,0,0,0
KAZ,Kazakhstan,2020,Europe & Central Asia,Upper middle income,6.71815454861458,-2.49999999628,57.0264423660931,35.2698169004441,4.21199990309163,0,0,0
KAZ,Kazakhstan,1993,Europe & Central Asia,Upper middle income,NA,-9.20000000203308,84.634521855277,27.8624618072195,5.43118386573814,0,0,0
KAZ,Kazakhstan,2010,Europe & Central Asia,Upper middle income,7.40046356341396,7.30000000329814,74.1382658957842,38.884379747538,5.03630628288047,0,1,0
KAZ,Kazakhstan,2013,Europe & Central Asia,Upper middle income,5.94283871648418,5.99999999671084,65.4076093299538,32.2178669241273,4.23069709209016,0,0,0
KAZ,Kazakhstan,2014,Europe & Central Asia,Upper middle income,6.84944977003358,4.20000000566705,64.9720346513507,32.2652212789942,3.3006311188168,0,0,0
KAZ,Kazakhstan,2000,Europe & Central Asia,Upper middle income,13.1808905865731,9.80000000214156,105.699692634521,15.2703887716366,7.49246609878753,0,1,0
KAZ,Kazakhstan,1995,Europe & Central Asia,Upper middle income,176.15529894237,-8.2000000011824,82.522407044045,11.3769609244816,4.73243190920833,0,0,0
KAZ,Kazakhstan,1988,Europe & Central Asia,Upper middle income,NA,NA,NA,NA,NA,0,0,0
KAZ,Kazakhstan,1999,Europe & Central Asia,Upper middle income,8.29602765342564,2.69999999784199,82.579151355772,13.5822561589854,9.40677610871111,0,1,0
KAZ,Kazakhstan,1990,Europe & Central Asia,Upper middle income,NA,NA,NA,NA,NA,0,0,0
KAZ,Kazakhstan,1987,Europe & Central Asia,Upper middle income,NA,NA,NA,NA,NA,0,0,0
KAZ,Kazakhstan,1991,Europe & Central Asia,Upper middle income,NA,-11.0000000016926,NA,NA,NA,0,0,0
KAZ,Kazakhstan,1989,Europe & Central Asia,Upper middle income,NA,NA,NA,NA,NA,0,0,0
KAZ,Kazakhstan,1992,Europe & Central Asia,Upper middle income,NA,-5.29999999893468,149.336641791045,NA,0.401326699834163,0,0,0
KAZ,Kazakhstan,1994,Europe & Central Asia,Upper middle income,1877.37239517572,-12.5999999983168,84.1817390088715,13.0864422597367,3.10435475765865,0,0,0
KAZ,Kazakhstan,2011,Europe & Central Asia,Upper middle income,8.4529046617679,7.40000000144188,73.1178570509129,34.5296795917064,7.14351039762779,0,1,0
KEN,Kenya,2007,Sub-Saharan Africa,Lower middle income,9.75888023027529,6.85072976998784,53.8947888046059,36.0648196834475,2.28124317373484,0,1,0
KEN,Kenya,1986,Sub-Saharan Africa,Lower middle income,2.53427598892888,7.17755539065963,55.7413855927369,30.3880803880804,0.452068028927285,0,0,0
KEN,Kenya,1999,Sub-Saharan Africa,Lower middle income,5.74200109520484,2.30538859522412,48.1922749889095,35.770797830914,0.402864561234926,0,0,0
KEN,Kenya,1987,Sub-Saharan Africa,Lower middle income,8.63767318980084,5.93710744420895,47.7027680056848,30.2439541369882,0.494068896020697,0,0,0
KEN,Kenya,2002,Sub-Saharan Africa,Lower middle income,1.96130821739162,0.546859530175595,55.1726722640053,38.1589103711513,0.210062364887451,0,0,0
KEN,Kenya,2003,Sub-Saharan Africa,Lower middle income,9.81569062979654,2.93247554570904,54.132265895729,39.0231642223237,0.548412532071825,0,0,0
KEN,Kenya,2004,Sub-Saharan Africa,Lower middle income,11.6240355442426,5.10429977629738,59.4770033484289,39.3270274406413,0.286194263505208,0,0,0
KEN,Kenya,2005,Sub-Saharan Africa,Lower middle income,10.3127783574683,5.90666607980057,64.4788661639796,38.9067146493246,0.113202068934601,0,1,0
KEN,Kenya,2006,Sub-Saharan Africa,Lower middle income,14.4537342081708,6.47249430015484,55.2364851257303,34.601568789648,0.196219632064752,1,1,0
KEN,Kenya,2018,Sub-Saharan Africa,Lower middle income,4.6898064677633,5.64794640709219,34.4147531767425,39.3598323408541,0.832686217791619,0,0,0
KEN,Kenya,2010,Sub-Saharan Africa,Lower middle income,3.96138889115385,8.05847360290906,50.3942873502834,35.5104303989891,0.392164287395035,0,0,0
KEN,Kenya,1985,Sub-Saharan Africa,Lower middle income,13.0065664218827,4.30056181879613,55.4454345531665,26.6818501045515,0.470183996306104,0,0,0
KEN,Kenya,1998,Sub-Saharan Africa,Lower middle income,6.72243650753928,3.29021372249065,48.8972419400753,35.8071838047635,0.188365603434476,0,0,0
KEN,Kenya,1997,Sub-Saharan Africa,Lower middle income,11.3618450505783,0.474901921293579,54.0571168602893,38.4226532591297,0.473451703489222,0,0,0
KEN,Kenya,2012,Sub-Saharan Africa,Lower middle income,9.37777003547598,4.56867961444982,51.6236920232481,36.5265195457312,2.44725940988928,0,0,0
KEN,Kenya,2013,Sub-Saharan Africa,Lower middle income,5.71749357037733,3.7978483925754,47.4646425127304,37.7933919281896,1.81417037253291,0,0,0
KEN,Kenya,2014,Sub-Saharan Africa,Lower middle income,6.87815499275949,5.02011100232484,46.170489362216,42.3012569025283,1.20220842439576,0,0,0
KEN,Kenya,2015,Sub-Saharan Africa,Lower middle income,6.58215429284779,4.96772112759767,40.3273846919019,42.8193857794093,0.883799936312692,0,0,0
KEN,Kenya,2016,Sub-Saharan Africa,Lower middle income,6.29724953814625,4.21351706814744,34.8650195731824,40.3276116242301,0.627591266355583,0,0,0
KEN,Kenya,2017,Sub-Saharan Africa,Lower middle income,8.00564967709945,3.83795817364721,35.9950578754074,39.351989294104,1.64083690398642,0,0,0
KEN,Kenya,2019,Sub-Saharan Africa,Lower middle income,5.23963795764792,5.11415885767801,31.759461841481,38.0704837589513,0.468168547481475,0,0,0
KEN,Kenya,2011,Sub-Saharan Africa,Lower middle income,14.0224913014704,5.1211061197056,58.4022059745625,36.5694357157819,3.09471103381268,0,0,0
KEN,Kenya,1995,Sub-Saharan Africa,Lower middle income,1.55432816055009,4.40621652482287,71.7457416403035,42.2322687761872,0.467474589272783,0,0,0
KEN,Kenya,1996,Sub-Saharan Africa,Lower middle income,8.86408741577522,4.14683926876013,57.3121107038102,35.7916911095672,0.902159604566332,0,0,0
KEN,Kenya,1988,Sub-Saharan Africa,Lower middle income,12.2649630481582,6.20318382314591,49.9749820917703,28.9010706363164,0.00472067814834501,0,0,0
KEN,Kenya,2000,Sub-Saharan Africa,Lower middle income,9.98002515350979,0.599695390807426,53.3090443862273,35.1647273518432,0.872896453431273,0,0,0
KEN,Kenya,2001,Sub-Saharan Africa,Lower middle income,5.73859814341467,3.77990649795343,55.9468360286644,35.240744132139,0.0408333582871574,0,0,0
KEN,Kenya,1993,Sub-Saharan Africa,Lower middle income,45.9788813036218,0.353197256227247,72.8584813635643,37.0652321479991,2.53235257436033,1,1,1
KEN,Kenya,2008,Sub-Saharan Africa,Lower middle income,26.2398166445063,0.232282744812977,57.5785986473131,36.1054991412913,0.266291327300955,0,1,0
KEN,Kenya,1989,Sub-Saharan Africa,Lower middle income,13.7893172763883,4.69034876792047,53.156377223318,28.3989058948699,0.750803543300878,0,1,0
KEN,Kenya,1990,Sub-Saharan Africa,Lower middle income,17.78181442992,4.19205097155167,57.0209136817269,29.5770158681093,0.665873838508099,1,1,0
KEN,Kenya,1992,Sub-Saharan Africa,Lower middle income,27.3323644475784,-0.799493958641349,52.9308701038286,36.5177963970306,0.0775129679334538,1,1,1
KEN,Kenya,1994,Sub-Saharan Africa,Lower middle income,28.8143894306731,2.632784517837,71.2661252293107,38.0160091374846,0.10397675056386,1,1,1
KEN,Kenya,2009,Sub-Saharan Africa,Lower middle income,9.23412592394652,3.30693981631089,45.9451918127805,31.8735611625184,0.274534230856511,0,1,0
KEN,Kenya,1991,Sub-Saharan Africa,Lower middle income,20.0844955754632,1.43834679171559,55.5976992243654,30.9819286132647,0.231012730760901,1,1,0
KEN,Kenya,2020,Sub-Saharan Africa,Lower middle income,5.40516207933392,-0.272766327438816,30.3991387830411,41.2025809064046,-0.00536845439351621,0,0,0
XKX,Kosovo,1990,Europe & Central Asia,Upper middle income,NA,NA,NA,NA,NA,0,0,0
XKX,Kosovo,2007,Europe & Central Asia,Upper middle income,4.35849695328369,NA,NA,NA,NA,0,0,0
XKX,Kosovo,1988,Europe & Central Asia,Upper middle income,NA,NA,NA,NA,NA,0,0,0
XKX,Kosovo,1985,Europe & Central Asia,Upper middle income,NA,NA,NA,NA,NA,0,0,0
XKX,Kosovo,1996,Europe & Central Asia,Upper middle income,NA,NA,NA,NA,NA,0,0,0
XKX,Kosovo,2006,Europe & Central Asia,Upper middle income,0.621646938601728,NA,NA,NA,NA,0,0,0
XKX,Kosovo,1989,Europe & Central Asia,Upper middle income,NA,NA,NA,NA,NA,0,0,0
XKX,Kosovo,1986,Europe & Central Asia,Upper middle income,NA,NA,NA,NA,NA,0,0,0
XKX,Kosovo,1987,Europe & Central Asia,Upper middle income,NA,NA,NA,NA,NA,0,0,0
XKX,Kosovo,2001,Europe & Central Asia,Upper middle income,NA,NA,NA,NA,NA,0,0,0
XKX,Kosovo,1992,Europe & Central Asia,Upper middle income,NA,NA,NA,NA,NA,0,0,0
XKX,Kosovo,2012,Europe & Central Asia,Upper middle income,2.47673782156533,1.71219595890548,81.3639162574412,42.4182258299192,4.7552615607391,0,0,0
XKX,Kosovo,1993,Europe & Central Asia,Upper middle income,NA,NA,NA,NA,NA,0,0,0
XKX,Kosovo,1994,Europe & Central Asia,Upper middle income,NA,NA,NA,NA,NA,0,0,0
XKX,Kosovo,1995,Europe & Central Asia,Upper middle income,NA,NA,NA,NA,NA,0,0,0
XKX,Kosovo,2008,Europe & Central Asia,Upper middle income,9.35041764658178,NA,76.7307430830911,39.2261599746042,10.4976732129649,0,0,0
XKX,Kosovo,1997,Europe & Central Asia,Upper middle income,NA,NA,NA,NA,NA,0,0,0
XKX,Kosovo,1998,Europe & Central Asia,Upper middle income,NA,NA,NA,NA,NA,0,0,0
XKX,Kosovo,1999,Europe & Central Asia,Upper middle income,NA,NA,NA,NA,NA,0,0,0
XKX,Kosovo,2000,Europe & Central Asia,Upper middle income,NA,NA,NA,NA,NA,0,0,0
XKX,Kosovo,2005,Europe & Central Asia,Upper middle income,-1.38518913159299,NA,NA,NA,NA,0,0,0
XKX,Kosovo,2002,Europe & Central Asia,Upper middle income,NA,NA,NA,NA,NA,0,0,0
XKX,Kosovo,2003,Europe & Central Asia,Upper middle income,-1.08481262327414,NA,NA,NA,NA,0,0,0
XKX,Kosovo,2004,Europe & Central Asia,Upper middle income,-1.06472696605525,NA,NA,NA,NA,0,0,0
XKX,Kosovo,2020,Europe & Central Asia,Upper middle income,0.198227922994854,-5.34027547826166,75.6080171280001,58.2354873038285,5.11361821652708,0,0,0
XKX,Kosovo,2018,Europe & Central Asia,Upper middle income,1.05379773654991,3.40663227056285,86.3150846710967,45.5343238374616,4.04305852508055,0,0,0
XKX,Kosovo,2011,Europe & Central Asia,Upper middle income,7.3364177131527,6.31981022896761,86.1517494661872,41.6953859870621,8.44148689449377,0,0,0
XKX,Kosovo,2017,Europe & Central Asia,Upper middle income,1.48823430592319,4.82565565298054,80.4101373469745,44.2324938724319,3.99449173779086,0,0,0
XKX,Kosovo,2009,Europe & Central Asia,Upper middle income,-2.41026401661229,5.03485413839893,77.7553766977497,42.6020106685028,8.03740783578854,0,0,0
XKX,Kosovo,2010,Europe & Central Asia,Upper middle income,3.48050763735842,4.93995095961395,82.1774799739022,43.3132135778059,9.17015887398439,0,0,0
XKX,Kosovo,1991,Europe & Central Asia,Upper middle income,NA,NA,NA,NA,NA,0,0,0
XKX,Kosovo,2016,Europe & Central Asia,Upper middle income,0.273169431045468,5.57177504731632,75.0188123077463,43.7877587815462,3.64804605378298,0,0,0
XKX,Kosovo,2013,Europe & Central Asia,Upper middle income,1.76732428354892,5.34079911900278,75.1034836607029,47.0166474606671,5.51557702357753,0,0,0
XKX,Kosovo,2019,Europe & Central Asia,Upper middle income,2.67599202639893,4.75680057007834,85.7534085053482,48.464187111652,3.60874541643268,0,0,0
XKX,Kosovo,2015,Europe & Central Asia,Upper middle income,-0.536929392740659,5.91623128345211,74.0204422546574,42.7864581826205,5.4536035105824,0,0,0
XKX,Kosovo,2014,Europe & Central Asia,Upper middle income,0.428957808324092,3.34880478431623,77.0760521643276,43.023002800889,2.82551916539146,0,0,0
KGZ,Kyrgyz Republic,1986,Europe & Central Asia,Lower middle income,NA,NA,NA,NA,NA,0,0,0
KGZ,Kyrgyz Republic,2014,Europe & Central Asia,Lower middle income,7.5342472977589,4.02403863083252,125.126181075833,31.0903545833404,4.59301012553734,0,0,0
KGZ,Kyrgyz Republic,2015,Europe & Central Asia,Lower middle income,6.50331838993384,3.87582544512439,110.961570714633,33.2512000930336,17.1312307587207,0,0,0
KGZ,Kyrgyz Republic,2000,Europe & Central Asia,Lower middle income,18.7007342838023,5.44333663288322,89.4309316270309,11.3180222070238,-0.172311073962181,1,1,0
KGZ,Kyrgyz Republic,1985,Europe & Central Asia,Lower middle income,NA,NA,NA,NA,NA,0,0,0
KGZ,Kyrgyz Republic,1997,Europe & Central Asia,Lower middle income,23.4354278497005,9.91525389550945,84.4771343003418,13.7338890753674,4.74131484698084,0,0,0
KGZ,Kyrgyz Republic,1998,Europe & Central Asia,Lower middle income,10.4573825846721,2.12183528473682,94.5092945286033,14.4905416396052,6.63614159249767,1,1,0
KGZ,Kyrgyz Republic,1992,Europe & Central Asia,Lower middle income,NA,-13.8378377984379,83.1916902738432,NA,NA,0,0,0
KGZ,Kyrgyz Republic,1987,Europe & Central Asia,Lower middle income,NA,3.2999683719047,NA,NA,NA,0,0,0
KGZ,Kyrgyz Republic,2006,Europe & Central Asia,Lower middle income,5.55212333162542,3.10289874199981,120.749981766273,28.1595123378626,6.422443742837,0,0,0
KGZ,Kyrgyz Republic,2017,Europe & Central Asia,Lower middle income,3.1753098637994,4.73993722377884,100.617445813258,36.4560773289653,-1.39184288798722,0,0,0
KGZ,Kyrgyz Republic,2018,Europe & Central Asia,Lower middle income,1.54266145238436,3.75791013557165,98.8755599017608,35.8405813769544,1.74369178553725,0,0,0
KGZ,Kyrgyz Republic,1993,Europe & Central Asia,Lower middle income,NA,-15.4593282242512,74.7063327544027,NA,0.493578725232039,0,0,0
KGZ,Kyrgyz Republic,2016,Europe & Central Asia,Lower middle income,0.388838296895799,4.33585592190116,105.823574017406,34.4334649606946,9.08868385870298,0,0,0
KGZ,Kyrgyz Republic,2002,Europe & Central Asia,Lower middle income,2.13420986310243,-0.0173246130360667,82.9207290212667,14.6265305147625,0.290348679041994,0,0,0
KGZ,Kyrgyz Republic,2003,Europe & Central Asia,Lower middle income,2.97461295184355,7.03029319731168,83.9327828079655,17.5286045064229,2.37334214616148,0,0,0
KGZ,Kyrgyz Republic,2019,Europe & Central Asia,Lower middle income,1.13362257718804,4.60062565707598,94.4302823542939,35.2072203874818,4.3096066288398,0,0,0
KGZ,Kyrgyz Republic,2001,Europe & Central Asia,Lower middle income,6.9196798942304,5.32162141190466,73.7469123687968,11.1445721981227,0.328285301673471,0,0,0
KGZ,Kyrgyz Republic,1990,Europe & Central Asia,Lower middle income,NA,5.70279663301396,78.7383177570093,NA,NA,0,0,0
KGZ,Kyrgyz Republic,1991,Europe & Central Asia,Lower middle income,NA,-7.94392523772915,72,NA,NA,0,0,0
KGZ,Kyrgyz Republic,1996,Europe & Central Asia,Lower middle income,31.9473377218567,7.08450239536558,87.2957738051993,13.625693931015,2.58474284700824,0,0,0
KGZ,Kyrgyz Republic,2008,Europe & Central Asia,Lower middle income,24.5201024234102,8.40161604861429,146.106082230139,24.8692419159336,7.33453630196803,0,0,0
KGZ,Kyrgyz Republic,1994,Europe & Central Asia,Lower middle income,NA,-20.0851588393243,73.8302050053248,NA,2.27009363668131,0,0,0
KGZ,Kyrgyz Republic,1995,Europe & Central Asia,Lower middle income,NA,-5.4238219222602,71.8242686635574,17.2018878792946,5.78455717412713,0,0,0
KGZ,Kyrgyz Republic,1988,Europe & Central Asia,Lower middle income,NA,13.2000300558198,NA,NA,NA,0,0,0
KGZ,Kyrgyz Republic,2004,Europe & Central Asia,Lower middle income,4.11065084723381,7.02681242497607,93.8157321567302,20.5788149955432,7.93380357994973,0,0,0
KGZ,Kyrgyz Republic,2020,Europe & Central Asia,Lower middle income,6.32542296338078,-7.14897757727955,78.9922784304738,44.5917217195836,-4.85484703138399,0,0,0
KGZ,Kyrgyz Republic,1999,Europe & Central Asia,Lower middle income,37.0309258369344,3.655789399748,99.1994912194321,13.5833128179879,3.5556936517315,1,1,0
KGZ,Kyrgyz Republic,2007,Europe & Central Asia,Lower middle income,10.2301032660484,8.54287477507607,137.058387838563,30.5782720540925,5.46786640053175,0,0,0
KGZ,Kyrgyz Republic,2005,Europe & Central Asia,Lower middle income,4.3386739184431,-0.175515404044219,95.0840046303638,21.1482066260188,1.73012109521201,0,0,0
KGZ,Kyrgyz Republic,2013,Europe & Central Asia,Lower middle income,6.61375202358082,10.9154694528045,134.026785643922,34.0344773190151,8.34375023535304,0,0,0
KGZ,Kyrgyz Republic,2012,Europe & Central Asia,Lower middle income,2.76844236540957,-0.0881501998439376,139.675937840309,31.7259312904188,3.95036874399421,0,0,0
KGZ,Kyrgyz Republic,2009,Europe & Central Asia,Lower middle income,6.83656248105368,2.88629457537731,133.379153167955,28.3973532233806,4.03784480909439,0,0,0
KGZ,Kyrgyz Republic,1989,Europe & Central Asia,Lower middle income,NA,2.78975093876642,NA,NA,NA,0,0,0
KGZ,Kyrgyz Republic,2011,Europe & Central Asia,Lower middle income,16.6363262731495,5.95627429693504,136.179840420492,27.8139495276393,11.0646449339785,0,0,0
KGZ,Kyrgyz Republic,2010,Europe & Central Asia,Lower middle income,7.96772225579684,-0.471566596791618,133.232850492333,31.4130510876697,9.86092233978431,0,0,0
LAO,Lao PDR,2015,East Asia & Pacific,Lower middle income,1.27735427102992,7.27006584373785,85.798321703681,NA,7.47075777292731,0,0,0
LAO,Lao PDR,2016,East Asia & Pacific,Lower middle income,1.59691227583204,7.02283625501138,75.0918909204124,NA,5.87774436155716,0,0,0
LAO,Lao PDR,1995,East Asia & Pacific,Lower middle income,19.5939189878584,7.03125432419004,60.5544661404946,13.6189131184648,5.39257398643831,0,0,0
LAO,Lao PDR,1988,East Asia & Pacific,Lower middle income,NA,-2.01020105305003,45.528106634611,NA,0.333911406716575,0,0,0
LAO,Lao PDR,1989,East Asia & Pacific,Lower middle income,61.3325965106187,14.1906366290998,44.1268320044714,9.87605074926069,0.560187354923405,0,0,0
LAO,Lao PDR,1994,East Asia & Pacific,Lower middle income,6.7844807862023,8.15901853271809,64.809269997254,14.9876336108285,3.83517469899485,0,0,0
LAO,Lao PDR,1996,East Asia & Pacific,Lower middle income,13.0244156963462,6.9283237283322,63.7571736099789,14.1931138271973,8.52870931249719,0,0,0
LAO,Lao PDR,2017,East Asia & Pacific,Lower middle income,0.825478607568026,6.8925308726989,NA,NA,9.87799160512334,0,0,0
LAO,Lao PDR,2014,East Asia & Pacific,Lower middle income,4.12924306873771,7.61196343979319,99.0597382933399,NA,6.53385086120159,0,0,0
LAO,Lao PDR,2018,East Asia & Pacific,Lower middle income,2.04039266890201,6.24796000755872,NA,NA,7.4856486219066,0,0,0
LAO,Lao PDR,2019,East Asia & Pacific,Lower middle income,3.32255881256925,5.4577350924848,NA,NA,4.03149139231071,0,0,0
LAO,Lao PDR,1990,East Asia & Pacific,Lower middle income,35.642982971227,6.70457869081514,35.8472084769786,7.23783885962536,0.693192942833295,0,0,0
LAO,Lao PDR,1991,East Asia & Pacific,Lower middle income,13.4415584415586,4.29656364110154,38.1823216438676,7.10931002272996,0.671148791332591,1,1,0
LAO,Lao PDR,2020,East Asia & Pacific,Lower middle income,5.10407262959919,0.503031829018681,NA,NA,5.09807193491087,0,0,0
LAO,Lao PDR,2008,East Asia & Pacific,Lower middle income,7.62880887577516,7.82490276337012,81.8491820941317,24.2925765896944,4.18200303606929,0,0,0
LAO,Lao PDR,2009,East Asia & Pacific,Lower middle income,0.141187674980385,7.50177491225853,76.930826218652,30.8241747256511,5.45905949594973,0,0,0
LAO,Lao PDR,2010,East Asia & Pacific,Lower middle income,5.98254521550082,8.52690551739717,84.7203378916677,36.1878338307889,3.90935018167503,0,0,0
LAO,Lao PDR,1997,East Asia & Pacific,Lower middle income,27.5088624491449,6.87209127120695,65.1569707659458,18.4444848264583,5.20889423950572,1,1,0
LAO,Lao PDR,1985,East Asia & Pacific,Lower middle income,NA,5.06996394724837,13.8028174811876,NA,-0.0684507057036303,0,0,0
LAO,Lao PDR,1986,East Asia & Pacific,Lower middle income,NA,4.88513326275412,11.3151658117447,NA,0,0,0,0
LAO,Lao PDR,2012,East Asia & Pacific,Lower middle income,4.2551267783209,8.02609843461283,98.1851264313662,NA,6.06067602678934,0,0,0
LAO,Lao PDR,2000,East Asia & Pacific,Lower middle income,25.0846414281315,5.79878232861959,68.8373013678325,16.5386455524761,1.95760389973722,1,1,1
LAO,Lao PDR,1987,East Asia & Pacific,Lower middle income,NA,-1.42579238293395,20.1155453651589,NA,0,0,0,0
LAO,Lao PDR,1993,East Asia & Pacific,Lower middle income,6.26722241519029,5.91255655432118,52.6288120122103,13.2332285440455,2.25193217872285,0,0,0
LAO,Lao PDR,2007,East Asia & Pacific,Lower middle income,4.66197269469701,7.59682880054878,79.2126289035269,24.1018900504253,7.66062749777557,0,0,0
LAO,Lao PDR,2005,East Asia & Pacific,Lower middle income,7.16541759946639,7.10756836811267,71.7926462737852,19.0763401255551,1.01332132437858,0,1,0
LAO,Lao PDR,2006,East Asia & Pacific,Lower middle income,6.54559439052787,8.6192662083280691,81.9613754162421,20.0852445867198,5.42138961728604,0,0,0
LAO,Lao PDR,1999,East Asia & Pacific,Lower middle income,125.27212839928,7.30637607138169,80.0584561654881,14.9525006830313,5.42480319770453,1,1,1
LAO,Lao PDR,2013,East Asia & Pacific,Lower middle income,6.37142717782947,8.02630022699017,98.1791466159604,NA,5.68624628337024,0,0,0
LAO,Lao PDR,2003,East Asia & Pacific,Lower middle income,15.4893529233525,6.06700230344272,60.572095882788,19.9175839494556,0.962969691363706,0,1,0
LAO,Lao PDR,1998,East Asia & Pacific,Lower middle income,90.9807345622878,3.96760809197698,84.2695405093512,20.5078138241168,3.58543935160818,1,1,0
LAO,Lao PDR,1992,East Asia & Pacific,Lower middle income,9.86452966991032,5.55985776817542,44.1307586141721,9.46780588081996,0.691607729252085,0,1,0
LAO,Lao PDR,2011,East Asia & Pacific,Lower middle income,7.5689885610998,8.03865268023725,91.6986958680216,NA,3.43702755895922,0,0,0
LAO,Lao PDR,2001,East Asia & Pacific,Lower middle income,7.81180794783471,5.75141287983195,65.8994368798482,16.3356430472939,1.35157901983042,0,1,0
LAO,Lao PDR,2004,East Asia & Pacific,Lower middle income,10.4622667314208,6.35769548008234,66.0797516222837,20.5788426752205,0.714895049062071,1,1,0
LAO,Lao PDR,2002,East Asia & Pacific,Lower middle income,10.6313446323333,5.91874368370564,67.2549028523532,19.9604313602254,0.253176893420544,0,1,0
LSO,Lesotho,1986,Sub-Saharan Africa,Lower middle income,18.0049668874172,4.68485602619326,NA,49.1733686594473,0.706967565087535,0,0,0
LSO,Lesotho,1998,Sub-Saharan Africa,Lower middle income,NA,1.53765589433743,NA,34.4614248901987,3.05351437026074,0,0,0
LSO,Lesotho,1987,Sub-Saharan Africa,Lower middle income,11.750263065591,0.729728231723655,NA,48.249886348338,1.47193883086432,1,1,0
LSO,Lesotho,1988,Sub-Saharan Africa,Lower middle income,11.4563716258632,8.60191907664445,NA,46.842064808742,4.53798068896905,1,1,0
LSO,Lesotho,1985,Sub-Saharan Africa,Lower middle income,13.3208255159471,2.6102493308543,NA,52.4923800144583,1.82205628370903,0,0,0
LSO,Lesotho,1997,Sub-Saharan Africa,Lower middle income,NA,3.70360343607432,NA,33.2915021306695,3.27452575616452,0,0,0
LSO,Lesotho,2010,Sub-Saharan Africa,Lower middle income,-2.40524254598706,5.26967078056286,150.102435487333,39.4502317143071,0.425490583298807,0,0,0
LSO,Lesotho,1999,Sub-Saharan Africa,Lower middle income,NA,0.476025052201194,NA,30.0873320802108,2.4144158659022,0,0,0
LSO,Lesotho,2000,Sub-Saharan Africa,Lower middle income,6.13197538722696,3.87554677576694,NA,27.6225431847664,3.65200401728829,0,0,0
LSO,Lesotho,1989,Sub-Saharan Africa,Lower middle income,14.7282455646297,5.79524440411279,NA,43.9835067910497,2.77283764685604,1,1,0
LSO,Lesotho,1990,Sub-Saharan Africa,Lower middle income,11.6347569955818,6.04547332978933,NA,40.640726410805,2.76298171211478,1,1,0
LSO,Lesotho,1996,Sub-Saharan Africa,Lower middle income,9.33031458531928,5.59703605867827,NA,32.7957279107207,3.07295646324888,0,1,0
LSO,Lesotho,2009,Sub-Saharan Africa,Lower middle income,-16.8596910540644,-1.25375779920832,158.894737585637,35.7497316275754,5.24720669313801,0,0,0
LSO,Lesotho,2002,Sub-Saharan Africa,Lower middle income,33.812578338126,0.723836067167127,NA,26.5146995973571,3.65971744859451,0,0,0
LSO,Lesotho,2003,Sub-Saharan Africa,Lower middle income,6.62916357146762,4.55977716384528,NA,26.2351811215662,3.79574836270242,0,0,0
LSO,Lesotho,2011,Sub-Saharan Africa,Lower middle income,5.0366305210156,4.61641394528752,149.796606699153,35.5631378898331,2.37160157638289,0,0,0
LSO,Lesotho,2001,Sub-Saharan Africa,Lower middle income,-9.61615353858472,3.56158183392093,NA,28.0324218272255,3.59634195549178,0,0,0
LSO,Lesotho,2005,Sub-Saharan Africa,Lower middle income,3.43788423057443,3.46612222755311,NA,24.2328456792603,1.6309558178279,0,0,0
LSO,Lesotho,1994,Sub-Saharan Africa,Lower middle income,8.21473862195302,5.97987353536386,NA,33.2534795587239,4.92676177966186,0,1,0
LSO,Lesotho,1995,Sub-Saharan Africa,Lower middle income,9.27083333333323,3.29093812272822,NA,31.3362061998186,2.41305020942596,0,1,0
LSO,Lesotho,2008,Sub-Saharan Africa,Lower middle income,10.7156661309681,5.52341966978646,161.126590593391,33.4564054765705,0.623122767576779,0,0,0
LSO,Lesotho,2020,Sub-Saharan Africa,Lower middle income,4.97809676252309,-8.15595785459911,141.096605062998,42.25452205414,1.36347415769606,0,0,0
LSO,Lesotho,2013,Sub-Saharan Africa,Lower middle income,4.86511899496385,1.79252555575545,133.36548975517,37.921760394771,2.13033827559342,0,0,0
LSO,Lesotho,2007,Sub-Saharan Africa,Lower middle income,8.01243669043409,4.18791409957151,165.048948833372,34.4391018777085,4.49541724323026,0,0,0
LSO,Lesotho,2004,Sub-Saharan Africa,Lower middle income,5.02342068616285,1.69237417358596,NA,24.3346836769651,3.68383275611256,0,0,0
LSO,Lesotho,2012,Sub-Saharan Africa,Lower middle income,6.05143662139967,6.33408374679448,150.208575358438,35.1340198361316,2.28650169667391,0,0,0
LSO,Lesotho,2006,Sub-Saharan Africa,Lower middle income,6.07271879734293,4.23009522805209,NA,28.778280171772,1.35116866658488,0,0,0
LSO,Lesotho,1993,Sub-Saharan Africa,Lower middle income,13.1356607683724,3.50976615760111,NA,34.2495674548812,1.87377245483422,1,1,0
LSO,Lesotho,1992,Sub-Saharan Africa,Lower middle income,17.2085201793721,6.95636495400254,NA,32.2562407261641,1.00716319020597,1,1,0
LSO,Lesotho,2019,Sub-Saharan Africa,Lower middle income,5.18708359197982,-1.41799383085205,140.51663349168,35.3056002303545,1.49464849213428,0,0,0
LSO,Lesotho,2015,Sub-Saharan Africa,Lower middle income,3.21844513655931,3.12406678044546,129.722773082867,33.6617216014764,4.79809498524625,0,0,0
LSO,Lesotho,2017,Sub-Saharan Africa,Lower middle income,4.447699373763,-3.13817493733471,146.366771329494,39.388791319184,1.82806623182623,0,0,0
LSO,Lesotho,2016,Sub-Saharan Africa,Lower middle income,6.59650490696543,3.60890731687714,136.31524774176,31.0078773481475,3.74733138412509,0,0,0
LSO,Lesotho,1991,Sub-Saharan Africa,Lower middle income,17.6781002638523,6.96660729603671,NA,35.5465435581569,1.13441336327666,1,1,0
LSO,Lesotho,2018,Sub-Saharan Africa,Lower middle income,4.7518030162474,-1.48063315848241,144.434955465602,39.6125291662961,1.59898721077784,0,0,0
LSO,Lesotho,2014,Sub-Saharan Africa,Lower middle income,5.37028961008587,1.71054990545476,126.292475360578,33.9869822662388,3.86963158626918,0,0,0
LBR,Liberia,1985,Sub-Saharan Africa,Low income,NA,-0.843318161003538,NA,0.435561503296713,-0.0409783110232634,0,0,0
LBR,Liberia,1986,Sub-Saharan Africa,Low income,NA,-1.67859810155988,NA,0.523166827140101,-0.0422499322014726,0,0,0
LBR,Liberia,2004,Sub-Saharan Africa,Low income,7.82908704883235,2.61984689477413,NA,9.66067993495299,8.4004160144418,0,1,0
LBR,Liberia,1999,Sub-Saharan Africa,Low income,NA,21.7414468042611,NA,11.5121468171453,58.0036215482119,0,0,0
LBR,Liberia,2000,Sub-Saharan Africa,Low income,NA,28.6159342546183,NA,7.05416701574613,2.37986270022883,0,0,0
LBR,Liberia,1998,Sub-Saharan Africa,Low income,NA,30.2081273744464,NA,12.7949188592302,52.9226918798665,0,0,0
LBR,Liberia,1989,Sub-Saharan Africa,Low income,NA,-26.6684493323435,NA,0.854895111669917,83.4338038789266,0,0,0
LBR,Liberia,1987,Sub-Saharan Africa,Low income,NA,-1.00160074690007,NA,0.520063989468076,0.08522300650595,0,0,0
LBR,Liberia,1988,Sub-Saharan Africa,Low income,NA,-2.04189816424886,NA,0.534718518490711,27.9447173167678,0,0,0
LBR,Liberia,2011,Sub-Saharan Africa,Low income,8.488167518494,8.20076822497064,NA,22.2528392533013,86.9894467611897,0,1,0
LBR,Liberia,2003,Sub-Saharan Africa,Low income,10.3302881236823,-30.145132727942,NA,7.35163236919231,49.7620320855615,0,0,0
LBR,Liberia,2012,Sub-Saharan Africa,Low income,6.83178703418548,7.99381444555367,NA,19.5361688132934,82.7471577822006,0,0,0
LBR,Liberia,2002,Sub-Saharan Africa,Low income,14.1596470116325,3.76301761700071,NA,5.21006042504633,0.302049622437972,0,0,0
LBR,Liberia,1994,Sub-Saharan Africa,Low income,NA,-21.7623463097001,NA,12.7837017639748,13.1467473524962,0,0,0
LBR,Liberia,1995,Sub-Saharan Africa,Low income,NA,-4.26620499022189,NA,15.1285744778543,3.41246290801187,0,0,0
LBR,Liberia,2001,Sub-Saharan Africa,Low income,NA,2.92027476569781,NA,6.45712019566117,0.916114790286976,0,0,0
LBR,Liberia,1997,Sub-Saharan Africa,Low income,NA,106.279814466616,NA,6.19527451266445,72.2608989523488,0,0,0
LBR,Liberia,2008,Sub-Saharan Africa,Low income,17.489448642993,7.14569112811476,NA,14.7209281266767,16.4273509506381,0,1,0
LBR,Liberia,2005,Sub-Saharan Africa,Low income,10.8343588481414,5.28121245309295,NA,11.771716432981,8.72519614731938,0,1,0
LBR,Liberia,2006,Sub-Saharan Africa,Low income,7.34144608278558,8.04390997190059,NA,13.2211341024366,9.63866591009294,0,1,0
LBR,Liberia,2013,Sub-Saharan Africa,Low income,7.577306817414,8.68728781639683,NA,21.0523385730968,62.9068538615833,0,0,0
LBR,Liberia,1996,Sub-Saharan Africa,Low income,NA,12.1212036605122,NA,11.9964143627742,-82.892095357591,0,0,0
LBR,Liberia,2010,Sub-Saharan Africa,Low income,7.28992796890218,6.09982524004147,NA,20.5224558062603,103.337387099033,0,1,0
LBR,Liberia,2007,Sub-Saharan Africa,Low income,11.3918966807102,9.53527536282282,NA,13.4398815964005,9.58759370688019,0,1,0
LBR,Liberia,1992,Sub-Saharan Africa,Low income,NA,-35.0856779208949,NA,4.08615206518804,-4.85458612975391,0,0,0
LBR,Liberia,1993,Sub-Saharan Africa,Low income,NA,-32.9753952616656,NA,9.43081626506779,-33.428927680798,0,0,0
LBR,Liberia,1990,Sub-Saharan Africa,Low income,NA,-51.0308649467486,NA,NA,58.5952133194589,0,0,0
LBR,Liberia,2016,Sub-Saharan Africa,Low income,8.83424868336488,-1.5549586174878,NA,18.0934974615231,9.1719033259717,0,1,0
LBR,Liberia,2009,Sub-Saharan Africa,Low income,7.42764305914919,5.30054050291531,NA,18.05911133277,7.22870048206176,0,1,0
LBR,Liberia,1991,Sub-Saharan Africa,Low income,NA,-14.2252140499536,NA,2.1938560603028,2.41666666666667,0,0,0
LBR,Liberia,2015,Sub-Saharan Africa,Low income,7.74869687621322,-0.0185649695590939,NA,20.7402934643913,7.21023781604438,0,1,0
LBR,Liberia,2019,Sub-Saharan Africa,Low income,26.9662760197878,-2.46729763532686,NA,19.5527400200518,2.61121194879185,1,1,0
LBR,Liberia,2017,Sub-Saharan Africa,Low income,12.4196323907138,2.45515592012239,NA,20.0639671965974,7.30948578439651,0,1,0
LBR,Liberia,2020,Sub-Saharan Africa,Low income,16.9557241496255,-2.98249127649473,NA,20.9271669358774,-2.96003538007919,1,1,1
LBR,Liberia,2018,Sub-Saharan Africa,Low income,23.5635148953742,1.15757512207355,NA,20.4788329989017,3.77268493884788,0,1,0
LBR,Liberia,2014,Sub-Saharan Africa,Low income,9.86111285574904,0.701393100287518,NA,19.0869214108779,15.558740639735,0,0,0
LBY,Libya,1985,Middle East & North Africa,Upper middle income,9.13844055467156,8.32677842607399,NA,49.0682164261096,0.37815815278245,0,0,0
LBY,Libya,1996,Middle East & North Africa,Upper middle income,4.02807775377963,2.13412320029278,52.5451559934319,70.5295566502463,-0.400657026152394,0,0,0
LBY,Libya,1997,Middle East & North Africa,Upper middle income,3.55029585798821,5.21267102136972,48.6324121846067,58.4656159445897,-0.221216991796812,0,0,0
LBY,Libya,1998,Middle East & North Africa,Upper middle income,3.70927318295739,-3.55224474739784,40.2527075812274,67.392089153979,-0.469313640294635,0,0,0
LBY,Libya,2002,Middle East & North Africa,Upper middle income,-9.79764705882357,-0.958897332849631,78.8597570352145,40.4628632938644,0.707942488082424,0,0,0
LBY,Libya,1987,Middle East & North Africa,Upper middle income,4.35571687840289,-14.7020531689967,NA,56.1460491175274,-0.365701277634433,0,0,0
LBY,Libya,1986,Middle East & North Africa,Upper middle income,3.29098104561558,-11.3525063155837,NA,56.2177307936813,-0.731669230612714,0,0,0
LBY,Libya,1995,Middle East & North Africa,Upper middle income,7.23798494499129,-2.2204069560875,51.5917602996255,79.6179775280899,-0.346442001999387,0,0,0
LBY,Libya,2000,Middle East & North Africa,Upper middle income,-2.90000000000024,3.6792704082,45.2810937659422,48.510866238139,0.368425619834711,0,0,0
LBY,Libya,1992,Middle East & North Africa,Upper middle income,9.35975158953135,-2.71227407954309,56.0580651923278,67.3535268839744,0.292421810199419,0,1,0
LBY,Libya,1999,Middle East & North Africa,Upper middle income,2.64862252295818,0.749659257603952,34.8016301090735,55.2720843821167,-0.355987232621814,0,0,0
LBY,Libya,2009,Middle East & North Africa,Upper middle income,2.45990025609948,-4.4001817631021,107.620930501039,59.5385277387125,2.25461670882223,0,0,0
LBY,Libya,2020,Middle East & North Africa,Upper middle income,1.44703656998741,-29.4552967282824,50.9757934373319,197.393967870597,NA,0,0,0
LBY,Libya,2010,Middle East & North Africa,Upper middle income,2.79989500109268,5.0272476723775,98.077213074239,47.2537898621449,2.36664960687642,0,0,0
LBY,Libya,2011,Middle East & North Africa,Upper middle income,15.5184815317561,-50.3385151384986,63.0054352895288,94.8898259248896,NA,0,0,0
LBY,Libya,2001,Middle East & North Africa,Upper middle income,-8.81393752145546,-1.76283887062603,43.1734496124031,48.0595930232558,-0.389891046511628,0,0,0
LBY,Libya,2003,Middle East & North Africa,Upper middle income,-2.19115191986644,13.0160372478013,90.6127305175491,33.3414634146341,0.544437834622249,0,0,0
LBY,Libya,2004,Middle East & North Africa,Upper middle income,-2.197567740559,4.46163899648637,96.1293320792401,29.6172693281312,1.07782345154323,0,0,0
LBY,Libya,2005,Middle East & North Africa,Upper middle income,2.65020576131657,11.8707565226151,90.8608896854615,26.5646192598334,2.19289483627204,0,0,0
LBY,Libya,2006,Middle East & North Africa,Upper middle income,1.45926876202724,6.50052541959279,97.7381011197381,23.7758446174914,3.43460585952791,0,0,0
LBY,Libya,1993,Middle East & North Africa,Upper middle income,11.0735532720389,-3.76319264327812,59.7921131590227,72.9557436776682,0.189669816504,0,1,0
LBY,Libya,1994,Middle East & North Africa,Upper middle income,5.11259890444314,1.93478674200678,53.1524029296679,77.871275208187,-0.253837511203301,0,0,0
LBY,Libya,2018,Middle East & North Africa,Upper middle income,13.1702038536721,7.9413678529104,63.7811335968183,108.54037238781,NA,1,1,0
LBY,Libya,2019,Middle East & North Africa,Upper middle income,-2.16217883470595,-11.1960828853386,78.9939691850138,115.150714616884,NA,0,0,0
LBY,Libya,1988,Middle East & North Africa,Upper middle income,6.08695652173909,7.57902335976675,NA,60.5403801534938,0.403070302859907,0,0,0
LBY,Libya,1989,Middle East & North Africa,Upper middle income,1.51183970856093,7.19941714616827,NA,62.1899031444872,0.497546013595002,0,0,0
LBY,Libya,1990,Middle East & North Africa,Upper middle income,8.45146240803882,3.7201316340412802,70.797800855223,68.1369456322541,0.549785825956794,0,0,0
LBY,Libya,1991,Middle East & North Africa,Upper middle income,11.8960953011251,15.6551316776498,64.5963701146866,61.4223917158446,0.287272807470474,0,0,0
LBY,Libya,2007,Middle East & North Africa,Upper middle income,6.25098782993553,6.22998278561838,102.732315500893,30.1603580845503,6.89224565927254,0,0,0
LBY,Libya,2008,Middle East & North Africa,Upper middle income,10.3607288954998,-0.162048238799883,103.242158045544,36.4320992308852,4.74139501074499,0,0,0
LBY,Libya,2017,Middle East & North Africa,Upper middle income,25.8036184788338,32.4918021862688,47.5489661921214,122.142809910825,NA,1,1,0
LBY,Libya,2013,Middle East & North Africa,Upper middle income,2.60581802719517,-17.9979615745681,106.334360918106,69.877190748815,0.931638601844643,0,0,0
LBY,Libya,2014,Middle East & North Africa,Upper middle income,2.43294141599225,-23.0428058282215,76.5248826381117,91.4126988327276,NA,0,0,0
LBY,Libya,2012,Middle East & North Africa,Upper middle income,6.05980392156864,86.8267484395784,98.2243189168448,53.9535712328016,1.53985903839829,0,0,0
LBY,Libya,2016,Middle East & North Africa,Upper middle income,25.8538742124461,-1.4909411172622,41.1101760615135,132.06861470801,NA,0,0,0
LBY,Libya,2015,Middle East & North Africa,Upper middle income,10.4022933588151,-0.842656252118843,56.9049073326883,111.575426034826,NA,0,0,0
MDG,Madagascar,1995,Sub-Saharan Africa,Low income,49.0802100590784,1.67859232120303,45.3744915678324,16.0401054875396,0.252994077483842,1,1,0
MDG,Madagascar,2007,Sub-Saharan Africa,Low income,10.2879663187671,5.71056419885052,66.7027353570049,20.2004514501872,9.26011530963958,1,1,0
MDG,Madagascar,2006,Sub-Saharan Africa,Low income,10.7656371554865,5.3985084485368,62.1028389370244,19.4141162042008,4.60749200280627,1,1,0
MDG,Madagascar,1998,Sub-Saharan Africa,Low income,6.2080160866332,3.91707460516817,37.3321870147971,16.310236466227,0.37790895322555,0,0,0
MDG,Madagascar,2008,Sub-Saharan Africa,Low income,9.29650839381057,6.71263253913001,74.357353960806,19.7663952945683,10.5779307609142,0,1,0
MDG,Madagascar,1996,Sub-Saharan Africa,Low income,19.7563545439776,2.15420447175147,35.8824601668345,15.2027090704126,0.206045785109723,1,1,1
MDG,Madagascar,1997,Sub-Saharan Africa,Low income,4.48638261737399,3.69349261691789,36.8737477819441,16.951880859215,0.328537056882296,0,0,0
MDG,Madagascar,2019,Sub-Saharan Africa,Low income,5.61051441492365,4.41123212909589,62.6013230457128,24.6311464688038,3.36279830994653,0,0,0
MDG,Madagascar,1999,Sub-Saharan Africa,Low income,9.92953399348781,4.69922703680521,40.9244120208063,17.3208301207882,1.36481063889053,0,0,0
MDG,Madagascar,2000,Sub-Saharan Africa,Low income,11.859684500028,4.45685893956946,42.7771226639725,17.4115759033018,1.79192376325453,0,0,0
MDG,Madagascar,2005,Sub-Saharan Africa,Low income,18.3638246468932,4.75584509499119,59.1300849357677,17.3127222071987,1.45800803699285,0,0,0
MDG,Madagascar,2010,Sub-Saharan Africa,Low income,9.24732173644116,0.619239744622121,57.8748945101807,21.3619688868951,9.13867133828111,0,1,0
MDG,Madagascar,2020,Sub-Saharan Africa,Low income,4.20179312190557,-7.13767162064489,49.0107073664371,28.2375228184675,2.74657132352467,0,0,0
MDG,Madagascar,2009,Sub-Saharan Africa,Low income,8.95421802392949,-3.9787086116544,62.4116975958196,21.1984002551658,13.4485427881281,0,1,0
MDG,Madagascar,2014,Sub-Saharan Africa,Low income,6.08040811088302,3.33920311195367,61.9694322111234,21.2864128149787,2.97751123297568,0,0,0
MDG,Madagascar,2011,Sub-Saharan Africa,Low income,9.48254048582992,1.57842705366555,56.4830925951893,22.2783183197371,7.05979214971634,0,1,0
MDG,Madagascar,2012,Sub-Saharan Africa,Low income,5.71384434191053,3.01114811621208,52.6517140811255,22.0587116419643,7.03680533355538,0,0,0
MDG,Madagascar,2013,Sub-Saharan Africa,Low income,5.8264294445198,2.30037622800727,56.3675817900932,21.1936861069535,4.55464531104897,0,0,0
MDG,Madagascar,2018,Sub-Saharan Africa,Low income,8.59422958870476,3.19435651744398,67.8415046683582,25.6080339040708,4.44792798727992,0,0,0
MDG,Madagascar,1992,Sub-Saharan Africa,Low income,14.5123786075771,1.18088494825233,33.1576177671174,17.2203949497803,0.568843652769939,0,1,0
MDG,Madagascar,1993,Sub-Saharan Africa,Low income,10.008361204014,2.09992318110865,32.8658889270584,19.0483732003123,0.377944678159083,0,1,0
MDG,Madagascar,1994,Sub-Saharan Africa,Low income,38.9417908989239,-0.042101302622072,43.5589179379958,20.9152597756668,0.162627160821143,1,1,0
MDG,Madagascar,2004,Sub-Saharan Africa,Low income,13.9558018033211,5.25700362208742,48.7753818852156,20.9949050371571,1.0446898563867,0,0,0
MDG,Madagascar,1990,Sub-Saharan Africa,Low income,11.7844838321357,3.12890505042525,32.3809923743425,12.6646093535801,0.569459513554867,0,1,0
MDG,Madagascar,2015,Sub-Saharan Africa,Low income,7.40419174202129,3.13229807490305,61.2203788365078,22.5824212828002,2.89727727453157,0,0,0
MDG,Madagascar,2016,Sub-Saharan Africa,Low income,6.03575858154679,3.99314606199499,60.8346984831423,23.6124260925828,4.56460803171494,0,0,0
MDG,Madagascar,1991,Sub-Saharan Africa,Low income,8.59264760490192,-6.30635159237733,35.7567980580415,16.3274218729191,0.42035163814196,0,1,0
MDG,Madagascar,2001,Sub-Saharan Africa,Low income,7.91694484529586,5.98023576982733,41.0351260923859,18.851362911841,1.71117198619575,0,1,0
MDG,Madagascar,2002,Sub-Saharan Africa,Low income,16.4985255315846,-12.4079711055149,50.1816919379298,19.9438116842437,0.273965160881608,0,1,0
MDG,Madagascar,2017,Sub-Saharan Africa,Low income,8.60905075422949,3.93330759462793,65.3434015072915,25.5623978283926,3.52797151000056,0,0,0
MDG,Madagascar,1988,Sub-Saharan Africa,Low income,26.8537971413812,3.40692921036734,30.4964828885485,11.8673381709266,0.0912381020308271,1,1,0
MDG,Madagascar,1989,Sub-Saharan Africa,Low income,9.01299594555501,4.07488065683054,31.7629825920084,13.9831250394377,0.403579180632412,0,1,0
MDG,Madagascar,1987,Sub-Saharan Africa,Low income,14.9931351322502,1.17491326106625,30.1290605630325,12.6625920310378,0.108002097784385,1,1,0
MDG,Madagascar,1985,Sub-Saharan Africa,Low income,10.5564839573619,1.15634413876586,22.4393195722776,11.6048568939605,-0.00473365573848978,0,0,0
MDG,Madagascar,2003,Sub-Saharan Africa,Low income,-1.70400479616298,9.78489212474175,34.030602917475,20.1101034832062,0.202025723705933,0,0,0
MDG,Madagascar,1986,Sub-Saharan Africa,Low income,14.4973321039129,1.96022488163399,21.5430177802665,12.4881532372802,0.32290783981255,0,0,0
MWI,Malawi,1988,Sub-Saharan Africa,Low income,33.9121649354339,3.17729140008842,NA,15.7962226338221,0.868443935556642,1,1,0
MWI,Malawi,1989,Sub-Saharan Africa,Low income,12.4463620502664,1.34468950923568,NA,13.4931707905274,0.40143372690928,1,1,0
MWI,Malawi,1999,Sub-Saharan Africa,Low income,44.8041642861674,3.04227813671855,NA,11.1658599248016,2.26460373648876,0,1,0
MWI,Malawi,1996,Sub-Saharan Africa,Low income,37.6020450235016,7.3166817822397,NA,11.4231638066895,0.47589426589626,1,1,1
MWI,Malawi,1997,Sub-Saharan Africa,Low income,9.13735243003495,3.79241909354917,NA,9.2970606112417,0.383630956028333,0,1,0
MWI,Malawi,1998,Sub-Saharan Africa,Low income,29.7486512828264,3.89525350328424,NA,12.5574131359718,0.475121088003641,0,1,0
MWI,Malawi,1993,Sub-Saharan Africa,Low income,22.7727102336625,9.69184059512781,NA,14.6551458187167,0.265481499026151,1,1,0
MWI,Malawi,1990,Sub-Saharan Africa,Low income,11.8235380454151,5.69229463403222,NA,12.8142131326785,0.851269713577574,1,1,0
MWI,Malawi,2009,Sub-Saharan Africa,Low income,8.42204427696655,8.3281098524038,NA,13.6828765896372,0.545293920588433,0,1,0
MWI,Malawi,2010,Sub-Saharan Africa,Low income,7.41159092883827,6.87406585416142,NA,15.2023392638353,0.957814621345542,0,1,0
MWI,Malawi,2011,Sub-Saharan Africa,Low income,7.6228226284852,4.93266999813729,NA,17.2414095700595,6.97752227761724,0,1,0
MWI,Malawi,2012,Sub-Saharan Africa,Low income,21.2712650013779,1.90000000072909,NA,17.682137714717,-0.101285426070357,0,1,0
MWI,Malawi,2000,Sub-Saharan Africa,Low income,29.5814884631684,1.57607762616895,NA,12.2556479411832,1.02470810251001,1,1,1
MWI,Malawi,1991,Sub-Saharan Africa,Low income,12.6153153828849,8.73023176233838,NA,13.3553271469086,-0.894977694716043,1,1,0
MWI,Malawi,1992,Sub-Saharan Africa,Low income,23.7513530230399,-7.33297833747964,NA,14.732493811274,-0.271112625037052,1,1,0
MWI,Malawi,2003,Sub-Saharan Africa,Low income,9.57679786919214,5.70563940467414,NA,7.87008728039517,1.41089085148224,0,1,0
MWI,Malawi,2004,Sub-Saharan Africa,Low income,11.4298060822124,5.42049754993828,NA,8.43104002415425,2.13119600751874,0,1,0
MWI,Malawi,1986,Sub-Saharan Africa,Low income,14.0468679587644,-0.214802401248818,NA,15.2472714041997,-0.170093074640455,0,0,0
MWI,Malawi,1987,Sub-Saharan Africa,Low income,25.1550954282911,1.62523929306924,NA,17.5781444423002,0.00525925767886731,1,1,0
MWI,Malawi,2001,Sub-Saharan Africa,Low income,22.7,-4.97496361892476,NA,12.7027687609029,0.772615057834218,1,1,1
MWI,Malawi,2002,Sub-Saharan Africa,Low income,14.7446346101603,1.70000003078317,NA,7.20127640881102,0.115974414290585,1,1,0
MWI,Malawi,1994,Sub-Saharan Africa,Low income,34.6496361508324,-10.2401817116217,NA,17.6693785060507,1.45317343859014,1,1,1
MWI,Malawi,1995,Sub-Saharan Africa,Low income,83.3257747543458,16.7288173003423,NA,13.3439452832872,0.277476590586289,1,1,1
MWI,Malawi,2005,Sub-Saharan Africa,Low income,15.4103446604296,3.26872602317066,NA,8.5700282579519,2.62567004771803,0,1,0
MWI,Malawi,2006,Sub-Saharan Africa,Low income,13.9742943548388,4.69999976404691,NA,7.94312171216044,0.611208219192404,1,1,0
MWI,Malawi,2014,Sub-Saharan Africa,Low income,23.7920649469687,5.62527000105139,NA,16.4762427693326,6.79541385727369,1,1,1
MWI,Malawi,1985,Sub-Saharan Africa,Low income,10.5189759937166,4.57098201312564,NA,13.5823494468635,0.031797699671203,0,0,0
MWI,Malawi,2013,Sub-Saharan Africa,Low income,27.2833333333334,5.41034999817167,NA,17.8341200997595,5.61985138978348,0,1,0
MWI,Malawi,2007,Sub-Saharan Africa,Low income,7.9522099086403,9.59999987683469,NA,9.50945013082068,1.92814440747221,0,1,0
MWI,Malawi,2015,Sub-Saharan Africa,Low income,21.8673475542553,2.80000000003355,NA,17.1246202923525,3.12107477506801,1,1,1
MWI,Malawi,2016,Sub-Saharan Africa,Low income,21.7111132136499,2.49999999914311,NA,16.166131397105,1.46272973143861,1,1,1
MWI,Malawi,2017,Sub-Saharan Africa,Low income,11.5433939188771,4.00000000089172,45.3003137160008,16.4940747318282,1.0085487596618,1,1,0
MWI,Malawi,2020,Sub-Saharan Africa,Low income,8.62551469650552,0.793596429787286,41.0323429397328,17.4728148502422,2.14268264715469,0,1,0
MWI,Malawi,2008,Sub-Saharan Africa,Low income,8.71260186609043,7.63973639944591,NA,12.8330454715885,2.5237027903489,0,1,0
MWI,Malawi,2019,Sub-Saharan Africa,Low income,9.3708360560567,5.71682519194337,44.1954524635798,16.0258829511851,0.499715595789277,0,1,0
MWI,Malawi,2018,Sub-Saharan Africa,Low income,12.420178108921,4.35356471619211,43.578773489,16.5630671572946,0.779538295941585,1,1,0
MYS,Malaysia,1999,East Asia & Pacific,Upper middle income,2.74456130240604,6.13761201057692,217.570919391949,132.121037092205,4.9214666648934,0,0,0
MYS,Malaysia,2011,East Asia & Pacific,Upper middle income,3.1744709215131,5.29391283414003,154.937684607226,133.890596574756,5.07446032143377,0,0,0
MYS,Malaysia,1998,East Asia & Pacific,Upper middle income,5.27034200348766,-7.35941518817556,209.492202808189,125.151891142941,2.99775085201455,0,0,0
MYS,Malaysia,1986,East Asia & Pacific,Upper middle income,0.737002855391939,1.24059492750688,106.497751208202,140.761656004693,1.76271777377718,0,0,0
MYS,Malaysia,2012,East Asia & Pacific,Upper middle income,1.66357102479206,5.47345419253853,147.841754766013,136.80386813555,2.82905738174529,0,0,0
MYS,Malaysia,2000,East Asia & Pacific,Upper middle income,1.53474023697699,8.85886816969386,220.406788982074,122.69875028409,4.03842862393763,0,0,0
MYS,Malaysia,1985,East Asia & Pacific,Upper middle income,0.346458791259884,-1.02525025342071,104.683103136698,115.136181747773,2.22666868667977,0,0,0
MYS,Malaysia,1990,East Asia & Pacific,Upper middle income,2.61780104712051,9.00852713774628,146.888252533989,64.3771046598534,5.29807441993264,0,0,0
MYS,Malaysia,1987,East Asia & Pacific,Upper middle income,0.290007909438412,5.19193211272702,111.919590553123,127.026700376148,1.31343634347508,0,0,0
MYS,Malaysia,1988,East Asia & Pacific,Upper middle income,2.55651945320742,9.93771967651989,122.624228645664,121.079463029122,2.03962299468874,0,0,0
MYS,Malaysia,1989,East Asia & Pacific,Upper middle income,2.81320089714805,9.0596008665043,136.689061416096,129.481816540439,4.29333056736689,0,0,0
MYS,Malaysia,1997,East Asia & Pacific,Upper middle income,2.66251459711946,7.32274185035924,185.66511116237,125.506871598148,5.13624115805327,0,0,0
MYS,Malaysia,2004,East Asia & Pacific,Upper middle income,1.42127115937402,6.78343772370305,210.374265897124,131.711368873289,3.50787262049412,0,0,0
MYS,Malaysia,2001,East Asia & Pacific,Upper middle income,1.41678473206098,0.517675319192861,203.364636010653,138.460702498827,0.59702931825207906,0,0,0
MYS,Malaysia,2002,East Asia & Pacific,Upper middle income,1.80787246281536,5.39098830692797,199.356232695655,133.104466943551,3.16612432250471,0,0,0
MYS,Malaysia,2003,East Asia & Pacific,Upper middle income,1.08967632577286,5.7884992858875,194.195129056831,132.311271848845,2.92094209456765,0,0,0
MYS,Malaysia,1995,East Asia & Pacific,Upper middle income,3.45057509584895,9.82908519730812,192.113200253514,115.629851712343,4.71024540158831,0,0,0
MYS,Malaysia,2005,East Asia & Pacific,Upper middle income,2.97507092684449,5.33213916141486,203.854644595624,124.964121884925,2.73438734940078,0,0,0
MYS,Malaysia,2006,East Asia & Pacific,Upper middle income,3.60923564224389,5.5848470671515,202.577146840398,129.338226236628,4.72716484834358,0,0,0
MYS,Malaysia,1994,East Asia & Pacific,Upper middle income,3.72497055359284,9.21204179334867,179.904942673986,111.038979642998,5.82961425798393,0,0,0
MYS,Malaysia,2019,East Asia & Pacific,Upper middle income,0.662891865764326,4.41318742129586,123.028562027943,122.907052812222,2.50697705748044,0,0,0
MYS,Malaysia,1996,East Asia & Pacific,Upper middle income,3.48855945858916,10.0027006861844,181.766982485457,120.125250264058,5.03534293107291,0,0,0
MYS,Malaysia,2010,East Asia & Pacific,Upper middle income,1.62285235577035,7.42484738326097,157.944764886771,129.644648612903,4.26864663854031,0,0,0
MYS,Malaysia,2007,East Asia & Pacific,Upper middle income,2.02735317779569,6.29878592740947,192.465506357652,125.202378366958,4.68684578287436,0,0,0
MYS,Malaysia,2013,East Asia & Pacific,Upper middle income,2.10501231233612,4.69372252557893,142.720991464873,140.092353976818,3.49431175959971,0,0,0
MYS,Malaysia,2014,East Asia & Pacific,Upper middle income,3.14299050879095,6.00672194558203,138.312231176843,137.102328593906,3.14122940365348,0,0,0
MYS,Malaysia,2015,East Asia & Pacific,Upper middle income,2.10438980238359,5.09153242155011,131.37007244526,132.812779305956,3.27094402931735,0,0,0
MYS,Malaysia,2008,East Asia & Pacific,Upper middle income,5.44078221100769,4.83176988913097,176.668324785148,119.590240517141,3.28081949125174,0,0,0
MYS,Malaysia,2009,East Asia & Pacific,Upper middle income,0.583308405623702,-1.51352871598714,162.558970452699,139.16562087384,0.056692316075743,0,0,0
MYS,Malaysia,1993,East Asia & Pacific,Upper middle income,3.53658536585389,9.89494333377064,157.940462501597,113.034310138565,7.4828391233144,0,0,0
MYS,Malaysia,2018,East Asia & Pacific,Upper middle income,0.884709160571235,4.84308697634881,130.402625502126,125.07786465746,2.31458721219734,0,0,0
MYS,Malaysia,1991,East Asia & Pacific,Upper middle income,4.358333333333,9.54546741443052,159.311447263255,66.3087978449424,8.13632963600556,0,0,0
MYS,Malaysia,1992,East Asia & Pacific,Upper middle income,4.76722829992821,8.88511797832156,150.611220981935,102.223025975233,8.76047440214555,0,0,0
MYS,Malaysia,2017,East Asia & Pacific,Upper middle income,3.87120115774237,5.81272240983328,133.155173371956,122.534205616143,2.9358203805856,0,0,0
MYS,Malaysia,2020,East Asia & Pacific,Upper middle income,-1.1387021539305,-5.45684658426701,116.788182437638,137.093713910382,1.20275464255821,0,0,0
MYS,Malaysia,2016,East Asia & Pacific,Upper middle income,2.09056659525742,4.44978139761541,126.8990100257,128.584186484846,4.47130958598651,0,0,0
MDV,Maldives,1996,South Asia,Upper middle income,6.24124591476026,7.85864699857959,NA,34.8215431050745,2.06829872568168,0,0,0
MDV,Maldives,2009,South Asia,Upper middle income,4.53017659132801,-8.34069861571051,NA,46.1538291596222,6.73534012537353,0,0,0
MDV,Maldives,1985,South Asia,Upper middle income,NA,15.4160435875059,NA,26.0422020381037,0.951326982720425,0,0,0
MDV,Maldives,1986,South Asia,Upper middle income,9.72219327678563,9.36058909491051,NA,29.0495761876602,3.80597279716144,0,0,0
MDV,Maldives,1995,South Asia,Upper middle income,5.48886133171504,12.9857843069314,NA,31.16287983646,1.81225837757684,0,0,0
MDV,Maldives,1987,South Asia,Upper middle income,9.7040723294332,8.8291556967326,NA,25.3210748560461,3.61130902111324,0,0,0
MDV,Maldives,1997,South Asia,Upper middle income,7.57283467072592,8.39794100450224,NA,38.0544839424201,2.24485508850185,0,0,0
MDV,Maldives,1998,South Asia,Upper middle income,-1.40425233816792,7.4946829140504,NA,44.0441844407208,2.13257608728799,0,0,0
MDV,Maldives,1999,South Asia,Upper middle income,2.95370836069129,6.17565592929535,NA,41.794995290722,2.09121158653824,0,0,0
MDV,Maldives,2008,South Asia,Upper middle income,12.0414583505108,8.97645459033633,NA,41.6488727183431,7.97903444514319,0,0,0
MDV,Maldives,1988,South Asia,Upper middle income,6.45636026801941,8.73034178146668,NA,25.455214806809,0.712104836530667,0,0,0
MDV,Maldives,1989,South Asia,Upper middle income,7.16585889470777,9.32680833295309,NA,26.3719505077623,2.32172289015992,0,0,0
MDV,Maldives,1990,South Asia,Upper middle income,3.64991197717477,16.9522974545621,NA,26.087873034419,2.60411859208412,0,0,0
MDV,Maldives,2019,South Asia,Upper middle income,0.220029731065383,6.92305989050099,137.125230875185,41.1465021497222,16.7834728448357,0,0,0
MDV,Maldives,2020,South Asia,Upper middle income,-1.36977425569811,-32.9088287752921,114.361902904327,72.4722361354647,11.8706880719155,0,0,0
MDV,Maldives,2003,South Asia,Upper middle income,-1.26065113450354,13.7500496410836,NA,34.4278834157889,3.02003609060425,0,0,0
MDV,Maldives,2000,South Asia,Upper middle income,-1.17475681175946,3.84581040832157,NA,41.0911245179629,3.57378188906309,0,0,0
MDV,Maldives,2001,South Asia,Upper middle income,0.67257737006247,-3.94363452271253,NA,30.5538561368886,2.36095464157791,0,0,0
MDV,Maldives,2002,South Asia,Upper middle income,4.1786723990479,7.26838656139654,NA,34.4601861816757,2.75560074067064,0,0,0
MDV,Maldives,1994,South Asia,Upper middle income,3.38610098291493,7.74948623307952,NA,30.7433267874027,2.45575828762777,0,0,0
MDV,Maldives,2015,South Asia,Upper middle income,0.953206658777607,3.86813536494475,143.720506661302,48.0525698746175,7.21577938190819,0,0,0
MDV,Maldives,2018,South Asia,Upper middle income,-0.133373386117595,8.5689555834747,142.491128546618,39.7804381273004,10.6517647807373,0,0,0
MDV,Maldives,2012,South Asia,Upper middle income,10.884695658563,2.38928797963442,NA,45.1041063121999,7.89895747225905,0,0,0
MDV,Maldives,2010,South Asia,Upper middle income,6.14988536750173,6.7854678229144,NA,47.9463196785526,8.36376433060736,0,0,0
MDV,Maldives,2006,South Asia,Upper middle income,2.73842131602099,23.6302719852686,NA,39.7204023396458,4.05198051459747,0,0,0
MDV,Maldives,2013,South Asia,Upper middle income,3.8056300091943,6.97496226412528,NA,46.7610399769232,10.9503892160384,0,0,0
MDV,Maldives,2004,South Asia,Upper middle income,-1.68541212459466,5.92489251113133,NA,38.7865414573683,4.31467445406402,0,0,0
MDV,Maldives,2005,South Asia,Upper middle income,1.30027500930997,-11.1773097061784,NA,45.2433849297208,4.55499673617996,0,0,0
MDV,Maldives,2011,South Asia,Upper middle income,11.2734146055937,8.84342600490342,NA,47.0543787205311,15.2659407539778,0,0,0
MDV,Maldives,2007,South Asia,Upper middle income,6.79477353930168,7.13338024717898,NA,41.5584009621151,7.08805679103643,0,0,0
MDV,Maldives,2017,South Asia,Upper middle income,2.81747338234509,7.07442863215275,141.912110574952,43.1868685299419,9.50514529202919,0,0,0
MDV,Maldives,2016,South Asia,Upper middle income,0.502509413611612,6.37528306716864,144.380212278942,44.9086280122786,10.3547618700189,0,0,0
MDV,Maldives,1991,South Asia,Upper middle income,14.7136770282735,1.44269605394094,NA,26.6796631814191,2.65960970548328,0,0,0
MDV,Maldives,1992,South Asia,Upper middle income,16.8559977535548,6.67082544437399,NA,24.9928592779568,2.31679903683284,0,0,0
MDV,Maldives,1993,South Asia,Upper middle income,20.1273593149248,5.55676907924001,NA,28.9492456194978,2.1400801086987302,1,1,0
MDV,Maldives,2014,South Asia,Upper middle income,2.12000175718134,7.86068643108074,165.97925116043,47.8259394605774,9.01659145068896,0,0,0
MLI,Mali,2001,Sub-Saharan Africa,Low income,5.18701191944068,15.8060317406145,49.3239069915403,16.2783277563227,5.06751221772987,0,0,0
MLI,Mali,1989,Sub-Saharan Africa,Low income,-0.0766929979288841,3.59496047121179,34.6160830649868,15.75676517043,0.225269758653743,0,0,0
MLI,Mali,1986,Sub-Saharan Africa,Low income,NA,-0.762659203660078,43.1057226560103,18.3185106147093,-0.392608655349389,0,0,0
MLI,Mali,1988,Sub-Saharan Africa,Low income,NA,10.8056984434684,37.4486449257117,17.4108717749021,0.259956876873215,0,0,0
MLI,Mali,1990,Sub-Saharan Africa,Low income,0.606339703737523,-5.28752137337739,38.4598084868366,15.2686739965555,0.176384833895385,0,0,0
MLI,Mali,1987,Sub-Saharan Africa,Low income,NA,-0.771584850174861,41.0699481733744,17.7389817140503,-0.245764317198532,0,0,0
MLI,Mali,2000,Sub-Saharan Africa,Low income,-0.677661659046769,-0.736019991927179,44.6657609790519,16.3313916598188,1.71320201228336,0,0,0
MLI,Mali,2017,Sub-Saharan Africa,Low income,1.75985742927165,5.37554769639952,49.4919984941972,22.5991378938498,3.0627942747803,0,0,0
MLI,Mali,1999,Sub-Saharan Africa,Low income,-1.20190368637502,4.70587926246569,40.5393029667541,14.4180430297413,0.757651568056077,0,0,0
MLI,Mali,1991,Sub-Saharan Africa,Low income,1.80042722001858,12.6572078867442,36.1545833680932,15.1360832736419,0.0336976297417202,0,0,0
MLI,Mali,1992,Sub-Saharan Africa,Low income,-6.24250599520425,-5.05918121731715,37.9740349488916,16.1398629607087,-0.594290516964257,0,0,0
MLI,Mali,2018,Sub-Saharan Africa,Low income,0.299546507387843,4.86784999991505,50.6998462523276,23.8918149330587,2.29426079238045,0,0,0
MLI,Mali,2019,Sub-Saharan Africa,Low income,-1.65826694846365,4.99999911608818,53.9987132798636,23.5120808091334,4.19531107984596,0,0,0
MLI,Mali,1995,Sub-Saharan Africa,Low income,13.4417696811974,0.728693727529304,45.0810713232829,15.1180070810593,3.30326476806717,0,0,0
MLI,Mali,1996,Sub-Saharan Africa,Low income,6.80545996788233,6.36569576842297,38.9934967655238,16.5466498173929,0.726919059513141,0,0,0
MLI,Mali,1993,Sub-Saharan Africa,Low income,-0.263767884261804,4.34822769920969,35.7839472513242,16.5657997370379,0.111794456034654,0,0,0
MLI,Mali,1994,Sub-Saharan Africa,Low income,23.1767911524285,5.59168809130144,44.0605023392665,16.0885024997778,0.655817658018571,0,0,0
MLI,Mali,2014,Sub-Saharan Africa,Low income,0.883814547137841,6.50263878409685,51.078682187569,22.3335812572061,0.844265987943503,0,0,0
MLI,Mali,2012,Sub-Saharan Africa,Low income,5.32312847064058,-1.07239924132972,49.4252356223808,21.785608575807,2.68901249459022,0,0,0
MLI,Mali,2015,Sub-Saharan Africa,Low income,1.45069057605961,6.23887890197454,53.5751760102265,22.5706862873155,1.7680955706499,0,0,0
MLI,Mali,2016,Sub-Saharan Africa,Low income,-1.79964707083386,6.00506308559498,53.6126193604252,23.2084651743195,2.129006916198,0,0,0
MLI,Mali,2002,Sub-Saharan Africa,Low income,5.03282275711194,3.03627540842406,46.3529227419891,19.1631551064427,-0.26620339911262,0,0,0
MLI,Mali,2020,Sub-Saharan Africa,Low income,0.438088940320669,-1.16910834828603,56.0415474422019,26.5812701285786,2.5936673302322,0,0,0
MLI,Mali,2006,Sub-Saharan Africa,Low income,1.54352596927582,3.6896026526873,49.0190773449704,20.7191061746016,1.8062250031959,0,0,0
MLI,Mali,2007,Sub-Saharan Africa,Low income,1.41200201714577,1.76004607889122,46.8977916240376,18.9081406499771,2.12739780758978,0,0,0
MLI,Mali,1997,Sub-Saharan Africa,Low income,-0.362999795946695,4.12133954321507,45.0487038446352,17.3113298591067,2.17754659305845,0,0,0
MLI,Mali,1985,Sub-Saharan Africa,Low income,NA,13.1917576039868,51.7785569314836,17.8113461182291,0.181493000577378,0,0,0
MLI,Mali,2011,Sub-Saharan Africa,Low income,2.95564395229392,2.93537897086446,43.1814699132908,19.5679593031086,3.60372353519049,0,0,0
MLI,Mali,2010,Sub-Saharan Africa,Low income,1.10892690670186,5.57678859838062,48.8166953660615,20.06510953351,2.92612695500016,0,0,0
MLI,Mali,2003,Sub-Saharan Africa,Low income,-1.34672619047621,9.79712256129343,46.8915346664625,23.1088409631996,1.29366756461829,0,0,0
MLI,Mali,2013,Sub-Saharan Africa,Low income,-0.606736356351563,3.29068742019345,54.6032439863007,22.8931854315369,1.95552894419919,0,0,0
MLI,Mali,2005,Sub-Saharan Africa,Low income,6.39788293897883,2.53837834867178,44.9124085077551,20.660796726683,2.15749775651619,0,0,0
MLI,Mali,2009,Sub-Saharan Africa,Low income,2.46375188572299,5.45473562577585,40.5413815805662,18.9761159067928,5.34101259306611,0,0,0
MLI,Mali,2008,Sub-Saharan Africa,Low income,9.17098813667678,3.63871070955426,53.6430193090625,14.9292811872479,2.33379628946697,0,0,0
MLI,Mali,2004,Sub-Saharan Africa,Low income,-3.09978128063957,1.47732490222614,44.0120986422566,21.17330975387,1.3104512944739,0,0,0
MLI,Mali,1998,Sub-Saharan Africa,Low income,4.03658945954986,6.65326037456275,39.830245090196,15.6452201290114,0.245394189320441,0,0,0
MRT,Mauritania,1988,Sub-Saharan Africa,Lower middle income,1.31965861005482,1.72039797622097,83.3783659398771,17.0171194338127,0.136162491646269,0,0,0
MRT,Mauritania,1987,Sub-Saharan Africa,Lower middle income,8.15234253800871,1.90038415182198,84.8996437994898,17.8784142919729,0.124821841041106,0,0,0
MRT,Mauritania,2004,Sub-Saharan Africa,Lower middle income,10.3676233473073,4.73275787510946,75.2188046787959,NA,17.1048404222648,0,0,0
MRT,Mauritania,2007,Sub-Saharan Africa,Lower middle income,7.25410841304887,-1.96942274988409,86.0640556779132,18.8240200681825,3.2067650776131,0,0,0
MRT,Mauritania,1986,Sub-Saharan Africa,Lower middle income,7.4333333333332,5.71357935480461,99.2900625902412,16.9795620501243,0.378446603010545,0,0,0
MRT,Mauritania,2003,Sub-Saharan Africa,Lower middle income,5.15190150769578,6.92826957568474,55.3180243332438,NA,4.97077585567831,0,0,0
MRT,Mauritania,2011,Sub-Saharan Africa,Lower middle income,5.68631959575954,4.17278327815399,98.485329604158,19.7485480371572,8.70335489423716,0,0,0
MRT,Mauritania,2008,Sub-Saharan Africa,Lower middle income,7.34663541249786,-0.331079223430805,94.1202110004251,19.4028682479444,6.58359348707617,0,0,0
MRT,Mauritania,2009,Sub-Saharan Africa,Lower middle income,2.22092032381779,0.0978759143320076,82.0086176018151,22.4774629456975,-0.0651602023733604,0,0,0
MRT,Mauritania,2010,Sub-Saharan Africa,Lower middle income,6.2835408742770396,2.62022948104543,93.4207451334608,19.8830644201774,2.31890567703789,0,0,0
MRT,Mauritania,2020,Sub-Saharan Africa,Lower middle income,2.3856948845632,-0.360657384151068,86.7761681322741,NA,11.2328299227716,0,0,0
MRT,Mauritania,1990,Sub-Saharan Africa,Lower middle income,6.60022564874018,-1.77130453327383,78.1245487729656,19.116189126292,0.44702077877301,0,0,0
MRT,Mauritania,1989,Sub-Saharan Africa,Lower middle income,12.9326820981099,4.77758542001072,78.6897916288234,17.100511102207,0.239048416799853,0,0,0
MRT,Mauritania,2015,Sub-Saharan Africa,Lower middle income,3.25472688117631,5.37633924099251,77.3467864944966,27.0867795677256,8.13584950372229,0,0,0
MRT,Mauritania,2012,Sub-Saharan Africa,Lower middle income,4.90242727217997,4.47001319170479,110.788122743421,21.9431750264624,20.6013054045892,0,0,0
MRT,Mauritania,2013,Sub-Saharan Africa,Lower middle income,4.12910173783393,4.1508131898954,102.398824183169,24.6843683299957,15.5890028558149,0,0,0
MRT,Mauritania,2014,Sub-Saharan Africa,Lower middle income,3.53436856147324,4.27482328814457,91.610371363604,27.2528616886181,7.62361704174833,0,0,0
MRT,Mauritania,2001,Sub-Saharan Africa,Lower middle income,4.7148963468961,-0.799493830035985,60.7012124604715,NA,4.39273814893831,0,0,0
MRT,Mauritania,2002,Sub-Saharan Africa,Lower middle income,3.8957052575849,1.38148396045266,56.7855296001806,NA,3.78943003870853,0,0,0
MRT,Mauritania,1999,Sub-Saharan Africa,Lower middle income,4.07417613596754,3.67317831340802,49.016938039756,NA,0.761331718749145,0,0,0
MRT,Mauritania,1985,Sub-Saharan Africa,Lower middle income,NA,2.99476050442853,103.285903291031,17.9151866452233,0.691209995208202,0,0,0
MRT,Mauritania,2006,Sub-Saharan Africa,Lower middle income,6.2410332814282,18.3331986932345,82.7885012130323,16.8995308151377,3.94434472704714,0,0,0
MRT,Mauritania,1993,Sub-Saharan Africa,Lower middle income,9.37034415971461,5.87363742064267,46.0763040408496,NA,0.871080747655171,0,0,0
MRT,Mauritania,2005,Sub-Saharan Africa,Lower middle income,12.1256487185541,8.56628732009419,88.2350995596491,19.7239883983261,27.6520361298831,0,0,0
MRT,Mauritania,1992,Sub-Saharan Africa,Lower middle income,10.141817562151,1.8741257364962,42.3279201206499,NA,0.348815247683938,0,0,0
MRT,Mauritania,2018,Sub-Saharan Africa,Lower middle income,3.06735996058356,4.77217365692621,89.1467294935148,28.0750026580535,10.3416772803986,0,0,0
MRT,Mauritania,1997,Sub-Saharan Africa,Lower middle income,4.62534695318394,-4.04469654678225,62.7495635657126,NA,-0.160710691213042,0,0,0
MRT,Mauritania,1991,Sub-Saharan Africa,Lower middle income,5.62866666666699,1.78808726312198,55.8168511676471,14.3487555269609,0.10637858211175,0,0,0
MRT,Mauritania,2019,Sub-Saharan Africa,Lower middle income,2.30009262117937,3.14100489306969,93.4866941351317,28.4143225430919,-11.1917343784634,0,0,0
MRT,Mauritania,2000,Sub-Saharan Africa,Lower middle income,3.25406745833358,-3.91802585208993,58.9403747670668,NA,2.25319074953564,0,0,0
MRT,Mauritania,1996,Sub-Saharan Africa,Lower middle income,4.68130623916413,5.81882663043622,70.4558897549272,NA,-0.0204278717567514,0,0,0
MRT,Mauritania,1998,Sub-Saharan Africa,Lower middle income,8.03166665498858,2.77780479737011,51.3910125506772,NA,0.00652659003650711,0,0,0
MRT,Mauritania,2016,Sub-Saharan Africa,Lower middle income,1.47171045650004,1.26090923067225,73.1532616736712,25.6596693724621,4.23731114711712,0,0,0
MRT,Mauritania,2017,Sub-Saharan Africa,Lower middle income,2.25427651934813,6.27054566937677,78.8149801833884,27.7289441287182,8.65007999188081,0,0,0
MRT,Mauritania,1995,Sub-Saharan Africa,Lower middle income,6.54379068524171,9.81980039567452,73.416940256179,NA,0.334144059448081,0,0,0
MRT,Mauritania,1994,Sub-Saharan Africa,Lower middle income,4.12825861295442,-3.06073216744799,62.6858836744371,NA,0.106932671881943,0,0,0
MUS,Mauritius,2009,Sub-Saharan Africa,Upper middle income,2.51609128145113,3.31507699790781,102.458019804655,94.8443556854603,2.77057948666431,0,0,0
MUS,Mauritius,1992,Sub-Saharan Africa,Upper middle income,4.64351929883709,6.51269858283499,120.232699481499,68.9142096478576,0.450294996999827,0,0,0
MUS,Mauritius,2008,Sub-Saharan Africa,Upper middle income,9.73228317146887,5.38696254207251,113.492663899724,95.1935982222238,3.72959175354516,0,1,0
MUS,Mauritius,1986,Sub-Saharan Africa,Upper middle income,1.63265306122486,9.742033321316,112.826073234371,53.6211848360951,0.500870418368029,0,0,0
MUS,Mauritius,1985,Sub-Saharan Africa,Upper middle income,6.69870394658498,6.9544754614702,107.500725256864,49.373144475471,0.730328026584982,0,0,0
MUS,Mauritius,1990,Sub-Saharan Africa,Upper middle income,13.4880887926371,7.18673677096029,135.290500660691,62.2033083395338,1.52610550240963,0,1,0
MUS,Mauritius,1991,Sub-Saharan Africa,Upper middle income,7.00101377541879,4.43544626177179,126.648911355451,66.7850363397709,0.600189963674533,0,1,0
MUS,Mauritius,2019,Sub-Saharan Africa,Upper middle income,0.405655190309553,2.89128499346516,127.940899064133,115.871487529481,3.03223371830849,0,0,0
MUS,Mauritius,2020,Sub-Saharan Africa,Upper middle income,2.5808007718283,-14.5465381490166,121.12522550435,154.604842928887,1.94246862517576,0,0,0
MUS,Mauritius,2010,Sub-Saharan Africa,Upper middle income,2.93236301369857,4.37720322344293,111.508202075575,96.1358785707249,4.23808594970717,0,0,0
MUS,Mauritius,2011,Sub-Saharan Africa,Upper middle income,6.52249254869341,4.07753806610333,115.552473002804,95.3214813996781,3.71075064331171,0,0,0
MUS,Mauritius,2012,Sub-Saharan Africa,Upper middle income,3.85216033315983,3.49611836470866,117.447639083027,97.2033478118829,4.97804411127418,0,0,0
MUS,Mauritius,2013,Sub-Saharan Africa,Upper middle income,3.54329573934839,3.36040609974133,136.552117959236,95.7695136798409,2.35929777878695,0,0,0
MUS,Mauritius,2018,Sub-Saharan Africa,Upper middle income,3.2160538314457,4.00674057198549,123.538984386544,109.322306324944,3.078791712383,0,0,0
MUS,Mauritius,2005,Sub-Saharan Africa,Upper middle income,4.93717004981795,1.77754302034454,121.608743996836,97.664202064291,0.635284471239675,0,0,0
MUS,Mauritius,2006,Sub-Saharan Africa,Upper middle income,8.91350105650142,4.8655446077553,124.782280192468,91.6924260404926,1.49569053565725,0,0,0
MUS,Mauritius,2017,Sub-Saharan Africa,Upper middle income,3.66699702675925,3.93798380632353,126.964059884888,108.952032938582,3.45396863043017,0,0,0
MUS,Mauritius,1993,Sub-Saharan Africa,Upper middle income,10.5178384472896,5.0820629557426,120.896356052865,70.2354990908222,0.445454517512398,0,0,0
MUS,Mauritius,1994,Sub-Saharan Africa,Upper middle income,7.32347154412294,4.13614286145543,120.560175858082,71.0479295624092,0.554303218876587,0,0,0
MUS,Mauritius,2007,Sub-Saharan Africa,Upper middle income,8.82729272393294,5.72701615981669,118.624058148821,92.3307058061301,4.11677685025773,0,0,0
MUS,Mauritius,1996,Sub-Saharan Africa,Upper middle income,6.55097336065573,5.58784392666244,126.159212478576,72.9566386466403,0.818061230378169,0,0,0
MUS,Mauritius,1987,Sub-Saharan Africa,Upper middle income,0.518741633199852,8.89103982665314,125.386342839662,56.4242616408851,0.900272335438822,0,0,0
MUS,Mauritius,1988,Sub-Saharan Africa,Upper middle income,9.15931413351054,6.79134674767192,132.624947540952,61.2228929366409,1.09738174112426,0,0,0
MUS,Mauritius,1995,Sub-Saharan Africa,Upper middle income,6.02933188484532,4.28773657145238,118.148720557781,76.6447562428099,0.45650892153957,0,0,0
MUS,Mauritius,2016,Sub-Saharan Africa,Upper middle income,0.9776751347189652,3.8624682634,126.310008998042,105.37167918581,2.96891288123063,0,0,0
MUS,Mauritius,2003,Sub-Saharan Africa,Upper middle income,3.92105357558188,5.92544548947731,108.655579313428,90.9341196293989,1.0624597935284,0,0,0
MUS,Mauritius,2004,Sub-Saharan Africa,Upper middle income,4.71037060105883,4.33001985464357,107.027698267505,96.9550759069732,0.208397536162955,0,0,0
MUS,Mauritius,2014,Sub-Saharan Africa,Upper middle income,3.21769191994684,3.82696982009337,135.099064765426,98.1284318296049,3.44327494440095,0,0,0
MUS,Mauritius,1989,Sub-Saharan Africa,Upper middle income,12.670042091136,4.46514860724652,133.930350743087,60.9154165248744,1.61912082862749,0,0,0
MUS,Mauritius,2002,Sub-Saharan Africa,Upper middle income,6.41933372221149,1.61491865862433,118.230470380251,81.3582187835091,0.653687020805774,0,0,0
MUS,Mauritius,2001,Sub-Saharan Africa,Upper middle income,5.38934426229508,3.34754072731407,128.05457898019,77.9606367777741,-0.591895011199452,0,0,0
MUS,Mauritius,1999,Sub-Saharan Africa,Upper middle income,6.90914624866773,2.61093234413026,128.954991253643,78.8834645083162,1.12110460501645,0,0,0
MUS,Mauritius,1997,Sub-Saharan Africa,Upper middle income,6.83334334996102,5.68747741886635,126.107505043338,76.43720412486,1.3025692466794,0,0,0
MUS,Mauritius,2015,Sub-Saharan Africa,Upper middle income,1.28654970760232,3.69055690369433,133.135069083677,102.728068560553,1.77973545308924,0,0,0
MUS,Mauritius,2000,Sub-Saharan Africa,Upper middle income,4.19928825622807,8.20279174865273,120.687648773646,77.0113962195879,5.62071802958224,0,0,0
MUS,Mauritius,1998,Sub-Saharan Africa,Upper middle income,6.81079323797193,6.07194017756214,130.442832961932,74.9233080737597,0.288001173687631,0,0,0
MEX,Mexico,1990,Latin America & Caribbean,Upper middle income,26.6516725646771,5.25004329944582,38.5196964133297,22.5134170767379,1.00821547984529,1,1,1
MEX,Mexico,2001,Latin America & Caribbean,Upper middle income,6.36773806235037,-0.450845253215945,44.7401090123173,23.9467187449556,3.77607805696573,0,0,0
MEX,Mexico,2002,Latin America & Caribbean,Upper middle income,5.03072733151295,-0.236588001922641,45.209829259652,23.9055137436454,2.48685750053046,0,0,0
MEX,Mexico,1989,Latin America & Caribbean,Upper middle income,20.0078767139978,3.62544873456009,38.3296500774472,16.5166376513077,1.4335842744963,1,1,1
MEX,Mexico,2010,Latin America & Caribbean,Upper middle income,4.15672722680174,4.9713345832195,59.2733845293851,29.3078846366342,2.76223720216686,0,0,0
MEX,Mexico,2011,Latin America & Caribbean,Upper middle income,3.40737824605742,3.44404505794418,62.1623872764498,29.4874262388032,1.9442261568419,0,0,0
MEX,Mexico,2012,Latin America & Caribbean,Upper middle income,4.11150981070289,3.55321075993527,64.2579318900113,29.9851073551825,1.45258915052409,0,0,0
MEX,Mexico,1988,Latin America & Caribbean,Upper middle income,114.162258549066,1.21826122938586,38.7903369479031,11.1299997223919,1.58525508600361,1,1,1
MEX,Mexico,2003,Latin America & Caribbean,Upper middle income,4.54690012118718,1.18554486709559,48.700416880838,24.772537825009,2.37188032095091,0,0,0
MEX,Mexico,2004,Latin America & Caribbean,Upper middle income,4.68840884843143,3.56544100946846,52.0406200335632,25.0101031828348,3.06821035154364,0,0,0
MEX,Mexico,2005,Latin America & Caribbean,Upper middle income,3.98805714597437,2.11324712586392,52.5626446517886,25.4370831819859,2.74220134218643,0,0,0
MEX,Mexico,2013,Latin America & Caribbean,Upper middle income,3.80639069747204,0.852101559410627,62.6916747735807,31.6540798752404,3.83670268161454,0,0,0
MEX,Mexico,2009,Latin America & Caribbean,Upper middle income,5.29735584228856,-6.29525055780502,54.5917421313503,28.4756399557864,2.08311648626813,0,0,0
MEX,Mexico,2015,Latin America & Caribbean,Upper middle income,2.72064064964023,2.70232342550646,70.412974676264,35.129202613507,2.98783786595647,0,0,0
MEX,Mexico,2006,Latin America & Caribbean,Upper middle income,3.62946762439132,4.80501352746852,54.4821160886169,24.4047783192837,2.16893035275929,0,0,0
MEX,Mexico,1991,Latin America & Caribbean,Upper middle income,22.662359455061,3.97590497138043,35.7865351574196,26.114745760132,1.52072722395263,1,1,1
MEX,Mexico,2014,Latin America & Caribbean,Upper middle income,4.01861608078679,2.50376350288664,64.0984090351215,33.1959688447656,2.08415748550878,0,0,0
MEX,Mexico,1985,Latin America & Caribbean,Upper middle income,57.7484484008702,1.91921578613494,24.3312923896659,25.4985029100755,1.01617964153906,0,0,0
MEX,Mexico,2000,Latin America & Caribbean,Upper middle income,9.49156149435403,5.02928399378261,49.9104091872497,21.357251506457,2.47719212470142,0,1,0
MEX,Mexico,2017,Latin America & Caribbean,Upper middle income,6.04145724018986,1.87172853327193,76.9521260407254,37.4499047681409,2.78307493352174,0,0,0
MEX,Mexico,1999,Latin America & Caribbean,Upper middle income,16.5856169707538,2.75503039300564,48.0122495761105,25.9976968505543,2.20848433629662,1,1,1
MEX,Mexico,2016,Latin America & Caribbean,Upper middle income,2.8217078474766,1.77249323845399,75.6903034088551,36.5534434925137,3.49768027047347,0,0,0
MEX,Mexico,1987,Latin America & Caribbean,Upper middle income,131.82738392309,2.06336322631584,31.262320842785,25.9751314697189,1.78524761396019,1,1,1
MEX,Mexico,2018,Latin America & Caribbean,Upper middle income,4.89935015356551,1.97208209405635,80.2126616568975,36.4898208661565,3.01417850463095,0,0,0
MEX,Mexico,2019,Latin America & Caribbean,Upper middle income,3.63596142127046,-0.392690505066824,77.4619722571128,36.7674887319716,2.29651449578107,0,0,0
MEX,Mexico,1992,Latin America & Caribbean,Upper middle income,15.5078962533573,3.56861354412243,35.553495904112,27.1384560739971,1.20966687256407,1,1,1
MEX,Mexico,1993,Latin America & Caribbean,Upper middle income,9.75146045357553,2.86699945461075,26.1631235736702,21.5868006582735,0.827862094071089,0,1,0
MEX,Mexico,1997,Latin America & Caribbean,Upper middle income,20.6256287259247,7.19887615284711,46.4918755715735,27.140715415269,2.4510099356897,1,1,1
MEX,Mexico,1998,Latin America & Caribbean,Upper middle income,15.9283950119353,6.18507893082885,48.0318841400179,25.9425768926098,2.28836855124077,1,1,1
MEX,Mexico,1986,Latin America & Caribbean,Upper middle income,86.2333169923538,-3.92995990782299,29.6062225899787,26.5677818765428,1.78364352504343,0,0,0
MEX,Mexico,2008,Latin America & Caribbean,Upper middle income,5.12498274575896,0.943331863036903,56.3652818862573,25.1802636113508,2.56307995916969,0,0,0
MEX,Mexico,1996,Latin America & Caribbean,Upper middle income,34.3783832235168,6.21829715869302,47.7678235339067,21.8388141908833,2.12551917782763,0,0,0
MEX,Mexico,1995,Latin America & Caribbean,Upper middle income,34.9992712889592,-5.91029962358286,43.6658317263397,23.1393938068072,2.50587999844817,0,0,0
MEX,Mexico,2020,Latin America & Caribbean,Upper middle income,3.39683415570006,-8.35403458167995,76.8545557056016,43.501381231797,2.81400875194225,0,0,0
MEX,Mexico,2007,Latin America & Caribbean,Upper middle income,3.96684905458235,2.07786393438754,55.2585243944498,24.8136087350091,2.81398718018792,0,0,0
MEX,Mexico,1994,Latin America & Caribbean,Upper middle income,6.96581237191123,4.39412788764169,29.1584721341582,22.9199335459201,1.98196140419983,0,0,0
FSM,"Micronesia, Fed. Sts.",1995,East Asia & Pacific,Lower middle income,NA,7.01446484549948,90.9380243498818,49.0310545887258,NA,0,0,0
FSM,"Micronesia, Fed. Sts.",1996,East Asia & Pacific,Lower middle income,NA,-3.33904592536733,102.980430576115,46.9161293469976,NA,0,0,0
FSM,"Micronesia, Fed. Sts.",1992,East Asia & Pacific,Lower middle income,NA,4.00801603206385,NA,NA,NA,0,0,0
FSM,"Micronesia, Fed. Sts.",2009,East Asia & Pacific,Lower middle income,6.39360257735201,1.09846663749369,111.048565106106,41.4928412348264,NA,0,0,0
FSM,"Micronesia, Fed. Sts.",2010,East Asia & Pacific,Lower middle income,3.31370963136217,2.06618820882574,108.037859484793,39.1857445186738,NA,0,0,0
FSM,"Micronesia, Fed. Sts.",1997,East Asia & Pacific,Lower middle income,NA,-6.21107419101304,107.144341919725,51.5961161789778,NA,0,0,0
FSM,"Micronesia, Fed. Sts.",2008,East Asia & Pacific,Lower middle income,8.42372566246186,-2.5834881422762,111.186554275186,37.967690122597,NA,0,0,0
FSM,"Micronesia, Fed. Sts.",1998,East Asia & Pacific,Lower middle income,NA,2.83680953653287,102.530659392703,49.0563020212377,NA,0,0,0
FSM,"Micronesia, Fed. Sts.",1999,East Asia & Pacific,Lower middle income,NA,1.12879197102525,95.7647711669065,50.5605763232508,NA,0,0,0
FSM,"Micronesia, Fed. Sts.",2011,East Asia & Pacific,Lower middle income,5.08259403890371,3.7837208928099,108.539986244713,38.5864540288524,NA,0,0,0
FSM,"Micronesia, Fed. Sts.",2012,East Asia & Pacific,Lower middle income,5.01850353045616,-1.69422024723235,113.059773722122,41.7568463456388,NA,0,0,0
FSM,"Micronesia, Fed. Sts.",2000,East Asia & Pacific,Lower middle income,2.15851810619419,4.62457361932451,91.8922118499105,47.3689109302332,NA,0,0,0
FSM,"Micronesia, Fed. Sts.",2001,East Asia & Pacific,Lower middle income,0.502497351294027,1.82014181387615,97.2977821855715,48.758879890039,NA,0,0,0
FSM,"Micronesia, Fed. Sts.",2013,East Asia & Pacific,Lower middle income,1.75232737350762,-3.67642942893428,114.766672350061,46.6019823449308,NA,0,0,0
FSM,"Micronesia, Fed. Sts.",2007,East Asia & Pacific,Lower middle income,3.30634278002699,-1.72367428324624,100.789149581242,37.6733175212312,NA,0,0,0
FSM,"Micronesia, Fed. Sts.",2016,East Asia & Pacific,Lower middle income,-1.03746806405349,0.942726461831327,102.769230769231,66.9424615384615,NA,0,0,0
FSM,"Micronesia, Fed. Sts.",2002,East Asia & Pacific,Lower middle income,-0.111442426432945,0.443232388562762,91.7298643988442,42.6935194105501,NA,0,0,0
FSM,"Micronesia, Fed. Sts.",2014,East Asia & Pacific,Lower middle income,0.650284891767944,-2.58581649978665,107.645357374787,61.9075456764951,6.43620509110735,0,0,0
FSM,"Micronesia, Fed. Sts.",2020,East Asia & Pacific,Lower middle income,0.554594630853174,-1.67294117647059,85.0087703843389,77.2209479845547,NA,0,0,0
FSM,"Micronesia, Fed. Sts.",1991,East Asia & Pacific,Lower middle income,NA,7.42734122712645,NA,NA,NA,0,0,0
FSM,"Micronesia, Fed. Sts.",1990,East Asia & Pacific,Lower middle income,NA,3.74092685650469,NA,NA,NA,0,0,0
FSM,"Micronesia, Fed. Sts.",2015,East Asia & Pacific,Lower middle income,-0.2981158373807,4.43363849623874,107.681127672467,57.4749630944724,NA,0,0,0
FSM,"Micronesia, Fed. Sts.",1994,East Asia & Pacific,Lower middle income,NA,-0.534521158129408,NA,NA,NA,0,0,0
FSM,"Micronesia, Fed. Sts.",1986,East Asia & Pacific,Lower middle income,NA,7.97934730131362,NA,NA,NA,0,0,0
FSM,"Micronesia, Fed. Sts.",2017,East Asia & Pacific,Lower middle income,0.58225373525489,2.17575003627566,103.342618384401,67.1111420612813,NA,0,0,0
FSM,"Micronesia, Fed. Sts.",1993,East Asia & Pacific,Lower middle income,NA,8.14065510597315,NA,NA,NA,0,0,0
FSM,"Micronesia, Fed. Sts.",1985,East Asia & Pacific,Lower middle income,NA,16.5506760705723,NA,NA,NA,0,0,0
FSM,"Micronesia, Fed. Sts.",2004,East Asia & Pacific,Lower middle income,2.27669698247304,-3.19038314015573,95.5259430197585,41.4404277612115,NA,0,0,0
FSM,"Micronesia, Fed. Sts.",2005,East Asia & Pacific,Lower middle income,4.25769978210942,2.31413355373383,94.3453577773088,40.3334537718493,NA,0,0,0
FSM,"Micronesia, Fed. Sts.",2006,East Asia & Pacific,Lower middle income,4.63737008585635,-0.198978337483553,97.351580508194,36.5249452571962,NA,0,0,0
FSM,"Micronesia, Fed. Sts.",2019,East Asia & Pacific,Lower middle income,1.92385170787923,4.08163265306123,95.6852791878173,63.2078680203046,NA,0,0,0
FSM,"Micronesia, Fed. Sts.",1987,East Asia & Pacific,Lower middle income,NA,1.19976004799031,NA,NA,NA,0,0,0
FSM,"Micronesia, Fed. Sts.",1989,East Asia & Pacific,Lower middle income,NA,3.52601156069341,NA,NA,NA,0,0,0
FSM,"Micronesia, Fed. Sts.",2018,East Asia & Pacific,Lower middle income,1.49840023593737,0,103.571428571429,62.8938775510204,NA,0,0,0
FSM,"Micronesia, Fed. Sts.",2003,East Asia & Pacific,Lower middle income,0.126643348208903,1.76276569060707,96.7006160347744,40.532498986284,NA,0,0,0
FSM,"Micronesia, Fed. Sts.",1988,East Asia & Pacific,Lower middle income,NA,2.54890337877882,NA,NA,NA,0,0,0
MDA,Moldova,1990,Europe & Central Asia,Upper middle income,NA,NA,NA,NA,NA,0,0,0
MDA,Moldova,1988,Europe & Central Asia,Upper middle income,NA,NA,NA,NA,NA,0,0,0
MDA,Moldova,1989,Europe & Central Asia,Upper middle income,NA,NA,NA,NA,NA,0,0,0
MDA,Moldova,1991,Europe & Central Asia,Upper middle income,NA,-16.0000002715149,NA,70.3090617760618,NA,0,0,0
MDA,Moldova,1992,Europe & Central Asia,Upper middle income,1026.82626424702,-29.0999999176414,NA,43.4573335070349,0.732997655028661,0,0,0
MDA,Moldova,2002,Europe & Central Asia,Upper middle income,5.30124390261587,7.79999965773833,129.839525501535,28.9870306684853,5.05771338869042,0,0,0
MDA,Moldova,2004,Europe & Central Asia,Upper middle income,12.5242768428228,7.39999973358189,132.69906968032,36.753849409965,5.81198983204296,0,0,0
MDA,Moldova,2001,Europe & Central Asia,Upper middle income,9.7646628575763,6.10000039929173,124.500739599353,25.1413858602755,6.98600963880541,0,1,0
MDA,Moldova,1993,Europe & Central Asia,Upper middle income,1613.60398876194,-1.1999999330268,NA,19.1786710598572,0.590265678198792,0,0,0
MDA,Moldova,2003,Europe & Central Asia,Upper middle income,11.7460792058234,6.59999995777716,140.056529925052,30.8616399181723,3.72304120351932,0,0,0
MDA,Moldova,1995,Europe & Central Asia,Upper middle income,29.8656104095718,-1.39999905491376,128.016386523173,19.2171384080936,3.8168867101408,1,1,1
MDA,Moldova,2005,Europe & Central Asia,Upper middle income,11.9591837222127,7.5000001493726,143.023568469138,42.0344646180814,6.38146310288962,1,1,0
MDA,Moldova,1997,Europe & Central Asia,Upper middle income,11.7728324494467,1.64706456037401,127.560400247842,21.5640034877299,4.07962117197816,1,1,0
MDA,Moldova,1994,Europe & Central Asia,Upper middle income,486.42562379589,-30.9000002261447,NA,15.9011417855695,0.67954549992515,1,1,1
MDA,Moldova,1986,Europe & Central Asia,Upper middle income,NA,NA,NA,NA,NA,0,0,0
MDA,Moldova,1987,Europe & Central Asia,Upper middle income,NA,NA,NA,NA,NA,0,0,0
MDA,Moldova,2016,Europe & Central Asia,Upper middle income,6.35930898037931,4.64601436259409,89.0046837188671,44.3673612853793,1.09561343852844,0,0,0
MDA,Moldova,2017,Europe & Central Asia,Upper middle income,6.57022997455611,4.17561205106279,88.6233902754378,43.7799358937814,1.5715119911375,0,0,0
MDA,Moldova,2020,Europe & Central Asia,Upper middle income,3.76597122245351,-8.27597831976949,79.265722119158,53.8872346808522,1.35047634241375,0,0,0
MDA,Moldova,2006,Europe & Central Asia,Upper middle income,12.7777557830351,4.79999983670831,137.154763819994,43.7013460651562,7.58980668418465,1,1,0
MDA,Moldova,2007,Europe & Central Asia,Upper middle income,12.3671668414302,3.00000022585525,142.720539023021,51.1776850795433,12.1790254892383,1,1,0
MDA,Moldova,1996,Europe & Central Asia,Upper middle income,23.5056772963368,-5.87706028626823,129.237536040111,18.340118360072,1.4004890246464201,1,1,1
MDA,Moldova,2009,Europe & Central Asia,Upper middle income,-0.0627185967108899,-6.00000026352828,110.363326850495,54.0866637338368,4.85271053589236,0,0,0
MDA,Moldova,1998,Europe & Central Asia,Upper middle income,7.69576517517208,-6.54219207711182,116.803124451539,19.3369376700332,4.44511814313197,0,1,0
MDA,Moldova,1999,Europe & Central Asia,Upper middle income,39.2559806891745,-3.36825447657218,117.527935193889,20.4521221105714,3.23458756906799,0,1,0
MDA,Moldova,2000,Europe & Central Asia,Upper middle income,31.2993015817784,2.10771608200733,126.163100130478,22.2944191905919,9.89887383909094,0,1,0
MDA,Moldova,2015,Europe & Central Asia,Upper middle income,9.67624033101859,-0.338235622387202,88.9664154565323,43.6181609166427,2.89663554883048,0,0,0
MDA,Moldova,2014,Europe & Central Asia,Upper middle income,5.08878554625869,4.99962585407656,94.2282919690928,49.9930732636657,3.67896919655633,0,0,0
MDA,Moldova,2013,Europe & Central Asia,Upper middle income,4.59787897363127,9.0438656074181,95.6872968332383,52.5232099788009,2.54698521289676,0,0,0
MDA,Moldova,2018,Europe & Central Asia,Upper middle income,3.04505397337071,4.07559546585034,87.4467874275648,44.003410448745,2.75177990255296,0,0,0
MDA,Moldova,2019,Europe & Central Asia,Upper middle income,4.83778351428728,3.5523140853476,87.6322371148906,43.6111445253192,4.44218297010915,0,0,0
MDA,Moldova,2008,Europe & Central Asia,Upper middle income,12.783047261882,7.80000014541523,134.4216013477,50.3492766552239,12.0005134783383,1,1,0
MDA,Moldova,1985,Europe & Central Asia,Upper middle income,NA,NA,NA,NA,NA,0,0,0
MDA,Moldova,2010,Europe & Central Asia,Upper middle income,7.48385086350851,7.10000010705836,87.9378518951573,43.0444202551816,4.25879212676733,0,0,0
MDA,Moldova,2011,Europe & Central Asia,Upper middle income,7.6872510335619,5.81816614684824,98.6175965326556,41.5844272333961,4.43147611475958,0,0,0
MDA,Moldova,2012,Europe & Central Asia,Upper middle income,4.54633427355302,-0.589733954762579,96.3064098336294,47.0478806280052,2.88432657387508,0,0,0
MNG,Mongolia,1988,East Asia & Pacific,Upper middle income,NA,5.10797231165017,94.47149764016,NA,0,0,0,0
MNG,Mongolia,1990,East Asia & Pacific,Upper middle income,NA,-3.18446017825207,58.6218949695306,NA,NA,0,0,0
MNG,Mongolia,2003,East Asia & Pacific,Upper middle income,5.12899499422419,7.00463457384886,120.299393514881,38.4529601421914,8.24548473819777,0,0,0
MNG,Mongolia,1987,East Asia & Pacific,Upper middle income,NA,3.45864847134953,103.065555774643,NA,0,0,0,0
MNG,Mongolia,1992,East Asia & Pacific,Upper middle income,NA,-9.25646570382904,65.2956469006826,23.2541462381897,0.151789768661953,0,0,0
MNG,Mongolia,1989,East Asia & Pacific,Upper middle income,NA,4.17819574333862,76.3641464792647,NA,NA,0,0,0
MNG,Mongolia,1991,East Asia & Pacific,Upper middle income,NA,-8.69354473126558,136.6037874065,43.869549890992,0.467419686388912,0,0,0
MNG,Mongolia,1996,East Asia & Pacific,Upper middle income,46.8899521531102,2.23509384338665,77.9740756901741,16.205291552918,1.18152410859671,0,0,0
MNG,Mongolia,1993,East Asia & Pacific,Upper middle income,268.150488882784,-3.16879155027824,129.742059708532,18.7823996633567,1.00208011770717,0,0,0
MNG,Mongolia,1985,East Asia & Pacific,Upper middle income,NA,5.71287226080142,94.9363378566431,NA,0,0,0,0
MNG,Mongolia,1986,East Asia & Pacific,Upper middle income,NA,9.37499451271673,111.57131685444,NA,0.00483395558234744,0,0,0
MNG,Mongolia,2000,East Asia & Pacific,Upper middle income,11.5955387593327,1.14606213709108,121.886609754208,21.1442710138837,4.72312279765318,0,1,0
MNG,Mongolia,2001,East Asia & Pacific,Upper middle income,6.27736020484006,2.95271054338117,115.81832687888,23.7854353739816,4.9684623527528,0,0,0
MNG,Mongolia,2002,East Asia & Pacific,Upper middle income,0.91707468718427,4.73297846590111,118.517253113943,30.3299171873272,5.56733962619427,0,0,0
MNG,Mongolia,2013,East Asia & Pacific,Upper middle income,10.4906567588241,11.6489161878925,100.311989662943,49.2981755665432,16.3700755246398,0,1,0
MNG,Mongolia,2014,East Asia & Pacific,Upper middle income,12.2539808129759,7.88522548204762,109.322311877187,47.8440847873295,2.7625883357052,1,1,0
MNG,Mongolia,2015,East Asia & Pacific,Upper middle income,5.73568281938327,2.37983580731722,89.653663477814,43.8920812329547,0.811709460633853,0,0,0
MNG,Mongolia,2016,East Asia & Pacific,Upper middle income,0.733272227314397,1.48978448679577,101.055237224997,50.8058829710044,-37.1726532341221,0,0,0
MNG,Mongolia,1994,East Asia & Pacific,Upper middle income,87.580009329808,2.13438269473237,99.1572950855527,20.1400548065453,0.745287601406598,0,0,0
MNG,Mongolia,1995,East Asia & Pacific,Upper middle income,0.0435161009571923,6.3764268864666,82.1036587592106,15.6641032175228,0.674854439037465,0,0,0
MNG,Mongolia,1997,East Asia & Pacific,Upper middle income,36.5561148948773,3.89671358377919,99.9914490021753,18.2292552200818,2.11696806984845,0,0,0
MNG,Mongolia,1998,East Asia & Pacific,Upper middle income,9.35704217716548,3.33993659935817,107.351210779428,17.6897373480007,1.68083637693881,0,1,0
MNG,Mongolia,1999,East Asia & Pacific,Upper middle income,7.56494150307377,3.07036901086266,112.241338547745,20.375787117931505,2.87495300542926,0,1,0
MNG,Mongolia,2011,East Asia & Pacific,Upper middle income,8.41121495327101,17.2907775869555,126.999228633482,48.6662884450169,43.9121127615061,0,1,0
MNG,Mongolia,2012,East Asia & Pacific,Upper middle income,14.3303348325838,12.3198198494032,109.588564338415,45.6117307064968,34.7559826095308,0,1,0
MNG,Mongolia,2018,East Asia & Pacific,Upper middle income,6.82424790145522,7.74488062024881,126.355873241513,59.7701847762913,14.8088797144773,0,0,0
MNG,Mongolia,2006,East Asia & Pacific,Upper middle income,5.09516661663157,8.55623481664365,112.929983096983,38.1519068728688,7.18968945819168,0,0,0
MNG,Mongolia,2004,East Asia & Pacific,Upper middle income,8.24115449417619,10.6254059599309,131.329318233554,35.8736188467401,4.66450219552693,0,0,0
MNG,Mongolia,2017,East Asia & Pacific,Upper middle income,4.30143105302342,5.63687638694772,115.932901867963,56.6254772716504,13.0160280600797,0,0,0
MNG,Mongolia,2020,East Asia & Pacific,Upper middle income,3.7237230614026,-4.55775197583431,112.838647629317,65.3634360877361,12.9130799939653,0,0,0
MNG,Mongolia,2007,East Asia & Pacific,Upper middle income,9.63096309630964,10.2480163590057,117.880426425377,48.4450400461868,8.80188727419921,0,0,0
MNG,Mongolia,2019,East Asia & Pacific,Upper middle income,7.30106953550729,5.60224422064255,124.396514621165,55.0583206047196,17.1989395200126,0,0,0
MNG,Mongolia,2010,East Asia & Pacific,Upper middle income,10.0462065881651,6.3651616786311,103.350031656557,47.954095016752,23.5263365544641,0,1,0
MNG,Mongolia,2005,East Asia & Pacific,Upper middle income,12.7165674066053,7.25366543796015,122.381459889773,37.4878970198332,7.43499550055971,0,0,0
MNG,Mongolia,2009,East Asia & Pacific,Upper middle income,7.6195059351941,-1.26859893608282,107.813757166177,43.6897019915392,13.6044846187851,0,1,0
MNG,Mongolia,2008,East Asia & Pacific,Upper middle income,27.9556650246306,8.90036794067551,121.198013401183,34.5876176377218,15.02161500005,0,0,0
MNE,Montenegro,1992,Europe & Central Asia,Upper middle income,NA,NA,NA,NA,NA,0,0,0
MNE,Montenegro,1994,Europe & Central Asia,Upper middle income,NA,NA,NA,NA,NA,0,0,0
MNE,Montenegro,1987,Europe & Central Asia,Upper middle income,NA,NA,NA,NA,NA,0,0,0
MNE,Montenegro,1985,Europe & Central Asia,Upper middle income,NA,NA,NA,NA,NA,0,0,0
MNE,Montenegro,1991,Europe & Central Asia,Upper middle income,NA,NA,NA,NA,NA,0,0,0
MNE,Montenegro,2005,Europe & Central Asia,Upper middle income,NA,4.18060450885471,104.625139256659,22.5152975712316,NA,0,0,0
MNE,Montenegro,1993,Europe & Central Asia,Upper middle income,NA,NA,NA,NA,NA,0,0,0
MNE,Montenegro,1995,Europe & Central Asia,Upper middle income,NA,NA,NA,NA,NA,0,0,0
MNE,Montenegro,2009,Europe & Central Asia,Upper middle income,3.46672373207793,-5.99444862538753,99.8255760432413,48.8589638322899,37.4226485249522,0,0,0
MNE,Montenegro,2010,Europe & Central Asia,Upper middle income,0.654946570148479,2.77559782547836,98.8684992495822,48.1973861925042,18.328887946631,0,0,0
MNE,Montenegro,2011,Europe & Central Asia,Upper middle income,3.4501431124869,3.40978812497193,106.752728264703,47.3127034233131,12.3507061996589,0,0,0
MNE,Montenegro,2008,Europe & Central Asia,Upper middle income,8.75872769588798,6.89860030860218,132.48054069386,51.6363895726332,21.4776806860127,0,0,0
MNE,Montenegro,1986,Europe & Central Asia,Upper middle income,NA,NA,NA,NA,NA,0,0,0
MNE,Montenegro,2014,Europe & Central Asia,Upper middle income,-0.710514051710227,2.37030892464516,100.438431458711,53.8806211707568,10.8522476721182,0,0,0
MNE,Montenegro,1988,Europe & Central Asia,Upper middle income,NA,NA,NA,NA,NA,0,0,0
MNE,Montenegro,2012,Europe & Central Asia,Upper middle income,4.14524724981119,-2.48732882965353,108.779987603414,52.1628152739523,15.1805596099333,0,0,0
MNE,Montenegro,1990,Europe & Central Asia,Upper middle income,NA,NA,NA,NA,NA,0,0,0
MNE,Montenegro,2004,Europe & Central Asia,Upper middle income,NA,4.42605071745108,100.109654967142,13.3456622806676,NA,0,0,0
MNE,Montenegro,2007,Europe & Central Asia,Upper middle income,4.34712215656112,7.13755016459636,128.844214152476,66.2735705095978,25.4861452996323,0,0,0
MNE,Montenegro,1999,Europe & Central Asia,Upper middle income,NA,-9.39999812435001,NA,NA,NA,0,0,0
MNE,Montenegro,1996,Europe & Central Asia,Upper middle income,NA,NA,NA,NA,NA,0,0,0
MNE,Montenegro,1997,Europe & Central Asia,Upper middle income,NA,NA,NA,NA,NA,0,0,0
MNE,Montenegro,2013,Europe & Central Asia,Upper middle income,2.20589268141178,3.38612548540247,103.785966371179,51.0793464782747,10.0960454055249,0,0,0
MNE,Montenegro,2020,Europe & Central Asia,Upper middle income,-0.255655699848551,-14.9926187023533,87.8612027134909,59.9402886574528,11.2394405744141,0,0,0
MNE,Montenegro,2015,Europe & Central Asia,Upper middle income,1.54869158222486,2.52306333975571,104.12510886943,57.0911602055599,17.4489052276704,0,0,0
MNE,Montenegro,1989,Europe & Central Asia,Upper middle income,NA,NA,NA,NA,NA,0,0,0
MNE,Montenegro,2019,Europe & Central Asia,Upper middle income,0.361563704540767,4.39391565821528,110.0161238696,52.6941556173387,7.61542118173081,0,0,0
MNE,Montenegro,2016,Europe & Central Asia,Upper middle income,-0.271385023385176,3.4393056210999,104.135954584294,57.2303387893292,5.20261621395497,0,0,0
MNE,Montenegro,2003,Europe & Central Asia,Upper middle income,NA,2.48265922878505,77.5983890107329,12.0474489579691,NA,0,0,0
MNE,Montenegro,2002,Europe & Central Asia,Upper middle income,NA,1.90393673332888,95.2294000160253,11.2705819739435,NA,0,0,0
MNE,Montenegro,2006,Europe & Central Asia,Upper middle income,2.92451258123648,8.56641802964204,118.177129375183,41.3421112034865,NA,0,0,0
MNE,Montenegro,1998,Europe & Central Asia,Upper middle income,NA,4.90000584633157,NA,NA,NA,0,0,0
MNE,Montenegro,2018,Europe & Central Asia,Upper middle income,2.611223782638,4.73292113433965,111.098935509174,57.0532093814939,8.93818094782242,0,0,0
MNE,Montenegro,2001,Europe & Central Asia,Upper middle income,NA,1.09983870937087,100.409386075314,NA,NA,0,0,0
MNE,Montenegro,2017,Europe & Central Asia,Upper middle income,2.3802359905313,3.21668504736274,106.711366689116,59.8451808439091,11.6708961729682,0,0,0
MNE,Montenegro,2000,Europe & Central Asia,Upper middle income,NA,3.10000005928038,87.9252021443203,NA,NA,0,0,0
MAR,Morocco,1994,Middle East & North Africa,Lower middle income,5.14167152953361,10.5880004161286,47.3135537325048,53.1768927310237,1.5473605424266,0,0,0
MAR,Morocco,1987,Middle East & North Africa,Lower middle income,2.69873997713767,-0.325004075650469,49.6575055142262,40.1730964414439,0.273716353967507,0,0,0
MAR,Morocco,1992,Middle East & North Africa,Lower middle income,5.7402466286874,-2.097738754022,50.2633161845725,50.9013961960403,1.25320990888603,0,0,0
MAR,Morocco,1993,Middle East & North Africa,Lower middle income,5.18311396030801,-0.740591700332374,49.668456614101,53.7242549714841,1.55254686699352,0,0,0
MAR,Morocco,1986,Middle East & North Africa,Lower middle income,8.73355918706675,9.27110576948627,50.2806035838223,37.5266458289018,0.00282180702047283,0,0,0
MAR,Morocco,1991,Middle East & North Africa,Lower middle income,7.98616600790512,7.21608815359085,49.7792954766494,47.7032824355712,0.983294101452127,0,0,0
MAR,Morocco,2011,Middle East & North Africa,Lower middle income,0.9069249096918,5.52464523319847,76.8258714906247,106.596965427501,2.29046840496639,0,0,0
MAR,Morocco,2012,Middle East & North Africa,Lower middle income,1.28712240079219,3.06234368502997,78.2221018956072,107.529240054408,2.65758712641507,0,0,0
MAR,Morocco,2009,Middle East & North Africa,Lower middle income,0.971862998667636,3.74576940136258,62.3709560152269,105.023134070947,1.94782744330848,0,0,0
MAR,Morocco,2010,Middle East & North Africa,Lower middle income,0.993557401226392,3.49955709403216,69.541979610144,105.049032453636,1.2299824583835,0,0,0
MAR,Morocco,2015,Middle East & North Africa,Lower middle income,1.5579071134626,4.34458297635238,67.2886759253849,106.485346779473,2.94611108390154,0,0,0
MAR,Morocco,1988,Middle East & North Africa,Lower middle income,2.36905505487641,11.8752359788597,50.1376031659319,39.9043022941163,0.329354802876929,0,0,0
MAR,Morocco,1985,Middle East & North Africa,Lower middle income,7.7286389008592,6.00765207144033,59.3150746324922,37.7051733060843,0.133245210382206,0,0,0
MAR,Morocco,2014,Middle East & North Africa,Lower middle income,0.442310053557048,2.7192440802029,71.8935667539398,108.464990610886,2.95925435484489,0,0,0
MAR,Morocco,2006,Middle East & North Africa,Lower middle income,3.28476166954811,7.7908200104027,64.6721977787154,89.9785545114664,3.24283497739456,0,0,0
MAR,Morocco,2020,Middle East & North Africa,Lower middle income,0.705968661338261,-7.17820744246774,68.8438033904364,128.863147204193,1.16907334587558,0,0,0
MAR,Morocco,1995,Middle East & North Africa,Lower middle income,6.12358164775523,-5.40544787197402,51.7150253841236,55.9572669488579,0.85771412858708,0,0,0
MAR,Morocco,1996,Middle East & North Africa,Lower middle income,2.98680922773017,12.3728762700496,47.0955434479783,52.8401928772412,0.828037045779585,0,0,0
MAR,Morocco,2013,Middle East & North Africa,Lower middle income,1.88065466724086,4.12221286860944,73.8577565315318,105.136360478507,2.9038626404404,0,0,0
MAR,Morocco,2000,Middle East & North Africa,Lower middle income,1.89463456763464,2.58218091499747,53.4403058388785,64.0520171265001,0.991581858750169,0,0,0
MAR,Morocco,2001,Middle East & North Africa,Lower middle income,0.619801875297975,7.72182519577728,53.4915710187871,69.802524311417,6.44412928365454,0,0,0
MAR,Morocco,2002,Middle East & North Africa,Lower middle income,2.79561966936936,3.73019737485745,54.31012791421,73.5286389536301,1.02035757811393,0,0,0
MAR,Morocco,1989,Middle East & North Africa,Lower middle income,3.2599694922639,2.84620258132841,50.3508447455349,42.3101030067359,0.634848536184199,0,0,0
MAR,Morocco,1990,Middle East & North Africa,Lower middle income,6.78259401511006,3.41181222630115,54.6266874206198,46.1509067967768,0.547127982880131,0,0,0
MAR,Morocco,2019,Middle East & North Africa,Lower middle income,0.303386036590383,2.89097476137077,75.9981158798422,110.540285582407,1.33479789567415,0,0,0
MAR,Morocco,2005,Middle East & North Africa,Lower middle income,0.982641660015951,3.19224973015831,61.4938276863235,83.3191816194684,2.42635467647837,0,0,0
MAR,Morocco,2007,Middle East & North Africa,Lower middle income,2.04208512673344,3.44106776690418,71.3496467796657,99.1055847307515,3.24999332315429,0,0,0
MAR,Morocco,2008,Middle East & North Africa,Lower middle income,3.71484311494064,5.68453936284732,77.8344716425602,101.361583924074,2.42213508852785,0,0,0
MAR,Morocco,1997,Middle East & North Africa,Lower middle income,1.03819895051614,-1.56070234550782,51.1501546486104,61.9270329068279,2.75709006484814,0,0,0
MAR,Morocco,1998,Middle East & North Africa,Lower middle income,2.75311330764477,7.23855267691987,45.6723595943991,54.8407220042,0.663931270652034,0,0,0
MAR,Morocco,1999,Middle East & North Africa,Lower middle income,0.684782608695643,1.6970614772566,48.578876486646,59.5186783554457,1.7874170345466,0,0,0
MAR,Morocco,2016,Middle East & North Africa,Lower middle income,1.63531114327064,0.52118550608968,71.1226603816864,109.884822811299,1.93000540251056,0,0,0
MAR,Morocco,2017,Middle East & North Africa,Lower middle income,0.754663249323619,5.05789816173446,74.1733578786573,110.46242491734,2.26092196120538,0,0,0
MAR,Morocco,2018,Middle East & North Africa,Lower middle income,1.80391671141896,3.06564133025955,77.2548875243989,110.490577950363,2.78337936840164,0,0,0
MAR,Morocco,2004,Middle East & North Africa,Lower middle income,1.49344403381774,4.57138016516208,55.5516384744536,76.0495624581098,1.35118647717804,0,0,0
MAR,Morocco,2003,Middle East & North Africa,Lower middle income,1.16773367477592,6.17110214953244,52.3318582669923,74.0651919615625,3.98561984754306,0,0,0
MOZ,Mozambique,1992,Sub-Saharan Africa,Low income,NA,-7.57664724880097,59.3371692453075,21.6169909634163,0.903992265646509,0,0,0
MOZ,Mozambique,1990,Sub-Saharan Africa,Low income,NA,0.999992834277037,NA,NA,NA,0,0,0
MOZ,Mozambique,1991,Sub-Saharan Africa,Low income,NA,4.92545125368862,49.4808133334293,16.122124651168,0.583679324556942,0,0,0
MOZ,Mozambique,1989,Sub-Saharan Africa,Low income,NA,6.50000455373727,NA,NA,NA,0,0,0
MOZ,Mozambique,2002,Sub-Saharan Africa,Low income,NA,9.66850534669427,73.309162757423,20.0405623151165,5.83542740620485,0,0,0
MOZ,Mozambique,2003,Sub-Saharan Africa,Low income,NA,7.21770086569656,70.1683599479183,20.7932834582833,5.1142557345062,0,0,0
MOZ,Mozambique,2000,Sub-Saharan Africa,Low income,NA,0.766234955773442,47.9208808015891,19.8404582377429,2.3488011074454,0,0,0
MOZ,Mozambique,2001,Sub-Saharan Africa,Low income,NA,12.8516820207736,50.4153095777265,17.5986750354926,4.52085884679156,0,0,0
MOZ,Mozambique,1985,Sub-Saharan Africa,Low income,NA,0.99999672066555,NA,NA,NA,0,0,0
MOZ,Mozambique,1986,Sub-Saharan Africa,Low income,NA,-2.29999602682032,NA,NA,NA,0,0,0
MOZ,Mozambique,1998,Sub-Saharan Africa,Low income,NA,10.3692324974977,39.0075460593046,14.9114823560108,4.23157990347201,0,0,0
MOZ,Mozambique,2010,Sub-Saharan Africa,Low income,12.4255421735156,6.67972935662864,73.8373532681892,34.4244903094133,11.0275561357338,0,0,0
MOZ,Mozambique,2011,Sub-Saharan Africa,Low income,11.1666056127874,7.13405842300445,84.4062119333019,33.8398892077674,25.0623636819297,0,0,0
MOZ,Mozambique,2012,Sub-Saharan Africa,Low income,2.60245456956618,7.9945031610722,105.934588060511,39.2853833266881,33.767102801243,0,0,0
MOZ,Mozambique,2013,Sub-Saharan Africa,Low income,4.26135250941963,6.57141389665537,109.38537659913,41.8024405933975,38.9428653441902,0,0,0
MOZ,Mozambique,2014,Sub-Saharan Africa,Low income,2.55974875844295,7.70256844839309,116.356855242217,46.9195708349212,27.8047100445849,0,0,0
MOZ,Mozambique,2015,Sub-Saharan Africa,Low income,3.55075967356746,7.3930936986377,98.7612036510901,51.4546042456824,23.8654900431928,0,0,0
MOZ,Mozambique,2004,Sub-Saharan Africa,Low income,NA,8.20470494788577,72.0520001612374,19.2377040471454,5.99090663119619,0,0,0
MOZ,Mozambique,2005,Sub-Saharan Africa,Low income,6.42755278070087,6.31202378023193,72.0092609780982,21.4089202422681,1.380320098608,0,0,0
MOZ,Mozambique,2006,Sub-Saharan Africa,Low income,13.2450879070999,9.91067756782915,67.3498976872689,22.3569186276126,2.64086218183932,0,0,0
MOZ,Mozambique,2019,Sub-Saharan Africa,Low income,2.80270307928111,2.31781394821475,105.591171401921,48.7961164212245,21.7841914901932,0,0,0
MOZ,Mozambique,1987,Sub-Saharan Africa,Low income,NA,14.7000004232617,NA,NA,NA,0,0,0
MOZ,Mozambique,1988,Sub-Saharan Africa,Low income,NA,8.19999518020626,NA,NA,NA,0,0,0
MOZ,Mozambique,2009,Sub-Saharan Africa,Low income,3.78861330914625,5.92897187460815,67.898572768141,31.7276619014597,7.58405403589617,0,0,0
MOZ,Mozambique,1993,Sub-Saharan Africa,Low income,NA,10.940435029728,55.2402685663295,22.7724981596998,1.10989258107784,0,0,0
MOZ,Mozambique,1999,Sub-Saharan Africa,Low income,NA,11.816986527255,45.5276131355411,16.1330225423189,6.07297785522003,0,0,0
MOZ,Mozambique,2017,Sub-Saharan Africa,Low income,15.1132073899384,2.63820737310658,105.745640702087,45.7476189413129,17.4831119319856,0,0,0
MOZ,Mozambique,2018,Sub-Saharan Africa,Low income,3.91133439990729,3.48493202422782,124.607457525372,46.0926241650212,11.1741431838994,0,0,0
MOZ,Mozambique,1994,Sub-Saharan Africa,Low income,NA,6.44018369521994,58.7422249366162,21.421487385137,1.183188645742,0,0,0
MOZ,Mozambique,2016,Sub-Saharan Africa,Low income,17.4180418197597,4.69699024225795,110.394358201481,48.2460545611896,25.9187724637849,0,0,0
MOZ,Mozambique,1997,Sub-Saharan Africa,Low income,NA,11.8149459447588,43.2986819731024,14.827753800236,1.32138783006061,0,0,0
MOZ,Mozambique,2020,Sub-Saharan Africa,Low income,3.48393567493204,-1.21952250011192,99.906146051979,59.025269247681,22.3944370320025,0,0,0
MOZ,Mozambique,2007,Sub-Saharan Africa,Low income,8.48948675497455,7.64935393795867,66.1203821840516,24.0179829757093,3.85414645531421,0,0,0
MOZ,Mozambique,2008,Sub-Saharan Africa,Low income,14.5028053002268,6.87802942560995,64.981416499828,25.7104251141459,4.96426075394528,0,1,0
MOZ,Mozambique,1996,Sub-Saharan Africa,Low income,NA,10.6959109797718,51.0292925616374,14.7925749173721,1.79894221150183,0,0,0
MOZ,Mozambique,1995,Sub-Saharan Africa,Low income,NA,2.12289380592357,63.7735360253924,20.4552254059054,1.46979753525989,0,0,0
MMR,Myanmar,1996,East Asia & Pacific,Lower middle income,16.2753966377374,6.44271534713997,NA,32.1122503093512,5.06955498653302,1,1,1
MMR,Myanmar,2002,East Asia & Pacific,Lower middle income,57.0745112621703,12.0255134340315,NA,27.8140472466073,2.22070502562137,0,0,0
MMR,Myanmar,1999,East Asia & Pacific,Lower middle income,18.4010433741609,10.9451299817104,NA,25.7496164943935,2.982385898279,1,1,1
MMR,Myanmar,2001,East Asia & Pacific,Lower middle income,21.101305376923,11.3439970699605,NA,32.5198546010872,3.21565753506977,0,0,0
MMR,Myanmar,2006,East Asia & Pacific,Lower middle income,19.9964873359214,13.0761013792372,NA,20.0218744020637,1.90182128285749,0,0,0
MMR,Myanmar,2003,East Asia & Pacific,Lower middle income,36.5897175323924,13.8439968903798,NA,20.4245482624884,2.3777576671811,1,1,1
MMR,Myanmar,2000,East Asia & Pacific,Lower middle income,-0.109165514668565,13.7459305561226,NA,31.4706691750898,2.86117768008645,0,0,0
MMR,Myanmar,2005,East Asia & Pacific,Lower middle income,9.36861814196704,13.5689500216456,NA,21.5710719112452,1.95966396539679,0,0,0
MMR,Myanmar,2011,East Asia & Pacific,Lower middle income,5.0214601462073,5.59148237823661,NA,26.4435555327651,4.20127651183029,0,0,0
MMR,Myanmar,2012,East Asia & Pacific,Lower middle income,1.46758322674679,7.33267044704149,NA,31.667352962177,2.22540068514517,0,0,0
MMR,Myanmar,2004,East Asia & Pacific,Lower middle income,4.53421374129692,13.5646616163416,NA,22.9306905545076,2.0001628964787,0,0,0
MMR,Myanmar,1995,East Asia & Pacific,Lower middle income,25.1947123972847,6.94805143702995,NA,30.2452503518105,5.24087787832261,1,1,1
MMR,Myanmar,2015,East Asia & Pacific,Lower middle income,9.45417189526018,6.99284029026121,NA,46.4130886736128,6.85124098701507,0,0,0
MMR,Myanmar,2016,East Asia & Pacific,Lower middle income,6.92882525816076,5.86247291518572,NA,49.6960440247963,5.17880132620963,0,0,0
MMR,Myanmar,2013,East Asia & Pacific,Lower middle income,5.64303883425501,8.42600102501767,NA,36.7745637917475,3.74085607932619,0,0,0
MMR,Myanmar,2014,East Asia & Pacific,Lower middle income,4.953299184844,8.16990745558277,NA,39.5743142064512,3.31904421353417,0,0,0
MMR,Myanmar,2019,East Asia & Pacific,Lower middle income,8.82506696804558,6.57911006765414,NA,56.1076061197146,2.31211211146102,0,0,0
MMR,Myanmar,2020,East Asia & Pacific,Lower middle income,NA,-9.04834717984643,NA,69.2046429443978,2.41393222802876,0,0,0
MMR,Myanmar,2017,East Asia & Pacific,Lower middle income,4.5725365531752,6.13610824360305,NA,53.3103676262255,7.27335555300642,0,0,0
MMR,Myanmar,2018,East Asia & Pacific,Lower middle income,6.87232865662935,6.26886221471075,NA,54.560698804450404,2.60563229837277,0,0,0
MMR,Myanmar,2010,East Asia & Pacific,Lower middle income,7.71838195873614,9.6344394520444,NA,23.572070336972,1.81897202342465,0,0,0
MMR,Myanmar,1994,East Asia & Pacific,Lower middle income,24.0987860757019,7.47795835834528,NA,27.8453938149319,2.84486783034242,1,1,1
MMR,Myanmar,1993,East Asia & Pacific,Lower middle income,31.83160687276,6.03941022663199,NA,27.4290208694643,3.30931299821516,1,1,1
MMR,Myanmar,1997,East Asia & Pacific,Lower middle income,29.6972325791529,5.65158296304853,NA,29.0958178987395,8.19907839931242,1,1,1
MMR,Myanmar,1998,East Asia & Pacific,Lower middle income,51.4875497504079,5.86621315328905,NA,27.0466512111002,4.8680682147655,1,1,1
MMR,Myanmar,1987,East Asia & Pacific,Lower middle income,24.7599999999999,-4.00563178606888,NA,26.0851838988143,-0.0985632753502491,0,0,0
MMR,Myanmar,1985,East Asia & Pacific,Lower middle income,6.80756655768333,2.85100023868532,NA,32.3438543544861,0,0,0,0
MMR,Myanmar,1986,East Asia & Pacific,Lower middle income,9.32546190007652,-1.05734875697635,NA,40.2927418812395,0.00884467254394968,0,0,0
MMR,Myanmar,1988,East Asia & Pacific,Lower middle income,16.0428021801856,-11.3524394768121,NA,30.5378816401522,0,0,1,0
MMR,Myanmar,2007,East Asia & Pacific,Lower middle income,35.0245970717698,11.9914352402146,NA,18.7856651892155,3.5175166973129,0,1,0
MMR,Myanmar,2009,East Asia & Pacific,Lower middle income,1.47234311385647,10.5500090961932,NA,19.4128736931799,2.92355415980151,0,0,0
MMR,Myanmar,1991,East Asia & Pacific,Lower middle income,32.2720382866416,-0.650616908622624,NA,31.0536695460016,11.5012577282816,1,1,1
MMR,Myanmar,1992,East Asia & Pacific,Lower middle income,21.9132104007913,9.66094245346783,NA,31.2119383451212,7.11403691197276,1,1,1
MMR,Myanmar,2008,East Asia & Pacific,Lower middle income,26.7995371934022,10.2553053929808,NA,17.229314061422,2.71127181000311,1,1,1
MMR,Myanmar,1990,East Asia & Pacific,Lower middle income,17.6267750314504,2.81693327328911,NA,27.8896995815492,7.61843109398624,1,1,1
MMR,Myanmar,1989,East Asia & Pacific,Lower middle income,27.1985264490888,3.69529742267716,NA,24.6931794841727,0.387724417252705,1,1,1
NAM,Namibia,2000,Sub-Saharan Africa,Upper middle income,NA,3.49218336365178,85.1322442947268,39.843268769627,5.00609742133938,0,0,0
NAM,Namibia,1998,Sub-Saharan Africa,Upper middle income,NA,3.29158562064818,92.1305009296504,37.444351618037,2.48462846936643,0,0,0
NAM,Namibia,2004,Sub-Saharan Africa,Upper middle income,4.13663213144748,12.2695481036769,81.8622605916543,38.9165769115541,3.38257441805413,0,0,0
NAM,Namibia,2001,Sub-Saharan Africa,Upper middle income,NA,1.17794869467917,88.5841018380245,37.596314562864,10.663479926284399,0,0,0
NAM,Namibia,2002,Sub-Saharan Africa,Upper middle income,NA,4.7886612188211,94.4152228948906,37.626257752807,4.40514414376661,0,0,0
NAM,Namibia,1999,Sub-Saharan Africa,Upper middle income,NA,3.36927842445498,91.1002051465947,40.5354085757472,1.32098385387931,0,0,0
NAM,Namibia,2010,Sub-Saharan Africa,Upper middle income,4.8749198764395,6.03924947955858,108.072477173606,62.7315869712217,2.51525326747705,0,0,0
NAM,Namibia,2003,Sub-Saharan Africa,Upper middle income,7.1361531145863,4.23979429582137,95.9524743817213,36.3894569298212,1.32166219939022,0,0,0
NAM,Namibia,2012,Sub-Saharan Africa,Upper middle income,6.72199777334886,5.0616820696264,100.2134087743,57.2146680961639,7.98613044962652,0,0,0
NAM,Namibia,2013,Sub-Saharan Africa,Upper middle income,5.60092502290401,5.61471962254485,97.7249042303832,58.7259349591585,6.45232765797467,0,0,0
NAM,Namibia,2014,Sub-Saharan Africa,Upper middle income,5.35016966859602,6.09251915977956,103.080137009254,55.1529908746271,3.58316691192793,0,0,0
NAM,Namibia,2011,Sub-Saharan Africa,Upper middle income,5.005595180812,5.09133813864338,102.189147754138,64.21826144368,6.41681322346953,0,0,0
NAM,Namibia,2016,Sub-Saharan Africa,Upper middle income,6.72858234593338,0.0337944502063294,93.966187960162,54.561739337797,3.34570437311555,0,0,0
NAM,Namibia,2017,Sub-Saharan Africa,Upper middle income,6.14579981111164,-1.02724808856709,81.2196661011436,57.1647372130286,2.17505730200543,0,0,0
NAM,Namibia,2018,Sub-Saharan Africa,Upper middle income,4.29159105337875,1.05993949860752,81.7138652963804,57.6278828122794,1.71299808328534,0,0,0
NAM,Namibia,2015,Sub-Saharan Africa,Upper middle income,3.39401538410559,4.26417453763675,97.2390317873478,55.5661801091961,7.40068055968424,0,0,0
NAM,Namibia,2008,Sub-Saharan Africa,Upper middle income,9.0946430719281,2.64981203780268,119.644498184785,41.9584643495958,8.71835372051848,0,0,0
NAM,Namibia,2009,Sub-Saharan Africa,Upper middle income,9.45172651521705,0.295970914001089,123.762844292976,62.4297629721557,9.27473594549885,0,0,0
NAM,Namibia,1997,Sub-Saharan Africa,Upper middle income,NA,4.22010030384476,92.8410903733921,37.8791206480456,2.18948734194013,0,0,0
NAM,Namibia,1988,Sub-Saharan Africa,Upper middle income,NA,0.813148942821115,91.0117626010634,NA,-0.0605187439136058,0,0,0
NAM,Namibia,1985,Sub-Saharan Africa,Upper middle income,NA,0.464171261803401,91.7316913712628,NA,1.01726277501806,0,0,0
NAM,Namibia,1986,Sub-Saharan Africa,Upper middle income,NA,4.76726966632827,102.714670298939,NA,0.497499092209318,0,0,0
NAM,Namibia,1987,Sub-Saharan Africa,Upper middle income,NA,3.55376914117605,97.8466332377965,NA,-0.00739108513155429,0,0,0
NAM,Namibia,2020,Sub-Saharan Africa,Upper middle income,2.20938236933469,-8.10140201443319,76.9252424036465,71.5392604705897,-1.41889955275348,0,0,0
NAM,Namibia,1990,Sub-Saharan Africa,Upper middle income,NA,2.04745993989432,93.7592455854003,20.4673363992475,1.0597882763136,0,0,0
NAM,Namibia,1991,Sub-Saharan Africa,Upper middle income,NA,8.16561250262779,93.8647252200558,23.2623346191397,4.01918958806097,0,0,0
NAM,Namibia,2019,Sub-Saharan Africa,Upper middle income,3.72239414422695,-0.83915216341935694,82.9011507426355,63.6476591460782,-1.40710628631611,0,0,0
NAM,Namibia,2005,Sub-Saharan Africa,Upper middle income,2.28194607024307,2.52926265819022,80.6803802939816,37.7825799802536,5.37845791807398,0,0,0
NAM,Namibia,1996,Sub-Saharan Africa,Upper middle income,NA,3.19132430111469,96.5442239771745,39.1212253782983,3.2260875510111,0,0,0
NAM,Namibia,1995,Sub-Saharan Africa,Upper middle income,NA,3.8990142211043,93.5608471865094,37.4742041272121,3.84604478159912,0,0,0
NAM,Namibia,2006,Sub-Saharan Africa,Upper middle income,4.96116689298916,7.07317531845825,86.8339693259998,41.8252844724341,7.62577614409133,0,0,0
NAM,Namibia,2007,Sub-Saharan Africa,Upper middle income,6.54788141101717,5.37404415167634,104.979303758915,42.1802996007121,7.57033929521728,0,0,0
NAM,Namibia,1989,Sub-Saharan Africa,Upper middle income,NA,1.85867496230729,96.3801569295383,NA,-0.0189338969719846,0,0,0
NAM,Namibia,1992,Sub-Saharan Africa,Upper middle income,NA,7.18934252280525,91.9734600107459,28.8467880202439,3.44748458080867,0,0,0
NAM,Namibia,1994,Sub-Saharan Africa,Upper middle income,NA,1.72987948847074,89.4936808345247,33.8829822542467,2.67224525124674,0,0,0
NAM,Namibia,1993,Sub-Saharan Africa,Upper middle income,NA,-1.57953915916903,96.0955780096704,31.7123147326645,1.6999175072132,0,0,0
NPL,Nepal,1988,South Asia,Lower middle income,8.98300338208989,7.6968087109188,33.8290380464463,29.9747743999168,0.0195009492107248,0,1,0
NPL,Nepal,1985,South Asia,Lower middle income,8.0526412661963,6.14490523732366,31.5287854720302,27.7199158545486,0.0248099750998154,0,0,0
NPL,Nepal,2001,South Asia,Lower middle income,2.6883037354563,4.79989214255407,55.7999210803706,51.5259488569941,0.347091875363344,0,0,0
NPL,Nepal,1989,South Asia,Lower middle income,8.84688691232552,4.32964793285106,33.3509280937391,31.2337989671667,0.0119141304820262,0,1,0
NPL,Nepal,1990,South Asia,Lower middle income,8.23970037453206,4.63503634698831,32.1887541579639,32.0144851860447,0.163746419296821,0,1,0
NPL,Nepal,1991,South Asia,Lower middle income,15.5574529276949,6.3681503973968,34.6750551287954,32.8200095314254,0.0566113359342816,0,1,0
NPL,Nepal,2005,South Asia,Lower middle income,6.83633265892877,3.47918104829496,44.0629474798613,54.1987263230134,0.030156295078659,0,0,0
NPL,Nepal,2002,South Asia,Lower middle income,3.02939948714892,0.120143177369414,46.2307185004451,50.8324503801342,-0.0983748686510898,0,0,0
NPL,Nepal,2003,South Asia,Lower middle income,5.70700931874738,3.94503776051116,44.2478836156195,52.2943350384271,0.233443620739643,0,0,0
NPL,Nepal,2004,South Asia,Lower middle income,2.8418113124898,4.68260325152944,46.1472867206087,54.2322547459651,-0.00573755737053384,0,0,0
NPL,Nepal,1995,South Asia,Lower middle income,7.62296950698163,3.46845189309603,59.49051839854,38.0349036158321,NA,0,1,0
NPL,Nepal,1992,South Asia,Lower middle income,17.1495236243439,4.10640661731669,41.6954131372025,32.0610891965656,NA,0,1,0
NPL,Nepal,1993,South Asia,Lower middle income,7.50539419087105,3.84985002629573,47.1895811750777,34.8422718320602,NA,0,1,0
NPL,Nepal,1994,South Asia,Lower middle income,8.34928672883384,8.21600269296587,50.432072744791,36.2420711389458,NA,0,1,0
NPL,Nepal,2014,South Asia,Lower middle income,8.36415469659563,6.01148284250441,45.9826416115927,75.3605188425074,0.133746236524448,0,1,0
NPL,Nepal,2015,South Asia,Lower middle income,7.86890895590891,3.97605327162971,46.6657303895158,86.3803963337898,0.213029527712984,0,1,0
NPL,Nepal,2016,South Asia,Lower middle income,8.7903433200464,0.433113719381524,42.115486124737,94.205860248073,0.432212944008614,0,1,0
NPL,Nepal,2017,South Asia,Lower middle income,2.77703998300211,8.97727935643466,44.6424106224996,89.4049710263657,0.677439884182991,0,0,0
NPL,Nepal,2018,South Asia,Lower middle income,4.40659410175714,7.62237610397935,48.4473869461067,95.3317829444518,0.206157201926214,0,0,0
NPL,Nepal,2006,South Asia,Lower middle income,6.92033580707589,3.36461478056277,44.7619877569242,57.1353356643795,-0.073509433259411,0,0,0
NPL,Nepal,2007,South Asia,Lower middle income,2.26921924439074,3.41156027980276,44.5792750200254,60.8601858820846,0.0556064154566332,0,0,0
NPL,Nepal,2008,South Asia,Lower middle income,9.9078300530648,6.10463914373472,46.036206351191296,75.4000957899399,0.00793215735192788,0,0,0
NPL,Nepal,2009,South Asia,Lower middle income,11.0948237386987,4.5330787246486,47.0794477633688,80.6631121175555,0.297715388957693,0,0,0
NPL,Nepal,2010,South Asia,Lower middle income,9.32650410745395,4.81641464694573,45.9849057742707,73.2421606232785,0.548294665887946,0,1,0
NPL,Nepal,2011,South Asia,Lower middle income,9.2270754612596,3.42180870116162,36.296758890097,66.4894638932494,0.435814930594323,0,1,0
NPL,Nepal,1999,South Asia,Lower middle income,7.45111260957546,4.41257328041399,52.5669812534353,47.9258108337134,0.0864397656827156,0,0,0
NPL,Nepal,2000,South Asia,Lower middle income,2.47882020709136,6.19999998192236,55.7105890041319,51.3364742383817,-0.00882425294523833,0,0,0
NPL,Nepal,1986,South Asia,Lower middle income,18.9989495502395,4.56565054565317,31.9650419926782,27.6570239035245,0.0410413662610514,0,0,0
NPL,Nepal,1987,South Asia,Lower middle income,10.750328044985,1.69561826572762,32.7198891394213,29.5426218213704,0.0470030390210917,0,1,0
NPL,Nepal,2019,South Asia,Lower middle income,5.56616035243723,6.65705543110467,49.2495265874454,97.1698777767366,0.542801979747667,0,0,0
NPL,Nepal,2020,South Asia,Lower middle income,5.05635826238499,-2.3696206292072,40.9188741243442,117.749455480118,0.378739091402959,0,0,0
NPL,Nepal,2013,South Asia,Lower middle income,9.04016311917645,3.52515317129149,41.8653757376722,74.3155496306317,0.334712330597339,0,1,0
NPL,Nepal,1996,South Asia,Lower middle income,9.22046662376986,5.32828417508708,58.4577686983002,37.5773463017199,0.423749430010865,0,1,0
NPL,Nepal,2012,South Asia,Lower middle income,9.45980980357125,4.67014192446953,37.921906058758,67.7179781082074,0.42369151125933,0,1,0
NPL,Nepal,1997,South Asia,Lower middle income,4.00998860523181,5.04861254517328,64.0355348949959,43.1952267250359,0.468752021000606,0,0,0
NPL,Nepal,1998,South Asia,Lower middle income,11.2444677818614,3.01638947539399,56.7096012897007,44.7793714371188,0.247611787038703,0,0,0
NIC,Nicaragua,1991,Latin America & Caribbean,Lower middle income,NA,-0.189281493926757,74.327973742158,20.0783857520739,2.82105613029208,0,0,0
NIC,Nicaragua,1989,Latin America & Caribbean,Lower middle income,NA,-1.73821633052118,97.7286839439197,37.6116866564267,0.276356299737658,0,0,0
NIC,Nicaragua,1990,Latin America & Caribbean,Lower middle income,NA,-0.0524997212688305,71.2908140830956,57.2097253325971,0.066372416684562,0,0,0
NIC,Nicaragua,1993,Latin America & Caribbean,Lower middle income,NA,-0.392936046663081,68.285966789153,20.2735010930741,2.20899576724499,0,0,0
NIC,Nicaragua,1994,Latin America & Caribbean,Lower middle income,NA,3.33772611282539,39.0812162921941,13.9268716552203,1.20884706688643,0,0,0
NIC,Nicaragua,2004,Latin America & Caribbean,Lower middle income,8.47021063584077,5.31217056950739,67.195316780004,32.9150337596973,4.31560328721207,0,0,0
NIC,Nicaragua,1992,Latin America & Caribbean,Lower middle income,NA,0.386346578416166,70.5176260597947,19.4188978134761,0.836680053547523,0,0,0
NIC,Nicaragua,1998,Latin America & Caribbean,Lower middle income,NA,3.71168146396694,57.0137150680369,30.6121356162812,4.70730631064372,0,0,0
NIC,Nicaragua,1995,Latin America & Caribbean,Lower middle income,NA,5.91190793658714,44.0397944057464,15.6634192887963,2.14709924235654,0,0,0
NIC,Nicaragua,1988,Latin America & Caribbean,Lower middle income,NA,-12.4498220367125,76.2510836857461,63.499439786907,-0.00342088246339889,0,0,0
NIC,Nicaragua,2002,Latin America & Caribbean,Lower middle income,3.75017465778466,0.753938876079573,58.0912844080785,30.9156401588122,3.90334311480045,0,0,0
NIC,Nicaragua,2003,Latin America & Caribbean,Lower middle income,5.30238773219936,2.52073289551447,62.1750658877514,32.2488459760359,3.78225034215297,0,0,0
NIC,Nicaragua,2013,Latin America & Caribbean,Lower middle income,7.13546785289407,4.92709413447304,110.984207880382,36.2353636593033,8.78722600899979,0,1,0
NIC,Nicaragua,2014,Latin America & Caribbean,Lower middle income,6.03596861798425,4.78546013589983,106.698200190796,36.8258624565269,9.06363827053251,0,0,0
NIC,Nicaragua,2015,Latin America & Caribbean,Lower middle income,3.99737996694396,4.79226768332697,98.194164594236,38.8567118384216,7.58033255797744,0,0,0
NIC,Nicaragua,2016,Latin America & Caribbean,Lower middle income,3.52317317628473,4.56314739524967,93.8137278130087,39.4542729191957,7.44462628012218,0,0,0
NIC,Nicaragua,2017,Latin America & Caribbean,Lower middle income,3.85067166284727,4.63120757580209,96.3805864351182,42.0155428519817,7.51057620596971,0,0,0
NIC,Nicaragua,1996,Latin America & Caribbean,Lower middle income,NA,6.3442683605154,48.4828382973154,20.4965237599207,2.78528780163945,0,0,0
NIC,Nicaragua,1997,Latin America & Caribbean,Lower middle income,NA,3.96665092760821,58.0055306487605,27.3947649208827,4.63328538246985,0,0,0
NIC,Nicaragua,2020,Latin America & Caribbean,Lower middle income,3.68181341625572,-2.23654176262323,88.6381231228968,39.7946325624431,5.86574902695673,0,0,0
NIC,Nicaragua,1999,Latin America & Caribbean,Lower middle income,NA,7.03597046350201,62.5376445208417,31.1092066171711,6.9460085675925,0,0,0
NIC,Nicaragua,2000,Latin America & Caribbean,Lower middle income,7.06991352252517,4.10159025073438,61.2984974600022,30.1061763890098,5.21568567857809,0,0,0
NIC,Nicaragua,2001,Latin America & Caribbean,Lower middle income,5.98604186279518,2.96084349057273,57.9801315472268,28.3852667597253,2.80655753554232,0,0,0
NIC,Nicaragua,2005,Latin America & Caribbean,Lower middle income,9.59909986064425,4.28239833770654,71.6457237072991,31.5382349789498,3.81407422484717,0,0,0
NIC,Nicaragua,2012,Latin America & Caribbean,Lower middle income,7.1935505333896,6.4961364710876,115.177288474198,33.5315493907637,7.36516075625111,0,0,0
NIC,Nicaragua,2018,Latin America & Caribbean,Lower middle income,4.94723728039886,-3.3633566598573,93.9847404925404,34.4519059851484,6.43060058137235,0,0,0
NIC,Nicaragua,2019,Latin America & Caribbean,Lower middle income,5.37628990844126,-2.89686986728901,94.0422159246213,35.7612077764532,3.96093444094211,0,0,0
NIC,Nicaragua,2007,Latin America & Caribbean,Lower middle income,11.1269347446118,5.0763520180987,93.025730229333,31.2908195480807,5.14186605474194,0,1,0
NIC,Nicaragua,2006,Latin America & Caribbean,Lower middle income,9.1401996677772,4.15294559846254,87.309670832079,30.4357176029613,4.24030000066427,0,1,0
NIC,Nicaragua,1986,Latin America & Caribbean,Lower middle income,NA,-1.01730916120101,33.6079157745315,58.0380419514153,0.0020791461683589,0,0,0
NIC,Nicaragua,1987,Latin America & Caribbean,Lower middle income,NA,-0.706352941499915,25.5310493489726,60.4356042087457,0.0625778958843942,0,0,0
NIC,Nicaragua,2011,Latin America & Caribbean,Lower middle income,8.082387980991,6.31668553491842,111.827453935999,32.8780989427692,9.5791738556055,0,0,0
NIC,Nicaragua,1985,Latin America & Caribbean,Lower middle income,NA,-4.08185148731935,36.5924611411654,65.5136166954578,-3.72619899424066e-4,0,0,0
NIC,Nicaragua,2010,Latin America & Caribbean,Lower middle income,5.45513425887423,4.41009911716546,100.364058423919,34.2078937736439,5.59335824334059,0,0,0
NIC,Nicaragua,2008,Latin America & Caribbean,Lower middle income,19.8262031287429,3.43571693608081,96.7939847302055,27.9424396738007,7.38263377911966,0,1,0
NIC,Nicaragua,2009,Latin America & Caribbean,Lower middle income,3.68700160498797,-3.2926651586197,86.9936104453444,31.1562030830581,5.22852820149836,0,0,0
NER,Niger,1995,Sub-Saharan Africa,Low income,10.5632886691814,2.4572441223155,34.7775356997428,11.6456076178013,0.097014899419516007,0,0,0
NER,Niger,1996,Sub-Saharan Africa,Low income,5.28885751264882,0.100530504281409,36.539997643493,10.1598199303612,0.358757876839845,0,0,0
NER,Niger,1993,Sub-Saharan Africa,Low income,-1.21503496503496,0.321655474432788,26.098937648296,13.9835123200637,-1.11892253762664,0,0,0
NER,Niger,1985,Sub-Saharan Africa,Low income,-0.923399123994819,7.71812745021188,53.5266371830812,16.7035233426218,-0.651267015225408,0,0,0
NER,Niger,1986,Sub-Saharan Africa,Low income,-3.20757134165687,6.35213730291468,40.6922950191672,18.3577637352809,-0.651652986812857,0,0,0
NER,Niger,1987,Sub-Saharan Africa,Low income,-6.71210892901195,0.0882813597233394,45.984511437125,17.0530925052659,0.286842506540654,0,0,0
NER,Niger,1989,Sub-Saharan Africa,Low income,-2.84352517985618,0.957045972548471,39.8980435664684,20.0576586309976,-0.0717675824661965,0,0,0
NER,Niger,1994,Sub-Saharan Africa,Low income,36.0410583134241,1.85477879101168,33.6425286170597,11.9889797484989,0.210312271568008,0,0,0
NER,Niger,2011,Sub-Saharan Africa,Low income,2.9423851401332,2.35775693603874,50.2463951569345,14.2614748664628,12.1645061403035,0,0,0
NER,Niger,1988,Sub-Saharan Africa,Low income,-1.39396304047091,6.87115013671369,41.8884433363145,19.4069337517773,0.0945229639827406,0,0,0
NER,Niger,2008,Sub-Saharan Africa,Low income,11.3051098827019,7.73141422777337,39.7112440540383,11.4575177298271,3.87903143663185,0,0,0
NER,Niger,2014,Sub-Saharan Africa,Low income,-0.930287259984466,6.64213665495603,45.7416008365932,19.8483487928947,7.57591181433667,0,0,0
NER,Niger,2015,Sub-Saharan Africa,Low income,-0.576090369833189,4.39264883207291,44.727430371186,19.4475087953013,5.46761764113716,0,0,0
NER,Niger,2012,Sub-Saharan Africa,Low income,0.455089820359289,10.5489445763446,45.08596447308,16.1356657877984,8.92367913404553,0,0,0
NER,Niger,2013,Sub-Saharan Africa,Low income,2.29723114955317,5.31513063394726,46.2951491493291,16.8763642171311,7.03516563238375,0,0,0
NER,Niger,2018,Sub-Saharan Africa,Low income,2.96760366004456,7.21141802762897,37.5388483992356,15.7943154668168,3.63037399478134,0,0,0
NER,Niger,1990,Sub-Saharan Africa,Low income,-0.775653010977504,-1.30847828481959,35.6167735553299,13.9926235842437,1.16188482395643,0,0,0
NER,Niger,2016,Sub-Saharan Africa,Low income,1.65388922387806,5.74089315058157,36.4881092245519,19.6343271366592,2.89774478323805,0,0,0
NER,Niger,2017,Sub-Saharan Africa,Low income,2.79637318871284,5.00536078615544,39.0711117370149,17.7130175806106,3.02823024727599,0,0,0
NER,Niger,2006,Sub-Saharan Africa,Low income,0.0404858299595074,5.93104997350342,36.5313731842429,9.38447095955683,0.847497530197073,0,0,0
NER,Niger,2009,Sub-Saharan Africa,Low income,0.582906590801122,1.96260090694645,49.5122567031625,13.0168749118406,8.62089060209857,0,0,0
NER,Niger,2010,Sub-Saharan Africa,Low income,0.804073080882659,8.57816674262253,51.9459863027627,14.205804307023,10.146689915564,0,0,0
NER,Niger,2000,Sub-Saharan Africa,Low income,2.90014973599108,-1.20847774100575,34.7127807043604,6.55900248161089,0.703342920154778,0,0,0
NER,Niger,1997,Sub-Saharan Africa,Low income,2.93345253394422,1.52747571050666,33.1743453903346,7.35979275712173,0.827804537088488,0,0,0
NER,Niger,1998,Sub-Saharan Africa,Low income,4.5480157771872,9.97261495642444,35.0196895457842,5.14320048581012,-0.0667540048083058,0,0,0
NER,Niger,1999,Sub-Saharan Africa,Low income,-2.30212503849648,-0.2195625179166,31.3752367245391,5.92621877124759,0.0632545894461929,0,0,0
NER,Niger,1992,Sub-Saharan Africa,Low income,-4.47561790247176,2.00075236142851,28.7066499462238,13.4761265100836,1.66527577730701,0,0,0
NER,Niger,2001,Sub-Saharan Africa,Low income,4.00551428352678,7.26813490213235,33.0136670843015,8.65316407136481,0.922420853977935,0,0,0
NER,Niger,2019,Sub-Saharan Africa,Low income,-2.48979265070855,5.93985257123522,37.1025664250801,17.157756560352,5.56378872795104,0,0,0
NER,Niger,1991,Sub-Saharan Africa,Low income,-7.79664179104467,-0.43948910045782,30.336179238057,13.1565269174256,0.342091125281186,0,0,0
NER,Niger,2007,Sub-Saharan Africa,Low income,0.0539592607581562,3.14272408386731,35.5028028471007,12.4275915436328,1.72858641411291,0,0,0
NER,Niger,2005,Sub-Saharan Africa,Low income,7.7974978178644,7.33186884258517,38.3477418070736,9.03431721674152,1.13506754317922,0,0,0
NER,Niger,2020,Sub-Saharan Africa,Low income,2.8981937602627,3.55064109436891,35.5129906570841,19.1657515289364,2.62395545283651,0,0,0
NER,Niger,2004,Sub-Saharan Africa,Low income,0.262543757292838,0.363801578722132,36.9641044464896,10.0499920012607,0.649159742962507,0,0,0
NER,Niger,2002,Sub-Saharan Africa,Low income,2.62886597938136,4.91847057594622,30.8343857497549,6.55623913237211,0.281340736477619,0,0,0
NER,Niger,2003,Sub-Saharan Africa,Low income,-1.61440769175596,2.1706103837418,33.3827931416238,9.29998206502217,0.5459244666531,0,0,0
NGA,Nigeria,1986,Sub-Saharan Africa,Lower middle income,5.71715145436302,0.0609452742066878,NA,11.9144073554554,0.352544296705448,0,0,0
NGA,Nigeria,1996,Sub-Saharan Africa,Lower middle income,29.2682926829271,4.19592404660108,NA,9.06332881813765,0.26881827016538,1,1,1
NGA,Nigeria,1990,Sub-Saharan Africa,Lower middle income,7.36440030557696,11.7768859342067,NA,11.6353717588205,1.08795098954185,0,1,0
NGA,Nigeria,1987,Sub-Saharan Africa,Lower middle income,11.2903225806451,3.20012546702944,NA,11.8094550583756,1.15906979546217,0,0,0
NGA,Nigeria,1985,Sub-Saharan Africa,Lower middle income,7.43534482758635,5.91302745911393,NA,12.326532098608,0.658452659833293,0,0,0
NGA,Nigeria,1995,Sub-Saharan Africa,Lower middle income,72.8355022972638,-0.0726647639378371,NA,10.2819127169307,0.238321527429399,1,1,1
NGA,Nigeria,1988,Sub-Saharan Africa,Lower middle income,54.5112247797673,7.33402548758716,NA,12.1685472042652,0.762696401992634,0,0,0
NGA,Nigeria,1989,Sub-Saharan Africa,Lower middle income,50.4666881235915,1.91938129589555,NA,10.4543243694788,4.2820878623584004,1,1,0
NGA,Nigeria,2012,Sub-Saharan Africa,Lower middle income,12.2242413020584,4.23006117493223,NA,24.9282309403592,1.52378233769127,1,1,0
NGA,Nigeria,2013,Sub-Saharan Africa,Lower middle income,8.49551838265669,6.67133539306167,NA,25.4480451128873,1.06953936497778,0,1,0
NGA,Nigeria,2010,Sub-Saharan Africa,Lower middle income,13.7400521363694,8.00565591628701,NA,21.3558473864794,1.64207369186652,1,1,0
NGA,Nigeria,2011,Sub-Saharan Africa,Lower middle income,10.8261371880017,5.30792420289453,NA,22.4790459818829,2.133117701613,1,1,0
NGA,Nigeria,2016,Sub-Saharan Africa,Lower middle income,15.6968126387972,-1.61686894906509,NA,27.3787883574183,0.853395742751916,0,1,0
NGA,Nigeria,2017,Sub-Saharan Africa,Lower middle income,16.5022662139641,0.805886619102438,NA,24.7814178638797,0.642182922336257,0,1,0
NGA,Nigeria,2014,Sub-Saharan Africa,Lower middle income,8.04741087967907,6.30971865525431,NA,22.6896110241531,0.817478467870197,0,1,0
NGA,Nigeria,2015,Sub-Saharan Africa,Lower middle income,9.00943498007706,2.65269329543001,NA,22.366826541931,0.621501637000126,0,1,0
NGA,Nigeria,1994,Sub-Saharan Africa,Lower middle income,57.0317089119659,-1.81492448525675,NA,15.0919364078861,2.43685234729338,1,1,1
NGA,Nigeria,2000,Sub-Saharan Africa,Lower middle income,6.93329215565161,5.01593475931152,NA,14.6696313737072,1.64832098964767,0,0,0
NGA,Nigeria,1997,Sub-Saharan Africa,Lower middle income,8.52987421383634,2.93709941924898,NA,9.72526941888366,0.233794418819082,0,1,0
NGA,Nigeria,1998,Sub-Saharan Africa,Lower middle income,9.99637812386806,2.58125410192937,NA,10.9390346911727,0.137154046877584,0,1,0
NGA,Nigeria,1999,Sub-Saharan Africa,Lower middle income,6.61837339479751,0.584126892918889,NA,12.7633944053325,1.69906893526275,0,0,0
NGA,Nigeria,1992,Sub-Saharan Africa,Lower middle income,44.588842715023,4.63119294607692,NA,14.2473842678947,1.7223830155852,0,1,0
NGA,Nigeria,2002,Sub-Saharan Africa,Lower middle income,12.8765792031099,15.3291557409559,NA,13.5269974309959,1.97158413526786,0,0,0
NGA,Nigeria,2003,Sub-Saharan Africa,Lower middle income,14.0317836131437,7.34719496799492,NA,13.0265864686541,1.91462056992191,1,1,0
NGA,Nigeria,1991,Sub-Saharan Africa,Lower middle income,13.0069731037428,0.358352601660286,NA,13.3998805797521,1.19672645365892,0,1,0
NGA,Nigeria,2009,Sub-Saharan Africa,Lower middle income,12.5378277304689,8.03692510099023,NA,25.1441564158627,2.90024873175983,0,0,0
NGA,Nigeria,1993,Sub-Saharan Africa,Lower middle income,57.1652528349217,-2.03511877399139,NA,15.7877165842118,2.37190347099572,1,1,0
NGA,Nigeria,2008,Sub-Saharan Africa,Lower middle income,11.5810751748252,6.76447277780228,NA,23.8118714049568,2.41373918254011,0,0,0
NGA,Nigeria,2007,Sub-Saharan Africa,Lower middle income,5.38800796858626,6.59113036068679,NA,19.2910852561516,2.16919536982392,0,0,0
NGA,Nigeria,2018,Sub-Saharan Africa,Lower middle income,12.0951065173432,1.92275734200614,NA,25.3624627316228,0.183821495682229,1,1,0
NGA,Nigeria,2019,Sub-Saharan Africa,Lower middle income,11.3964223378116,2.20842927714892,NA,16.9929333936617,0.344961215904222,1,1,0
NGA,Nigeria,2001,Sub-Saharan Africa,Lower middle income,18.8736462093863,5.91768464920371,NA,15.9009677066124,1.61861555824339,0,0,0
NGA,Nigeria,2006,Sub-Saharan Africa,Lower middle income,8.22522152017047,6.05942803202906,NA,11.728970990403,2.03575267319875,0,1,0
NGA,Nigeria,2004,Sub-Saharan Africa,Lower middle income,14.9980338183251,9.2505582291798,NA,11.7587859589613,1.38037387490881,1,1,0
NGA,Nigeria,2020,Sub-Saharan Africa,Lower middle income,13.2460234276597,-6.36889840510109,NA,18.2108129282771,0.398484830422215,1,1,0
NGA,Nigeria,2005,Sub-Saharan Africa,Lower middle income,17.8634933661605,6.43851652538348,NA,11.3005138135141,2.83629405374322,1,1,0
MKD,North Macedonia,2001,Europe & Central Asia,Upper middle income,5.19888525744048,-3.06725662451662,71.4782105684389,29.5182512985701,12.6581341812696,0,0,0
MKD,North Macedonia,2000,Europe & Central Asia,Upper middle income,6.60742291038536,4.54913578288874,80.1601473580914,17.9821915494317,5.76504706871211,0,0,0
MKD,North Macedonia,1995,Europe & Central Asia,Upper middle income,16.3735889723569,-1.11472769414412,72.0437886613838,11.1877562236766,0.201612846891106,0,0,0
MKD,North Macedonia,1996,Europe & Central Asia,Upper middle income,2.46660008582917,1.18510388873231,57.9231431142338,10.726158852974,0.241489630939744,0,0,0
MKD,North Macedonia,1997,Europe & Central Asia,Upper middle income,1.29436487155047,1.43998133659125,71.8342589043406,12.60534694858,0.402250343703204,0,0,0
MKD,North Macedonia,2003,Europe & Central Asia,Upper middle income,0.855562122724219,2.22260165732409,71.0693204909674,30.2031735323453,2.40668449308174,0,0,0
MKD,North Macedonia,2004,Europe & Central Asia,Upper middle income,-0.448650206551934,4.67408957960916,80.8704849956907,33.6734331606633,5.4398972911896,0,0,0
MKD,North Macedonia,2005,Europe & Central Asia,Upper middle income,0.525515950714247,4.72408864201974,85.8410034787176,35.4689454878796,2.32207737874559,0,0,0
MKD,North Macedonia,2002,Europe & Central Asia,Upper middle income,2.31459794083216,1.49366547202928,71.5334846721143,26.4857046728105,2.8417888915258,0,0,0
MKD,North Macedonia,2007,Europe & Central Asia,Upper middle income,2.2517579830545,6.47348685752347,106.092966003288,47.5703321680178,8.79828562205673,0,0,0
MKD,North Macedonia,2013,Europe & Central Asia,Upper middle income,2.78500056726109,2.92525766450484,104.857229956305,51.6598782486667,3.72036775399161,0,0,0
MKD,North Macedonia,2014,Europe & Central Asia,Upper middle income,-0.281705032928494,3.62912351276373,112.537928969299,53.523749232048,0.535807905351314,0,0,0
MKD,North Macedonia,2006,Europe & Central Asia,Upper middle income,3.21362929606345,5.13702516153505,92.5516664675666,40.7783121165333,6.22985642423446,0,0,0
MKD,North Macedonia,1994,Europe & Central Asia,Upper middle income,126.583368336245,-1.75816618126913,82.3350649350649,12.7220779220779,0.674231423376623,0,0,0
MKD,North Macedonia,2017,Europe & Central Asia,Upper middle income,1.35161889677442,1.08177273813243,124.13728389629,54.5195352503758,3.36726558000357,0,0,0
MKD,North Macedonia,2018,Europe & Central Asia,Upper middle income,1.45831298507126,2.88059670964267,133.215207648008,56.5059695563137,5.11494867914756,0,0,0
MKD,North Macedonia,2015,Europe & Central Asia,Upper middle income,-0.299920475631462,3.85586514041738,113.698443879103,54.4005213990523,2.94702779153329,0,0,0
MKD,North Macedonia,2016,Europe & Central Asia,Upper middle income,-0.239290787684501,2.84820519363306,116.185408418026,54.1697419285478,5.14755489783813,0,0,0
MKD,North Macedonia,2008,Europe & Central Asia,Upper middle income,8.33189666968108,5.47200139015595,111.570054713298,47.8074213361373,6.17271448582765,0,0,0
MKD,North Macedonia,2019,Europe & Central Asia,Upper middle income,0.766439573459805,3.91041953840173,138.576231840539,58.3279942048031,4.35892493383855,0,0,0
MKD,North Macedonia,2020,Europe & Central Asia,Upper middle income,1.20007348888469,-4.68845000956652,128.241244322257,65.1791278967697,0.0622421869397704,0,0,0
MKD,North Macedonia,2012,Europe & Central Asia,Upper middle income,3.31605566687647,-0.456183223607937,112.214834702155,54.1444824284663,3.46744163927686,0,0,0
MKD,North Macedonia,1993,Europe & Central Asia,Upper middle income,NA,-7.46927131858557,96.4424485401636,70.2103385663555,NA,0,0,0
MKD,North Macedonia,1992,Europe & Central Asia,Upper middle income,NA,-6.56519867685854,102.38399161696,NA,NA,0,0,0
MKD,North Macedonia,1991,Europe & Central Asia,Upper middle income,NA,-6.17076764806545,46.3763429752066,NA,NA,0,0,0
MKD,North Macedonia,1985,Europe & Central Asia,Upper middle income,NA,NA,NA,NA,NA,0,0,0
MKD,North Macedonia,1998,Europe & Central Asia,Upper middle income,0.544199652523073,3.37873564718296,76.5874821175197,13.5906850196744,4.01398371553196,0,0,0
MKD,North Macedonia,1999,Europe & Central Asia,Upper middle income,-1.27928657572628,4.33902791307588,72.6249786897251,16.6365699782121,2.36373528779129,0,0,0
MKD,North Macedonia,2009,Europe & Central Asia,Upper middle income,-0.739633963061192,-0.358614856979671,87.1767537660809,48.6373065453669,2.76045082206623,0,0,0
MKD,North Macedonia,1986,Europe & Central Asia,Upper middle income,NA,NA,NA,NA,NA,0,0,0
MKD,North Macedonia,2010,Europe & Central Asia,Upper middle income,1.50997522027613,3.35875085773812,97.8810691156562,51.4721968438211,3.20438209801498,0,0,0
MKD,North Macedonia,2011,Europe & Central Asia,Upper middle income,3.9047542206974,2.33988604520331,113.19191013947,52.8195883282443,4.83981702288781,0,0,0
MKD,North Macedonia,1990,Europe & Central Asia,Upper middle income,NA,NA,58.687030075188,NA,NA,0,0,0
MKD,North Macedonia,1987,Europe & Central Asia,Upper middle income,NA,NA,NA,NA,NA,0,0,0
MKD,North Macedonia,1988,Europe & Central Asia,Upper middle income,NA,NA,NA,NA,NA,0,0,0
MKD,North Macedonia,1989,Europe & Central Asia,Upper middle income,NA,NA,NA,NA,NA,0,0,0
PAK,Pakistan,2014,South Asia,Lower middle income,7.18938402847028,4.11642817161422,29.4698256903998,46.6655502926414,0.695308116834202,0,1,0
PAK,Pakistan,1985,South Asia,Lower middle income,5.61483921793224,7.59211469875896,33.1707461712947,40.6612842762047,0.421864139271513,0,0,0
PAK,Pakistan,1993,South Asia,Lower middle income,9.97366476029209,1.7577476978468,38.4993168752315,45.3647021643092,0.672760011900901,0,1,0
PAK,Pakistan,1994,South Asia,Lower middle income,12.3681943936948,3.73741555767747,35.0577237131595,45.4102957414578,0.805118941060125,0,1,0
PAK,Pakistan,1995,South Asia,Lower middle income,12.3435785170513,4.96260914623281,36.132753673519,43.5708459410415,1.19175194004056,0,1,0
PAK,Pakistan,1996,South Asia,Lower middle income,10.3738085885002,4.84658128681654,38.3301268339895,46.0412900268044,1.45605449462756,1,1,0
PAK,Pakistan,1997,South Asia,Lower middle income,11.3754928865122,1.01439601077892,36.8522661008964,48.2032374752503,1.14722858022912,1,1,0
PAK,Pakistan,1998,South Asia,Lower middle income,6.22800415424543,2.55023429817393,34.011725180531,47.1502313964154,0.813610045502484,0,0,0
PAK,Pakistan,1986,South Asia,Lower middle income,3.50641424758205,5.50165366386253,32.4067307767058,43.3097066849098,0.33145270892202,0,0,0
PAK,Pakistan,1987,South Asia,Lower middle income,4.68121854620213,6.45234302466982,32.8971019024279,45.3110594449753,0.387921173050002,0,0,0
PAK,Pakistan,1988,South Asia,Lower middle income,8.83793701817773,7.62527877959378,33.2842258313357,41.3654205206185,0.484736838916137,0,0,0
PAK,Pakistan,2009,South Asia,Lower middle income,13.6477650639761,3.47255059567348,33.3268872863988,46.339153856902,1.24801305527951,0,1,0
PAK,Pakistan,2010,South Asia,Lower middle income,12.9388705634889,1.50171752152883,31.9890020462315,47.2954352374351,1.02791108080423,1,1,0
PAK,Pakistan,2011,South Asia,Lower middle income,11.9160927116277,2.68011685421705,32.3626382751438,44.5540838769731,0.575055145839944,1,1,0
PAK,Pakistan,2012,South Asia,Lower middle income,9.68235186055684,3.02758391088629,31.3189732760076,46.1863468466881,0.343453048660945,0,1,0
PAK,Pakistan,2015,South Asia,Lower middle income,2.52932817254229,4.21794209572506,26.6881860172247,48.0947897059567,0.557734356032139,0,0,0
PAK,Pakistan,2016,South Asia,Lower middle income,3.7651191635658,6.57383828511043,24.7015780480573,50.8043096148012,0.821349998064174,0,0,0
PAK,Pakistan,2017,South Asia,Lower middle income,4.08537368032608,4.43262590683975,25.472035002344,51.4077109638096,0.735837049658425,0,0,0
PAK,Pakistan,2018,South Asia,Lower middle income,5.07805725868917,6.15170261099519,27.6260570796337,51.2232935528021,0.487745750658143,0,0,0
PAK,Pakistan,2019,South Asia,Lower middle income,10.5780305672025,2.49763692943365,28.9055769867032,51.1835848516191,0.696146480411465,0,0,0
PAK,Pakistan,1989,South Asia,Lower middle income,7.84426473740044,4.95976889440439,34.4216591208777,38.9809612274195,0.524257200329788,0,0,0
PAK,Pakistan,1990,South Asia,Lower middle income,9.05213155279776,4.45858681510218,35.034575900498,39.137103755740704,0.612997661913938,0,1,0
PAK,Pakistan,1991,South Asia,Lower middle income,11.7912703351416,5.06156775897861,35.4196551048403,39.041064079953,0.566383737278731,0,1,0
PAK,Pakistan,1992,South Asia,Lower middle income,9.5090414619015,7.70589781716029,37.6945397210631,42.5300049117333,0.688313624140135,0,1,0
PAK,Pakistan,2008,South Asia,Lower middle income,20.2861210929554,2.1204410433083,34.3489608135242,45.8138779202502,2.68936656124595,0,1,0
PAK,Pakistan,2007,South Asia,Lower middle income,7.59868441050774,4.4448143398844,30.7878814312746,48.7159412383176,3.03571933817685,0,1,0
PAK,Pakistan,2006,South Asia,Lower middle income,7.92108440058789,6.05163767569996,33.0497193672284,47.8020865795712,2.63975006245443,0,1,0
PAK,Pakistan,1999,South Asia,Lower middle income,4.14263718082171,3.66013273943236,32.3199628094266,44.8202563386139,0.84479500663461,0,0,0
PAK,Pakistan,2000,South Asia,Lower middle income,4.36666451291681,4.2600880111325,21.4599638884654,28.6895037123433,0.309595026317044,0,0,0
PAK,Pakistan,2013,South Asia,Lower middle income,7.69215611899565,4.36686504978387,30.8902743401844,46.6987110926231,0.515353849332245,0,1,0
PAK,Pakistan,2020,South Asia,Lower middle income,9.74011619320125,-1.27408744338709,26.7162807328814,54.5263893717141,0.684695289874347,0,0,0
PAK,Pakistan,2005,South Asia,Lower middle income,9.06332737030417,7.2765744364722,29.8784940550747,37.6011583909744,1.51575083116461,0,0,0
PAK,Pakistan,2001,South Asia,Lower middle income,3.14826144590618,3.65135017083765,23.5772074298467,29.8765629925912,0.38910658649849,0,0,0
PAK,Pakistan,2002,South Asia,Lower middle income,3.29034472613153,2.59481668445784,23.1290159545291,32.9585711899888,0.843517300073237,0,0,0
PAK,Pakistan,2004,South Asia,Lower middle income,7.44462469342739,7.83125556961251,24.8083348519064,36.5879118313579,0.845585701616171,0,0,0
PAK,Pakistan,2003,South Asia,Lower middle income,2.91413470059479,5.40131087314342,24.6501585248398,35.5893433024332,0.475207711805665,0,0,0
PNG,Papua New Guinea,1988,East Asia & Pacific,Lower middle income,5.44508207660464,2.90924048446031,95.173653827955,31.0668433172455,4.19820346401792,0,0,0
PNG,Papua New Guinea,1985,East Asia & Pacific,Lower middle income,3.71040723981909,4.00019034409902,94.5546761868456,33.8319774831081,3.43943032361386,0,0,0
PNG,Papua New Guinea,1986,East Asia & Pacific,Lower middle income,5.45375218150084,4.69305706882692,94.9344866461921,36.1139835944485,3.42918372726221,0,0,0
PNG,Papua New Guinea,1987,East Asia & Pacific,Lower middle income,3.33747069369721,2.7704948317036,92.8388744294179,33.0481390550446,2.96384418821471,0,0,0
PNG,Papua New Guinea,2012,East Asia & Pacific,Lower middle income,4.53720508166972,4.65711959686239,NA,38.2380053852015,0.135226482435046,0,0,0
PNG,Papua New Guinea,2000,East Asia & Pacific,Lower middle income,15.5958933107535,-2.49484199260023,115.421837958873,32.1674541383348,2.74030313917345,1,1,0
PNG,Papua New Guinea,2001,East Asia & Pacific,Lower middle income,9.29817332783968,-0.121288605564772,117.580367053663,32.0063664576821,2.05072450909515,0,1,0
PNG,Papua New Guinea,2003,East Asia & Pacific,Lower middle income,14.7090779663557,2.16410250222083,123.449069006746,27.1377824896006,4.76766811241029,0,1,0
PNG,Papua New Guinea,1999,East Asia & Pacific,Lower middle income,14.9321817407701,1.85555399408817,116.006802066106,33.7823452119345,8.57120177875045,0,0,0
PNG,Papua New Guinea,2005,East Asia & Pacific,Lower middle income,1.78080439925826,6.34479592309654,NA,33.584743087399,0.821562762714584,0,0,0
PNG,Papua New Guinea,2006,East Asia & Pacific,Lower middle income,2.3684623841683,5.40994409107307,NA,27.5667258439715,1.53859475240196,0,0,0
PNG,Papua New Guinea,2007,East Asia & Pacific,Lower middle income,0.91135045567524,7.81518922862388,NA,31.7792628674398,1.36861708392094,0,0,0
PNG,Papua New Guinea,2004,East Asia & Pacific,Lower middle income,2.15893131266946,2.72117574098235,131.082911016249,30.9418719053073,0.828665064000147,0,0,0
PNG,Papua New Guinea,1998,East Asia & Pacific,Lower middle income,13.5741917656809,-3.76911321783457,102.860932133887,35.0083166743554,2.88798382712168,0,0,0
PNG,Papua New Guinea,2015,East Asia & Pacific,Lower middle income,5.99595778127107,6.57835632304275,NA,33.6195497913626,0.138228028178879,0,0,0
PNG,Papua New Guinea,2016,East Asia & Pacific,Lower middle income,6.6737288135593,5.48957315278187,NA,34.4676058499715,-0.188417025477419,0,0,0
PNG,Papua New Guinea,2017,East Asia & Pacific,Lower middle income,5.42204568023834,3.53461081750459,NA,30.6219991872882,-0.788236305745218,0,0,0
PNG,Papua New Guinea,2018,East Asia & Pacific,Lower middle income,4.37448921453162,-0.279252284959952,NA,26.9103498558933,1.27185526445477,0,0,0
PNG,Papua New Guinea,2019,East Asia & Pacific,Lower middle income,3.92867290939597,4.48051456942582,NA,26.6114158137646,1.35581279394242,0,0,0
PNG,Papua New Guinea,2020,East Asia & Pacific,Lower middle income,4.87167398565555,-3.16743204434815,NA,NA,0.473794497066331,0,0,0
PNG,Papua New Guinea,2008,East Asia & Pacific,Lower middle income,10.7614182326827,-0.296457845880582,NA,30.7827249968755,0.410070468415145,0,0,0
PNG,Papua New Guinea,2009,East Asia & Pacific,Lower middle income,6.91832532601224,6.80042148322096,NA,36.9302095200758,3.61496051286185,0,0,0
PNG,Papua New Guinea,2010,East Asia & Pacific,Lower middle income,6.01360893567856,10.1284540720232,NA,33.63410694841,0.249749808529939,0,0,0
PNG,Papua New Guinea,2013,East Asia & Pacific,Lower middle income,4.9603174603175,3.82494632800675,NA,37.9366603048306,0.126069328063533,0,0,0
PNG,Papua New Guinea,2014,East Asia & Pacific,Lower middle income,5.22211720226841,13.5437706216546,NA,32.7604123325023,0.126824295087963,0,0,0
PNG,Papua New Guinea,1997,East Asia & Pacific,Lower middle income,3.96437805228409,-3.90438965639359,99.2079750268377,37.6615345499746,0.573526453442751,0,0,0
PNG,Papua New Guinea,1996,East Asia & Pacific,Lower middle income,11.6241782908448,7.73369579796399,107.803352613066,36.4372084124391,2.13047333489178,0,0,0
PNG,Papua New Guinea,1989,East Asia & Pacific,Lower middle income,4.48044551322661,-1.41957988360637,93.3939652625012,34.0644515218176,5.73501502313829,0,0,0
PNG,Papua New Guinea,1990,East Asia & Pacific,Lower middle income,6.9533615990307,-3.01216922181256,89.5715493140888,35.1604577075613,4.8269122747966,0,0,0
PNG,Papua New Guinea,2002,East Asia & Pacific,Lower middle income,11.7994470972606,-0.158900533082658,118.919110291279,30.6224003614603,0.672123736108209,0,1,0
PNG,Papua New Guinea,1991,East Asia & Pacific,Lower middle income,6.96568127760753,9.54689771039914,94.4197914355447,35.2912136676281,3.18418311784417,0,0,0
PNG,Papua New Guinea,1992,East Asia & Pacific,Lower middle income,4.30961457009748,13.8490852689481,93.5519772673455,33.902533743784,2.42903575338544,0,0,0
PNG,Papua New Guinea,1993,East Asia & Pacific,Lower middle income,4.97411430311646,18.2022859527298,89.5892872552444,34.6502640175875,1.24740106098499,0,0,0
PNG,Papua New Guinea,1995,East Asia & Pacific,Lower middle income,17.280932681459,-3.31244877829666,104.739980951459,30.5694868193779,9.8050738668279,0,0,0
PNG,Papua New Guinea,2011,East Asia & Pacific,Lower middle income,4.44083401028971,1.10754362619616,NA,35.8644236623894,0.202496658911332,0,0,0
PNG,Papua New Guinea,1994,East Asia & Pacific,Lower middle income,2.85272217387134,5.94210905967769,93.3026653165289,30.1038641665009,1.08514966617677,0,0,0
PRY,Paraguay,1986,Latin America & Caribbean,Upper middle income,31.7425972672999,4.96483566571362,67.1355549237912,18.0429623467685,0.0161117340472993,0,0,0
PRY,Paraguay,1987,Latin America & Caribbean,Upper middle income,21.8102740350983,7.58230437604178,72.4853666512713,17.6932051560375,0.133466137216533,1,1,1
PRY,Paraguay,1985,Latin America & Caribbean,Upper middle income,25.2107164358818,4.5231356783092,54.208623583498,18.8677896854307,0.0213255392459299,0,0,0
PRY,Paraguay,1999,Latin America & Caribbean,Upper middle income,6.75226586102725,-1.36607971240079,77.5552756906357,24.3617327758595,0.986752370140912,0,0,0
PRY,Paraguay,2000,Latin America & Caribbean,Upper middle income,8.98215976750022,-2.31414056819045,78.6447297611485,22.367229789894,1.21729436901028,0,0,0
PRY,Paraguay,1989,Latin America & Caribbean,Upper middle income,26.4221267235586,6.93520391103523,82.9552279085221,18.859303121175,0.269035739340308,1,1,1
PRY,Paraguay,2002,Latin America & Caribbean,Upper middle income,10.5102420856612,-0.0214043949985694,79.4415656482927,23.772960304324,1.25620797120523,0,1,0
PRY,Paraguay,2003,Latin America & Caribbean,Upper middle income,14.2367970499143,4.32074548551591,81.1273637701163,21.9527692677486,-0.750191694990596,0,1,0
PRY,Paraguay,2004,Latin America & Caribbean,Upper middle income,4.32326492967491,4.05741836363771,80.1044466155542,21.7123661167254,0.976461922292792,0,0,0
PRY,Paraguay,1988,Latin America & Caribbean,Upper middle income,22.5942571785268,5.91537206556045,85.0769742658953,16.6885787091466,0.197383098251427,1,1,1
PRY,Paraguay,2005,Latin America & Caribbean,Upper middle income,6.80738203116377,2.13349066459601,85.0219636540457,20.8837257687982,0.067986029076693,0,0,0
PRY,Paraguay,1998,Latin America & Caribbean,Upper middle income,11.5532684355839,0.0680377558080636,101.606320138559,23.5665523922632,3.6779944686054,0,0,0
PRY,Paraguay,2012,Latin America & Caribbean,Upper middle income,3.67591897974496,-0.708043112304196,74.7649574561086,34.0673273674473,2.61172771954696,0,0,0
PRY,Paraguay,2013,Latin America & Caribbean,Upper middle income,2.68385738718582,8.29307648937821,73.369871384133,36.4633066629832,1.13236628162524,0,0,0
PRY,Paraguay,2014,Latin America & Caribbean,Upper middle income,5.02882767456766,5.30123864475758,69.0837249630891,38.7154831906081,2.5135375460501,0,0,0
PRY,Paraguay,2015,Latin America & Caribbean,Upper middle income,3.12900274473925,2.95715168364671,66.9150655259457,41.8961488527402,2.22350808882639,0,0,0
PRY,Paraguay,2016,Latin America & Caribbean,Upper middle income,4.08682280577241,4.26802583314358,67.7593152322119,41.4220205711623,2.27032682691763,0,0,0
PRY,Paraguay,2017,Latin America & Caribbean,Upper middle income,3.60247741348943,4.81007885552178,71.0801344038459,41.9355839968122,1.9468132140751,0,0,0
PRY,Paraguay,2018,Latin America & Caribbean,Upper middle income,3.97561015740694,3.20425034080199,72.0692236259495,43.0641234323883,0.787454987833137,0,0,0
PRY,Paraguay,2006,Latin America & Caribbean,Upper middle income,9.58934941129229,4.80711719268376,84.7335313048126,20.1035070330638,1.39842122336644,0,0,0
PRY,Paraguay,2007,Latin America & Caribbean,Upper middle income,8.13047417698577,5.42162287218235,79.0011374202968,22.0031148065728,0.588024684579866,0,0,0
PRY,Paraguay,2008,Latin America & Caribbean,Upper middle income,10.1547846489023,6.49629211973152,80.7775746572591,24.9607301432981,1.83503669212255,0,1,0
PRY,Paraguay,2010,Latin America & Caribbean,Upper middle income,4.65116279069765,11.0952312685449,81.2575233746789,29.9451985399781,2.76173378510708,0,0,0
PRY,Paraguay,2011,Latin America & Caribbean,Upper middle income,8.2539682539683,4.28637120706239,78.4921238489902,31.7195000185613,1.95875255092925,0,0,0
PRY,Paraguay,1997,Latin America & Caribbean,Upper middle income,6.94956608534118,4.24251610269859,95.9342762479745,25.4754530545459,2.3170574100351,0,0,0
PRY,Paraguay,1990,Latin America & Caribbean,Upper middle income,37.2599561799201,4.12328287941739,91.3083408020561,20.4062027753547,1.32309849875687,1,1,1
PRY,Paraguay,1991,Latin America & Caribbean,Upper middle income,24.2253521126763,3.49365015491472,89.1393192206208,23.5995304332165,1.232752955211,1,1,1
PRY,Paraguay,2001,Latin America & Caribbean,Upper middle income,7.26806028584825,-0.834054716746095,72.6056990118238,27.6300335001424,1.16763488895181,0,0,0
PRY,Paraguay,2020,Latin America & Caribbean,Upper middle income,1.76751592356698,-0.819785390945569,62.7602174748575,54.1778133101289,0.816723740272366,0,0,0
PRY,Paraguay,2019,Latin America & Caribbean,Upper middle income,2.75709727562775,-0.401855100701937,71.2221617342433,46.0634404518076,1.28022785728015,0,0,0
PRY,Paraguay,1996,Latin America & Caribbean,Upper middle income,9.79968339016083,1.57378513175006,103.035267206036,26.1012513243009,1.42822235904122,0,1,0
PRY,Paraguay,1992,Latin America & Caribbean,Upper middle income,15.192743764172,1.69642801124701,89.4975575588359,27.8936672057082,1.64165207328915,1,1,1
PRY,Paraguay,1993,Latin America & Caribbean,Upper middle income,18.2086614173228,4.93635941475281,113.603763547842,30.3027161528634,1.03454930935037,1,1,1
PRY,Paraguay,2009,Latin America & Caribbean,Upper middle income,2.59194673430567,-0.261137328115808,70.8419818624334,29.2534643264482,0.860674450934396,0,0,0
PRY,Paraguay,1995,Latin America & Caribbean,Upper middle income,13.4254143646407,6.82281030358578,118.064074196549,26.9013499228697,1.04280102601092,1,1,0
PRY,Paraguay,1994,Latin America & Caribbean,Upper middle income,20.5661948376355,5.31791766023942,123.079329466864,31.7520189687311,1.7418411059262,1,1,1
PER,Peru,1985,Latin America & Caribbean,Upper middle income,163.399505243688,2.06113206625895,44.8787094814746,26.5056852381681,0.00663185522941448,0,0,0
PER,Peru,1991,Latin America & Caribbean,Upper middle income,409.530166622023,2.2192591027909,26.659254111884,16.2797152905764,-0.0203835211937861,1,1,1
PER,Peru,1992,Latin America & Caribbean,Upper middle income,73.5282942442641,-0.540509124723926,27.9772921552067,18.1976605118421,-0.219650047241117,1,1,1
PER,Peru,1994,Latin America & Caribbean,Upper middle income,23.7369050565046,12.3083661848445,28.9229957698901,19.5703953174611,7.32850781495285,1,1,1
PER,Peru,1995,Latin America & Caribbean,Upper middle income,11.1287029707089,7.41139504735119,30.9272178475508,20.7362197849713,4.79618741233796,1,1,0
PER,Peru,1996,Latin America & Caribbean,Upper middle income,11.5379424115177,2.79897307912609,31.6542040912644,25.2393699393832,6.282348119331,1,1,0
PER,Peru,1993,Latin America & Caribbean,Upper middle income,48.5799864468885,5.24357700773291,28.7665865706199,20.2927106127518,2.18358771544823,1,1,1
PER,Peru,1990,Latin America & Caribbean,Upper middle income,7481.66361124526,-4.98256353646605,29.469676899683,24.0629011720298,0.15524195104656,1,1,1
PER,Peru,2002,Latin America & Caribbean,Upper middle income,0.193135003853722,5.45352893818767,35.2491813317695,32.6078828069552,3.93562084538866,0,0,0
PER,Peru,2003,Latin America & Caribbean,Upper middle income,2.25937753363072,4.16502313666112,37.6246103251002,30.0923422660092,2.27308642513175,0,0,0
PER,Peru,2005,Latin America & Caribbean,Upper middle income,1.61630193862544,6.28506032509601,47.3573174768394,29.6506987620287,3.39034816926813,0,0,0
PER,Peru,2006,Latin America & Caribbean,Upper middle income,2.00225801248819,7.5288990440594,51.7850560338442,27.6742470982913,3.91065680458787,0,0,0
PER,Peru,2007,Latin America & Caribbean,Upper middle income,1.77998644680372,8.5183877690955,55.6881132836815,32.5157292830662,5.37428655925625,0,0,0
PER,Peru,2004,Latin America & Caribbean,Upper middle income,3.66247320092233,4.95820320611745,41.9360782679273,27.8563224398,2.39489207548148,0,0,0
PER,Peru,1997,Latin America & Caribbean,Upper middle income,8.56218948953653,6.47682442079709,33.4695458506827,28.8961621639069,3.67902174881379,0,1,0
PER,Peru,1998,Latin America & Caribbean,Upper middle income,7.24782175213469,-0.391537555833821,32.9530217853936,32.3013666613362,2.96199214687156,0,1,0
PER,Peru,1999,Latin America & Caribbean,Upper middle income,3.46965996293019,1.49491064308833,33.2057765558493,35.3984186884416,3.86553540501237,0,0,0
PER,Peru,2008,Latin America & Caribbean,Upper middle income,5.78587598206755,9.1265683014642,58.4337673899053,36.1800409316858,5.74335697642786,0,0,0
PER,Peru,2000,Latin America & Caribbean,Upper middle income,3.75733833344474,2.69437139806912,35.5380321623178,33.1630853231737,1.56479019339424,0,0,0
PER,Peru,2001,Latin America & Caribbean,Upper middle income,1.97709878502053,0.617892325624297,35.0644014310212,32.9950773700798,2.19922450158059,0,0,0
PER,Peru,2015,Latin America & Caribbean,Upper middle income,3.39809194746308,3.25224477218451,45.1627686891148,48.2061308469096,3.86551316954964,0,0,0
PER,Peru,2016,Latin America & Caribbean,Upper middle income,3.55717663556279,3.95331871520767,45.3888411964154,46.2267708709908,3.54628188735842,0,0,0
PER,Peru,2017,Latin America & Caribbean,Upper middle income,2.99490045809443,2.51883544233135,47.5135503619971,47.578142358665,3.5133314939664,0,0,0
PER,Peru,2018,Latin America & Caribbean,Upper middle income,1.50915423024742,3.969351341365,48.631470171736,47.1737169901896,2.63824619479376,0,0,0
PER,Peru,2019,Latin America & Caribbean,Upper middle income,2.25212191358027,2.24063176875049,46.9435053754409,49.0594819675143,2.09128983397663,0,0,0
PER,Peru,2020,Latin America & Caribbean,Upper middle income,2.00241205759292,-10.9333065010382,44.245967197744,73.4386346756037,0.329387076302566,0,0,0
PER,Peru,1986,Latin America & Caribbean,Upper middle income,77.9210255473595,9.42596236073652,34.516331615351604,22.152836481207,0.100642977854445,0,0,0
PER,Peru,2009,Latin America & Caribbean,Upper middle income,2.936231535967,1.0958236592427,48.1119296153519,36.6668529193717,5.32237544034606,0,0,0
PER,Peru,2010,Latin America & Caribbean,Upper middle income,1.52832059732901,8.33245910749577,51.6728089370033,38.7594373564866,5.73087732837535,0,0,0
PER,Peru,2011,Latin America & Caribbean,Upper middle income,3.36931095333853,6.32719240161117,55.9882802838607,38.1571181507799,4.47262658184166,0,0,0
PER,Peru,2012,Latin America & Caribbean,Upper middle income,3.61121294940163,6.13972470560435,52.6198952632294,40.8564449485581,7.36173683394684,0,0,0
PER,Peru,2013,Latin America & Caribbean,Upper middle income,2.76789666082002,5.85251821084928,49.7871424471444,44.4876585250752,4.75734900182415,0,0,0
PER,Peru,2014,Latin America & Caribbean,Upper middle income,3.41194579807465,2.38215737180541,46.8531210912899,45.0784122840792,2.12302965027806,0,0,0
PER,Peru,1989,Latin America & Caribbean,Upper middle income,3398.67901005332,-12.3120414471296,22.5367606006625,22.427904514543,0.262227367398589,1,1,1
PER,Peru,1987,Latin America & Caribbean,Upper middle income,85.8223062381846,9.72614643050372,27.3509083778214,22.4582793216513,0.0867450651026484,1,1,1
PER,Peru,1988,Latin America & Caribbean,Upper middle income,667.019328585961,-9.44127344629392,33.2217909613643,26.0526276881384,0.168400234302469,1,1,1
PHL,Philippines,1990,East Asia & Pacific,Lower middle income,12.1773522064946,3.08267252855887,42.922356288058,30.044962741844,1.04933276347518,1,1,0
PHL,Philippines,1989,East Asia & Pacific,Lower middle income,12.2429906542055,6.18391820283388,41.2829242962139,28.5821667352429,1.1604951683239,0,0,0
PHL,Philippines,1995,East Asia & Pacific,Lower middle income,6.83199610989534,4.62522511739661,57.3305579762779,45.4014681630375,1.74612997966882,0,0,0
PHL,Philippines,1994,East Asia & Pacific,Lower middle income,10.3864734299517,4.37366591819077,52.5265038023175,41.2770482508014,2.17470533097175,0,0,0
PHL,Philippines,1999,East Asia & Pacific,Lower middle income,5.93904901780808,3.34645118398267,77.1614937122172,57.0587378769047,2.13567999418902,0,0,0
PHL,Philippines,1991,East Asia & Pacific,Lower middle income,19.2614585266282,-0.436390080533428,44.2199237760081,30.5192316493492,1.05051459399718,1,1,0
PHL,Philippines,1993,East Asia & Pacific,Lower middle income,6.71631104109973,2.181889985613,50.4650429209218,37.4140033395081,1.99559842727954,0,0,0
PHL,Philippines,1988,East Asia & Pacific,Lower middle income,13.8600691673319,6.69693110468185,39.3236456105194,25.42315171593,2.16907026973743,0,0,0
PHL,Philippines,2004,East Asia & Pacific,Lower middle income,4.82921083627795,6.56922851180626,87.1252848232048,54.1760903652699,0.623144777963454,0,0,0
PHL,Philippines,2005,East Asia & Pacific,Lower middle income,6.51685393258433,4.94250511877678,83.8456745708051,52.0784952024138,1.54906009249231,0,0,0
PHL,Philippines,2006,East Asia & Pacific,Lower middle income,5.4852320675105,5.31641682136939,80.8505386728775,58.0785237559028,2.12091886479217,0,0,0
PHL,Philippines,2007,East Asia & Pacific,Lower middle income,2.90000000000003,6.51929155018938,73.6449799920629,57.9283385499564,1.87121245887706,0,0,0
PHL,Philippines,2008,East Asia & Pacific,Lower middle income,8.26044703595725,4.34448730509183,67.6810707730401,56.9987238589589,0.737800589215242,0,0,0
PHL,Philippines,2009,East Asia & Pacific,Lower middle income,4.21903052064628,1.44832306275669,60.8865907869758,59.4116189042727,1.17324821246427,0,0,0
PHL,Philippines,1996,East Asia & Pacific,Lower middle income,7.4761037778791,5.8603478716379,63.8553035508774,49.2771612967454,1.60277940029249,0,0,0
PHL,Philippines,1997,East Asia & Pacific,Lower middle income,5.59025939650601,5.18641167406165,77.2286459172662,54.2752763473772,1.29853131183765,0,0,0
PHL,Philippines,1998,East Asia & Pacific,Lower middle income,9.23493432267121,-0.514090599541888,80.077201518421,53.646843314405,3.0701111773194,0,0,0
PHL,Philippines,2013,East Asia & Pacific,Lower middle income,2.58268766141795,6.75053130142255,55.8247812320298,66.8366025320504,1.31642638378197,0,0,0
PHL,Philippines,2000,East Asia & Pacific,Lower middle income,3.9771250324928,4.38250500083399,85.1533684600039,55.8532415811266,1.77722452613512,0,0,0
PHL,Philippines,2002,East Asia & Pacific,Lower middle income,2.72277227722765,3.71625500158383,83.8448040937789,57.4145978774769,2.09827504516588,0,0,0
PHL,Philippines,2003,East Asia & Pacific,Lower middle income,2.28915662650607,5.08691113513073,87.5746443636636,55.215173601888,0.565263243432102,0,0,0
PHL,Philippines,2017,East Asia & Pacific,Lower middle income,2.85318772590947,6.9309883258402,68.1683697426727,75.417721370487,3.12238778404896,0,0,0
PHL,Philippines,2018,East Asia & Pacific,Lower middle income,5.30934661627707,6.34148557153473,72.1633982990273,74.5151872516091,2.86833826070497,0,0,0
PHL,Philippines,2019,East Asia & Pacific,Lower middle income,2.39206534422404,6.11852566221303,68.8418422595678,76.597175965451,2.30117498598294,0,0,0
PHL,Philippines,2020,East Asia & Pacific,Lower middle income,2.3931623931624,-9.51829474045297,58.1695603022281,90.490531684255,1.88586363211171,0,0,0
PHL,Philippines,2010,East Asia & Pacific,Lower middle income,3.78983634797591,7.33449996034538,66.1042785137797,58.8129288699865,0.513698049517659,0,0,0
PHL,Philippines,2011,East Asia & Pacific,Lower middle income,4.7184170471842,3.85823282795663,60.7958366999075,57.3844126029505,0.856963002985963,0,0,0
PHL,Philippines,2012,East Asia & Pacific,Lower middle income,3.02696391124796,6.89695171050985,57.8420055133082,56.3049908825962,1.22763000703119,0,0,0
PHL,Philippines,2014,East Asia & Pacific,Lower middle income,3.59782343864211,6.34798748260867,57.4681720875945,68.5701974632999,1.92937522802216,0,0,0
PHL,Philippines,2015,East Asia & Pacific,Lower middle income,0.674192536845408,6.34830971672761,59.1415921053094,70.9165638847882,1.84018010717942,0,0,0
PHL,Philippines,2016,East Asia & Pacific,Lower middle income,1.25369880080982,7.14945675000752,61.7760657653871,74.0565179179427,2.59850803494211,0,0,0
PHL,Philippines,1987,East Asia & Pacific,Lower middle income,4.06976744186024,4.36180967277697,37.3574011096386,24.1546626282041,0.812352227541637,0,0,0
PHL,Philippines,1986,East Asia & Pacific,Lower middle income,1.14813777653338,3.51068403005506,34.7400067891545,24.2657154333212,0.373670007358609,0,0,0
PHL,Philippines,1985,East Asia & Pacific,Lower middle income,23.1031071803888,-6.85837720864683,32.8405218386658,25.4147347265576,0.0343234835054566,0,0,0
PHL,Philippines,1992,East Asia & Pacific,Lower middle income,8.65100357865265,0.417629066097945,44.9911427301615,31.8650210529275,0.377343949882479,0,1,0
PHL,Philippines,2001,East Asia & Pacific,Lower middle income,5.34550195567142,3.04923134463486,84.9003886237531,56.4414724546187,0.96298544393499,0,0,0
RWA,Rwanda,1987,Sub-Saharan Africa,Low income,4.13301490809125,-0.0240361088553129,26.5912811811067,17.0430666811111,0.813466870296035,0,0,0
RWA,Rwanda,1989,Sub-Saharan Africa,Low income,1.01027824831114,-0.0365342731879821,23.4277730301004,15.5956546752808,0.646147771954267,0,0,0
RWA,Rwanda,1990,Sub-Saharan Africa,Low income,4.18576372649948,-2.39929109760386,19.6841588743296,14.8709605921816,0.300370285302525,0,0,0
RWA,Rwanda,1988,Sub-Saharan Africa,Low income,2.97864355658034,4.49882499325926,24.2228475694954,17.1294711202401,0.87873363655644,0,0,0
RWA,Rwanda,1986,Sub-Saharan Africa,Low income,-1.11706657280676,5.47213748768883,32.7388347274364,15.5488180794513,0.903990503358689,0,0,0
RWA,Rwanda,2000,Sub-Saharan Africa,Low income,3.89952980284712,8.37089593548548,27.4848638250445,14.1564719784408,0.391524366669991,0,0,0
RWA,Rwanda,2001,Sub-Saharan Africa,Low income,3.34285506749409,8.4845603416011,29.1989094376925,13.6638227776705,0.940709512317624,0,0,0
RWA,Rwanda,2002,Sub-Saharan Africa,Low income,1.99258542453993,13.1920736254262,27.6094381162173,14.6344590405009,0.0762969152415173,0,0,0
RWA,Rwanda,2003,Sub-Saharan Africa,Low income,7.44970014007366,2.20238751139603,29.3106242354101,13.983088097597,0.219807223769547,0,0,0
RWA,Rwanda,2004,Sub-Saharan Africa,Low income,12.2507102894391,7.44766737034072,33.4616731030871,13.7813518200786,0.324006427230548,0,0,0
RWA,Rwanda,2005,Sub-Saharan Africa,Low income,9.01408918092339,9.3778991673686,34.2165383418652,13.7624375262056,0.271318643761601,0,1,0
RWA,Rwanda,2006,Sub-Saharan Africa,Low income,8.88282654777923,9.22707576798881,33.2214370724059,15.5353523799413,0.923071050017332,0,1,0
RWA,Rwanda,2007,Sub-Saharan Africa,Low income,9.08072205873158,7.63329819125276,35.9709731972278,17.0505411887058,2.02144725253631,0,1,0
RWA,Rwanda,2008,Sub-Saharan Africa,Low income,15.4382138709255,11.1612473247323,37.6045108548055,15.6995263439751,1.97476605952382,0,1,0
RWA,Rwanda,1985,Sub-Saharan Africa,Low income,1.75933005651688,4.40274833269658,30.6698953489646,13.4184025493062,0.852166910665912,0,0,0
RWA,Rwanda,1999,Sub-Saharan Africa,Low income,-2.40593209742259,4.35188831936337,27.333536421235905,13.7027098042696,0.0806635452643209,0,0,0
RWA,Rwanda,2013,Sub-Saharan Africa,Low income,5.92426867984854,4.71984856978263,42.6934924295362,17.9823176390729,2.98932057367113,0,0,0
RWA,Rwanda,2014,Sub-Saharan Africa,Low income,2.35449052820358,6.16716615166932,43.902733691075,18.9488961574076,3.81112336248267,0,0,0
RWA,Rwanda,2015,Sub-Saharan Africa,Low income,2.52850284192421,8.8568555974538,45.2019756159103,20.8162554781801,1.89710171173713,0,0,0
RWA,Rwanda,2016,Sub-Saharan Africa,Low income,7.17434301982009,5.97074525431094,49.4849071069892,20.288049168884,3.21723490346275,0,0,0
RWA,Rwanda,2017,Sub-Saharan Africa,Low income,8.27953672260832,3.91817093628465,53.6752674177253,19.7081417149906,2.96153582649288,0,0,0
RWA,Rwanda,2018,Sub-Saharan Africa,Low income,-0.311210160390699,8.51646722592409,55.7841263739603,21.7307882385639,3.79950138241727,0,0,0
RWA,Rwanda,2019,Sub-Saharan Africa,Low income,3.34787655037648,9.44738518613097,57.9756628637954,21.3544486905459,2.54289979218123,0,0,0
RWA,Rwanda,2020,Sub-Saharan Africa,Low income,9.85039902274207,-3.37368746369782,55.1879515519855,25.1477472790838,1.49998346928248,0,0,0
RWA,Rwanda,2009,Sub-Saharan Africa,Low income,12.9443978401712,6.24825750620508,36.8056280084816,14.3347317746841,2.0912940636988,0,1,0
RWA,Rwanda,2010,Sub-Saharan Africa,Low income,-0.246128693436934,7.33465645006753,37.2788790923351,15.5542868759791,3.52981463633808,0,0,0
RWA,Rwanda,2011,Sub-Saharan Africa,Low income,3.0801706924026,7.95838869847094,39.71610247751,17.3342732712618,1.62859755954292,0,0,0
RWA,Rwanda,2012,Sub-Saharan Africa,Low income,10.2710182318876,8.64150815836322,40.5408629987193,17.2458905705942,3.52219420805752,0,0,0
RWA,Rwanda,1998,Sub-Saharan Africa,Low income,6.2100670945581,8.85866949392693,28.7944635910011,14.7246091371586,0.356901652992421,0,0,0
RWA,Rwanda,1991,Sub-Saharan Africa,Low income,19.6371658148373,-2.5143796537652,25.3719737830637,14.00244046152,0.239589842694689,0,0,0
RWA,Rwanda,1992,Sub-Saharan Africa,Low income,9.56041187600816,5.87272524148186,23.8314470330714,13.8614613878156,0.271065890409571,0,0,0
RWA,Rwanda,1993,Sub-Saharan Africa,Low income,12.3543887630448,-8.1086918809961,25.6790070069858,13.581287776415,0.296217288211986,0,1,0
RWA,Rwanda,1994,Sub-Saharan Africa,Low income,NA,-50.2480671038988,71.0956283073375,22.4275631264093,1.32689986736822e-4,0,0,0
RWA,Rwanda,1996,Sub-Saharan Africa,Low income,7.41137173526642,12.7456957645316,32.2300658207659,16.1448906900326,0.160597843045858,0,0,0
RWA,Rwanda,1997,Sub-Saharan Africa,Low income,12.0154225195686,13.8497524857822,33.4674605100182,15.8288015947578,0.139882181600427,0,0,0
RWA,Rwanda,1995,Sub-Saharan Africa,Low income,NA,35.2240783089712,30.9721731494864,18.5899425369376,0.154615043337175,0,0,0
WSM,Samoa,1986,East Asia & Pacific,Lower middle income,5.73355817902005,5.50457826286599,NA,27.9797181381237,-0.198122102337979,0,0,0
WSM,Samoa,1992,East Asia & Pacific,Lower middle income,9.03113792907172,-0.199987145070338,NA,36.6456986819993,3.77920261583348,0,0,0
WSM,Samoa,1985,East Asia & Pacific,Lower middle income,9.09050118887493,3.91949640266225,NA,24.4188636653833,0.449921757114324,0,0,0
WSM,Samoa,2004,East Asia & Pacific,Lower middle income,16.3131507905901,3.0872602379675,72.5293703149674,35.9162413205492,0.60844907406956,0,0,0
WSM,Samoa,2005,East Asia & Pacific,Lower middle income,1.85676392572949,6.63920361300734,76.2247442670718,37.4540761767669,0.78935616966683,0,0,0
WSM,Samoa,2006,East Asia & Pacific,Lower middle income,3.70008680555553,2.13212714677351,82.4691938417408,39.6250110026492,4.3862032048739,0,0,0
WSM,Samoa,1993,East Asia & Pacific,Lower middle income,1.71509123658868,4.09999101013889,NA,35.476552362431804,3.755927872144,0,0,0
WSM,Samoa,1995,East Asia & Pacific,Lower middle income,-2.90352865746142,6.6736431464967,NA,30.8729376613341,1.52980179721455,0,0,0
WSM,Samoa,1996,East Asia & Pacific,Lower middle income,5.37461972030278,7.17896881783187,NA,29.2715208632163,0.464171058597735,0,0,0
WSM,Samoa,1997,East Asia & Pacific,Lower middle income,6.86182355310877,0.643425004323134,NA,29.9463018561577,7.00234996176022,0,0,0
WSM,Samoa,1994,East Asia & Pacific,Lower middle income,12.0803818909762,-2.54210048090948,NA,24.6358636299325,1.35686372324476,0,0,0
WSM,Samoa,1991,East Asia & Pacific,Lower middle income,-1.81919798798399,-2.30001238645001,NA,39.4229131111822,2.53986542875199,0,0,0
WSM,Samoa,2002,East Asia & Pacific,Lower middle income,8.0503144654087,5.65195919890348,87.9199711386734,34.6499439943095,0.567585520505441,0,0,0
WSM,Samoa,2003,East Asia & Pacific,Lower middle income,0.115830115830107,5.21262892634149,76.272148769255,36.5983961383042,0.817062394804595,0,0,0
WSM,Samoa,2017,East Asia & Pacific,Lower middle income,1.74989677484705,1.40628239971301,74.011085031494,48.675298407461,1.04146807605773,0,0,0
WSM,Samoa,2018,East Asia & Pacific,Lower middle income,4.19745888663752,-0.609647103380141,78.9349676190658,52.6851790162223,1.90261035583233,0,0,0
WSM,Samoa,2019,East Asia & Pacific,Lower middle income,0.982326569888117,4.45185891688691,83.3310820410377,52.0007875858002,-0.238656491573744,0,0,0
WSM,Samoa,2007,East Asia & Pacific,Lower middle income,5.57706393219629,0.485982550017255,83.2022041824641,40.724055468647,1.18938989753826,0,0,0
WSM,Samoa,2008,East Asia & Pacific,Lower middle income,11.565906838454,3.55610467395,73.8864270586579,38.6950454746052,7.15667986967314,0,0,0
WSM,Samoa,2009,East Asia & Pacific,Lower middle income,6.32495336235228,-0.541677601834593,75.9793921615973,41.6765624323052,1.57134083023162,0,0,0
WSM,Samoa,2010,East Asia & Pacific,Lower middle income,0.777007268777692,6.1247199226125,78.5698016774915,44.057148431282,0.0494567694984404,0,0,0
WSM,Samoa,1998,East Asia & Pacific,Lower middle income,2.21883468834654,2.19488971786478,NA,29.0396918936827,1.11323349425146,0,0,0
WSM,Samoa,1999,East Asia & Pacific,Lower middle income,0.265120132560355,2.18543437397388,NA,32.5215854781804,-0.281322366753033,0,0,0
WSM,Samoa,2000,East Asia & Pacific,Lower middle income,0.966782350024729,5.09304469244418,NA,35.2658366328029,-0.466208760178323,0,0,0
WSM,Samoa,2001,East Asia & Pacific,Lower middle income,3.83828463867725,7.39012906172989,NA,33.7077654420783,0.531202467169116,0,0,0
WSM,Samoa,2015,East Asia & Pacific,Lower middle income,0.724470134874729,3.8503618166494,74.6343545643839,43.4674579320742,3.26002743040368,0,0,0
WSM,Samoa,2016,East Asia & Pacific,Lower middle income,1.30471869303179,7.9838628784713,75.2118171706314,42.9752954840578,0.298684612802242,0,0,0
WSM,Samoa,1987,East Asia & Pacific,Lower middle income,4.56684949636828,0.483096051256624,NA,34.0245685650956,0.492328968007202,0,0,0
WSM,Samoa,2020,East Asia & Pacific,Lower middle income,-1.56891247740895,-3.10864485863991,77.4848006217247,55.8809453988667,0.509397965194954,0,0,0
WSM,Samoa,2012,East Asia & Pacific,Lower middle income,2.0490188352116,-3.73213020890266,82.7339794775292,39.4702117490305,2.69957638721683,0,0,0
WSM,Samoa,2013,East Asia & Pacific,Lower middle income,0.61008572090503,0.107293276488932,77.877751737476,40.9868119812795,1.72885382959682,0,0,0
WSM,Samoa,2014,East Asia & Pacific,Lower middle income,-0.40681608842489,0.659923768782861,80.5007740440855,44.2561043452283,2.86810154101309,0,0,0
WSM,Samoa,2011,East Asia & Pacific,Lower middle income,5.23541591478434,3.84907794660396,81.600955014363,40.1876546706882,2.0416002953816,0,0,0
WSM,Samoa,1988,East Asia & Pacific,Lower middle income,8.50786801086301,-1.44229968442642,NA,31.4312122207099,0.0902146666454522,0,0,0
WSM,Samoa,1990,East Asia & Pacific,Lower middle income,15.2384632724695,-4.42145088411849,NA,41.6515755161173,5.24782997288413,0,0,0
WSM,Samoa,1989,East Asia & Pacific,Lower middle income,6.46256171146444,3.70731363153662,NA,36.3900366267781,0.127486672982164,0,0,0
STP,Sao Tome and Principe,1990,Sub-Saharan Africa,Lower middle income,NA,-2.1526457716534,NA,NA,NA,0,0,0
STP,Sao Tome and Principe,1991,Sub-Saharan Africa,Lower middle income,NA,1.2010046399312,NA,NA,NA,0,0,0
STP,Sao Tome and Principe,1992,Sub-Saharan Africa,Lower middle income,NA,0.699996987364386,NA,NA,NA,0,0,0
STP,Sao Tome and Principe,1993,Sub-Saharan Africa,Lower middle income,NA,1.09999859547847,NA,NA,-0.381733332346607,0,0,0
STP,Sao Tome and Principe,1994,Sub-Saharan Africa,Lower middle income,NA,2.20000158236296,NA,NA,NA,0,0,0
STP,Sao Tome and Principe,1995,Sub-Saharan Africa,Lower middle income,NA,2.00000170678776,NA,13.8067699057663,0.0289309335040707,0,0,0
STP,Sao Tome and Principe,1996,Sub-Saharan Africa,Lower middle income,NA,1.50000107570656,NA,12.5949409367459,0.236707109850635,0,0,0
STP,Sao Tome and Principe,1997,Sub-Saharan Africa,Lower middle income,35.81717824448,0.996320930540918,NA,19.40282915571,0.435159711289476,0,0,0
STP,Sao Tome and Principe,1989,Sub-Saharan Africa,Lower middle income,NA,3.13531564577619,NA,NA,-0.0507380524323596,0,0,0
STP,Sao Tome and Principe,2003,Sub-Saharan Africa,Lower middle income,9.79241974934509,8.29151946119818,NA,30.9375311761466,3.3305327757187,0,1,0
STP,Sao Tome and Principe,2004,Sub-Saharan Africa,Lower middle income,13.2858860871796,3.5379059435684,NA,26.2842304047951,3.05544616526837,0,1,0
STP,Sao Tome and Principe,2005,Sub-Saharan Africa,Lower middle income,17.1522049354354,6.61462475033599,NA,30.0913279635052,11.4796071529221,0,1,0
STP,Sao Tome and Principe,2006,Sub-Saharan Africa,Lower middle income,23.0770373451381,8.86610935944026,NA,32.0617916148797,26.6263783885012,1,1,0
STP,Sao Tome and Principe,2007,Sub-Saharan Africa,Lower middle income,18.5485136325779,3.64147185166024,NA,37.9005828623502,24.156401012097,1,1,1
STP,Sao Tome and Principe,2008,Sub-Saharan Africa,Lower middle income,31.9901039492573,6.2287850696102,NA,37.9044582267528,42.0928084101522,1,1,1
STP,Sao Tome and Principe,2009,Sub-Saharan Africa,Lower middle income,16.9574758025945,3.30239966645061,NA,34.843260389528,7.72419866486855,1,1,1
STP,Sao Tome and Principe,2010,Sub-Saharan Africa,Lower middle income,13.34005235378,1.44845522890635,NA,38.9204012764304,26.6286088078235,1,1,0
STP,Sao Tome and Principe,1998,Sub-Saharan Africa,Lower middle income,50.4931357486254,2.49998790327494,NA,16.7770737883825,5.81030163317643,0,0,0
STP,Sao Tome and Principe,1999,Sub-Saharan Africa,Lower middle income,12.7251770130085,2.50000625631461,NA,16.3391004944112,3.88087213198641,1,1,0
STP,Sao Tome and Principe,2000,Sub-Saharan Africa,Lower middle income,12.2089456308977,0.448368261692949,NA,18.4703381459423,4.98698169293887,1,1,0
STP,Sao Tome and Principe,2001,Sub-Saharan Africa,Lower middle income,9.22203707560889,3.06448295788719,NA,22.7924751350645,3.94990814037949,0,1,0
STP,Sao Tome and Principe,2002,Sub-Saharan Africa,Lower middle income,10.128724672229,3.360188168222,NA,24.7939700985347,4.22678714274198,0,1,0
STP,Sao Tome and Principe,2016,Sub-Saharan Africa,Lower middle income,5.43051966119156,5.17682468684113,NA,41.5126120840159,7.98279155418215,0,0,0
STP,Sao Tome and Principe,2017,Sub-Saharan Africa,Lower middle income,5.6902961992902,4.11297966281954,NA,38.2257805044395,10.6236604862763,0,0,0
STP,Sao Tome and Principe,2018,Sub-Saharan Africa,Lower middle income,7.86859628873909,4.37812808264972,NA,38.7227078092734,6.17598418618007,0,0,0
STP,Sao Tome and Principe,2019,Sub-Saharan Africa,Lower middle income,7.72024525213248,2.01431672129407,NA,33.4061132286314,5.85791781434652,0,0,0
STP,Sao Tome and Principe,2020,Sub-Saharan Africa,Lower middle income,9.81932791540146,2.62485949543812,NA,32.9497682152999,9.99771582880853,0,1,0
STP,Sao Tome and Principe,2011,Sub-Saharan Africa,Lower middle income,14.3271667616801,1.99943210333259,NA,37.6879576464353,14.1981181119688,1,1,0
STP,Sao Tome and Principe,2012,Sub-Saharan Africa,Lower middle income,10.6379353431628,2.94294277416023,NA,41.2762616060837,9.95129371315347,1,1,0
STP,Sao Tome and Principe,2013,Sub-Saharan Africa,Lower middle income,8.10583270875476,5.11967735428513,NA,42.470839095543,4.55447319839345,0,1,0
STP,Sao Tome and Principe,2014,Sub-Saharan Africa,Lower middle income,6.99849943966421,4.90621048664867,NA,45.5739060207801,9.03727468460171,0,0,0
STP,Sao Tome and Principe,2015,Sub-Saharan Africa,Lower middle income,5.24587835022454,1.5397042826735,NA,49.1047473580721,10.7400374911446,0,0,0
STP,Sao Tome and Principe,1988,Sub-Saharan Africa,Lower middle income,NA,1.99872995054187,NA,NA,0.20201864221136,0,0,0
STP,Sao Tome and Principe,1985,Sub-Saharan Africa,Lower middle income,NA,9.29988604655227,NA,NA,0,0,0,0
STP,Sao Tome and Principe,1986,Sub-Saharan Africa,Lower middle income,NA,-5.83211886217245,NA,NA,0,0,0,0
STP,Sao Tome and Principe,1987,Sub-Saharan Africa,Lower middle income,NA,-2.93011348938296,NA,NA,0.206980547520272,0,0,0
SEN,Senegal,1985,Sub-Saharan Africa,Lower middle income,13.0000576159794,3.46308446515194,52.6337717754652,17.491884463652,-0.413822726298288,0,0,0
SEN,Senegal,1988,Sub-Saharan Africa,Lower middle income,-1.82668225079295,-0.816575488243529,40.6318676835579,17.4969876705463,0.232775309404989,0,0,0
SEN,Senegal,1996,Sub-Saharan Africa,Lower middle income,2.75430663482407,2.01997720854131,46.272432717398,16.6880878443615,0.212746510943075,0,0,0
SEN,Senegal,1986,Sub-Saharan Africa,Lower middle income,6.18477854456934,3.12698554897204,44.8247040340199,17.8687267708067,-0.156374360400421,0,0,0
SEN,Senegal,1987,Sub-Saharan Africa,Lower middle income,-4.14072378633809,6.25586340662731,39.3920531855599,17.0709675185481,-0.0610354442380705,0,0,0
SEN,Senegal,2000,Sub-Saharan Africa,Lower middle income,0.731981981981597,3.88721095816793,48.680089723263,18.5016786342501,1.35774452423374,0,0,0
SEN,Senegal,1997,Sub-Saharan Africa,Lower middle income,1.75316478097236,3.04560103485423,47.2413224036235,16.4735863365338,2.95970811733686,0,0,0
SEN,Senegal,1998,Sub-Saharan Africa,Lower middle income,1.15678070391341,5.89847931769205,48.0986748167655,16.4199461160237,1.0929925848965,0,0,0
SEN,Senegal,1999,Sub-Saharan Africa,Lower middle income,0.827250608272497,6.28330825030987,49.4852621662422,17.5713040802802,2.45246449488128,0,0,0
SEN,Senegal,1991,Sub-Saharan Africa,Lower middle income,-1.75355690199309,2.65996265739379,42.1828996492748,18.1560966341419,-0.104067678277249,0,0,0
SEN,Senegal,2001,Sub-Saharan Africa,Lower middle income,2.97450083919566,4.31085146618369,49.7205780648314,15.1480350117526,0.692757272925303,0,0,0
SEN,Senegal,1989,Sub-Saharan Africa,Lower middle income,0.447309340771316,3.97378331483225,42.9574202579719,18.1670758870057,0.421012327452079,0,0,0
SEN,Senegal,1990,Sub-Saharan Africa,Lower middle income,0.325098630183258,-0.746282224252312,44.7892639604104,17.4516459680759,0.769765877822533,0,0,0
SEN,Senegal,2009,Sub-Saharan Africa,Lower middle income,-2.2480214785534,2.75210448455053,52.3072908773365,26.7483586125725,2.05299535843601,0,0,0
SEN,Senegal,2010,Sub-Saharan Africa,Lower middle income,1.22868119673344,3.39088925336209,52.4578551962948,28.3706697951764,1.68778336701059,0,0,0
SEN,Senegal,2011,Sub-Saharan Africa,Lower middle income,3.40322829786971,1.33409107961258,57.5768785989578,28.9785549517304,1.90106996405963,0,0,0
SEN,Senegal,2012,Sub-Saharan Africa,Lower middle income,1.41822871177854,4.00299555090457,61.9753040040375,28.6514378487428,1.56368019565039,0,0,0
SEN,Senegal,2013,Sub-Saharan Africa,Lower middle income,0.710245486695176,2.41238527605579,60.6267663596737,29.8712969116485,1.64581763022307,0,0,0
SEN,Senegal,2014,Sub-Saharan Africa,Lower middle income,-1.09025507446895,6.22407443790986,58.4425289760992,31.7289742482633,2.03613121185767,0,0,0
SEN,Senegal,2002,Sub-Saharan Africa,Lower middle income,2.33730187454299,0.0686965747419066,53.1442994641329,15.9389697692296,1.18024440779397,0,0,0
SEN,Senegal,2003,Sub-Saharan Africa,Lower middle income,-0.0519970242714495,5.59395094456143,50.8212198933376,20.2692369214428,0.986458285223565,0,0,0
SEN,Senegal,2004,Sub-Saharan Africa,Lower middle income,0.514781781023016,4.64329393683312,53.6592031275529,22.2623574933595,1.36534663159615,0,0,0
SEN,Senegal,1992,Sub-Saharan Africa,Lower middle income,-0.109942967085665,1.32023303661357,41.4568617276384,18.7178680950542,0.275210567310394,0,0,0
SEN,Senegal,1993,Sub-Saharan Africa,Lower middle income,-0.586434615120184,1.36021300651346,38.7742599564223,16.1298266264645,-0.0110241006551291,0,0,0
SEN,Senegal,1994,Sub-Saharan Africa,Lower middle income,32.2936668569552,-0.0475209486617416,54.7381345984609,16.6970052365714,1.32833576338483,0,0,0
SEN,Senegal,1995,Sub-Saharan Africa,Lower middle income,7.8640078457011,5.46858485819628,52.7254034277702,15.8771912554011,0.500667561946631,0,0,0
SEN,Senegal,2006,Sub-Saharan Africa,Lower middle income,2.11228583877117,2.33077098330239,54.1362378092613,23.7553734685048,2.47770837743402,0,0,0
SEN,Senegal,2015,Sub-Saharan Africa,Lower middle income,0.135211933635165,6.36704365066983,58.1103376742017,35.2898272065166,2.30194934655844,0,0,0
SEN,Senegal,2016,Sub-Saharan Africa,Lower middle income,0.837284942557434,6.35606857181878,54.1081692072139,37.3774839589517,2.48110320660753,0,0,0
SEN,Senegal,2005,Sub-Saharan Africa,Lower middle income,1.71133325855502,4.31023852639633,54.9032435689485,22.2803429082051,1.52551294776184,0,0,0
SEN,Senegal,2007,Sub-Saharan Africa,Lower middle income,5.85330428467681,2.82711920133374,59.2713043549794,24.4766407245979,2.51145667497291,0,0,0
SEN,Senegal,2008,Sub-Saharan Africa,Lower middle income,7.34720236578406,3.70316906391386,62.7617698176319,23.8672279723791,2.70404739796078,0,0,0
SEN,Senegal,2020,Sub-Saharan Africa,Lower middle income,2.54314685681662,1.3420737726679,60.0468716137065,45.2871838642949,7.52395708111684,0,0,0
SEN,Senegal,2017,Sub-Saharan Africa,Lower middle income,1.31815314847789,7.4074861863013,57.7052798455617,37.7934171890201,2.80185380597297,0,0,0
SEN,Senegal,2018,Sub-Saharan Africa,Lower middle income,0.460985642464188,6.20924103389086,61.7898394793183,40.962835245707,3.6676580901097,0,0,0
SEN,Senegal,2019,Sub-Saharan Africa,Lower middle income,1.76011151192939,4.61362809749708,64.2362506061005,41.5089482482083,4.55247618583033,0,0,0
SRB,Serbia,1993,Europe & Central Asia,Upper middle income,NA,NA,NA,NA,NA,0,0,0
SRB,Serbia,1994,Europe & Central Asia,Upper middle income,NA,NA,NA,NA,NA,0,0,0
SRB,Serbia,1995,Europe & Central Asia,Upper middle income,82.6605151864663,NA,12.5744954171822,NA,0.251007897798829,0,0,0
SRB,Serbia,1996,Europe & Central Asia,Upper middle income,95.6009261208171,6.16496253825672,27.3190037104059,NA,4.43777510044016e-6,0,0,0
SRB,Serbia,1997,Europe & Central Asia,Upper middle income,23.307866135801,8.93321347004755,32.6780204946957,9.29493188886695,2.72525634678692,1,1,1
SRB,Serbia,1985,Europe & Central Asia,Upper middle income,NA,NA,NA,NA,NA,0,0,0
SRB,Serbia,1986,Europe & Central Asia,Upper middle income,NA,NA,NA,NA,NA,0,0,0
SRB,Serbia,1987,Europe & Central Asia,Upper middle income,NA,NA,NA,NA,NA,0,0,0
SRB,Serbia,1992,Europe & Central Asia,Upper middle income,NA,NA,NA,NA,NA,0,0,0
SRB,Serbia,2006,Europe & Central Asia,Upper middle income,11.7240229980834,3.90066644620993,75.529235364472,28.4734442731579,15.759397156392,1,1,0
SRB,Serbia,2007,Europe & Central Asia,Upper middle income,6.39170644391413,7.83207023027602,72.7165875771534,34.4793728512593,9.85383583099953,0,0,0
SRB,Serbia,2008,Europe & Central Asia,Upper middle income,12.410986775178,5.16089327231823,75.7432462868839,32.8378087790087,7.48017377130846,0,0,0
SRB,Serbia,2009,Europe & Central Asia,Upper middle income,8.11695092238082,-3.14261075416574,63.5017226157541,37.9908717499588,6.23823937763422,0,0,0
SRB,Serbia,2010,Europe & Central Asia,Upper middle income,6.14255360247248,1.61097281449412,73.7088615865295,40.211429231499,3.88925451665989,0,0,0
SRB,Serbia,1998,Europe & Central Asia,Upper middle income,30.1596997992844,5.34263970320437,39.1669755756981,9.41773060316288,0.537990822566861,1,1,1
SRB,Serbia,1999,Europe & Central Asia,Upper middle income,42.4539054642972,-10.3255055897713,24.1979423920709,10.2436822548669,0.536432041377847,1,1,1
SRB,Serbia,2000,Europe & Central Asia,Upper middle income,71.1206287946541,6.0550897288645,21.109043880746,14.0560140197114,0.679511512803921,1,1,1
SRB,Serbia,1988,Europe & Central Asia,Upper middle income,NA,NA,NA,NA,NA,0,0,0
SRB,Serbia,1989,Europe & Central Asia,Upper middle income,NA,NA,NA,NA,NA,0,0,0
SRB,Serbia,1990,Europe & Central Asia,Upper middle income,NA,NA,NA,NA,NA,0,0,0
SRB,Serbia,1991,Europe & Central Asia,Upper middle income,NA,NA,NA,NA,NA,0,0,0
SRB,Serbia,2005,Europe & Central Asia,Upper middle income,16.1199806482826,5.90349622935489,71.9925488520017,24.2833954376954,7.8055726004638,0,1,0
SRB,Serbia,2016,Europe & Central Asia,Upper middle income,1.12231397417769,2.97519807160826,97.6906940431804,46.7580910241386,5.57770746372387,0,0,0
SRB,Serbia,2017,Europe & Central Asia,Upper middle income,3.13106248590115,2.3634031250553,102.740445166934,45.9312582582593,6.29636171721257,0,0,0
SRB,Serbia,2018,Europe & Central Asia,Upper middle income,1.95984076293801,4.64935035491007,105.563713028559,49.2786680271826,7.71374568954873,0,0,0
SRB,Serbia,2019,Europe & Central Asia,Upper middle income,1.84922984511086,4.75020793899014,107.577309546092,49.8047005176289,7.92487427143519,0,0,0
SRB,Serbia,2020,Europe & Central Asia,Upper middle income,1.57553290083415,-0.950023991851594,100.324460810129,57.853292583972,6.23865408002072,0,0,0
SRB,Serbia,2004,Europe & Central Asia,Upper middle income,11.0263627183464,6.68686836863701,72.2876162455649,20.6010059685357,4.00991273848132,0,1,0
SRB,Serbia,2001,Europe & Central Asia,Upper middle income,95.0052258100006,6.77852279368084,53.8950786178485,13.7681511393275,1.30646368055417,1,1,1
SRB,Serbia,2002,Europe & Central Asia,Upper middle income,19.4908321579689,6.54104600309256,54.302882889577,16.5748808499115,3.13724220833625,1,1,1
SRB,Serbia,2003,Europe & Central Asia,Upper middle income,9.87617889729578,4.55968997935088,58.2946720222191,18.0130292991782,6.42739472772176,0,1,0
SRB,Serbia,2015,Europe & Central Asia,Upper middle income,1.39235822000187,1.2957386351958,93.5281477663237,43.8288914123127,5.67381755834409,0,0,0
SRB,Serbia,2014,Europe & Central Asia,Upper middle income,2.0824479388015402,-1.80427041681132,88.3815023270446,42.5657385396346,4.07119376860245,0,0,0
SRB,Serbia,2011,Europe & Central Asia,Upper middle income,11.1373976342129,0.0542724836581954,75.7493613069523,39.9222300301779,9.6203440965999,0,0,0
SRB,Serbia,2012,Europe & Central Asia,Upper middle income,7.33038589596646,-0.443956070983248,82.0766814348254,41.3773211839511,2.82759932149649,0,0,0
SRB,Serbia,2013,Europe & Central Asia,Upper middle income,7.69426362896655,0.451578805330726,84.3322563766638,39.9578084525249,4.08141056622247,0,1,0
SLB,Solomon Islands,1991,East Asia & Pacific,Lower middle income,15.050130775937,6.00000155634048,168.200409411776,28.0970770524619,6.37834083813662,0,1,0
SLB,Solomon Islands,1992,East Asia & Pacific,Lower middle income,10.7511603675285,12.6999982482398,149.791776736118,27.4238277079751,5.26810062249907,0,1,0
SLB,Solomon Islands,1993,East Asia & Pacific,Lower middle income,9.16866233321985,3.9999995348559,161.468807053225,26.0569765842067,7.77094629688508,0,1,0
SLB,Solomon Islands,1994,East Asia & Pacific,Lower middle income,13.2560325916638,8.10000122622149,136.814712152103,23.5748945154044,0.520408720090099,0,1,0
SLB,Solomon Islands,1995,East Asia & Pacific,Lower middle income,9.62921970116226,10.0886153892407,114.205186316442,21.3503030815511,0.431553004153041,0,1,0
SLB,Solomon Islands,1996,East Asia & Pacific,Lower middle income,11.7743563856637,1.60990763464251,98.795453322306,21.6173677903757,1.16423758458683,0,1,0
SLB,Solomon Islands,1997,East Asia & Pacific,Lower middle income,8.08400135486043,-0.914077188158032,100.91097317163,21.4561254161428,6.43275577805472,0,1,0
SLB,Solomon Islands,1998,East Asia & Pacific,Lower middle income,12.3995038128069,1.29151224937236,83.1388019998149,19.5413851296541,1.92417308012615,0,1,0
SLB,Solomon Islands,1990,East Asia & Pacific,Lower middle income,8.73759261848181,2.19999999881691,142.442017969002,25.7847657566135,4.85848679417669,0,1,0
SLB,Solomon Islands,2004,East Asia & Pacific,Lower middle income,6.98584202682567,7.68364102152745,62.8118976683083,18.4255895844685,-0.642148336511867,0,0,0
SLB,Solomon Islands,2005,East Asia & Pacific,Lower middle income,7.33066341633299,7.35907917681935,66.5710765635257,22.6531711840409,0.099144118861877,0,0,0
SLB,Solomon Islands,2006,East Asia & Pacific,Lower middle income,11.2199870214146,4.13726239664898,69.7893991429226,25.3838081094705,7.17813029275399,0,0,0
SLB,Solomon Islands,2007,East Asia & Pacific,Lower middle income,7.66602013484806,3.63973499569106,83.7476138715,27.2726099023519,12.3665456662597,0,1,0
SLB,Solomon Islands,2008,East Asia & Pacific,Lower middle income,17.3200651968774,6.22590636247851,87.3526158028726,26.0542812309102,9.68358178998539,0,1,0
SLB,Solomon Islands,2009,East Asia & Pacific,Lower middle income,7.09271716876286,2.86486309630651,71.8849530192377,28.2140039577131,6.03099456453907,0,1,0
SLB,Solomon Islands,2010,East Asia & Pacific,Lower middle income,1.05148163321038,9.70817235491481,96.1485545423385,28.6432562917038,18.4740701129879,0,0,0
SLB,Solomon Islands,2011,East Asia & Pacific,Lower middle income,7.34270706018,7.43023752099302,107.247515572534,32.1040074507949,11.2842365456827,0,0,0
SLB,Solomon Islands,1999,East Asia & Pacific,Lower middle income,8.02036839296841,-0.485730727999837,69.1617439923623,19.5083976460612,2.02868816012206,0,1,0
SLB,Solomon Islands,2000,East Asia & Pacific,Lower middle income,7.88956186986721,-14.2769995911797,58.5523280892414,21.6802604796966,0.477405088785097,0,1,0
SLB,Solomon Islands,2001,East Asia & Pacific,Lower middle income,6.92583732057426,-7.95660610016238,45.1100685673042,19.2589072722057,-2.10427182649691,0,0,0
SLB,Solomon Islands,2002,East Asia & Pacific,Lower middle income,10.9296341872692,-2.79998288464981,45.1275100252581,18.9395826479548,0.04208946552377,0,0,0
SLB,Solomon Islands,2003,East Asia & Pacific,Lower middle income,8.26946349334406,6.52346685055134,55.9586091334969,17.4872870099685,-0.24166681936572,0,0,0
SLB,Solomon Islands,2017,East Asia & Pacific,Lower middle income,0.488686760261083,3.07546176144591,82.1974922027324,42.3350723943048,2.91769302207799,0,0,0
SLB,Solomon Islands,2018,East Asia & Pacific,Lower middle income,3.46147484973729,2.74585244829055,88.4949614655388,40.8100520795456,1.54707244532947,0,0,0
SLB,Solomon Islands,2019,East Asia & Pacific,Lower middle income,1.63485544012247,1.74925244485951,82.9985659020552,38.4030675030722,2.02495638459342,0,0,0
SLB,Solomon Islands,2020,East Asia & Pacific,Lower middle income,2.96354992076065,-3.38125925839405,60.2204365577573,42.9451600867193,0.584583885803386,0,0,0
SLB,Solomon Islands,2012,East Asia & Pacific,Lower middle income,5.91200602491155,2.46591837712438,104.823434628967,35.143919246701,2.01494633587355,0,0,0
SLB,Solomon Islands,2013,East Asia & Pacific,Lower middle income,5.3913638858756,5.23744704670068,99.6074605551315,36.6688559486235,4.15538562986034,0,0,0
SLB,Solomon Islands,2014,East Asia & Pacific,Lower middle income,5.16590237925171,1.18945509547778,93.4534070100296,36.8981027496372,1.5740038730018,0,0,0
SLB,Solomon Islands,2015,East Asia & Pacific,Lower middle income,-0.57446928635949,1.67578612030815,88.1884859107326,40.3814541039984,2.46368311219347,0,0,0
SLB,Solomon Islands,2016,East Asia & Pacific,Lower middle income,0.512485626268792,5.55494348257992,85.54984577725,43.2488267349397,2.70706733520786,0,0,0
SLB,Solomon Islands,1989,East Asia & Pacific,Lower middle income,14.9322478710301,4.26425671266092,193.46155193167,32.1799455762639,6.7093585780817,1,1,0
SLB,Solomon Islands,1985,East Asia & Pacific,Lower middle income,9.56822107081143,-3.13232290871788,142.79660059555,26.8951277367407,0.407990379303906,0,0,0
SLB,Solomon Islands,1986,East Asia & Pacific,Lower middle income,13.5718789407313,-0.201430169017442,157.92730110765,28.0165366065973,2.10051090163283,0,0,0
SLB,Solomon Islands,1987,East Asia & Pacific,Lower middle income,10.9923664122135,8.42131018975358,157.995793180199,31.207547881864,6.75745867385095,0,1,0
SLB,Solomon Islands,1988,East Asia & Pacific,Lower middle income,16.7375265724654,1.25019632877232,192.625503459946,34.8448108822396,0.952244872912982,1,1,0
ZAF,South Africa,1987,Sub-Saharan Africa,Upper middle income,16.1605948546791,2.10072902053675,44.9712541338082,46.3145510048334,-0.198546075632057,1,1,1
ZAF,South Africa,1988,Sub-Saharan Africa,Upper middle income,12.779553083028,4.20010964838187,45.8513122493528,48.9128043724724,0.152377367726155,1,1,0
ZAF,South Africa,1989,Sub-Saharan Africa,Upper middle income,14.7308753982381,2.39479511538406,42.6997653451896,49.1918876479825,-0.186208198144161,1,1,0
ZAF,South Africa,1986,Sub-Saharan Africa,Upper middle income,18.6549230388755,0.0178492401652193,46.6489279194359,45.437810974955,-0.0688258892123962,0,0,0
ZAF,South Africa,1996,Sub-Saharan Africa,Upper middle income,7.35411972085333,4.29999999726792,42.199251732528,44.6406744259231,0.500131495666207,0,1,0
ZAF,South Africa,1997,Sub-Saharan Africa,Upper middle income,8.59777611252274,2.60000000146347,42.3013344291831,47.4025072600946,2.25505250994968,0,1,0
ZAF,South Africa,1998,Sub-Saharan Africa,Upper middle income,6.88054521037351,0.50000000034143,44.0357453368965,49.6006941482149,0.359738435986599,0,0,0
ZAF,South Africa,1999,Sub-Saharan Africa,Upper middle income,5.18148905111697,2.39999999746338,42.2582960172673,50.2591803301844,0.992187596290552,0,0,0
ZAF,South Africa,2000,Sub-Saharan Africa,Upper middle income,5.33895913599828,4.20000000067826,46.2207217354077,47.3643581454259,0.638427514423676,0,0,0
ZAF,South Africa,2001,Sub-Saharan Africa,Upper middle income,5.70189483049608,2.70000000019104,49.170945185829,51.4195683669222,5.36834529785161,0,0,0
ZAF,South Africa,2002,Sub-Saharan Africa,Upper middle income,9.494713780996,3.70037440406668,53.4655016294369,52.117445159726,1.14635726911695,0,0,0
ZAF,South Africa,1990,Sub-Saharan Africa,Upper middle income,14.3209918914915,-0.317760426540374,38.2118009241798,47.8135664940345,-0.0600742002495873,1,1,0
ZAF,South Africa,1991,Sub-Saharan Africa,Upper middle income,15.3347785733672,-1.0182449675445,34.8816092569776,48.913858681095,0.187963513611018,1,1,0
ZAF,South Africa,1992,Sub-Saharan Africa,Upper middle income,13.874703748615,-2.13703284500521,34.3213534993474,44.8176063714297,0.00228504771765059,1,1,0
ZAF,South Africa,1993,Sub-Saharan Africa,Upper middle income,9.71742729803028,1.23355793864741,35.6981243460429,41.5165489636198,0.00767048159682976,0,1,0
ZAF,South Africa,1994,Sub-Saharan Africa,Upper middle income,8.938563723594,3.20000000297172,37.1146091666279,43.3445594540077,0.24389539814991,0,1,0
ZAF,South Africa,1995,Sub-Saharan Africa,Upper middle income,8.68042421392631,3.10000000054411,39.4780337793026,44.011018589913,0.72694450392697,0,1,0
ZAF,South Africa,2009,Sub-Saharan Africa,Upper middle income,7.23809523809527,-1.53808913525583,49.5875353278801,69.7119446561274,2.31217470344994,0,0,0
ZAF,South Africa,2010,Sub-Saharan Africa,Upper middle income,4.06749555950263,3.03973288127956,50.4060871625999,68.1689583631844,0.884904611686012,0,0,0
ZAF,South Africa,2011,Sub-Saharan Africa,Upper middle income,5.0008533879502,3.16855627858818,54.6363504358971,67.8297284104177,0.903381424332556,0,0,0
ZAF,South Africa,2012,Sub-Saharan Africa,Upper middle income,5.73797139141739,2.39623238465745,55.5826171933345,66.550267601772,1.06492249485696,0,0,0
ZAF,South Africa,2013,Sub-Saharan Africa,Upper middle income,5.78016910069176,2.48546800826588,58.875027630051,64.9807634284201,2.05358095229684,0,0,0
ZAF,South Africa,2014,Sub-Saharan Africa,Upper middle income,6.13282953059149,1.41382645223793,59.4995740550593,65.2381425601434,1.51932743753979,0,0,0
ZAF,South Africa,2015,Sub-Saharan Africa,Upper middle income,4.51869094892506,1.32186223678229,56.7266761447156,67.3018792759517,0.438735792056356,0,0,0
ZAF,South Africa,2003,Sub-Saharan Africa,Upper middle income,5.67942414068799,2.94907546754213,45.723862568979,53.933693311777,0.397492744432543,0,0,0
ZAF,South Africa,2004,Sub-Saharan Africa,Upper middle income,-0.692039437857687,4.55455990721774,45.6435752240041,55.0433217131858,0.274199790569949,0,0,0
ZAF,South Africa,2005,Sub-Saharan Africa,Upper middle income,2.06285308223427,5.27705197295467,47.4277813970329,59.760936349771,2.25781874505445,0,0,0
ZAF,South Africa,2006,Sub-Saharan Africa,Upper middle income,3.2439076541923,5.60380645895889,53.7681412741145,65.4243148230338,0.205125538574008,0,0,0
ZAF,South Africa,2007,Sub-Saharan Africa,Upper middle income,6.17781214809388,5.36047405394162,57.125139137747,71.0936792582327,1.97755772219349,0,0,0
ZAF,South Africa,2008,Sub-Saharan Africa,Upper middle income,9.90998456005467,3.1910438863288,65.9745237996233,73.2952082257562,3.12686614310453,0,0,0
ZAF,South Africa,2018,Sub-Saharan Africa,Upper middle income,4.50987264867388,1.55678384721676,54.4855451276341,66.136856193442,1.3742911715346,0,0,0
ZAF,South Africa,2019,Sub-Saharan Africa,Upper middle income,4.10285075461156,0.25993557687633,53.8979964081406,66.90916485575,1.31407752293306,0,0,0
ZAF,South Africa,1985,Sub-Saharan Africa,Upper middle income,16.2942252426421,-1.21154088240387,47.9482663808045,48.7302222624409,-0.702215388638934,0,0,0
ZAF,South Africa,2017,Sub-Saharan Africa,Upper middle income,5.18618655524149,1.15794695181735,53.5359318293741,66.1447664923871,0.539673956759456,0,0,0
ZAF,South Africa,2016,Sub-Saharan Africa,Upper middle income,6.60290842394872,0.664552307858116,55.8612575048782,66.3120220770983,0.684612553455795,0,0,0
ZAF,South Africa,2020,Sub-Saharan Africa,Upper middle income,3.23238831615113,-6.1689177146757,50.7596590804177,74.03882567267,0.933073684352391,0,0,0
LKA,Sri Lanka,1990,South Asia,Lower middle income,21.495252052759,6.39999531084838,68.243915172911,28.2587504686622,0.539742838707762,1,1,0
LKA,Sri Lanka,1991,South Asia,Lower middle income,12.1856307214389,4.59998724404535,67.5959123930763,29.7628690097974,0.537191399720341,1,1,0
LKA,Sri Lanka,1992,South Asia,Lower middle income,11.3834370512206,4.39999125181939,72.8037565573982,30.4367168450185,1.26379157039996,1,1,0
LKA,Sri Lanka,1993,South Asia,Lower middle income,11.7467370174946,6.90006325149474,77.1475183409566,31.9499025359947,1.8810822763682,1,1,0
LKA,Sri Lanka,1994,South Asia,Lower middle income,8.44871248698348,5.59991872510166,79.4307906970319,32.9834014805227,1.42019594735505,0,1,0
LKA,Sri Lanka,1995,South Asia,Lower middle income,7.67484873449805,5.5000852341585,81.6350490886111,38.8518386515158,0.42975354803099,0,1,0
LKA,Sri Lanka,1996,South Asia,Lower middle income,15.9358310447214,3.79996720568178,78.8739637143809,37.5791404557574,0.862545735590984,0,1,0
LKA,Sri Lanka,1985,South Asia,Lower middle income,1.48118012235429,4.99940636872589,63.9772132409546,31.1966127790608,0.43760560255979303,0,0,0
LKA,Sri Lanka,1986,South Asia,Lower middle income,7.97636193570627,4.35554691657009,59.0475500629618,29.4197488215563,0.464045944529907,0,0,0
LKA,Sri Lanka,1987,South Asia,Lower middle income,7.71716560559269,1.72561069291237,60.8886607056623,30.9841248862614,0.890492572784856,0,0,0
LKA,Sri Lanka,1988,South Asia,Lower middle income,13.9915489002075,2.472685037698,62.9132091791226,31.5395392419205,0.655203410477031,0,1,0
LKA,Sri Lanka,1989,South Asia,Lower middle income,11.5675360890558,2.29930141198645,64.0169755965874,30.1158131922141,0.282532657248095,0,1,0
LKA,Sri Lanka,2004,South Asia,Lower middle income,7.57592582995856,5.44506127885352,79.4829449011187,41.0665812943213,1.12667735136244,0,0,0
LKA,Sri Lanka,2005,South Asia,Lower middle income,11.6396860971118,6.24174804376447,73.6039729580533,41.6778034206558,1.11612854301768,0,0,0
LKA,Sri Lanka,2006,South Asia,Lower middle income,10.0201836057035,7.66829190107919,71.2611784883009,40.9892214399826,1.6970072277349,0,1,0
LKA,Sri Lanka,2007,South Asia,Lower middle income,15.8421114924843,6.79682611892866,68.6065116601391,39.2326973771293,1.8639738781084,1,1,0
LKA,Sri Lanka,2009,South Asia,Lower middle income,3.46496322106074,3.53891205317842,49.1491415308235,37.353420524259,0.960390452698523,0,0,0
LKA,Sri Lanka,2010,South Asia,Lower middle income,6.2176488930462,8.01596737055139,NA,31.5461108559005,0.814446069624814,0,0,0
LKA,Sri Lanka,2011,South Asia,Lower middle income,6.7167684358854,8.6694830119314,NA,41.8727394923498,1.41088360121529,0,0,0
LKA,Sri Lanka,2012,South Asia,Lower middle income,7.54291373239437,8.63218137662685,NA,41.0453555049277,1.3359173422599,0,0,0
LKA,Sri Lanka,2013,South Asia,Lower middle income,6.90845034828452,4.05174633027869,NA,43.1505837837428,1.21148000445532,0,0,0
LKA,Sri Lanka,2014,South Asia,Lower middle income,3.1790022823606,6.3779788972687,NA,45.5725928058879,1.08277813761066,0,0,0
LKA,Sri Lanka,2015,South Asia,Lower middle income,3.76836783062096,4.20595547449241,46.9179708088816,49.685390040446,0.798746315198801,0,0,0
LKA,Sri Lanka,2016,South Asia,Lower middle income,3.9588884659307,5.05362488994436,46.4715370252187,52.1138656119301,1.01937184461335,0,0,0
LKA,Sri Lanka,2017,South Asia,Lower middle income,7.70413767850602,6.46068127065753,47.1404098004644,54.4889133714938,1.45462805347273,0,0,0
LKA,Sri Lanka,2018,South Asia,Lower middle income,2.135037737132,2.31008425545845,49.8093967521361,56.8919560259486,1.70888696252001,0,0,0
LKA,Sri Lanka,2019,South Asia,Lower middle income,3.52839358231811,-0.220483886831275,49.42552388546,59.4620662097669,0.835367459152173,0,0,0
LKA,Sri Lanka,2020,South Asia,Lower middle income,6.15394508391738,-4.62451503749502,37.089118857292,NA,0.514700552667608,0,0,0
LKA,Sri Lanka,1999,South Asia,Lower middle income,4.69170563048438,4.30054049813373,78.7514783496374,38.7281491333797,1.12277824473328,0,0,0
LKA,Sri Lanka,2000,South Asia,Lower middle income,6.17627591012045,6.00003315828934,88.636441704913,38.4388964692487,1.04207418020439,0,0,0
LKA,Sri Lanka,1997,South Asia,Lower middle income,9.57369626405162,6.40539969571286,80.1375533095503,37.4793433916825,2.84957994822129,0,1,0
LKA,Sri Lanka,1998,South Asia,Lower middle income,9.36424300683229,4.69842304772052,78.4949891255872,37.1067087366624,1.22725240374875,0,1,0
LKA,Sri Lanka,2003,South Asia,Lower middle income,6.31463787051174,5.9402690780223,75.336247330543,39.3880680483827,1.21132740876657,0,0,0
LKA,Sri Lanka,2001,South Asia,Lower middle income,14.15845579912,-1.54540813366026,80.8986015327576,39.0173000103738,1.09074720867871,0,0,0
LKA,Sri Lanka,2002,South Asia,Lower middle income,9.55103167007251,3.96467568513113,76.3351317826517,39.3504395072967,1.1882779089504,0,0,0
LKA,Sri Lanka,2008,South Asia,Lower middle income,22.5644955300126,5.95008814473897,63.369043608222,34.5243803776736,1.84752962305149,1,1,0
LCA,St. Lucia,1985,Latin America & Caribbean,Upper middle income,1.42319898238732,8.28776508696711,NA,42.7914062500039,5.9765625,0,0,0
LCA,St. Lucia,1986,Latin America & Caribbean,Upper middle income,2.19025825433132,14.4020192775924,NA,44.9025054466231,4.27015250544662,0,0,0
LCA,St. Lucia,1989,Latin America & Caribbean,Upper middle income,4.37263766397329,8.98100421493095,NA,52.1263318112633,5.47184170471841,0,0,0
LCA,St. Lucia,1990,Latin America & Caribbean,Upper middle income,4.26755662855972,9.89070151995526,NA,48.9109265175719,7.72651757188497,0,0,0
LCA,St. Lucia,1987,Latin America & Caribbean,Upper middle income,7.02175303902781,3.92373138061495,NA,47.2718934911243,3.99408284023669,0,0,0
LCA,St. Lucia,1997,Latin America & Caribbean,Upper middle income,-0.0055202870547238,-0.694130142059308,NA,53.4096641544118,5.93428308823529,0,0,0
LCA,St. Lucia,1998,Latin America & Caribbean,Upper middle income,3.20194341679091,6.28647121511862,NA,54.7288566061629,9.50485436893204,0,0,0
LCA,St. Lucia,1999,Latin America & Caribbean,Upper middle income,3.50379784108942,2.67060351127419,NA,56.3412932101245,9.0200883889112,0,0,0
LCA,St. Lucia,1988,Latin America & Caribbean,Upper middle income,0.829472425646376,13.8996638309097,NA,50.6281896551724,3.82758620689654,0,0,0
LCA,St. Lucia,2000,Latin America & Caribbean,Upper middle income,3.7107860871361,0.0487485535201131,NA,59.1158451151708,10.3032379060764,0,0,0
LCA,St. Lucia,2001,Latin America & Caribbean,Upper middle income,5.30722081028547,-3.40806396189404,NA,64.5323349792531,11.743549263599,0,0,0
LCA,St. Lucia,2002,Latin America & Caribbean,Upper middle income,-0.255536626916508,0.416450493043214,NA,64.8566646502058,11.1010234731533,0,0,0
LCA,St. Lucia,2003,Latin America & Caribbean,Upper middle income,1.03425372426221,4.26461148738223,NA,65.447780420105,16.5934320723105,0,0,0
LCA,St. Lucia,2004,Latin America & Caribbean,Upper middle income,1.46036814425245,7.2674088699471,NA,65.4257234722222,11.3957277281637,0,0,0
LCA,St. Lucia,2005,Latin America & Caribbean,Upper middle income,3.89827370759476,-0.410304726290235,NA,69.1118255055447,10.1698606969307,0,0,0
LCA,St. Lucia,2006,Latin America & Caribbean,Upper middle income,2.39562082529168,6.19525729141048,NA,72.6638226479852,22.7795189564418,0,0,0
LCA,St. Lucia,2007,Latin America & Caribbean,Upper middle income,2.82310373736929,1.69161857433913,NA,73.7687537294455,15.193420090713,0,0,0
LCA,St. Lucia,2008,Latin America & Caribbean,Upper middle income,5.54954769383937,4.94932194028057,NA,73.8247503654163,13.6063864155208,0,0,0
LCA,St. Lucia,2009,Latin America & Caribbean,Upper middle income,-0.156936087168669,-2.82889954830628,NA,78.0258814890724,9.63093050790719,0,0,0
LCA,St. Lucia,2010,Latin America & Caribbean,Upper middle income,3.25034409180129,0.330018546071486,NA,75.1123377802653,11.7530170243607,0,0,0
LCA,St. Lucia,2011,Latin America & Caribbean,Upper middle income,2.76940794144093,4.32694280532142,NA,73.2680704817539,6.19533348387191,0,0,0
LCA,St. Lucia,2012,Latin America & Caribbean,Upper middle income,4.17763587102515,-0.108756148262358,NA,74.2579792969772,7.38092558879021,0,0,0
LCA,St. Lucia,2013,Latin America & Caribbean,Upper middle income,1.46856511035428,-1.81877603735991,NA,73.6143237849424,7.56598774359971,0,0,0
LCA,St. Lucia,2014,Latin America & Caribbean,Upper middle income,3.51695551369241,1.32809022110105,NA,71.8560592058194,3.84517869828728,0,0,0
LCA,St. Lucia,2015,Latin America & Caribbean,Upper middle income,-0.983600952696996,0.101917836412952,NA,73.2997789219834,8.42203722655325,0,0,0
LCA,St. Lucia,2016,Latin America & Caribbean,Upper middle income,-3.07821765676927,3.42787214525211,NA,71.6219992983249,8.64914217402882,0,0,0
LCA,St. Lucia,2017,Latin America & Caribbean,Upper middle income,0.104262078958441,3.37982617272246,NA,68.8896878405325,4.500439600106,0,0,0
LCA,St. Lucia,2018,Latin America & Caribbean,Upper middle income,1.93561893150602,2.88677902171601,NA,70.1155281404886,2.20879100094065,0,0,0
LCA,St. Lucia,2019,Latin America & Caribbean,Upper middle income,0.539087559191757,-0.700322396299441,NA,63.211975755776,3.60370334233035,0,0,0
LCA,St. Lucia,2020,Latin America & Caribbean,Upper middle income,-1.75580833517594,-24.3614732129122,NA,77.1328545172478,6.61223231489807,0,0,0
LCA,St. Lucia,1993,Latin America & Caribbean,Upper middle income,0.848181596289603,0.583199758222051,NA,48.7426717144402,4.98864250946457,0,0,0
LCA,St. Lucia,1994,Latin America & Caribbean,Upper middle income,2.81591665153968,1.59856016206341,NA,49.8097772184743,4.55682407887908,0,0,0
LCA,St. Lucia,1991,Latin America & Caribbean,Upper middle income,6.14955053119049,0.375678035079076,NA,49.8656004828002,9.4091732045866,0,0,0
LCA,St. Lucia,1992,Latin America & Caribbean,Upper middle income,5.13889779944828,7.9530753604442,NA,46.6780769230769,6.07362637362637,0,0,0
LCA,St. Lucia,1995,Latin America & Caribbean,Upper middle income,5.62965921512378,1.74822586503767,NA,51.6107787378641,4.29271844660194,0,0,0
LCA,St. Lucia,1996,Latin America & Caribbean,Upper middle income,0.924842609615973,2.92258795742219,NA,52.3666072300469,2.33427230046948,0,0,0
VCT,St. Vincent and the Grenadines,1991,Latin America & Caribbean,Upper middle income,5.49200387001333,1.13557520041245,NA,57.8543398639614,3.49107610022673,0,0,0
VCT,St. Vincent and the Grenadines,1992,Latin America & Caribbean,Upper middle income,3.46353042727654,6.37794062708292,NA,57.1867338236862,5.00079948832747,0,0,0
VCT,St. Vincent and the Grenadines,1993,Latin America & Caribbean,Upper middle income,4.29137553446651,4.25073077397103,NA,60.819631838350404,10.967232837018,0,0,0
VCT,St. Vincent and the Grenadines,1995,Latin America & Caribbean,Upper middle income,1.73837289880567,7.76665024455248,NA,62.2561358149129,9.69620965284451,0,0,0
VCT,St. Vincent and the Grenadines,1996,Latin America & Caribbean,Upper middle income,4.40790113846454,1.28791200314089,NA,63.3826069808496,12.8645169940336,0,0,0
VCT,St. Vincent and the Grenadines,1997,Latin America & Caribbean,Upper middle income,0.443616029823348,3.50515087270627,NA,67.7043290591919,26.5894907239771,0,0,0
VCT,St. Vincent and the Grenadines,1998,Latin America & Caribbean,Upper middle income,2.1424064726839,4.0901949332585,NA,71.3001170732674,23.8082020678648,0,0,0
VCT,St. Vincent and the Grenadines,1999,Latin America & Caribbean,Upper middle income,1.01355044438875,2.71031071289156,NA,76.9658236487383,14.5363717367812,0,0,0
VCT,St. Vincent and the Grenadines,2000,Latin America & Caribbean,Upper middle income,0.167679637488279,1.63903190394467,NA,73.6136224513596,12.6913900432479,0,0,0
VCT,St. Vincent and the Grenadines,2001,Latin America & Caribbean,Upper middle income,0.9008584858665,1.74823102028898,NA,71.6013611144575,3.86141465002383,0,0,0
VCT,St. Vincent and the Grenadines,2002,Latin America & Caribbean,Upper middle income,1.85550399046655,5.34212707436718,NA,70.9184203740365,5.38789344689429,0,0,0
VCT,St. Vincent and the Grenadines,2003,Latin America & Caribbean,Upper middle income,0.205981708824254,6.69133665352797,NA,69.4807227902403,6.85125115746727,0,0,0
VCT,St. Vincent and the Grenadines,2004,Latin America & Caribbean,Upper middle income,2.96003946719286,4.11469880444737,NA,67.3652288411937,15.120110354189,0,0,0
VCT,St. Vincent and the Grenadines,2005,Latin America & Caribbean,Upper middle income,3.7334291646702,2.48855733938132,NA,66.4253488860865,6.88174169420403,0,0,0
VCT,St. Vincent and the Grenadines,2006,Latin America & Caribbean,Upper middle income,2.74067516070673,6.99692626758825,NA,62.7161164235167,18.6436807370603,0,0,0
VCT,St. Vincent and the Grenadines,2007,Latin America & Caribbean,Upper middle income,7.23614701584807,3.3229685982929,NA,61.066309425752,11.7815895828964,0,0,0
VCT,St. Vincent and the Grenadines,2008,Latin America & Caribbean,Upper middle income,10.0662418245849,0.404640808638888,NA,61.898836401423,21.4509743987017,0,0,0
VCT,St. Vincent and the Grenadines,2009,Latin America & Caribbean,Upper middle income,0.421539125687215,-1.3781936056056,NA,62.2123964157204,15.3014273138421,0,0,0
VCT,St. Vincent and the Grenadines,2010,Latin America & Caribbean,Upper middle income,0.747109026311474,-4.47046793507802,NA,63.3322187076414,13.3089028738841,0,0,0
VCT,St. Vincent and the Grenadines,2011,Latin America & Caribbean,Upper middle income,3.1860311155246,-0.60627665148327,NA,65.3039694918973,11.8576076339128,0,0,0
VCT,St. Vincent and the Grenadines,2012,Latin America & Caribbean,Upper middle income,2.59844414147101,1.16911218376478,NA,66.974752198668,18.1986473300916,0,0,0
VCT,St. Vincent and the Grenadines,2013,Latin America & Caribbean,Upper middle income,0.805127804267928,2.4624841721544,NA,68.2445363440386,20.0776834830317,0,0,0
VCT,St. Vincent and the Grenadines,2014,Latin America & Caribbean,Upper middle income,0.193858560794015,1.1457271877622,NA,73.5925621293865,16.1399244753356,0,0,0
VCT,St. Vincent and the Grenadines,2015,Latin America & Caribbean,Upper middle income,-1.73361194953959,2.78509791763551,NA,75.1321278900033,15.7495814618354,0,0,0
VCT,St. Vincent and the Grenadines,2016,Latin America & Caribbean,Upper middle income,-0.149641647633284,4.1496810046981,NA,73.9363782736444,8.66074512206484,0,0,0
VCT,St. Vincent and the Grenadines,2017,Latin America & Caribbean,Upper middle income,2.15333648840511,1.54810173239956,NA,72.3266824929462,19.5953970726633,0,0,0
VCT,St. Vincent and the Grenadines,2018,Latin America & Caribbean,Upper middle income,2.32414485367921,3.1756114423991,NA,69.8868955002534,4.52412383276845,0,0,0
VCT,St. Vincent and the Grenadines,2019,Latin America & Caribbean,Upper middle income,0.91306972532459,0.668428481084234,NA,71.545919537892,7.5606563885612,0,0,0
VCT,St. Vincent and the Grenadines,2020,Latin America & Caribbean,Upper middle income,-0.628131309354654,-4.26892434422649,NA,70.4042407757258,7.54647187844049,0,0,0
VCT,St. Vincent and the Grenadines,1985,Latin America & Caribbean,Upper middle income,2.13968510329097,6.17934619533374,NA,49.9020167717324,1.23590972634609,0,0,0
VCT,St. Vincent and the Grenadines,1986,Latin America & Caribbean,Upper middle income,1.02766798418975,5.59974051938687,NA,52.2994096343551,4.58223411235988,0,0,0
VCT,St. Vincent and the Grenadines,1987,Latin America & Caribbean,Upper middle income,3.30594679186221,0.438004972316747,NA,51.4502412427411,2.82660021832997,0,0,0
VCT,St. Vincent and the Grenadines,1988,Latin America & Caribbean,Upper middle income,0.227229691346298,14.07469453936,NA,56.6799756656057,4.53906258585701,0,0,0
VCT,St. Vincent and the Grenadines,1989,Latin America & Caribbean,Upper middle income,2.83393160778396,1.40561082593132,NA,59.6343805567736,4.93263753893149,0,0,0
VCT,St. Vincent and the Grenadines,1990,Latin America & Caribbean,Upper middle income,7.60609957743892,4.14918678513905,NA,60.4491594631658,3.18957148800444,0,0,0
VCT,St. Vincent and the Grenadines,1994,Latin America & Caribbean,Upper middle income,1.0089495525225,-1.24762336447148,NA,64.2326099196397,16.208988073911,0,0,0
SDN,Sudan,1986,Sub-Saharan Africa,Low income,24.453490125132,5.41381101301441,12.9605041517211,30.9656962802957,-0.0809536067458037,0,0,0
SDN,Sudan,1987,Sub-Saharan Africa,Low income,20.557237745391,14.2208845898774,16.6482910694598,29.3922271223815,0.0963340683572216,1,1,1
SDN,Sudan,1985,Sub-Saharan Africa,Low income,45.40750323421,-6.28104357777349,17.6291009158533,32.8293632024767,-0.0376458485603618,0,0,0
SDN,Sudan,1990,Sub-Saharan Africa,Low income,65.1580979966203,-5.47005377383857,11.0908904749794,21.337710679028,-0.0925352824411849,1,1,1
SDN,Sudan,1991,Sub-Saharan Africa,Low income,123.578126902936,7.51091035393294,15.0729562327699,17.6156998297742,-0.00140362969327896,1,1,1
SDN,Sudan,1988,Sub-Saharan Africa,Low income,64.7005631001051,-0.331091817526797,11.4879438435908,21.8994534336274,0.0140545638678655,1,1,1
SDN,Sudan,1989,Sub-Saharan Africa,Low income,66.7203219315898,8.93139368961116,14.688098488112,22.5413005454838,0.0162970421387532,1,1,1
SDN,Sudan,1994,Sub-Saharan Africa,Low income,115.398144292738,1.00622924788334,14.610015048858,10.7977627431041,0.775219565723085,1,1,1
SDN,Sudan,1995,Sub-Saharan Africa,Low income,68.3751929485422,5.99709226051246,14.7723984872323,8.59948844484934,0.0867656128706244,1,1,1
SDN,Sudan,1996,Sub-Saharan Africa,Low income,132.823777374139,5.9191237633176,20.0298432137309,10.1434231703026,0.00443542538902241,1,1,1
SDN,Sudan,1997,Sub-Saharan Africa,Low income,47.1685369647197,18.3126571850273,17.858606720307,8.57854742657078,0.838100557144089,1,1,1
SDN,Sudan,1998,Sub-Saharan Africa,Low income,24.6218785461586,4.30850425525036,21.8751479870534,9.08172283210902,3.29504622454876,1,1,1
SDN,Sudan,1999,Sub-Saharan Africa,Low income,17.1664454201761,3.10409561549652,24.7143682332999,9.38956353388243,3.47125085431825,1,1,1
SDN,Sudan,2000,Sub-Saharan Africa,Low income,7.12125897172291,6.34586743997545,29.4042344599492,10.9997434975975,3.19972610023634,0,1,0
SDN,Sudan,2001,Sub-Saharan Africa,Low income,1.93529572095333,6.50036053396883,20.2933456223411,10.6166086854335,3.65224475988548,0,0,0
SDN,Sudan,2002,Sub-Saharan Africa,Low income,22.2247241495905,6.0064715363132,25.6255617213052,11.7895012510546,3.93215499570306,0,0,0
SDN,Sudan,2003,Sub-Saharan Africa,Low income,6.48943208673338,6.28880816146516,26.4402280670553,12.9466608619289,6.31782319761386,0,0,0
SDN,Sudan,2004,Sub-Saharan Africa,Low income,9.65754628605945,5.14088851762675,30.4323376195052,13.6672028323055,5.67090591014718,0,0,0
SDN,Sudan,1992,Sub-Saharan Africa,Low income,117.624468896394,6.57786138499603,19.6706332930978,18.942161594902,0.00127987558620005,1,1,1
SDN,Sudan,1993,Sub-Saharan Africa,Low income,101.380423763812,4.56874918954713,11.4660832437785,18.7045651238967,-0.00180159781633417,1,1,1
SDN,Sudan,2007,Sub-Saharan Africa,Low income,14.7542770780084,5.73527423664484,34.4033361615632,16.4585485560035,2.53091571467554,0,1,0
SDN,Sudan,2008,Sub-Saharan Africa,Low income,14.2971224481434,3.84674473121058,36.7410978273835,16.9333100567917,2.54980980762297,0,1,0
SDN,Sudan,2009,Sub-Saharan Africa,Low income,11.256758706301,-2.76770436599138,32.7808783344833,21.1638143926285,3.3441756822644,1,1,0
SDN,Sudan,2010,Sub-Saharan Africa,Low income,12.9776663898014,3.85824195230107,32.728309950035,20.9761366289608,3.50004539535845,1,1,0
SDN,Sudan,2011,Sub-Saharan Africa,Low income,18.0966171221351,-3.21353209253371,27.512339023518,20.1957804339291,3.15234852962884,1,1,0
SDN,Sudan,2012,Sub-Saharan Africa,Low income,35.5590574147024,-17.0046884048945,21.8561745247301,26.0188577322584,6.14212434699966,1,1,0
SDN,Sudan,2013,Sub-Saharan Africa,Low income,36.5223449139154,1.95514463302422,26.8585245020134,21.1511862526727,3.92312074519106,1,1,1
SDN,Sudan,2014,Sub-Saharan Africa,Low income,36.9066427863595,4.66137954229873,20.8451090041313,17.635008647988,2.52698516017578,1,1,1
SDN,Sudan,2015,Sub-Saharan Africa,Low income,16.9095706050977,1.91017689052751,18.3782728546541,18.3447077708095,3.34135261447755,1,1,1
SDN,Sudan,2016,Sub-Saharan Africa,Low income,17.750253831196,3.46764218409288,15.2816698903461,18.842490520131,2.49532759301928,1,1,1
SDN,Sudan,2017,Sub-Saharan Africa,Low income,32.3516260968437,0.70925628476644,17.8313898297102,23.4576541992276,2.58043876395005,1,1,1
SDN,Sudan,2005,Sub-Saharan Africa,Low income,8.50585075933117,5.64351551343631,35.8715914021946,15.716519719316,4.4387993666553,0,0,0
SDN,Sudan,2006,Sub-Saharan Africa,Low income,7.19912990114709,6.5314117467792,36.2025936172703,18.1154974937188,4.06910716037147,0,1,0
SDN,Sudan,2018,Sub-Saharan Africa,Low income,63.2925073455888,-2.6809305497999,21.8679187274323,32.7348735102294,3.51269523880448,1,1,1
SDN,Sudan,2019,Sub-Saharan Africa,Low income,50.9940515002965,-2.17825104530091,26.1196204552625,35.2473229496873,2.55226968828806,1,1,1
SDN,Sudan,2020,Sub-Saharan Africa,Low income,163.257782355458,-3.62980082410752,9.95514507626151,31.8835001101765,2.65193447042229,1,1,1
SUR,Suriname,1985,Latin America & Caribbean,Upper middle income,10.8659529841192,2.00000000362783,NA,87.4971363115693,2.43986254295533,0,0,0
SUR,Suriname,1986,Latin America & Caribbean,Upper middle income,18.6879606879605,0.799999993864688,NA,107.490460157127,-6.7789001010101,0,0,0
SUR,Suriname,1987,Latin America & Caribbean,Upper middle income,53.3929532563242,-6.19999999331796,NA,125.281632653061,-13.2244897857143,1,1,0
SUR,Suriname,1988,Latin America & Caribbean,Upper middle income,7.31328780803817,7.79999999163023,NA,130.758828596038,-14.7286821705426,0,1,0
SUR,Suriname,1993,Latin America & Caribbean,Upper middle income,143.51155848349,-6.6999981497152,NA,63.0079571957745,-10.8684318836603,1,1,1
SUR,Suriname,1994,Latin America & Caribbean,Upper middle income,368.478068706267,3.39999889736058,NA,34.592079964504,-4.98767501478998,1,1,1
SUR,Suriname,1995,Latin America & Caribbean,Upper middle income,235.558815073605,0,NA,25.8645394084722,-2.97864127216757,1,1,1
SUR,Suriname,1996,Latin America & Caribbean,Upper middle income,-0.701887251452818,1.00000122281456,NA,31.7121177907859,2.21739064227939,0,0,0
SUR,Suriname,1997,Latin America & Caribbean,Upper middle income,7.14511160883929,5.6999976832949,NA,35.1911249996627,-0.993067417943757,0,0,0
SUR,Suriname,1998,Latin America & Caribbean,Upper middle income,18.9753691994478,2.30000165105389,NA,40.5060219469325,0.819192510239906,0,0,0
SUR,Suriname,1999,Latin America & Caribbean,Upper middle income,98.7730914112164,-1.4000004700581,NA,32.5504699731045,-6.93903255008462,0,1,0
SUR,Suriname,2000,Latin America & Caribbean,Upper middle income,59.401686545079,2.09999886750489,NA,35.8090798389514,-10.2567136211785,1,1,1
SUR,Suriname,2001,Latin America & Caribbean,Upper middle income,38.5862878872611,4.20000042083539,NA,31.5658195848221,-3.21235324229173,1,1,1
SUR,Suriname,1989,Latin America & Caribbean,Upper middle income,0.769646742205996,4.19999999718658,NA,132.434205676373,-55.234058219683,0,0,0
SUR,Suriname,1990,Latin America & Caribbean,Upper middle income,21.7399443397526,-4.49999999759301,NA,96.4194129763131,-19.773429454171,0,0,0
SUR,Suriname,1991,Latin America & Caribbean,Upper middle income,25.9674625060223,2.69999913539954,NA,103.376701629101,4.12854273599643,0,0,0
SUR,Suriname,1992,Latin America & Caribbean,Upper middle income,43.6661783854171,0.400000008536168,NA,91.1878398418191,-13.4206623826001,1,1,1
SUR,Suriname,2006,Latin America & Caribbean,Upper middle income,11.2813043273975,5.79354358463304,98.1681931723564,38.7307061847072,-6.22149014709964,0,1,0
SUR,Suriname,2007,Latin America & Caribbean,Upper middle income,6.42627934470524,5.11148777773458,101.377000372162,44.5890158445339,-8.40083736509118,0,0,0
SUR,Suriname,2008,Latin America & Caribbean,Upper middle income,14.6671427437912,4.14340681165626,109.166838523407,44.7968786250779,-6.54973190348526,0,0,0
SUR,Suriname,2009,Latin America & Caribbean,Upper middle income,-0.133636646714877,3.01369898266211,87.9206617785298,46.9185229595789,-2.41006768189509,0,0,0
SUR,Suriname,2010,Latin America & Caribbean,Upper middle income,6.94108221639996,5.16882515225814,90.9613941465855,46.0620697940465,-5.85344056449596,0,0,0
SUR,Suriname,2011,Latin America & Caribbean,Upper middle income,17.7117796414558,5.84936767173009,NA,46.4261001939743,3.28538383339053,0,0,0
SUR,Suriname,2012,Latin America & Caribbean,Upper middle income,5.00686319367273,2.69034974668847,NA,49.4573696290769,3.40245351551791,0,0,0
SUR,Suriname,2013,Latin America & Caribbean,Upper middle income,1.92343604108305,2.9334416518612,NA,53.1617097089983,3.62949532348678,0,0,0
SUR,Suriname,2014,Latin America & Caribbean,Upper middle income,3.38341272749477,0.255503031645475,NA,55.0448541955235,-1.13866864622319,0,0,0
SUR,Suriname,2002,Latin America & Caribbean,Upper middle income,15.5273989185702,2.80000068850687,NA,48.4207098428667,-6.73022296587416,1,1,1
SUR,Suriname,2003,Latin America & Caribbean,Upper middle income,23.0022321778219,6.29999943314137,NA,45.0076719694379,-5.97242023566089,1,1,1
SUR,Suriname,2004,Latin America & Caribbean,Upper middle income,9.98632511974878,8.50000018479413,NA,48.6781429879761,-2.51332036478539,0,1,0
SUR,Suriname,2005,Latin America & Caribbean,Upper middle income,9.89800489561465,4.50000021086888,NA,44.8081617009594,1.56127119820371,0,1,0
SUR,Suriname,2019,Latin America & Caribbean,Upper middle income,NA,1.16758977233877,NA,63.9377591426993,2.09560541663346,0,0,0
SUR,Suriname,2020,Latin America & Caribbean,Upper middle income,34.889784309078,-15.9751917148622,NA,84.916232318718,0.0357132024302943,0,0,0
SUR,Suriname,2018,Latin America & Caribbean,Upper middle income,NA,4.94827108468886,NA,64.3687736284689,3.27713336345246,0,0,0
SUR,Suriname,2015,Latin America & Caribbean,Upper middle income,6.89390359168238,-3.41304268067621,NA,60.7401404832635,3.5828587235507,0,0,0
SUR,Suriname,2016,Latin America & Caribbean,Upper middle income,55.4123879763196,-4.91166050905851,NA,78.3646427867353,6.9833403838341,0,0,0
SUR,Suriname,2017,Latin America & Caribbean,Upper middle income,21.9969430173304,1.56603782534897,NA,65.4455191625141,2.67494793416759,0,0,0
SYR,Syrian Arab Republic,1985,Middle East & North Africa,Low income,17.2529313232832,9.3508073317891,37.3974166416341,75.6911985581256,0.0914436767798138,0,0,0
SYR,Syrian Arab Republic,1986,Middle East & North Africa,Low income,36.0634920634916,-7.95292895543678,33.5104520028419,70.4973332132529,0.150452803378263,0,0,0
SYR,Syrian Arab Republic,1989,Middle East & North Africa,Low income,11.3992172211349,-13.6472821767151,60.1688911016219,55.708404342914,0.304463564904353,1,1,0
SYR,Syrian Arab Republic,1990,Middle East & North Africa,Low income,19.3968672229543,3.73955590233751,56.2900629080826,54.6985405921111,0.3249753883307,1,1,0
SYR,Syrian Arab Republic,1987,Middle East & North Africa,Low income,59.4843677088198,1.68228234551005,44.5987847657229,61.545743547983,0.193726509646705,1,1,1
SYR,Syrian Arab Republic,1988,Middle East & North Africa,Low income,34.562211981567,18.0111401002195,42.7746752164776,51.5363322171279,0.255269865679103,1,1,1
SYR,Syrian Arab Republic,1995,Middle East & North Africa,Low income,7.97995780590686,7.02658954303115,68.9765751565305,55.4863698060335,0.877446473138053,0,1,0
SYR,Syrian Arab Republic,1996,Middle East & North Africa,Low income,8.2498900991551,9.82556940470964,69.9141790558683,50.5341915910239,0.645415766215005,0,1,0
SYR,Syrian Arab Republic,1997,Middle East & North Africa,Low income,1.88611136179086,5.0238045081104,66.2229786914424,50.6815197520283,0.551525076820522,0,0,0
SYR,Syrian Arab Republic,1998,Middle East & North Africa,Low income,-0.797165633303916,6.78530452433867,61.424844770787,52.8262343695442,0.539443654452434,0,0,0
SYR,Syrian Arab Republic,1999,Middle East & North Africa,Low income,-3.70370370370365,-3.55344987109004,64.3084049166638,57.8278508397103,1.65681022400414,0,0,0
SYR,Syrian Arab Republic,2000,Middle East & North Africa,Low income,-3.84615384615379,0.675642589410501,65.2849861212903,62.2878259783357,1.42577626259779,0,0,0
SYR,Syrian Arab Republic,2001,Middle East & North Africa,Low income,2.99999999999995,1.04728710191981,67.3681324999384,71.4666614647929,0.543558163793316,0,0,0
SYR,Syrian Arab Republic,2002,Middle East & North Africa,Low income,-0.130505282417402,3.95483192702744,71.6443076814108,81.1537216717051,0.556379172450294,0,0,0
SYR,Syrian Arab Republic,2003,Middle East & North Africa,Low income,5.79682944905841,7.20443505274413,61.5469905405418,82.7955347558983,0.732998623113997,0,0,0
SYR,Syrian Arab Republic,1991,Middle East & North Africa,Low income,9.00000000000003,7.66646818712442,56.4792466395347,53.3159158310973,0.415965901066875,0,1,0
SYR,Syrian Arab Republic,1992,Middle East & North Africa,Low income,11.0091743119265,12.972790068566,63.888006888572,53.3895810349003,0.43007293733014,0,1,0
SYR,Syrian Arab Republic,1993,Middle East & North Africa,Low income,13.2231404958679,6.15089557310075,68.7691991637563,62.4977583352467,0.795855008640379,0,1,0
SYR,Syrian Arab Republic,1994,Middle East & North Africa,Low income,15.3284671532846,7.21302920527431,78.4544982128073,57.3441269627999,2.47974218584828,1,1,0
SYR,Syrian Arab Republic,2008,Middle East & North Africa,Low income,15.7453252219709,4.47667273608019,74.2279600990172,67.6489601698823,2.7885874585822,0,0,0
SYR,Syrian Arab Republic,2009,Middle East & North Africa,Low income,2.92089711805367,5.91204279337705,59.9438252393676,71.3583880642304,4.74859703108017,0,0,0
SYR,Syrian Arab Republic,2010,Middle East & North Africa,Low income,4.3974138315007,5.19190584075331,64.0101646947258,72.0066202441767,2.3931861526359,0,0,0
SYR,Syrian Arab Republic,2011,Middle East & North Africa,Low income,4.7531638888563,2.8500028435797,50.6960943456553,57.8481117496972,1.19065657189387,0,0,0
SYR,Syrian Arab Republic,2012,Middle East & North Africa,Low income,36.7022953364139,-26.3390170772532,35.3686903315942,NA,NA,0,0,0
SYR,Syrian Arab Republic,2013,Middle East & North Africa,Low income,40.0318378290723,-26.3000876615061,44.7052547833532,NA,NA,0,0,0
SYR,Syrian Arab Republic,2014,Middle East & North Africa,Low income,10.9271141804297,-10.310339909053,54.2644225210945,NA,NA,1,1,0
SYR,Syrian Arab Republic,2015,Middle East & North Africa,Low income,38.4611429599733,-4.179791613232,51.0862078228369,NA,NA,1,1,0
SYR,Syrian Arab Republic,2016,Middle East & North Africa,Low income,47.7051615298923,-6.4055907393619,67.1119365330928,NA,NA,1,1,0
SYR,Syrian Arab Republic,2017,Middle East & North Africa,Low income,18.0752696281771,-0.723281777470547,61.0508521719631,NA,NA,1,1,1
SYR,Syrian Arab Republic,2018,Middle East & North Africa,Low income,0.940983843906769,1.39317607830837,50.6590991144828,NA,NA,0,0,0
SYR,Syrian Arab Republic,2019,Middle East & North Africa,Low income,13.4175653228571,1.22070522070523,41.9994711236162,NA,NA,0,0,0
SYR,Syrian Arab Republic,2020,Middle East & North Africa,Low income,NA,-0.697154504235129,44.818335302748,NA,NA,0,0,0
SYR,Syrian Arab Republic,2005,Middle East & North Africa,Low income,7.24034939348535,6.21507783539282,80.1330024866606,72.8042383423679,1.73256383601582,0,0,0
SYR,Syrian Arab Republic,2006,Middle East & North Africa,Low income,10.0241105377571,5.04619555585526,74.2052265865927,68.1561019321086,1.95248910452015,0,0,0
SYR,Syrian Arab Republic,2007,Middle East & North Africa,Low income,3.90770950443607,5.67459177685805,76.3793535157197,65.4651973503685,3.06919397837023,0,0,0
SYR,Syrian Arab Republic,2004,Middle East & North Africa,Low income,4.43314136719839,6.90295943489203,78.1149285929097,77.7278436740019,1.09618743838262,0,0,0
TJK,Tajikistan,1985,Europe & Central Asia,Lower middle income,NA,NA,NA,NA,NA,0,0,0
TJK,Tajikistan,1986,Europe & Central Asia,Lower middle income,NA,3.49999987309577,NA,NA,NA,0,0,0
TJK,Tajikistan,1991,Europe & Central Asia,Lower middle income,NA,-7.09999909622525,NA,NA,NA,0,0,0
TJK,Tajikistan,1992,Europe & Central Asia,Lower middle income,NA,-29.0000010554471,NA,NA,0.471561051004637,0,0,0
TJK,Tajikistan,1993,Europe & Central Asia,Lower middle income,NA,-16.3999998448822,70.196305829774,NA,0.546573133821741,0,0,0
TJK,Tajikistan,1994,Europe & Central Asia,Lower middle income,NA,-21.2999980130949,86.3658415841584,NA,0.788435643564356,0,0,0
TJK,Tajikistan,1995,Europe & Central Asia,Lower middle income,NA,-12.416322231899,137.515902578797,NA,0.811977077363897,0,0,0
TJK,Tajikistan,1996,Europe & Central Asia,Lower middle income,NA,-16.6999984353389,156.670590142672,NA,1.72470817120623,0,0,0
TJK,Tajikistan,1997,Europe & Central Asia,Lower middle income,NA,1.68067413588066,181.590119644925,NA,1.95329872636048,0,0,0
TJK,Tajikistan,1998,Europe & Central Asia,Lower middle income,NA,5.31286765940042,106.89554276797,7.07926216717058,2.26786922364186,0,0,0
TJK,Tajikistan,1999,Europe & Central Asia,Lower middle income,NA,3.69955071665851,133.60594795539,6.72358096654275,0.616862155895911,0,0,0
TJK,Tajikistan,1987,Europe & Central Asia,Lower middle income,NA,-1.20000004458646,NA,NA,NA,0,0,0
TJK,Tajikistan,1988,Europe & Central Asia,Lower middle income,NA,13.900001094354,NA,NA,NA,0,0,0
TJK,Tajikistan,1989,Europe & Central Asia,Lower middle income,NA,-6.50000066364703,NA,NA,NA,0,0,0
TJK,Tajikistan,1990,Europe & Central Asia,Lower middle income,NA,-0.59999963133663,NA,NA,NA,0,0,0
TJK,Tajikistan,2002,Europe & Central Asia,Lower middle income,12.2499847845885,10.8000037591665,138.6839688324,8.68318478357479,2.95358416825764,0,0,0
TJK,Tajikistan,2003,Europe & Central Asia,Lower middle income,16.3034912049491,10.9999990780572,137.669592976856,9.663484311337,2.03493399294115,1,1,0
TJK,Tajikistan,2004,Europe & Central Asia,Lower middle income,7.14196508692253,10.2999989410117,128.338170674363,10.5714842475638,13.102212244431101,0,1,0
TJK,Tajikistan,2005,Europe & Central Asia,Lower middle income,7.09193244083773,6.69999851655409,126.994699303416,14.4470561984847,2.35601238535648,0,1,0
TJK,Tajikistan,2006,Europe & Central Asia,Lower middle income,10.0108651886461,7.00000321108996,141.153912074728,16.2111941254606,11.9647283955266,0,1,0
TJK,Tajikistan,2007,Europe & Central Asia,Lower middle income,13.1491247062982,7.80000011872161,145.528099715723,21.3004154899878,9.67777994325544,0,1,0
TJK,Tajikistan,2008,Europe & Central Asia,Lower middle income,20.4705219109964,7.89999827154939,114.480149093579,15.0855801381567,9.42813566158299,1,1,0
TJK,Tajikistan,2009,Europe & Central Asia,Lower middle income,6.44823481066697,3.90000114826496,85.9781370434108,18.2243976796289,2.993500899093,0,0,0
TJK,Tajikistan,2010,Europe & Central Asia,Lower middle income,6.44531440780658,6.49999908585235,73.493044509473,18.0444894537962,1.6649590356128,0,0,0
TJK,Tajikistan,2011,Europe & Central Asia,Lower middle income,12.4315490430406,7.40000059956709,79.7842446734572,19.7292831438719,2.23653413214552,0,0,0
TJK,Tajikistan,2012,Europe & Central Asia,Lower middle income,5.83116601031462,7.49999946321525,83.1759445401528,19.6130523672922,3.16697499395782,0,0,0
TJK,Tajikistan,2013,Europe & Central Asia,Lower middle income,5.00964645344951,7.39999974700379,71.7437428882341,21.0976794752076,3.351407966942,0,0,0
TJK,Tajikistan,2014,Europe & Central Asia,Lower middle income,6.10442765129667,6.70000069016253,54.6071596053705,20.2070552238097,3.58397838530001,0,0,0
TJK,Tajikistan,2015,Europe & Central Asia,Lower middle income,5.7145594964971,6.01930331771186,49.9378160689555,21.1654479722036,5.48892076080458,0,0,0
TJK,Tajikistan,2016,Europe & Central Asia,Lower middle income,6.00458082322139,6.89999999999999,55.7246446907573,26.9905773833324,3.45540459636672,0,0,0
TJK,Tajikistan,2017,Europe & Central Asia,Lower middle income,NA,7.10000041864309,53.7861046057767,27.9628803758112,2.46572647891723,0,0,0
TJK,Tajikistan,2018,Europe & Central Asia,Lower middle income,NA,7.5999988895536,55.8461114113303,26.660403562227,2.84433010113639,0,0,0
TJK,Tajikistan,2019,Europe & Central Asia,Lower middle income,NA,7.40000016310556,56.0450159145896,28.005051862993,2.5637213527723,0,0,0
TJK,Tajikistan,2020,Europe & Central Asia,Lower middle income,NA,4.40000111553493,55.7491040194954,31.2689788258225,1.30975252279444,0,0,0
TJK,Tajikistan,2001,Europe & Central Asia,Lower middle income,38.59188944886,9.58083617842951,146.657305562056,7.8654432873079,0.878575236633123,0,0,0
TJK,Tajikistan,2000,Europe & Central Asia,Lower middle income,NA,8.32432449473859,175.351206134214,8.26329769966978,2.73586929115128,0,0,0
TZA,Tanzania,1985,Sub-Saharan Africa,Lower middle income,33.2821038251368,1.24490401004924,NA,14.7076176188266,0.0946615382464735,0,0,0
TZA,Tanzania,1986,Sub-Saharan Africa,Lower middle income,32.4322015801837,5.49571344557758,NA,14.1924627408494,-0.0690904307984799,0,0,0
TZA,Tanzania,1987,Sub-Saharan Africa,Lower middle income,29.9493695378761,4.7965198054257,NA,13.2143655466443,-0.00600700911464334,1,1,1
TZA,Tanzania,1988,Sub-Saharan Africa,Lower middle income,31.1867182846932,7.25543546092405,NA,12.0006386950708,0.0507654333430974,1,1,1
TZA,Tanzania,1989,Sub-Saharan Africa,Lower middle income,25.8498382611657,3.76444340906087,NA,12.6636744524214,0.0909827507265912,1,1,1
TZA,Tanzania,1990,Sub-Saharan Africa,Lower middle income,35.8267716535433,7.04507164205259,34.4836065795064,13.7059097332138,1.6169758598652e-4,1,1,1
TZA,Tanzania,1991,Sub-Saharan Africa,Lower middle income,28.695652173913,2.07198821361914,30.2316225499322,13.6337196201911,1.38931954734813e-4,1,1,1
TZA,Tanzania,1992,Sub-Saharan Africa,Lower middle income,21.8468468468473,0.584322131924068,35.6677963323106,15.1994451324822,0.182125769825402,1,1,1
TZA,Tanzania,1993,Sub-Saharan Africa,Lower middle income,25.277264325323,1.20580080875436,45.2364974710923,16.7993891390436,0.330877967283849,1,1,1
TZA,Tanzania,1994,Sub-Saharan Africa,Lower middle income,34.0833640722984,1.56766176421846,44.2367675621224,17.0667739503577,0.763316452562527,1,1,1
TZA,Tanzania,1995,Sub-Saharan Africa,Lower middle income,27.4277854195323,3.56991186849247,45.1619199872127,17.2768110808831,1.57161403336131,1,1,1
TZA,Tanzania,2000,Sub-Saharan Africa,Lower middle income,5.92396109637479,4.52078463603256,23.9891151549808,13.0593818974723,3.46551698028756,0,0,0
TZA,Tanzania,2001,Sub-Saharan Africa,Lower middle income,5.14746800222618,6.07080828734129,28.0301432282533,15.7669071850892,4.04947475303632,0,0,0
TZA,Tanzania,2002,Sub-Saharan Africa,Lower middle income,5.31783366118203,7.09319498355502,27.4992172734904,17.2382983411597,2.79955328638088,0,0,0
TZA,Tanzania,2003,Sub-Saharan Africa,Lower middle income,5.30356621509782,6.67278983053497,30.4488358249326,17.5834285915061,2.09316343526651,0,0,0
TZA,Tanzania,2004,Sub-Saharan Africa,Lower middle income,4.73580143949058,7.50381465859829,33.609786736665,17.3671663874052,2.65421873789577,0,0,0
TZA,Tanzania,2005,Sub-Saharan Africa,Lower middle income,5.03457009267163,7.47631925974784,36.9592732894013,20.4644028128005,5.08562696835774,0,0,0
TZA,Tanzania,2006,Sub-Saharan Africa,Lower middle income,7.25097262082546,6.53222138847813,42.7681664691467,22.1200250388312,2.16456512450246,0,0,0
TZA,Tanzania,2007,Sub-Saharan Africa,Lower middle income,7.02551436974771,6.76853520293716,48.0583947796554,22.8842319180522,2.66011088834969,0,0,0
TZA,Tanzania,2008,Sub-Saharan Africa,Lower middle income,10.2783937621135,5.68641685905224,49.0265445510865,22.2978434928101,4.94943766923668,0,1,0
TZA,Tanzania,2009,Sub-Saharan Africa,Lower middle income,12.1422278742988,5.26910524873463,43.5326006456317,22.8666913151105,3.24017488387777,0,1,0
TZA,Tanzania,2010,Sub-Saharan Africa,Lower middle income,6.20015595647403,6.33652342666889,47.6404394295683,24.6479235326913,5.66396796617806,0,0,0
TZA,Tanzania,2011,Sub-Saharan Africa,Lower middle income,12.6909694699162,7.67215543486064,56.1661241821809,24.1241978132895,3.54720849735785,0,0,0
TZA,Tanzania,2012,Sub-Saharan Africa,Lower middle income,16.0010938506338,4.50015356010131,54.3689490815138,23.5035624756431,4.53878496380622,0,0,0
TZA,Tanzania,2013,Sub-Saharan Africa,Lower middle income,7.87072364573959,6.78158560065316,48.6316275295495,22.0709597355983,4.57242839319348,0,1,0
TZA,Tanzania,2014,Sub-Saharan Africa,Lower middle income,6.13161432988012,6.73246186832483,45.3560223433065,22.534367991041,2.8329281892962,0,0,0
TZA,Tanzania,2015,Sub-Saharan Africa,Lower middle income,5.58816952959298,6.16062877406682,40.7576808778314,23.4398257876872,3.17633492826527,0,0,0
TZA,Tanzania,2016,Sub-Saharan Africa,Lower middle income,5.17476629301493,6.86711619644551,35.4204704002636,21.1123804468145,1.73591210997565,0,0,0
TZA,Tanzania,2017,Sub-Saharan Africa,Lower middle income,5.31871605228931,6.72726996832338,33.1125919853124,20.8134417062715,1.76011643802415,0,0,0
TZA,Tanzania,2018,Sub-Saharan Africa,Lower middle income,3.49445848856181,5.50267599385063,32.6426099043737,20.0113705355786,1.70440979499363,0,0,0
TZA,Tanzania,2019,Sub-Saharan Africa,Lower middle income,3.46428057999021,5.79999999996723,33.0185892502311,20.2755446721769,1.99459353959393,0,0,0
TZA,Tanzania,2020,Sub-Saharan Africa,Lower middle income,3.29029062798325,1.99196460647855,27.9630151969884,19.7402519793829,1.42845965174632,0,0,0
TZA,Tanzania,1999,Sub-Saharan Africa,Lower middle income,7.89043336058877,4.86386375362282,25.0220548113162,12.8654854234562,4.06712098236526,0,1,0
TZA,Tanzania,1996,Sub-Saharan Africa,Lower middle income,20.9772596430629,4.54436680394173,35.7265066969485,15.0148425190832,1.59077685028243,1,1,1
TZA,Tanzania,1997,Sub-Saharan Africa,Lower middle income,16.0906549283201,3.52527818941036,28.8587832233337,13.5731189280713,1.41496919733439,1,1,1
TZA,Tanzania,1998,Sub-Saharan Africa,Lower middle income,12.7997540479609,3.70851159859504,26.1436420608095,12.6930701174449,1.41550329957581,1,1,0
THA,Thailand,1985,East Asia & Pacific,Upper middle income,2.43173123433475,4.64724035659331,49.1552284474048,62.0899276415567,0.419531294827773,0,0,0
THA,Thailand,1986,East Asia & Pacific,Upper middle income,1.84167596806046,5.53382776724771,49.1708546817786,65.7623929729338,0.609103952633776,0,0,0
THA,Thailand,1987,East Asia & Pacific,Upper middle income,2.46646112823953,9.5189460221079,57.2279844893387,68.4804761537182,0.696407217920047,0,0,0
THA,Thailand,1988,East Asia & Pacific,Upper middle income,3.86273074733655,13.2881140717644,67.4134705068906,67.3217538544822,1.79247501276962,0,0,0
THA,Thailand,1989,East Asia & Pacific,Upper middle income,5.35546507986216,12.1905059866109,72.4069335208579,71.3503434300538,2.45734389192652,0,0,0
THA,Thailand,1990,East Asia & Pacific,Upper middle income,5.86399474375828,11.1671634446293,75.7823643645399,76.1646823905515,2.86320410852027,0,0,0
THA,Thailand,1991,East Asia & Pacific,Upper middle income,5.70985259891396,8.5582603212423,78.4711349774175,79.2159506117577,2.05017744663305,0,0,0
THA,Thailand,1992,East Asia & Pacific,Upper middle income,4.13914575077056,8.08338802345332,77.9546456926093,81.0234021492198,1.89589035115006,0,0,0
THA,Thailand,1993,East Asia & Pacific,Upper middle income,3.31219168428468,8.25191591524627,77.7461171174097,83.6329356939609,1.39968290876163,0,0,0
THA,Thailand,1998,East Asia & Pacific,Upper middle income,7.9947287502746,-7.63403528600102,100.240473732828,110.126107267109,6.43480671140772,0,0,0
THA,Thailand,1999,East Asia & Pacific,Upper middle income,0.284726459223034,4.57230775115542,100.706288704433,112.203284628711,4.81780662046842,0,0,0
THA,Thailand,2000,East Asia & Pacific,Upper middle income,1.59196917460972,4.45524704335014,121.297955351472,111.20931709607,2.66312868727133,0,0,0
THA,Thailand,2001,East Asia & Pacific,Upper middle income,1.62690887314091,3.44424900968372,120.267966273533,122.759135124577,4.21223509530842,0,0,0
THA,Thailand,2002,East Asia & Pacific,Upper middle income,0.697308976625449,6.14903605210036,114.969743021067,115.210557860558,2.48815301889834,0,0,0
THA,Thailand,2003,East Asia & Pacific,Upper middle income,1.80434994635721,7.18924330340971,116.692819704865,111.793292169142,3.43593984811892,0,0,0
THA,Thailand,2004,East Asia & Pacific,Upper middle income,2.7591492623108,6.28934214285795,127.411873720393,107.436353601997,3.38947495269123,0,0,0
THA,Thailand,2005,East Asia & Pacific,Upper middle income,4.54036919634535,4.18763842884337,137.853866832247,104.104191381316,4.33958708070528,0,0,0
THA,Thailand,2006,East Asia & Pacific,Upper middle income,4.63747436011765,4.96781089246107,134.086946191268,102.056187597046,4.0212567065949,0,0,0
THA,Thailand,2007,East Asia & Pacific,Upper middle income,2.24154095286803,5.43515169050809,129.873226989717,100.365424196487,3.28356939351343,0,0,0
THA,Thailand,2008,East Asia & Pacific,Upper middle income,5.46848949649845,1.72569884866334,140.437011540931,102.445696265008,2.93824905393328,0,0,0
THA,Thailand,2009,East Asia & Pacific,Upper middle income,-0.845716092316721,-0.690618232300579,119.269418854589,109.922073097665,2.27590224065624,0,0,0
THA,Thailand,2010,East Asia & Pacific,Upper middle income,3.24758842443723,7.51339053261624,127.250522638251,108.980921332939,4.32320928209171,0,0,0
THA,Thailand,2011,East Asia & Pacific,Upper middle income,3.80879058139634,0.840132083053334,139.675407224576,119.925707350888,0.667087644548593,0,0,0
THA,Thailand,2012,East Asia & Pacific,Upper middle income,3.01489950334985,7.24279620249642,137.67493851024,121.116547555291,3.24456444314608,0,0,0
THA,Thailand,2013,East Asia & Pacific,Upper middle income,2.18488618530687,2.68749556320556,132.462274174269,124.369225680398,3.79126450872817,0,0,0
THA,Thailand,2014,East Asia & Pacific,Upper middle income,1.8951418189878,0.984468863619426,130.905495444398,127.049552300537,1.22145318013998,0,0,0
THA,Thailand,2015,East Asia & Pacific,Upper middle income,-0.900424963291569,3.13404724911635,124.839662152526,127.730603893628,2.22468548959784,0,0,0
THA,Thailand,2016,East Asia & Pacific,Upper middle income,0.188149704448143,3.43515771692182,120.57522728913,125.396342798662,0.843364340718618,0,0,0
THA,Thailand,2017,East Asia & Pacific,Upper middle income,0.665631893135106,4.1776810321001,120.891427433638,124.04474007571,1.81550260101987,0,0,0
THA,Thailand,2018,East Asia & Pacific,Upper middle income,1.06389754183024,4.22287028746071,120.841864730984,122.819408351734,2.71279835138662,0,0,0
THA,Thailand,2019,East Asia & Pacific,Upper middle income,0.706728601314311,2.11455779628278,109.689514715166,123.398633941482,1.01734877580041,0,0,0
THA,Thailand,2020,East Asia & Pacific,Upper middle income,-0.845937147357041,-6.05003846851622,97.8007432465178,146.593528837574,-0.857989527274493,0,0,0
THA,Thailand,1997,East Asia & Pacific,Upper middle income,5.62579747129104,-2.75357515314082,95.0517906464755,99.8653188431335,2.59338342691776,0,0,0
THA,Thailand,1994,East Asia & Pacific,Upper middle income,5.04774897680755,7.99702466720433,81.2489529938277,81.8888800219024,0.93155550985152,0,0,0
THA,Thailand,1995,East Asia & Pacific,Upper middle income,5.81818181818192,8.12031534625378,89.7561749368245,84.3357009911291,1.22161487733782,0,0,0
THA,Thailand,1996,East Asia & Pacific,Upper middle income,5.80510554737349,5.65194446499471,84.2741479979753,84.8252864053763,1.27616818910847,0,0,0
TLS,Timor-Leste,1985,East Asia & Pacific,Lower middle income,NA,NA,NA,NA,NA,0,0,0
TLS,Timor-Leste,1989,East Asia & Pacific,Lower middle income,NA,NA,NA,NA,NA,0,0,0
TLS,Timor-Leste,1986,East Asia & Pacific,Lower middle income,NA,NA,NA,NA,NA,0,0,0
TLS,Timor-Leste,1987,East Asia & Pacific,Lower middle income,NA,NA,NA,NA,NA,0,0,0
TLS,Timor-Leste,1988,East Asia & Pacific,Lower middle income,NA,NA,NA,NA,NA,0,0,0
TLS,Timor-Leste,1993,East Asia & Pacific,Lower middle income,NA,10.2047655200409,NA,NA,NA,0,0,0
TLS,Timor-Leste,1994,East Asia & Pacific,Lower middle income,NA,7.12283832241383,NA,NA,NA,0,0,0
TLS,Timor-Leste,1995,East Asia & Pacific,Lower middle income,NA,6.68126470624202,NA,NA,NA,0,0,0
TLS,Timor-Leste,1996,East Asia & Pacific,Lower middle income,NA,7.9821850008766,NA,NA,NA,0,0,0
TLS,Timor-Leste,1997,East Asia & Pacific,Lower middle income,NA,3.99999400523568,NA,NA,NA,0,0,0
TLS,Timor-Leste,1998,East Asia & Pacific,Lower middle income,NA,-1.99999615720213,NA,NA,NA,0,0,0
TLS,Timor-Leste,1999,East Asia & Pacific,Lower middle income,NA,-35.4524312251332,NA,NA,NA,0,0,0
TLS,Timor-Leste,2000,East Asia & Pacific,Lower middle income,NA,58.078100510636,175.648459523834,NA,NA,0,0,0
TLS,Timor-Leste,2001,East Asia & Pacific,Lower middle income,NA,16.3476915812463,166.743432303288,NA,NA,0,0,0
TLS,Timor-Leste,2002,East Asia & Pacific,Lower middle income,NA,-6.7006946888999,180.403747192172,9.30286974977769,NA,0,0,0
TLS,Timor-Leste,2003,East Asia & Pacific,Lower middle income,7.16515891441839,-2.18226723759027,122.311960519559,12.5654362848444,0.921419163129843,0,0,0
TLS,Timor-Leste,2004,East Asia & Pacific,Lower middle income,3.23751394003321,0.400000000000006,107.330836147183,14.9481999821518,NA,0,0,0
TLS,Timor-Leste,2005,East Asia & Pacific,Lower middle income,1.11167400387198,2.9845905125044,74.6712693208544,16.861150492999,0.196422873807942,0,0,0
TLS,Timor-Leste,2006,East Asia & Pacific,Lower middle income,3.93616259929866,-4.11609279328982,98.8757187138751,22.0131387010265,1.86827372807191,0,0,0
TLS,Timor-Leste,2007,East Asia & Pacific,Lower middle income,10.3009020174895,10.2653784307473,128.760893188042,26.4767057322842,1.60190394822128,0,0,0
TLS,Timor-Leste,2008,East Asia & Pacific,Lower middle income,9.06423621948942,11.3948084309167,135.250768661926,29.7071933378341,6.12128417638544,0,0,0
TLS,Timor-Leste,2009,East Asia & Pacific,Lower middle income,0.669681185965433,10.146951414355,157.686439820937,36.9158801160387,6.59681588921818,0,0,0
TLS,Timor-Leste,2010,East Asia & Pacific,Lower middle income,6.76597680236481,9.33149806305823,134.400510427226,33.4530054740097,3.43944724816262,0,0,0
TLS,Timor-Leste,2011,East Asia & Pacific,Lower middle income,13.499840238577,5.95855501570803,140.766344089557,30.9272603724708,4.70566335701583,0,0,0
TLS,Timor-Leste,2012,East Asia & Pacific,Lower middle income,11.8003096701544,4.86062134121768,128.500488863095,35.064861084718,3.47958024159337,0,0,0
TLS,Timor-Leste,2013,East Asia & Pacific,Lower middle income,11.0849085109954,3.10436980963603,79.634121567732,35.8346708933048,4.00200675225529,1,1,0
TLS,Timor-Leste,2014,East Asia & Pacific,Lower middle income,0.726275016139465,4.47249922937381,82.7357767711716,41.4374763157207,2.34229136010836,0,0,0
TLS,Timor-Leste,2015,East Asia & Pacific,Lower middle income,0.552796026277853,2.48003785368208,60.0769230184537,40.3863705977359,2.70363935182192,0,0,0
TLS,Timor-Leste,2016,East Asia & Pacific,Lower middle income,-1.33853876185163,3.00993358093274,60.3106239445445,44.7359848298768,0.333972458756695,0,0,0
TLS,Timor-Leste,2017,East Asia & Pacific,Lower middle income,0.557215537430361,-3.18241515376397,58.6347534789983,51.9217107927376,0.423750951361252,0,0,0
TLS,Timor-Leste,2018,East Asia & Pacific,Lower middle income,2.63647201015892,-0.466502371512661,64.8191803659945,54.536811815787,3.08007810122631,0,0,0
TLS,Timor-Leste,2019,East Asia & Pacific,Lower middle income,0.958812739703141,24.2128789232326,70.6142431890513,38.7819998915048,-7.79447354365124,0,0,0
TLS,Timor-Leste,2020,East Asia & Pacific,Lower middle income,0.495499215459571,31.7257429812373,84.7503102509987,40.3181138686113,-16.2053004878706,0,0,0
TLS,Timor-Leste,1992,East Asia & Pacific,Lower middle income,NA,10.4595196012455,NA,NA,NA,0,0,0
TLS,Timor-Leste,1990,East Asia & Pacific,Lower middle income,NA,NA,NA,NA,NA,0,0,0
TLS,Timor-Leste,1991,East Asia & Pacific,Lower middle income,NA,10.7142805140818,NA,NA,NA,0,0,0
TGO,Togo,1985,Sub-Saharan Africa,Low income,-1.81441438232162,5.55555216355627,105.547445255299,29.6061927700982,1.51174787549841,0,0,0
TGO,Togo,1990,Sub-Saharan Africa,Low income,1.01534150530809,-0.243656134474705,59.7664883098492,25.5275706767947,0.793141303389092,0,0,0
TGO,Togo,1991,Sub-Saharan Africa,Low income,0.387081797870757,-0.699967495023117,59.4614554308219,25.8254328576164,0.286366668925518,0,0,0
TGO,Togo,1992,Sub-Saharan Africa,Low income,1.39378663675938,-3.98068681380465,49.6550131360584,21.3607459661853,-0.548335156060614,0,0,0
TGO,Togo,1993,Sub-Saharan Africa,Low income,-1.00688168855034,-15.0958274819575,42.7125004415732,22.9688599202213,-1.06638883343195,0,0,0
TGO,Togo,1994,Sub-Saharan Africa,Low income,39.1627673796795,14.9824143442687,57.5643564343816,21.2181788401275,-0.235321137982799,0,0,0
TGO,Togo,1995,Sub-Saharan Africa,Low income,16.4335034524163,7.84583232329818,55.6017737303644,21.6564578276359,-0.422544101853013,0,0,0
TGO,Togo,1996,Sub-Saharan Africa,Low income,4.68749999999996,8.83621162979911,59.4098688003353,17.6820370216123,0.108911179677093,0,0,0
TGO,Togo,1997,Sub-Saharan Africa,Low income,8.25082508250802,14.3773775724317,53.2069014922318,15.9481958794495,0.579188299254937,0,0,0
TGO,Togo,1998,Sub-Saharan Africa,Low income,0.975338381088674,-2.29987657013699,55.737924512227,14.9094328404952,0.495891967675325,0,0,0
TGO,Togo,1999,Sub-Saharan Africa,Low income,-0.0532136248823534,2.48175143834959,50.108899621779,15.5936126011062,0.677685876867208,0,0,0
TGO,Togo,2000,Sub-Saharan Africa,Low income,1.86260595463067,-0.783479610048047,48.8080041114183,16.476373040413,2.50698256954936,0,0,0
TGO,Togo,2001,Sub-Saharan Africa,Low income,3.91959133653146,0.823438752111855,51.3941520650307,14.6216761361513,3.46872208576776,0,0,0
TGO,Togo,2002,Sub-Saharan Africa,Low income,3.05981857535884,3.82662257675142,51.609565282441,13.0486365456219,2.39840389095673,0,0,0
TGO,Togo,2003,Sub-Saharan Africa,Low income,-0.930000884072214,6.72017142336034,55.389978417259,14.2615594235253,1.53192291487705,0,0,0
TGO,Togo,2004,Sub-Saharan Africa,Low income,0.393078681031669,-0.978665332738743,57.8710938708872,17.424819777661,2.50559738999836,0,0,0
TGO,Togo,2005,Sub-Saharan Africa,Low income,6.78292893028314,-4.66629938413338,61.4542800128481,17.7126352177805,2.97971035930976,0,0,0
TGO,Togo,2006,Sub-Saharan Africa,Low income,2.22897779414027,2.65013209943473,61.6128604620733,21.4853785656598,2.75216144371014,0,0,0
TGO,Togo,2007,Sub-Saharan Africa,Low income,0.945673271705214,-1.1751368996605,61.7740721086659,22.9092040747066,1.65977178667302,0,0,0
TGO,Togo,2008,Sub-Saharan Africa,Low income,8.69482814363902,4.03561315398862,62.3076674472105,25.2118931519205,1.11146694137374,0,0,0
TGO,Togo,2009,Sub-Saharan Africa,Low income,3.71360592035809,5.45381096920332,62.210419994299,26.5245076810789,0.980635149082811,0,0,0
TGO,Togo,2010,Sub-Saharan Africa,Low income,1.44594517430864,5.85433399076879,66.7974885937104,28.777086477994,2.63493273204289,0,0,0
TGO,Togo,2011,Sub-Saharan Africa,Low income,3.5635147290396,5.82325622135289,77.732312664143,31.016051110591,13.4388023170829,0,0,0
TGO,Togo,2012,Sub-Saharan Africa,Low income,2.57718174055848,6.30271426865185,75.7132085684163,31.5797942911627,2.24458540176674,0,0,0
TGO,Togo,2013,Sub-Saharan Africa,Low income,1.82539475909162,5.82425069283059,82.1477877564195,34.3200096510378,3.04894540679557,0,0,0
TGO,Togo,2014,Sub-Saharan Africa,Low income,0.19087507624975,5.63323739145223,70.9156517502517,33.5058710075629,0.844950465027458,0,0,0
TGO,Togo,2015,Sub-Saharan Africa,Low income,2.58500390801595,5.4680413807304,69.1281378813376,37.542869029837,4.48026975109969,0,0,0
TGO,Togo,2016,Sub-Saharan Africa,Low income,1.28544847051417,4.21490387414525,66.4450409805081,39.905362783897,-0.76275824996834,0,0,0
TGO,Togo,2017,Sub-Saharan Africa,Low income,-0.981889868943119,4.00791259566937,58.2088602526732,42.5644347918769,1.38645400988561,0,0,0
TGO,Togo,2018,Sub-Saharan Africa,Low income,0.927755426457183,4.79518333086139,57.5737388499452,44.2081189839648,-2.57457902571647,0,0,0
TGO,Togo,2019,Sub-Saharan Africa,Low income,0.674652770077525,4.92283321360694,56.3421740349757,44.0377716239459,4.9437244573784,0,0,0
TGO,Togo,2020,Sub-Saharan Africa,Low income,1.69928463299399,2.16228657424364,55.0659513954403,46.7243573405819,-0.79089727996859,0,0,0
TGO,Togo,1987,Sub-Saharan Africa,Low income,0.054008850482646,0.510162180697307,92.168353755935,30.9003904374745,0.405364694026897,0,0,0
TGO,Togo,1988,Sub-Saharan Africa,Low income,-0.150910979934777,6.64236977029414,90.0509585051445,24.8814193717497,0.665893595610211,0,0,0
TGO,Togo,1989,Sub-Saharan Africa,Low income,-0.839403116952551,4.06002168353761,89.0871177015274,23.9411714328968,0.479894782773986,0,0,0
TGO,Togo,1986,Sub-Saharan Africa,Low income,4.12461526367686,1.5865043145251,99.6189439302313,31.8953378659878,0.408023798612943,0,0,0
TON,Tonga,1987,East Asia & Pacific,Upper middle income,4.68598778792504,2.98563769172688,95.532292497235,NA,0.237785923559344,0,0,0
TON,Tonga,1988,East Asia & Pacific,Upper middle income,9.92402339810402,-1.88187195516706,89.4857435848134,NA,0.0545168006704606,0,0,0
TON,Tonga,1989,East Asia & Pacific,Upper middle income,4.07364364792932,0.389906802973172,87.9089924160347,30.4823103074681,0.103943204289237,0,0,0
TON,Tonga,1990,East Asia & Pacific,Upper middle income,9.70986384562655,-2.0440915137989,98.9657234499443,33.4597298105412,0.0876347967566223,0,0,0
TON,Tonga,1991,East Asia & Pacific,Upper middle income,10.5954493994793,6.4149535652702,83.4620679999067,32.1990292394932,0.151503565185696,0,0,0
TON,Tonga,1992,East Asia & Pacific,Upper middle income,7.93698012192874,0.251973395838817,72.6308207233457,28.4794358813271,0.90767165212935,0,1,0
TON,Tonga,1993,East Asia & Pacific,Upper middle income,0.960904460459173,3.73805810585928,67.443522721344,34.2218396201805,0.253672875477542,0,0,0
TON,Tonga,1994,East Asia & Pacific,Upper middle income,1.01295206694856,4.95252124359504,62.9597680826041,26.4876193877192,1.27004421143699,0,0,0
TON,Tonga,1995,East Asia & Pacific,Upper middle income,1.46000630350972,6.22816022763234,71.1192857546477,26.9612552033301,0.49238368273342,0,0,0
TON,Tonga,1996,East Asia & Pacific,Upper middle income,2.99528023991143,0.0929181768768501,77.8333565419141,27.4497205284831,0.128315740863586,0,0,0
TON,Tonga,1997,East Asia & Pacific,Upper middle income,2.12473132408038,-0.600537843483892,71.850198257484,29.586400026211,-0.0048978691415935,0,0,0
TON,Tonga,1998,East Asia & Pacific,Upper middle income,3.27444554260464,2.2925765040134,78.2916318575919,32.2986315877523,0.0238688418561464,0,0,0
TON,Tonga,1999,East Asia & Pacific,Upper middle income,4.46435467675891,2.30246259770198,60.7775208771412,32.7940380022645,0.480977947157759,0,0,0
TON,Tonga,2000,East Asia & Pacific,Upper middle income,6.32763551411155,3.75409745006452,61.508239295468,36.5203214114466,4.49717744985392,0,0,0
TON,Tonga,2001,East Asia & Pacific,Upper middle income,8.2902831885033,1.49248125545273,62.4065643935194,39.5780565506693,4.21200124520251,0,0,0
TON,Tonga,2002,East Asia & Pacific,Upper middle income,10.3590607918507,4.4292235994526,73.8374093817514,38.1508889693799,2.56728501801885,0,0,0
TON,Tonga,2003,East Asia & Pacific,Upper middle income,11.6386219580735,0.0518054450729011,73.2160568173731,39.1839774593431,0.0901243029612134,0,1,0
TON,Tonga,2004,East Asia & Pacific,Upper middle income,10.9734053679554,-1.96794740326561,73.9737151214869,41.9885757261039,2.39886931834874,1,1,0
TON,Tonga,2005,East Asia & Pacific,Upper middle income,8.66569221131751,-0.657650703495165,76.2080494394572,47.690107990186,2.29371409620501,0,1,0
TON,Tonga,2006,East Asia & Pacific,Upper middle income,6.14911606456575,-2.16566342680382,66.3549884749532,44.0087132828634,3.75983551599556,0,0,0
TON,Tonga,2007,East Asia & Pacific,Upper middle income,5.84224874901387,-2.46430779100223,68.2299182500325,48.4170088039327,5.89035555053906,0,0,0
TON,Tonga,2008,East Asia & Pacific,Upper middle income,10.4469875128222,4.86284132376997,72.6563791156237,45.7449455028012,6.24719241143554,0,0,0
TON,Tonga,2009,East Asia & Pacific,Upper middle income,1.42685972070534,-5.12917819150532,74.3406648891028,44.8577674702127,0.0790635732994994,0,0,0
TON,Tonga,2010,East Asia & Pacific,Upper middle income,3.53491239189831,0.824396914081831,70.7976681214649,43.9219840608526,1.27041874988286,0,0,0
TON,Tonga,2011,East Asia & Pacific,Upper middle income,6.27075302995691,6.70369746238768,78.8578648859134,40.3361398464365,1.8451444721178,0,0,0
TON,Tonga,2012,East Asia & Pacific,Upper middle income,1.14753853706055,0.919761024923076,77.9722872799652,43.2088709607532,-0.178618753397925,0,0,0
TON,Tonga,2013,East Asia & Pacific,Upper middle income,0.77562932236742,0.393922530137331,82.731581196292,45.4271878301343,1.38770980540009,0,0,0
TON,Tonga,2014,East Asia & Pacific,Upper middle income,2.51087633253706,1.99053625497055,74.7304245935745,48.4815118881936,3.00261120308574,0,0,0
TON,Tonga,2015,East Asia & Pacific,Upper middle income,-1.05399831971283,1.11374405685874,81.3902410936397,52.9541229549765,3.37347770551723,0,0,0
TON,Tonga,2016,East Asia & Pacific,Upper middle income,2.57815515245081,6.59870436118344,87.7771675387955,54.8806278144694,3.9505771329227,0,0,0
TON,Tonga,2017,East Asia & Pacific,Upper middle income,7.51706283551115,3.2023165092282,88.0434937486257,55.131368626428,-3.40708330022208,0,0,0
TON,Tonga,2018,East Asia & Pacific,Upper middle income,5.03209691984874,0.527827266310538,86.1039624323194,55.9019262352649,4.70301138186589,0,0,0
TON,Tonga,2019,East Asia & Pacific,Upper middle income,1.17954334821808,-0.285208794735084,88.0453900968952,52.3827589735406,-1.20711457204864,0,0,0
TON,Tonga,2020,East Asia & Pacific,Upper middle income,-0.349737696727496,1.80618735341196,81.8494988890262,60.4566253360389,0.754966505925585,0,0,0
TON,Tonga,1985,East Asia & Pacific,Upper middle income,16.765,6.55846354534968,102.359357194353,NA,0.0348773850722813,0,0,0
TON,Tonga,1986,East Asia & Pacific,Upper middle income,21.6738748768894,2.11866086493171,95.5881632212976,NA,0.166285651759616,0,0,0
TUN,Tunisia,1985,Middle East & North Africa,Lower middle income,7.25436179981635,5.6485732365982,70.2363820298363,45.058233475343,1.28236208175644,0,0,0
TUN,Tunisia,1989,Middle East & North Africa,Lower middle income,7.74088603961336,1.74669912824352,92.0072159250878,53.9519598744512,0.771645303827403,0,1,0
TUN,Tunisia,1986,Middle East & North Africa,Lower middle income,6.16438356164371,-1.44698841417973,67.485056700743,46.3326071169208,0.712250562749337,0,0,0
TUN,Tunisia,1987,Middle East & North Africa,Lower middle income,8.2258064516129,6.70137109577689,70.6420419897204,47.4488693639316,0.945825969695859,0,0,0
TUN,Tunisia,1988,Middle East & North Africa,Lower middle income,7.19696969696955,0.0721590773964209,83.6754959240699,51.7373045747408,0.600420177547558,0,0,0
TUN,Tunisia,1994,Middle East & North Africa,Lower middle income,4.73323063996595,3.17841132209441,92.8043860425704,46.3010155686805,2.763408718958,0,0,0
TUN,Tunisia,1995,Middle East & North Africa,Lower middle income,6.24415028747146,2.35166985086541,93.7144465686907,45.7606176474038,1.5305492758972,0,0,0
TUN,Tunisia,1996,Middle East & North Africa,Lower middle income,3.72514472690715,7.14608096782061,85.7203547620671,46.3890004877716,1.21680620022798,0,0,0
TUN,Tunisia,1997,Middle East & North Africa,Lower middle income,3.65202620723071,5.44094350107467,80.5007104439621,44.9125325801756,1.65189067777703,0,0,0
TUN,Tunisia,1998,Middle East & North Africa,Lower middle income,3.12536579655862,4.78376247825665,79.9794582620079,43.7627590373578,2.98459369650589,0,0,0
TUN,Tunisia,1999,Middle East & North Africa,Lower middle income,2.6901248581158,6.05463447898158,77.9051139411665,47.4565472997303,1.51382652723785,0,0,0
TUN,Tunisia,2000,Middle East & North Africa,Lower middle income,2.96230794738605,4.7099729138049,82.639110670191,50.0851889350194,3.49602747137556,0,0,0
TUN,Tunisia,2001,Middle East & North Africa,Lower middle income,1.98333333333337,3.79627166202512,89.5522011944661,54.9650706464449,2.04621697501891,0,0,0
TUN,Tunisia,2002,Middle East & North Africa,Lower middle income,2.72103284850455,1.32255714828946,85.3421759692656,54.6842615960117,3.41507220577273,0,0,0
TUN,Tunisia,1990,Middle East & North Africa,Lower middle income,6.54529307282414,7.94981943665461,94.161265567647,51.4961398707434,0.629908672190098,0,0,0
TUN,Tunisia,1991,Middle East & North Africa,Lower middle income,8.19371509544085,3.90454530313198,85.6860202181431,48.9895583931897,0.959532828640878,0,0,0
TUN,Tunisia,1992,Middle East & North Africa,Lower middle income,5.82434514637906,7.80572887722397,86.0000875541741,46.5761137620569,3.39272296944754,0,0,0
TUN,Tunisia,1993,Middle East & North Africa,Lower middle income,3.9749563191613,2.18982886145824,88.4109677419355,46.2067994271295,3.84641742685117,0,0,0
TUN,Tunisia,2007,Middle East & North Africa,Lower middle income,2.96694432477349,6.70952097453554,104.059400976647,57.5782977249506,3.89395159860218,0,0,0
TUN,Tunisia,2008,Middle East & North Africa,Lower middle income,4.34502807623045,4.23778147502819,114.343660218696,58.8689381757723,5.79738619600755,0,0,0
TUN,Tunisia,2009,Middle East & North Africa,Lower middle income,3.66490330642919,3.04345012371552,93.0168787876722,62.5817426630804,3.50988118042442,0,0,0
TUN,Tunisia,2010,Middle East & North Africa,Lower middle income,3.33897963601069,2.97113275066512,100.151009836799,62.047134742382,2.88814231758981,0,0,0
TUN,Tunisia,2011,Middle East & North Africa,Lower middle income,3.24002842009531,-2.04663389535644,100.106379304237,66.3781219898579,0.899077534980039,0,0,0
TUN,Tunisia,2012,Middle East & North Africa,Lower middle income,4.6118443220664,4.21667711535632,101.550723929668,65.7638481241703,3.28518933963283,0,0,0
TUN,Tunisia,2013,Middle East & North Africa,Lower middle income,5.31623531326689,2.42993096446429,98.9549566862038,65.2741104776149,2.1744128074392,0,0,0
TUN,Tunisia,2014,Middle East & North Africa,Lower middle income,4.62555099534031,3.09032803070775,96.1071038558701,65.3029596183499,2.03842746868013,0,0,0
TUN,Tunisia,2015,Middle East & North Africa,Lower middle income,4.437371273215,0.967834205635981,87.2485306596052,65.4210131890978,2.11999260597179,0,0,0
TUN,Tunisia,2003,Middle East & North Africa,Lower middle income,2.71259247474352,4.70239953285241,82.390340709916,53.2734534335118,1.96504647635127,0,0,0
TUN,Tunisia,2004,Middle East & North Africa,Lower middle income,3.63228004956625,6.23579072222647,86.9253446966283,52.4772543961687,1.89888949723214,0,0,0
TUN,Tunisia,2005,Middle East & North Africa,Lower middle income,2.01778641357144,3.4865455430439,90.2512478803945,54.113544833436,2.20844919497596,0,0,0
TUN,Tunisia,2006,Middle East & North Africa,Lower middle income,3.22525337438917,5.24409983246916,93.9409304094309,55.3457485687972,9.42473369729129,0,0,0
TUN,Tunisia,2020,Middle East & North Africa,Lower middle income,5.63415115897625,-8.97512622934723,84.3333297071767,77.9617029890554,1.46634304906862,0,0,0
TUN,Tunisia,2018,Middle East & North Africa,Lower middle income,7.30759176031652,2.60696965356362,103.871824260635,67.3740579985927,2.32248034984414,0,0,0
TUN,Tunisia,2019,Middle East & North Africa,Lower middle income,6.72007532863799,1.55009304966742,102.332614725789,68.6809915970897,1.94487649950903,0,0,0
TUN,Tunisia,2016,Middle East & North Africa,Lower middle income,3.62939937384381,1.117231963992,87.0926643641466,66.6125821333258,1.40344558640993,0,0,0
TUN,Tunisia,2017,Middle East & North Africa,Lower middle income,5.30884839565844,2.25261437620587,95.8091979825804,69.665911392343,1.9233125677007,0,0,0
TUR,Turkiye,1985,Europe & Central Asia,Upper middle income,44.9617301528779,4.24133571639942,34.8269721189326,24.4455841917055,0.147249647390691,0,0,0
TUR,Turkiye,1990,Europe & Central Asia,Upper middle income,60.3038691346447,9.26614667149315,30.9429955004348,23.7402311401663,0.474592695978886,1,1,1
TUR,Turkiye,1991,Europe & Central Asia,Upper middle income,65.978567991895,0.720279035610119,30.4760116733895,27.0899256947401,0.536300486465289,1,1,1
TUR,Turkiye,1992,Europe & Central Asia,Upper middle income,70.0761038690374,5.03563493896803,31.737365644504,27.8115693892633,0.530468058329858,1,1,1
TUR,Turkiye,1993,Europe & Central Asia,Upper middle income,66.0938429820004,7.65126520301509,33.0170877754618,25.1969872248245,0.37579865975877,1,1,1
TUR,Turkiye,1994,Europe & Central Asia,Upper middle income,105.214986469202,-4.66814736394839,41.7458523409412,31.6005197044971,0.465363886338255,1,1,1
TUR,Turkiye,1995,Europe & Central Asia,Upper middle income,89.1133172248499,7.87826687618991,35.9924804952774,23.1984012646178,0.377077718996453,1,1,1
TUR,Turkiye,1996,Europe & Central Asia,Upper middle income,80.4121511388042,7.15779847930847,39.6477180344549,26.5199049779534,0.288376703171623,1,1,1
TUR,Turkiye,1997,Europe & Central Asia,Upper middle income,85.6693616499779,7.3578623747848,42.7610666826994,26.6843181029638,0.305135116508485,1,1,1
TUR,Turkiye,1998,Europe & Central Asia,Upper middle income,84.6413434846314,1.90857064345151,40.3769887377902,28.1229125357385,0.340536066432393,1,1,1
TUR,Turkiye,1986,Europe & Central Asia,Upper middle income,34.6100759738745,7.01203111054394,29.4144594777141,27.8964277114213,0.165184331030378,0,0,0
TUR,Turkiye,1987,Europe & Central Asia,Upper middle income,38.8558434758409,9.48553884246728,33.3382850275488,29.238014557981,0.131895736055962,1,1,1
TUR,Turkiye,1988,Europe & Central Asia,Upper middle income,68.8096433837048,2.32073679394847,36.2068338434275,27.9063954590654,0.389545326157192,1,1,1
TUR,Turkiye,1989,Europe & Central Asia,Upper middle income,63.2725524930958,0.2902440687796,33.9836682372597,26.8154382359268,0.618890490617133,1,1,1
TUR,Turkiye,2003,Europe & Central Asia,Upper middle income,21.6024384490573,5.79909321038525,46.3681553387846,33.8441860628853,0.539644361182156,1,1,1
TUR,Turkiye,2004,Europe & Central Asia,Upper middle income,8.59826168115262,9.92540551918624,48.9934575435266,33.0972625961229,0.679008638958041,0,1,0
TUR,Turkiye,2005,Europe & Central Asia,Upper middle income,8.17916036802008,9.11157745861635,46.3088308846211,38.5264224535963,1.97338571270823,0,1,0
TUR,Turkiye,2006,Europe & Central Asia,Upper middle income,9.59724212288446,7.06762607623939,48.9456766641314,40.2104267814276,3.60660172381881,0,1,0
TUR,Turkiye,2007,Europe & Central Asia,Upper middle income,8.75618090972632,5.10818513903604,48.027468179713,41.4884884910048,3.21746696332257,0,1,0
TUR,Turkiye,2008,Europe & Central Asia,Upper middle income,10.4441283764885,0.920118221365883,50.7612500066681,45.8136833548705,2.56004537243285,0,1,0
TUR,Turkiye,2009,Europe & Central Asia,Upper middle income,6.25097663090626,-4.88269401706633,47.0391385732199,51.3950065544163,1.31290302296241,0,0,0
TUR,Turkiye,2010,Europe & Central Asia,Upper middle income,8.56644420552976,8.54219848467686,46.9433366709891,52.5066224847327,1.16274364749147,0,0,0
TUR,Turkiye,2011,Europe & Central Asia,Upper middle income,6.471879671151,10.9799625273598,53.651583897618,50.3109063460313,1.91686136260632,0,0,0
TUR,Turkiye,1999,Europe & Central Asia,Upper middle income,64.8674876350757,-3.05277055759434,37.6665043273244,38.0335652096507,0.305056291376802,1,1,1
TUR,Turkiye,2000,Europe & Central Asia,Upper middle income,54.9153705812683,6.98528697817062,42.3746746988077,33.4760905007002,0.357417831801301,1,1,1
TUR,Turkiye,2001,Europe & Central Asia,Upper middle income,54.4001887619074,-5.45940838563062,49.9447830679013,44.1754866584863,1.65780492583561,1,1,1
TUR,Turkiye,2002,Europe & Central Asia,Upper middle income,44.964120947985,6.43550883793114,48.1026101234402,38.5764610990871,0.449376588359619,1,1,1
TUR,Turkiye,2014,Europe & Central Asia,Upper middle income,8.85457271364316,4.60079447270559,54.30677404128,51.3065670777795,1.41530142282668,0,1,0
TUR,Turkiye,2015,Europe & Central Asia,Upper middle income,7.67085364845885,5.80557386628684,51.8749252596832,52.3721303504702,2.225752648523,0,1,0
TUR,Turkiye,2016,Europe & Central Asia,Upper middle income,7.7751341532833,3.32366508200445,48.870183807987,55.1507347989139,1.58873607703875,0,1,0
TUR,Turkiye,2017,Europe & Central Asia,Upper middle income,11.1443110840764,7.82585730002594,56.1356585158689,53.5497317634405,1.29532700760314,0,1,0
TUR,Turkiye,2018,Europe & Central Asia,Upper middle income,16.3324638988929,3.46815306092219,62.8251323851165,52.4848065363097,1.57923380202967,0,1,0
TUR,Turkiye,2019,Europe & Central Asia,Upper middle income,15.1768215720022,1.30162365464503,62.5784589326239,57.648063536615,1.22536076199392,1,1,0
TUR,Turkiye,2020,Europe & Central Asia,Upper middle income,12.2789574462574,1.80306247087255,60.389853117297,66.2557194643874,1.02531493703228,1,1,0
TUR,Turkiye,2012,Europe & Central Asia,Upper middle income,8.89156996512163,4.80762696633448,53.3277612968607,49.4029495346267,1.55241965245755,0,0,0
TUR,Turkiye,2013,Europe & Central Asia,Upper middle income,7.49309030547693,8.48825689298511,53.0683530043043,51.9555839485783,1.40962960980578,0,0,0
UGA,Uganda,1988,Sub-Saharan Africa,Low income,NA,8.26707354577805,25.3500383007427,9.9068997470302,0.0722084706296851,0,0,0
UGA,Uganda,1989,Sub-Saharan Africa,Low income,NA,6.36194124395438,26.047628519006,7.2877869231646,-0.0333555653271891,0,0,0
UGA,Uganda,1990,Sub-Saharan Africa,Low income,NA,6.47414015255596,26.6095437605897,7.59657117187971,-0.137301388043732,0,0,0
UGA,Uganda,1991,Sub-Saharan Africa,Low income,NA,5.55409549507921,29.4022018591267,8.66136320293071,0.0301048024069959,0,0,0
UGA,Uganda,1992,Sub-Saharan Africa,Low income,NA,3.41835689468401,33.0521440510063,9.61176872828566,0.104988428525206,0,0,0
UGA,Uganda,1993,Sub-Saharan Africa,Low income,NA,8.32629251939072,28.2398345380313,10.7194876446332,1.69542100473886,0,0,0
UGA,Uganda,1994,Sub-Saharan Africa,Low income,10.0367598792175,6.40363574007452,27.8393598574633,12.8045256313817,2.2102878668809,0,0,0
UGA,Uganda,1995,Sub-Saharan Africa,Low income,6.55014018970371,11.5232438119529,32.62314586277,11.9610184042496,2.10569518111373,0,0,0
UGA,Uganda,1996,Sub-Saharan Africa,Low income,7.19164660433344,9.07211457909349,35.3854868820104,12.5154665343807,2.00179157800548,0,0,0
UGA,Uganda,1997,Sub-Saharan Africa,Low income,8.16902144106963,5.10000186476283,34.1585669652784,13.7934792849901,2.79136538541262,0,0,0
UGA,Uganda,1985,Sub-Saharan Africa,Low income,NA,-3.30638000677493,28.746856396441,14.2990857733307,-0.113646196501416,0,0,0
UGA,Uganda,1986,Sub-Saharan Africa,Low income,NA,0.390086943062727,28.048392146468,16.4733814875976,0,0,0,0
UGA,Uganda,1987,Sub-Saharan Africa,Low income,NA,3.96190278946132,26.2903906384189,14.2892099632143,0,0,0,0
UGA,Uganda,2002,Sub-Saharan Africa,Low income,-0.287508511765196,8.73268576440127,36.2777941561831,19.0320883711592,2.98852729237692,0,0,0
UGA,Uganda,2003,Sub-Saharan Africa,Low income,8.68047651566884,6.47325867166543,36.5857264641268,19.5539584255384,3.06033199910157,0,0,0
UGA,Uganda,2004,Sub-Saharan Africa,Low income,3.72128743978228,6.80723334361883,35.4600862456436,17.2284785590111,3.72085072270846,0,0,0
UGA,Uganda,2005,Sub-Saharan Africa,Low income,8.44872642299532,6.33256511623156,38.9942854839061,19.3229389303276,4.11082611076276,0,0,0
UGA,Uganda,2006,Sub-Saharan Africa,Low income,7.31067613561864,10.7847443857453,43.6332857896204,19.9141480378524,6.45705802026041,0,0,0
UGA,Uganda,2007,Sub-Saharan Africa,Low income,6.1385108328505,8.41242596551071,46.7774166522822,20.8754529821104,6.65659725038112,0,0,0
UGA,Uganda,2008,Sub-Saharan Africa,Low income,12.0508555482886,8.70875190154499,56.2582682050634,23.6176766205558,5.04737190164171,0,0,0
UGA,Uganda,2009,Sub-Saharan Africa,Low income,13.0172561889185,6.80151734860395,47.0638780748379,14.0172749693774,3.3491615513943,0,0,0
UGA,Uganda,2010,Sub-Saharan Africa,Low income,3.97655288478168,5.63761163749757,38.2692490371291,17.3447697728192,2.03900471067451,0,0,0
UGA,Uganda,2011,Sub-Saharan Africa,Low income,16.5643496174515,9.3916554927176,39.7552255606122,16.3928799610343,3.2086060344385,0,0,0
UGA,Uganda,2012,Sub-Saharan Africa,Low income,12.6790377224659,3.83745560605229,43.5021371397314,17.5610483784277,4.41438584859015,0,0,0
UGA,Uganda,2013,Sub-Saharan Africa,Low income,4.90520875694557,3.58690582623025,43.1091548734687,17.9866884362961,3.79031709675384,0,0,0
UGA,Uganda,2014,Sub-Saharan Africa,Low income,3.07570668958641,5.10630732539796,36.0144010819085,18.6599683055423,3.24589612959273,0,0,0
UGA,Uganda,2015,Sub-Saharan Africa,Low income,5.58968606251725,5.18785986002466,37.6892983324358,18.8439221029839,2.27760507458345,0,0,0
UGA,Uganda,2016,Sub-Saharan Africa,Low income,5.70637504616212,4.78100029254482,31.2093620232119,19.0748437204022,2.1425304891559,0,0,0
UGA,Uganda,2017,Sub-Saharan Africa,Low income,5.20971705914209,3.13140551723596,36.8370529334101,19.9186068571647,2.61088918011351,0,0,0
UGA,Uganda,2018,Sub-Saharan Africa,Low income,2.61601190952274,6.30392378262997,36.6384055999567,19.4171293137567,3.20512810607337,0,0,0
UGA,Uganda,2019,Sub-Saharan Africa,Low income,2.867588034469,6.43874503276439,39.3610539647435,20.5230556458778,3.68569218154174,0,0,0
UGA,Uganda,2020,Sub-Saharan Africa,Low income,3.31332289544502,2.95130642218098,37.0006923916369,22.731371239225,3.16881317773755,0,0,0
UGA,Uganda,2000,Sub-Saharan Africa,Low income,3.39202158512998,3.141907338187,32.7490333383822,16.1155361851823,2.59476174980504,0,0,0
UGA,Uganda,2001,Sub-Saharan Africa,Low income,1.86512524084773,5.18366112490236,35.3299767819725,16.0914425659075,2.59388837097761,0,0,0
UGA,Uganda,1998,Sub-Saharan Africa,Low income,0.0688041719983172,4.90526548451564,30.043921931244,14.8589042633995,3.18915524586374,0,0,0
UGA,Uganda,1999,Sub-Saharan Africa,Low income,5.77736898687895,8.05394837724197,36.0247101570245,15.6335201512722,2.33722633189323,0,0,0
UKR,Ukraine,1986,Europe & Central Asia,Upper middle income,NA,NA,NA,NA,NA,0,0,0
UKR,Ukraine,1987,Europe & Central Asia,Upper middle income,NA,NA,NA,NA,NA,0,0,0
UKR,Ukraine,1988,Europe & Central Asia,Upper middle income,NA,2.56646326960379,NA,NA,NA,0,0,0
UKR,Ukraine,1989,Europe & Central Asia,Upper middle income,NA,3.87310321162344,64.2153986570181,NA,NA,0,0,0
UKR,Ukraine,1990,Europe & Central Asia,Upper middle income,NA,-6.34523512831163,56.4071856287425,NA,NA,0,0,0
UKR,Ukraine,1991,Europe & Central Asia,Upper middle income,NA,-8.6999999997216,50.133779264214,NA,NA,0,0,0
UKR,Ukraine,1992,Europe & Central Asia,Upper middle income,NA,-9.90000000204168,45.9686071925293,50.1059606596463,0.270467973646631,0,0,0
UKR,Ukraine,1993,Europe & Central Asia,Upper middle income,4734.91434744585,-14.1999999993643,52.0688190027854,32.4709353692176,0.304652532051486,0,0,0
UKR,Ukraine,1994,Europe & Central Asia,Upper middle income,891.187748133705,-22.8999999992283,73.9440042067872,26.7135489450218,0.302571398665359,0,0,0
UKR,Ukraine,1985,Europe & Central Asia,Upper middle income,NA,NA,NA,NA,NA,0,0,0
UKR,Ukraine,1999,Europe & Central Asia,Upper middle income,22.6836718061345,-0.200000000106499,101.951706965548,16.7651712150611,1.57058250563469,1,1,0
UKR,Ukraine,2000,Europe & Central Asia,Upper middle income,28.2030972388552,5.90000000024899,115.735714934593,17.9473348826535,1.83783307310592,1,1,0
UKR,Ukraine,2001,Europe & Central Asia,Upper middle income,11.9588085390459,8.80000000367222,99.9261276192731,21.6669614988611,2.01477599147626,1,1,0
UKR,Ukraine,2002,Europe & Central Asia,Upper middle income,0.75742084639286,5.33964720719075,95.994669810112,27.8164316512271,1.57657070830023,0,0,0
UKR,Ukraine,2003,Europe & Central Asia,Upper middle income,5.17967781908315,9.51660986436364,102.590182257396,34.3725993455427,2.73791628490563,0,0,0
UKR,Ukraine,2004,Europe & Central Asia,Upper middle income,9.04806786050888,11.7953525281136,109.981708544962,35.157886098676,2.55131815944331,0,0,0
UKR,Ukraine,2005,Europe & Central Asia,Upper middle income,13.5695764909248,3.07123039245209,94.6475701087848,42.4360215156158,8.7495509827803,0,0,0
UKR,Ukraine,2006,Europe & Central Asia,Upper middle income,9.05252491133248,7.57142076322967,89.181052639031,46.2044318038983,5.00872538573992,0,1,0
UKR,Ukraine,2007,Europe & Central Asia,Upper middle income,12.8387796190181,8.21584445165715,88.0465606718626,52.7430734756066,6.8531805098082,0,1,0
UKR,Ukraine,2008,Europe & Central Asia,Upper middle income,25.226461707384,2.24349159628288,94.1718921417534,52.0505883486641,5.68814936936009,0,1,0
UKR,Ukraine,2009,Europe & Central Asia,Upper middle income,15.8811924594476,-15.1364679101502,87.4761626200316,51.4547649146859,3.9234187670663,1,1,0
UKR,Ukraine,2010,Europe & Central Asia,Upper middle income,9.37293105078978,4.09200436668087,95.72973045329,53.3535207200525,4.56840018285092,0,1,0
UKR,Ukraine,2011,Europe & Central Asia,Upper middle income,7.95572466274652,5.44528081048476,104.805073904259,50.8097949022938,4.256089748054,0,1,0
UKR,Ukraine,2012,Europe & Central Asia,Upper middle income,0.568727971803862,0.152314967200653,102.622788356626,52.9916215827074,4.47720109403357,0,0,0
UKR,Ukraine,2013,Europe & Central Asia,Upper middle income,-0.238948626045407,0.045439094492707,94.0016694501782,59.6979022372268,2.36694390135139,0,0,0
UKR,Ukraine,2014,Europe & Central Asia,Upper middle income,12.0718562874251,-10.0788949840953,100.691782483624,60.2885298737885,0.634438528402592,0,0,0
UKR,Ukraine,2015,Europe & Central Asia,Upper middle income,48.6998646434424,-9.7729872128676,107.806616298156,49.9894390459341,-0.217508398305494,0,0,0
UKR,Ukraine,2016,Europe & Central Asia,Upper middle income,13.9127101997797,2.44098194492067,105.521204913122,46.2276957642421,4.42178946686191,1,1,0
UKR,Ukraine,2017,Europe & Central Asia,Upper middle income,14.4383227488749,2.35997228099491,104.034982911399,40.5490528877838,3.28306130596563,1,1,0
UKR,Ukraine,2018,Europe & Central Asia,Upper middle income,10.9518559353178,3.48836234022659,99.1998150718675,35.8855896368319,3.80086991777664,1,1,0
UKR,Ukraine,2019,Europe & Central Asia,Upper middle income,7.88671745611133,3.19950386354134,90.5112342910763,36.1639245488527,3.76649676088543,0,1,0
UKR,Ukraine,2020,Europe & Central Asia,Upper middle income,2.73249209419427,-3.75281793983162,79.1564523761815,43.817999983272,0.194103193490519,0,0,0
UKR,Ukraine,1997,Europe & Central Asia,Upper middle income,15.940599414943,-2.99999999842365,84.2414161623735,13.4319955893536,1.2422352423285,1,1,1
UKR,Ukraine,1998,Europe & Central Asia,Upper middle income,10.5771611482514,-1.90000000214164,86.0497284415116,15.1630095523769,1.77400963613502,1,1,0
UKR,Ukraine,1995,Europe & Central Asia,Upper middle income,376.746174768209,-12.2000000007385,97.2296964841051,12.7116879098077,0.553782708035487,1,1,1
UKR,Ukraine,1996,Europe & Central Asia,Upper middle income,80.3255014551742,-10,93.8566450766079,11.4873830886051,1.16924072792846,1,1,1
VUT,Vanuatu,1985,East Asia & Pacific,Lower middle income,1.06615285806043,1.001623320554,110.528574493956,90.5632644302983,3.50819189737049,0,0,0
VUT,Vanuatu,1986,East Asia & Pacific,Lower middle income,4.76614133197763,-0.150463358752518,93.4293097083795,117.532521225544,1.59481551036887,0,0,0
VUT,Vanuatu,1987,East Asia & Pacific,Lower middle income,16.0393950052762,-2.89393472379192,93.8381201044386,97.4086161879896,9.24471246437662,0,0,0
VUT,Vanuatu,1988,East Asia & Pacific,Lower middle income,8.76023037284009,-1.69288283840022,89.707305273343,94.9411586840832,6.82884964200247,0,0,0
VUT,Vanuatu,1989,East Asia & Pacific,Lower middle income,7.74804905239702,1.53189352084379,94.0913160250671,129.4486347359,5.95311575797771,0,1,0
VUT,Vanuatu,1990,East Asia & Pacific,Lower middle income,4.7594412829797,11.6956997985937,112.575244068997,123.618594769589,7.76365372915173,0,0,0
VUT,Vanuatu,1991,East Asia & Pacific,Lower middle income,6.46913580246914,3.14763848027586,94.2228152101401,108.313586835668,12.6528540107589,0,0,0
VUT,Vanuatu,1992,East Asia & Pacific,Lower middle income,4.0584415584416,2.5854137275348,94.6391665612215,98.0148045046185,12.6515100301481,0,0,0
VUT,Vanuatu,1993,East Asia & Pacific,Lower middle income,3.56585691999116,0.735447995455772,94.9704627502461,100.304397768297,12.9521079762656,0,0,0
VUT,Vanuatu,1994,East Asia & Pacific,Lower middle income,2.30256079190869,9.08146609289211,92.8723717100426,92.4581311571828,12.7454042254148,0,0,0
VUT,Vanuatu,1995,East Asia & Pacific,Lower middle income,2.22970130416487,1.00394504149095,91.9615068150109,101.948234536543,12.4511731408336,0,0,0
VUT,Vanuatu,1996,East Asia & Pacific,Lower middle income,0.906344410876219,2.3273354164422,92.9417808219178,107.424006849315,12.523285011715,0,0,0
VUT,Vanuatu,1997,East Asia & Pacific,Lower middle income,2.83070223189979,4.90681267768768,96.196924634563,98.9058090236031,11.0837578711861,0,0,0
VUT,Vanuatu,1998,East Asia & Pacific,Lower middle income,3.28215987294863,1.17685436113621,94.7409334170479,105.246031034173,7.77121291962937,0,0,0
VUT,Vanuatu,1999,East Asia & Pacific,Lower middle income,1.99897488467452,0.337293221894313,91.232330240222,92.4027404388171,5.00112608347965,0,0,0
VUT,Vanuatu,2000,East Asia & Pacific,Lower middle income,2.53768844221106,5.92480905652914,87.1557917790657,90.101733393873,7.44669130551293,0,0,0
VUT,Vanuatu,2001,East Asia & Pacific,Lower middle income,3.57755452095074,-3.39758248938256,87.7721451440768,94.9354509071505,6.98039768364935,0,0,0
VUT,Vanuatu,2002,East Asia & Pacific,Lower middle income,1.96356754199195,-5.19831875936035,91.6997236888901,95.7704538615162,5.3932717652808,0,0,0
VUT,Vanuatu,2003,East Asia & Pacific,Lower middle income,3.01624129930394,4.28833511695458,91.5679895901106,90.3224437215355,5.72730354776944,0,0,0
VUT,Vanuatu,2004,East Asia & Pacific,Lower middle income,1.41891891891893,3.98739280216962,98.7059775016543,93.485513320099,5.4358941630547,0,0,0
VUT,Vanuatu,2005,East Asia & Pacific,Lower middle income,1.19920053297801,5.30532647259227,100.173820339297,98.6343955687401,3.35516527658254,0,0,0
VUT,Vanuatu,2006,East Asia & Pacific,Lower middle income,2.04081632653062,8.46069747205426,89.5414618090556,93.707111559112107,9.88873620776164,0,0,0
VUT,Vanuatu,2007,East Asia & Pacific,Lower middle income,3.93548387096774,2.8758922877538,90.1716511021211,99.8533044727589,6.61419496414564,0,0,0
VUT,Vanuatu,2008,East Asia & Pacific,Lower middle income,4.84171322160149,5.60099182147214,105.774852580058,100.016065015118,6.38080367466041,0,0,0
VUT,Vanuatu,2009,East Asia & Pacific,Lower middle income,4.29706572955357,3.03730354099602,108.489179063187,95.0814647975718,5.42349577313271,0,0,0
VUT,Vanuatu,2010,East Asia & Pacific,Lower middle income,2.76269469477348,1.25886720329326,103.823312203828,86.9888645378177,9.40930036151551,0,0,0
VUT,Vanuatu,2011,East Asia & Pacific,Lower middle income,0.8737931047811,3.13980290023412,96.9987664175314,83.1400341121834,7.93578473613464,0,0,0
VUT,Vanuatu,2012,East Asia & Pacific,Lower middle income,1.34740362877658,1.01004768692042,104.451629665983,82.1765848263518,8.07506480226511,0,0,0
VUT,Vanuatu,2013,East Asia & Pacific,Lower middle income,1.45893371757921,0.463390415135095,106.410757127713,75.0045257783295,7.83052394467406,0,0,0
VUT,Vanuatu,2014,East Asia & Pacific,Lower middle income,0.798863838097023,2.5750403162878,105.199318296807,77.7450674207121,1.7146015060309,0,0,0
VUT,Vanuatu,2015,East Asia & Pacific,Lower middle income,2.48326875660439,3.96591946444873,108.758665668253,78.5774005736854,4.08340749314985,0,0,0
VUT,Vanuatu,2016,East Asia & Pacific,Lower middle income,0.842069084035061,3.47154471544715,106.351935265734,82.4870290696742,5.49263637992702,0,0,0
VUT,Vanuatu,2017,East Asia & Pacific,Lower middle income,3.08452624403546,4.41266598569969,105.526573713997,82.8993331910588,4.34327388667744,0,0,0
VUT,Vanuatu,2018,East Asia & Pacific,Lower middle income,2.33096379566866,2.90023027256446,110.679659822766,88.2749238580544,4.10870468514392,0,0,0
VUT,Vanuatu,2019,East Asia & Pacific,Lower middle income,2.76252019386111,3.24118765540442,99.3829688227082,88.5085611707771,5.64318738616692,0,0,0
VUT,Vanuatu,2020,East Asia & Pacific,Lower middle income,5.32935073101715,-4.99249142889525,69.9148948336494,90.1283463837452,4.52584159327415,0,0,0
VNM,Viet Nam,1985,East Asia & Pacific,Lower middle income,NA,3.80585566810947,NA,NA,-5.67589726125444e-4,0,0,0
VNM,Viet Nam,1986,East Asia & Pacific,Lower middle income,NA,2.78929157479443,23.2186943238731,NA,1.5187979966611e-4,0,0,0
VNM,Viet Nam,1987,East Asia & Pacific,Lower middle income,NA,3.5834696313072,20.7986065749129,NA,0.0282712448214878,0,0,0
VNM,Viet Nam,1988,East Asia & Pacific,Lower middle income,NA,5.13501167157808,18.9504870869001,NA,0.030207899995773,0,0,0
VNM,Viet Nam,1989,East Asia & Pacific,Lower middle income,NA,7.36451289395819,57.9044621549852,NA,0.0646719015911437,0,0,0
VNM,Viet Nam,1990,East Asia & Pacific,Lower middle income,NA,5.10091813908369,81.315697940889,NA,2.78132276010011,0,0,0
VNM,Viet Nam,1991,East Asia & Pacific,Lower middle income,NA,5.96084393218912,66.9469523941752,NA,3.90279682064747,0,0,0
VNM,Viet Nam,1992,East Asia & Pacific,Lower middle income,NA,8.64604745934572,73.5768851264792,22.5075281366482,4.80334781572863,0,0,0
VNM,Viet Nam,1993,East Asia & Pacific,Lower middle income,NA,8.07273065739605,66.2122671512498,20.0745540361334,7.02759252660212,0,0,0
VNM,Viet Nam,1994,East Asia & Pacific,Lower middle income,NA,8.83898095245374,77.4731979426888,NA,11.9394828586715,0,0,0
VNM,Viet Nam,1995,East Asia & Pacific,Lower middle income,NA,9.54048017491264,74.7212659206088,19.5664889991787,8.58596585460392,0,0,0
VNM,Viet Nam,1996,East Asia & Pacific,Lower middle income,5.67499999999994,9.34001749939179,92.7057468018939,20.7100619035716,9.71308063712156,0,0,0
VNM,Viet Nam,1997,East Asia & Pacific,Lower middle income,3.20952606261374,8.1520841433542,94.3444840684516,22.5073100506022,8.2700967582097,0,0,0
VNM,Viet Nam,1998,East Asia & Pacific,Lower middle income,7.2661980440096,5.76445545848843,97.0012485118429,24.2079289894936,6.14121440264586,0,0,0
VNM,Viet Nam,1999,East Asia & Pacific,Lower middle income,4.11710235771736,4.77358688344989,102.787406603958,36.372758800026,4.92266345680124,0,0,0
VNM,Viet Nam,2000,East Asia & Pacific,Lower middle income,-1.71033727851109,6.78731640463151,111.417094419512,44.6045928186828,4.16392407955693,0,0,0
VNM,Viet Nam,2001,East Asia & Pacific,Lower middle income,-0.43154451172818,6.19289331233377,111.955937998525,52.1189083618155,3.97733545270572,0,0,0
VNM,Viet Nam,2002,East Asia & Pacific,Lower middle income,3.83082838168467,6.32082099160833,116.696868652499,53.0355456340689,3.99268705133996,0,0,0
VNM,Viet Nam,2003,East Asia & Pacific,Lower middle income,3.23464817293927,6.89906349055258,124.327954439125,61.6291652199145,3.66601229989583,0,0,0
VNM,Viet Nam,2004,East Asia & Pacific,Lower middle income,7.75494748709601,7.53641060890386,133.016497868747,69.263585984759,3.54408107288199,0,0,0
VNM,Viet Nam,2005,East Asia & Pacific,Lower middle income,8.28457243128677,7.54724772895918,130.714846045026,70.9598496062915,3.39040363930871,0,0,0
VNM,Viet Nam,2006,East Asia & Pacific,Lower middle income,7.41801715108463,6.97795481056711,138.313621869598,79.2236673213605,3.61600090432522,0,1,0
VNM,Viet Nam,2007,East Asia & Pacific,Lower middle income,8.34444889773837,7.12950448605439,154.605383996554,100.579772836829,8.65471771434805,0,1,0
VNM,Viet Nam,2008,East Asia & Pacific,Lower middle income,23.1154483474477,5.66177120891362,154.317479627758,93.6571699337952,9.6630390545572,0,1,0
VNM,Viet Nam,2009,East Asia & Pacific,Lower middle income,6.71698269988629,5.39789754014181,134.706317721758,105.606938068672,7.16881988884276,0,0,0
VNM,Viet Nam,2010,East Asia & Pacific,Lower middle income,9.20746648778413,6.42324482239482,113.977687539714,90.4544561577953,5.4347392933443,0,0,0
VNM,Viet Nam,2011,East Asia & Pacific,Lower middle income,18.6777322770707,6.41316889681683,125.260577940829,78.372150336306,4.30487434902161,0,0,0
VNM,Viet Nam,2012,East Asia & Pacific,Lower middle income,9.09470339557192,5.5045447041189,123.224116745985,84.8164706968756,4.27832287681174,0,1,0
VNM,Viet Nam,2013,East Asia & Pacific,Lower middle income,6.59267475899192,5.55351081026072,130.846354866743,93.7627042859535,4.16454517277325,0,0,0
VNM,Viet Nam,2014,East Asia & Pacific,Lower middle income,4.08455446637617,6.42224312118567,135.410521454361,101.733990237778,3.94086189051961,0,0,0
VNM,Viet Nam,2015,East Asia & Pacific,Lower middle income,0.631200905175754,6.98715430598611,144.914228195237,111.174659759175,4.93190773329022,0,0,0
VNM,Viet Nam,2016,East Asia & Pacific,Lower middle income,2.66824816969082,6.69000892660424,145.409507973118,120.640293793796,4.90089302916746,0,0,0
VNM,Viet Nam,2017,East Asia & Pacific,Lower middle income,3.52025688811617,6.94019037359206,160.98008365887,123.505308979579,5.01148721749681,0,0,0
VNM,Viet Nam,2018,East Asia & Pacific,Lower middle income,3.53962805942641,7.46500685572751,164.663936775893,124.986986384995,4.99828319622328,0,0,0
VNM,Viet Nam,2019,East Asia & Pacific,Lower middle income,2.7958236745225,7.35926270105006,164.704215031408,129.147672762315,4.821074861051,0,0,0
VNM,Viet Nam,2020,East Asia & Pacific,Lower middle income,3.22093436652514,2.86541320912272,163.245862814935,140.60368022862,4.55836196782424,0,0,0
PSE,West Bank and Gaza,1985,Middle East & North Africa,Lower middle income,NA,NA,NA,NA,NA,0,0,0
PSE,West Bank and Gaza,1986,Middle East & North Africa,Lower middle income,NA,NA,NA,NA,NA,0,0,0
PSE,West Bank and Gaza,1987,Middle East & North Africa,Lower middle income,NA,NA,NA,NA,NA,0,0,0
PSE,West Bank and Gaza,1988,Middle East & North Africa,Lower middle income,NA,NA,NA,NA,NA,0,0,0
PSE,West Bank and Gaza,1989,Middle East & North Africa,Lower middle income,NA,NA,NA,NA,NA,0,0,0
PSE,West Bank and Gaza,1990,Middle East & North Africa,Lower middle income,NA,NA,NA,NA,NA,0,0,0
PSE,West Bank and Gaza,1991,Middle East & North Africa,Lower middle income,NA,NA,NA,NA,NA,0,0,0
PSE,West Bank and Gaza,1992,Middle East & North Africa,Lower middle income,NA,NA,NA,NA,NA,0,0,0
PSE,West Bank and Gaza,1993,Middle East & North Africa,Lower middle income,NA,NA,NA,NA,NA,0,0,0
PSE,West Bank and Gaza,1994,Middle East & North Africa,Lower middle income,NA,NA,86.4558787324588,NA,NA,0,0,0
PSE,West Bank and Gaza,1995,Middle East & North Africa,Lower middle income,NA,7.11785989679103,91.4859266479834,NA,3.73461679054466,0,0,0
PSE,West Bank and Gaza,1996,Middle East & North Africa,Lower middle income,NA,1.21453753437805,89.2685358986391,NA,5.19709056780854,0,0,0
PSE,West Bank and Gaza,1997,Middle East & North Africa,Lower middle income,7.08700591205709,14.6676392814808,90.3372519814884,NA,4.33533698600989,0,0,0
PSE,West Bank and Gaza,1998,Middle East & North Africa,Lower middle income,5.57964505838268,14.3341073189351,88.9915925070062,55.2958692905256,5.13725120968612,0,0,0
PSE,West Bank and Gaza,1999,Middle East & North Africa,Lower middle income,5.54439180368747,8.28059145094657,96.3452893800337,62.5375897405881,4.44188476235941,0,0,0
PSE,West Bank and Gaza,2000,Middle East & North Africa,Lower middle income,2.79819892435758,-8.5555726838292,87.6390949554896,77.3706802438798,1.43744162248919,0,0,0
PSE,West Bank and Gaza,2001,Middle East & North Africa,Lower middle income,1.22278475878898,-9.31108114182962,82.7259784699153,80.4786488747908,0.478966972250668,0,0,0
PSE,West Bank and Gaza,2002,Middle East & North Africa,Lower middle income,5.70951585976626,-12.4883821798129,76.2528826143203,86.5642049609089,0.265481748129816,0,0,0
PSE,West Bank and Gaza,2003,Middle East & North Africa,Lower middle income,4.40303221730888,14.0156476793996,76.398689516129,84.4574092741936,0.324395161290323,0,0,0
PSE,West Bank and Gaza,2004,Middle East & North Africa,Lower middle income,3.00417498638593,21.9244861205987,81.1235906237101,75.9579413873259,0.445786535161087,0,0,0
PSE,West Bank and Gaza,2005,Middle East & North Africa,Lower middle income,4.10725070715931,11.2906511829271,83.8363540589578,70.8578340519344,0.707064400959869,0,0,0
PSE,West Bank and Gaza,2006,Middle East & North Africa,Lower middle income,3.84234125624782,-0.996556103477076,82.6374735897388,72.0527857500514,0.347548940784922,0,0,0
PSE,West Bank and Gaza,2007,Middle East & North Africa,Lower middle income,1.85974379351111,3.78828152085981,91.9992434272745,79.7869564191757,0.33694998022594,0,0,0
PSE,West Bank and Gaza,2008,Middle East & North Africa,Lower middle income,9.88999788691849,7.42918225547835,79.4799190194791,71.8255371799081,0.70458524841322,0,0,0
PSE,West Bank and Gaza,2009,Middle East & North Africa,Lower middle income,2.75393485083151,8.59349087893864,75.1511928466305,68.8526341380462,3.7160419011341,0,0,0
PSE,West Bank and Gaza,2010,Middle East & North Africa,Lower middle income,3.74915727597096,5.77736205629419,68.4976501575169,63.0056743570728,1.85860711452246,0,0,0
PSE,West Bank and Gaza,2011,Middle East & North Africa,Lower middle income,2.8772435849594,9.60080848913594,67.2495329024414,56.6924324955972,2.13515604683715,0,0,0
PSE,West Bank and Gaza,2012,Middle East & North Africa,Lower middle income,2.77908768282492,6.09645656326154,66.9293273483831,55.458442676354,0.515918270255689,0,0,0
PSE,West Bank and Gaza,2013,Middle East & North Africa,Lower middle income,1.72439933626931,4.69856986552234,66.2713181162369,55.4712100503866,1.40253913684002,0,0,0
PSE,West Bank and Gaza,2014,Middle East & North Africa,Lower middle income,1.73298510037447,-0.157866650855297,67.7398371659149,57.4389810596367,1.14163752860063,0,0,0
PSE,West Bank and Gaza,2015,Middle East & North Africa,Lower middle income,1.43161145810476,3.72129967114788,70.7809681944405,63.4642279636999,0.751035803856381,0,0,0
PSE,West Bank and Gaza,2016,Middle East & North Africa,Lower middle income,-0.219106604907316,8.86461881995935,65.4225141833383,63.3352158138705,1.92447798073354,0,0,0
PSE,West Bank and Gaza,2017,Middle East & North Africa,Lower middle income,0.212570934228881,1.41936756294787,68.4486607142857,68.1528171690848,1.14056698202946,0,0,0
PSE,West Bank and Gaza,2018,Middle East & North Africa,Lower middle income,-0.195107773730735,1.22707737782703,71.4012754506469,70.11212529183,1.29446294401352,0,0,0
PSE,West Bank and Gaza,2019,Middle East & North Africa,Lower middle income,1.58018333639455,1.36268746558062,68.9934922812035,73.2571192275951,0.769720046510608,0,0,0
PSE,West Bank and Gaza,2020,Middle East & North Africa,Lower middle income,-0.735332001092191,-11.3184661065134,67.2881912475775,92.0336547990883,0.513433766585376,0,0,0
YEM,"Yemen, Rep.",1985,Middle East & North Africa,Low income,NA,NA,NA,NA,NA,0,0,0
YEM,"Yemen, Rep.",1986,Middle East & North Africa,Low income,NA,NA,NA,NA,NA,0,0,0
YEM,"Yemen, Rep.",1987,Middle East & North Africa,Low income,NA,NA,NA,NA,NA,0,0,0
YEM,"Yemen, Rep.",1988,Middle East & North Africa,Low income,NA,NA,NA,NA,NA,0,0,0
YEM,"Yemen, Rep.",1989,Middle East & North Africa,Low income,NA,NA,NA,NA,NA,0,0,0
YEM,"Yemen, Rep.",1990,Middle East & North Africa,Low income,NA,NA,27.6276662296057,47.1099906730288,-1.03528825747847,0,0,0
YEM,"Yemen, Rep.",1991,Middle East & North Africa,Low income,36,6.29349385992927,47.921359321418,44.0323734471873,1.9262967547067,0,0,0
YEM,"Yemen, Rep.",1992,Middle East & North Africa,Low income,29.4117647058824,8.20759813722687,46.1503514733973,43.4536283218664,3.99791369174564,0,0,0
YEM,"Yemen, Rep.",1993,Middle East & North Africa,Low income,35.7522980164491,4.00196638126631,58.1404142358624,47.0809280660694,4.15424482588227,1,1,1
YEM,"Yemen, Rep.",1994,Middle East & North Africa,Low income,49.3941553813254,6.72194912231696,68.9640403073869,48.3869318958498,0.0563893329846604,1,1,1
YEM,"Yemen, Rep.",1995,Middle East & North Africa,Low income,55.0811068702292,5.66937132228433,87.4446919838225,47.3543565678473,-1.70126695121292,1,1,1
YEM,"Yemen, Rep.",1996,Middle East & North Africa,Low income,30.7337332718043,4.63496731668951,85.9391074430978,35.7551434808344,-0.925161426893741,1,1,1
YEM,"Yemen, Rep.",1997,Middle East & North Africa,Low income,2.17672667372646,5.23111204040379,80.145988654048,33.3467052404908,-2.02535761463574,0,0,0
YEM,"Yemen, Rep.",1998,Middle East & North Africa,Low income,5.9765085214186,6.00669459871877,72.6619985473237,38.3722692479607,-3.47032437981897,0,0,0
YEM,"Yemen, Rep.",1999,Middle East & North Africa,Low income,8.66021949364346,3.77553049612634,72.0039277408966,31.5255698794057,-4.02653360193704,0,0,0
YEM,"Yemen, Rep.",2000,Middle East & North Africa,Low income,4.58999999999981,6.1819155928913,75.4388386390908,30.1489954247066,0.066115307019514,0,0,0
YEM,"Yemen, Rep.",2001,Middle East & North Africa,Low income,11.9115912929855,3.80364587188127,70.8923979770182,33.5710826237395,1.57455746010621,0,0,0
YEM,"Yemen, Rep.",2002,Middle East & North Africa,Low income,12.2385339389711,3.9352315052778,74.7304558609206,34.9109934095027,1.06889926368752,0,0,0
YEM,"Yemen, Rep.",2003,Middle East & North Africa,Low income,10.8323607023242,3.74739818489111,74.3826165968098,36.3074977043499,-0.756584613746177,1,1,0
YEM,"Yemen, Rep.",2004,Middle East & North Africa,Low income,12.5150951495207,3.972696401183,71.8466740069203,35.0608213802277,1.03534601615477,1,1,0
YEM,"Yemen, Rep.",2005,Middle East & North Africa,Low income,11.8112639374949,5.59174807563268,76.773285677642,32.0461206027363,-1.80531053584597,1,1,0
YEM,"Yemen, Rep.",2006,Middle East & North Africa,Low income,10.8447986914257,3.17040935922364,82.0761626564135,34.4819866888826,5.88029989730047,1,1,0
YEM,"Yemen, Rep.",2007,Middle East & North Africa,Low income,7.9051177898873,3.33842795605096,79.1234205876059,35.2069791411138,4.23684804102557,0,1,0
YEM,"Yemen, Rep.",2008,Middle East & North Africa,Low income,18.9762574318076,3.64756947012633,81.244718850294,31.949362486555,5.7769623200871,0,1,0
YEM,"Yemen, Rep.",2009,Middle East & North Africa,Low income,5.40776098077522,3.86622951587742,68.0713910145084,38.0089240195966,0.51412085018398,0,0,0
YEM,"Yemen, Rep.",2010,Middle East & North Africa,Low income,11.1748338605044,7.70128607527964,64.3856367797178,31.909760083714,0.610357927076417,0,0,0
YEM,"Yemen, Rep.",2011,Middle East & North Africa,Low income,19.5435617131144,-12.7148969035133,63.0594579549043,31.0764955080311,-1.58233916831705,0,0,0
YEM,"Yemen, Rep.",2012,Middle East & North Africa,Low income,9.88538714484871,2.39299021364694,61.3616371825683,34.9687113200826,-0.0402221829314871,0,1,0
YEM,"Yemen, Rep.",2013,Middle East & North Africa,Low income,10.9684421500198,4.82351908493912,52.5118781367089,34.7409366655838,-0.330496410064222,0,1,0
YEM,"Yemen, Rep.",2014,Middle East & North Africa,Low income,8.10472583623915,-0.188690241954504,48.2430405122774,NA,-0.539237328374498,0,1,0
YEM,"Yemen, Rep.",2015,Middle East & North Africa,Low income,NA,-27.9945462502541,30.3676590844637,NA,-0.0363882528160336,0,0,0
YEM,"Yemen, Rep.",2016,Middle East & North Africa,Low income,NA,-9.37512379736752,31.0815442908559,NA,-1.79131212045889,0,0,0
YEM,"Yemen, Rep.",2017,Middle East & North Africa,Low income,NA,-5.07179568062152,42.9699046721967,NA,-1.00531889341895,0,0,0
YEM,"Yemen, Rep.",2018,Middle East & North Africa,Low income,NA,0.752447592962554,56.0778227215077,NA,-1.30563839823089,0,0,0
YEM,"Yemen, Rep.",2019,Middle East & North Africa,Low income,NA,NA,NA,NA,NA,0,0,0
YEM,"Yemen, Rep.",2020,Middle East & North Africa,Low income,NA,NA,NA,NA,NA,0,0,0
ZMB,Zambia,1985,Sub-Saharan Africa,Lower middle income,NA,1.61531036759311,NA,29.72058428428,2.28639468617875,0,0,0
ZMB,Zambia,1986,Sub-Saharan Africa,Lower middle income,55.8282208588966,0.723893955923913,NA,31.3331584793878,1.7002986254498,0,0,0
ZMB,Zambia,1987,Sub-Saharan Africa,Lower middle income,47.0472440944876,2.67566171341133,NA,29.0557874234836,3.28881880680764,0,0,0
ZMB,Zambia,1988,Sub-Saharan Africa,Lower middle income,51.0040160642574,6.28074900897693,NA,32.8513447750057,2.50209302306719,1,1,1
ZMB,Zambia,1989,Sub-Saharan Africa,Lower middle income,123.40425531915,-1.02350178869868,NA,30.3137662827195,4.09795728965057,1,1,1
ZMB,Zambia,1990,Sub-Saharan Africa,Lower middle income,107.023809523808,-0.481072027781664,NA,21.8249514734427,6.16412608064376,1,1,1
ZMB,Zambia,1991,Sub-Saharan Africa,Lower middle income,97.6423231742383,-0.0361333838823299,NA,22.3600600707912,1.01575254601441,1,1,1
ZMB,Zambia,1992,Sub-Saharan Africa,Lower middle income,165.70652700999,-1.73092217352566,NA,NA,1.41384462501141,1,1,1
ZMB,Zambia,1993,Sub-Saharan Africa,Lower middle income,183.312041464393,6.79727404907118,NA,14.071674661622,9.6043832825919,1,1,1
ZMB,Zambia,1994,Sub-Saharan Africa,Lower middle income,54.6013218413016,-8.62544195231277,66.6505948295585,13.5634130797137,1.09385070431742,1,1,1
ZMB,Zambia,1995,Sub-Saharan Africa,Lower middle income,34.9295874166667,2.89766889341698,69.2267746955964,15.6905365486628,2.81062427616587,1,1,1
ZMB,Zambia,1996,Sub-Saharan Africa,Lower middle income,43.0730979982882,6.21854648894293,63.8214821755312,16.0382382551386,3.53328309110399,1,1,1
ZMB,Zambia,1997,Sub-Saharan Africa,Lower middle income,24.4187215689412,3.81400749718355,58.272862622336,15.406776036074,4.81956998648727,1,1,1
ZMB,Zambia,1998,Sub-Saharan Africa,Lower middle income,24.4584563516656,-0.38574614579035,56.2503070199594,16.6184075444327,5.59679036097289,1,1,1
ZMB,Zambia,1999,Sub-Saharan Africa,Lower middle income,26.7876966790029,4.6501897463741,59.7675342029156,17.1955797550204,4.7587086630329,1,1,1
ZMB,Zambia,2000,Sub-Saharan Africa,Lower middle income,26.0304117888121,3.89732294341896,60.3874689884965,21.6860252568239,3.37996207983055,1,1,1
ZMB,Zambia,2001,Sub-Saharan Africa,Lower middle income,21.3937821792546,5.31686827418419,64.668282708979,17.860977968843,3.54138670780308,1,1,1
ZMB,Zambia,2002,Sub-Saharan Africa,Lower middle income,22.2333446430947,4.50601428032604,64.9164969990648,18.3470905634688,7.11494136195091,1,1,1
ZMB,Zambia,2003,Sub-Saharan Africa,Lower middle income,21.4015783901995,6.94497398221223,62.3128446757629,18.2306925769917,7.07893144253237,1,1,1
ZMB,Zambia,2004,Sub-Saharan Africa,Lower middle income,17.9677891087286,7.03239511515218,70.8130749317722,18.7743104593352,5.85168864010044,1,1,1
ZMB,Zambia,2005,Sub-Saharan Africa,Lower middle income,18.324439701174,7.23559900655543,62.200282191364,15.4971016315143,4.28403218909524,1,1,1
ZMB,Zambia,2006,Sub-Saharan Africa,Lower middle income,9.01957247226486,7.90369444480079,57.8568188739027,18.0615885624267,4.82712872237458,0,1,0
ZMB,Zambia,2007,Sub-Saharan Africa,Lower middle income,10.6573496000153,8.35243624447406,65.7714586909068,18.483666323897,9.41811167277731,0,1,0
ZMB,Zambia,2008,Sub-Saharan Africa,Lower middle income,12.4455793463192,7.77389581542363,59.4548891205874,19.101743578019,5.24050811284723,0,1,0
ZMB,Zambia,2009,Sub-Saharan Africa,Lower middle income,13.3952546325895,9.2203484058663,56.1213809555165,17.8373653191483,4.53277977632725,1,1,0
ZMB,Zambia,2010,Sub-Saharan Africa,Lower middle income,8.50176133365265,10.2982233241213,65.0147025206122,18.4296329419961,8.53319643791576,0,1,0
ZMB,Zambia,2011,Sub-Saharan Africa,Lower middle income,6.4293968107234,5.56925219263019,72.7954324384283,19.1220235564735,4.72516156867912,0,0,0
ZMB,Zambia,2012,Sub-Saharan Africa,Lower middle income,6.57589970757698,7.59738104901994,75.367709855907,19.57691458578,6.78938124085044,0,0,0
ZMB,Zambia,2013,Sub-Saharan Africa,Lower middle income,6.97767605490307,5.05753695047252,80.4562410213373,20.5127924174127,7.48932505567266,0,0,0
ZMB,Zambia,2014,Sub-Saharan Africa,Lower middle income,7.80687553566333,4.69328316376705,76.1934997276313,20.9269794142477,5.55542791808588,0,0,0
ZMB,Zambia,2015,Sub-Saharan Africa,Lower middle income,10.1105928909618,2.92037511217961,79.8652687573958,25.7726453305593,7.44741668984243,0,0,0
ZMB,Zambia,2016,Sub-Saharan Africa,Lower middle income,17.8697300795268,3.75510031678988,73.958561254616,20.6235684850474,3.16251974813899,0,1,0
ZMB,Zambia,2017,Sub-Saharan Africa,Lower middle income,6.57731154205644,3.52586277149926,71.5856946542566,21.9632481696508,4.28050117059574,0,0,0
ZMB,Zambia,2018,Sub-Saharan Africa,Lower middle income,7.4945719272852,4.03449389667165,74.8883695274665,22.8934937900932,1.55231886738395,0,0,0
ZMB,Zambia,2019,Sub-Saharan Africa,Lower middle income,9.15031644316296,1.44130602603785,68.791204936096,23.5980964890188,2.3509190433173,0,0,0
ZMB,Zambia,2020,Sub-Saharan Africa,Lower middle income,15.7330604721369,-2.78505506545167,79.2068494095955,31.2059620192927,1.35190577412928,0,1,0
