iso3c,country,year,region,income,cpi,gdp_growth,trade_open,broad_money,fdi,MII,ERS,KAOPEN,chronic10,ln_cpi,KAOPEN_norm,fiscal_bal_weo,peg,base,kspeg
ALB,Albania,1985,Europe & Central Asia,Upper middle income,NA,1.78064395924895,35.9348239721958,NA,0,NA,NA,NA,0,NA,NA,NA,NA,NA,NA
DZA,Algeria,1985,Middle East & North Africa,Upper middle income,10.4822870444467,3.69999725488672,50.3261206307911,76.8486054333589,6.86577373656382e-4,0.5,0.26149192452430725,0,0,2.4408055909493096,0,NA,0,132,0
AGO,Angola,1985,Sub-Saharan Africa,Lower middle income,NA,3.49999949008608,NA,NA,3.68013758032242,NA,1,NA,0,NA,NA,NA,1,111,1
ARM,Armenia,1985,Europe & Central Asia,Upper middle income,NA,NA,NA,NA,NA,NA,NA,NA,0,NA,NA,NA,NA,NA,NA
AZE,Azerbaijan,1985,Europe & Central Asia,Upper middle income,NA,NA,NA,NA,NA,NA,NA,NA,0,NA,NA,NA,NA,NA,NA
BGD,Bangladesh,1985,South Asia,Lower middle income,NA,3.34201465416713,18.2221846249994,19.5926033985971,-0.0298943959229265,0.3861163258552551,0.4501866996288299,0,0,NA,0,-4.2,0,111,0
BLR,Belarus,1985,Europe & Central Asia,Upper middle income,NA,NA,NA,NA,NA,NA,NA,NA,0,NA,NA,NA,NA,NA,NA
BLZ,Belize,1985,Latin America & Caribbean,Upper middle income,6.23716611805549,1.00642398286939,67.0732840236686,29.1910894535329,1.28785241907414,0.31501659750938416,1,0.7167128920555115,0,1.9792297096146776,1,NA,1,111,1
BEN,Benin,1985,Sub-Saharan Africa,Lower middle income,NA,7.53032483806271,60.3012179781571,23.7590663684299,-0.00860656969427103,0.0986076518893242,1,0.4168718457221985,0,NA,1,NA,1,132,1
BTN,Bhutan,1985,South Asia,Lower middle income,1.88201230546507,4.0285329991183,69.753674933224,22.9739531296252,NA,0.5301169157028198,1,0.1643451750278473,0,1.0584887673340269,NA,-9,1,534,1
BOL,Bolivia,1985,Latin America & Caribbean,Lower middle income,11749.6396321438,-1.67638978272157,41.8927911934119,12.1420479980102,0.185967745899762,0.5118691325187683,0.01145080290734768,0,0,9.371662954868873,0,-8.8,0,111,0
BWA,Botswana,1985,Sub-Saharan Africa,Upper middle income,8.0945757997594,7.12527126873714,117.522808175582,26.2806761121196,4.8091665472547,0.5,0.14915324747562408,0.1643451750278473,0,2.20767816984436,0.1643451750278473,NA,0,199,0
BRA,Brazil,1985,Latin America & Caribbean,Upper middle income,225.989665211895,7.85000000000042,20.4497665840761,14.3689168067947,0.683327514048415,0.2755245864391327,0.3873274028301239,0,0,5.424904488744082,0,NA,0,111,0
BFA,Burkina Faso,1985,Sub-Saharan Africa,Low income,6.90605782140466,8.51736499112322,40.9475469828696,13.3803705671313,-0.092109898028705,0.09618569165468216,1,NA,0,2.0676292784582553,NA,-1.2,1,132,1
BDI,Burundi,1985,Sub-Saharan Africa,Low income,3.80428683649424,11.7831801786654,NA,14.3033770201238,0.046832716873145,0.3760448098182678,0.4110119938850403,0.1643451750278473,0,1.5695086102817226,1,NA,0,111,0
CPV,Cabo Verde,1985,Sub-Saharan Africa,Lower middle income,5.39325842696638,8.64208661528207,101.821285052255,38.2551396503956,0,0.5,0.330578476190567,0.1643451750278473,0,1.8552440643942048,0,NA,0,182,1
KHM,Cambodia,1985,East Asia & Pacific,Lower middle income,NA,4.67018404006252,NA,NA,NA,NA,NA,NA,0,NA,NA,NA,NA,NA,NA
CMR,Cameroon,1985,Sub-Saharan Africa,Lower middle income,8.50837434391594,8.06316167125891,65.0245883756553,22.8503079864154,3.70083163693805,0.528006374835968,1,0.4168718457221985,0,2.2521729201907217,1,NA,1,132,1
CAF,Central African Republic,1985,Sub-Saharan Africa,Low income,10.4238402303886,3.92721953798056,53.6444942027307,14.7810420929365,0.345905879849888,0.528006374835968,1,0.1643451750278473,0,2.43570242006426,0,NA,1,132,1
TCD,Chad,1985,Sub-Saharan Africa,Low income,5.15399900645816,21.7927735303921,43.2336653879896,15.4912536441823,5.19326944873866,0.528006374835968,1,0.1643451750278473,0,1.817102115453324,0,NA,1,132,1
CHN,China,1985,East Asia & Pacific,Upper middle income,NA,13.435474366529,20.6743372843961,53.4768920238265,0.535049748242083,0.5367380380630493,0.3173820972442627,0.1643451750278473,0,NA,1,0.9,0,111,0
COL,Colombia,1985,Latin America & Caribbean,Upper middle income,24.090174368125,3.1071061957296,26.3331012832964,31.2695244732911,2.9317015543862,0.5819903612136841,0.5258573293685913,0,0,3.22247631006024,0,-2.5,0,111,0
COM,Comoros,1985,Sub-Saharan Africa,Lower middle income,NA,2.77913541754444,35.757685475385,9.65755569213642,0,0.5,1,0.1643451750278473,0,NA,NA,-5,1,132,1
COD,"Congo, Dem. Rep.",1985,Sub-Saharan Africa,Low income,23.8207845213349,0.46785095094603,NA,6.89722658161266,0.961634330644133,0.5367380380630493,0.30536478757858276,0.1643451750278473,0,3.211681387711047,0,NA,0,111,0
COG,"Congo, Rep.",1985,Sub-Saharan Africa,Lower middle income,NA,-1.18566085432533,112.793572311496,15.4038936959209,0.587247631196912,0.528006374835968,1,0.1643451750278473,0,NA,0,NA,1,132,1
CRI,Costa Rica,1985,Latin America & Caribbean,Upper middle income,15.0574196445756,0.721601729268301,63.1993362968233,38.7182080822636,1.78352544818659,0.5319559574127197,0.7489288449287415,0.05996821448206901,0,2.776171025907216,0.05996821448206901,NA,0,111,0
CIV,Cote d'Ivoire,1985,Sub-Saharan Africa,Lower middle income,1.86380327150627,4.50122318068745,79.1725137120598,29.9682435584721,0.417905703334341,0.0986076518893242,1,0.4168718457221985,0,1.0521505566225993,1,NA,1,132,1
DJI,Djibouti,1985,Middle East & North Africa,Lower middle income,2.12890298848072,NA,NA,74.6307817934205,0.0674507517490648,NA,1,1,0,1.140682460205063,1,NA,1,111,1
DMA,Dominica,1985,Latin America & Caribbean,Upper middle income,3.73997998064239,1.42093316227962,NA,39.73582980353,2.51062973508836,0.5,1,0.4168718457221985,0,1.5560329122048997,0.4712955895532587,NA,1,111,1
DOM,Dominican Republic,1985,Latin America & Caribbean,Upper middle income,45.3361755532178,-2.12253497623708,56.9971149804481,22.9652014418729,0.717601864754359,NA,0.02819094061851501,0,0,3.835922985456389,0,NA,0,111,0
ECU,Ecuador,1985,Latin America & Caribbean,Upper middle income,27.9936107429224,3.93500141252335,35.7173093974088,14.7880656935685,0.361535251936395,0.6020019054412842,0.08903303742408752,0.299841046333313,0,3.367075486503059,0.1462469030084272,NA,NA,NA,NA
EGY,"Egypt, Arab Rep.",1985,Middle East & North Africa,Lower middle income,12.1067560598246,5.79150579142357,46.112600536193,82.239946380697,3.01527740329376,0.4936591684818268,1,0,0,2.573127827021824,0,NA,1,111,1
SLV,El Salvador,1985,Latin America & Caribbean,Upper middle income,22.3283750554416,0.614316239316253,52.2105382093726,52.7538302468871,0.326284139912113,0.5,1,0,0,3.149670433176498,0,NA,1,111,1
GNQ,Equatorial Guinea,1985,Sub-Saharan Africa,Upper middle income,NA,12.9051788684821,NA,32.148980007319,3.92797178260412,0.34031036496162415,1,0.1643451750278473,0,NA,0,-89.3,1,132,1
SWZ,Eswatini,1985,Sub-Saharan Africa,Lower middle income,20.4626334519576,3.79241569165134,NA,36.5435514018692,3.22741433106282,0.0451672188937664,0.09564058482646942,0.4168718457221985,0,3.066313444117255,1,-1.1,1,199,1
ETH,Ethiopia,1985,Sub-Saharan Africa,Low income,19.0646851444406,-11.1443529779264,NA,19.6691992894234,0,NA,1,0.1643451750278473,0,2.9989613118160765,1,-4.7,1,111,1
FJI,Fiji,1985,East Asia & Pacific,Upper middle income,4.42097239621908,-4.61347485610258,NA,36.9490276511699,1.89911853517206,NA,0.3363882005214691,0.4168718457221985,0,1.6902752082562127,1,NA,0,111,0
GAB,Gabon,1985,Sub-Saharan Africa,Upper middle income,7.3549257759783,-2.33294933269416,119.853382205931,20.4983005664778,0.451849383828874,0.528006374835968,1,0.4168718457221985,0,2.1228512782231324,1,NA,1,132,1
GMB,"Gambia, The",1985,Sub-Saharan Africa,Low income,18.319884874273,-0.812264660562306,97.7814665225553,29.2337448091473,-0.221507139200182,0.5992652177810669,1,0,0,2.9611348698780566,0,NA,1,112,1
GEO,Georgia,1985,Europe & Central Asia,Upper middle income,NA,4.94120590442833,NA,NA,NA,NA,NA,NA,0,NA,NA,NA,NA,NA,NA
GHA,Ghana,1985,Sub-Saharan Africa,Lower middle income,10.3054406698295,5.09161727201138,24.243837597071,13.6185023670157,0.124325458827919,0.6898576617240906,0.2640109360218048,0,0,2.4252840850524495,0,-1.2,0,111,0
GRD,Grenada,1985,Latin America & Caribbean,Upper middle income,2.50138492350979,5.97970814111039,NA,39.1313712259678,2.4510516755026,0.5,1,0,0,1.2531585826611318,0,NA,1,111,1
GTM,Guatemala,1985,Latin America & Caribbean,Upper middle income,18.6867912971238,-0.609338955584263,24.9322455919306,29.3061657913413,0.635694421557388,0.5,1,0,0,2.9799479183315123,0,NA,1,111,1
GIN,Guinea,1985,Sub-Saharan Africa,Lower middle income,NA,4.9999305837981,NA,NA,0.00487106070480292,NA,0.3826705813407898,0.1643451750278473,0,NA,1,NA,0,111,0
GNB,Guinea-Bissau,1985,Sub-Saharan Africa,Low income,NA,4.1664928969891,67.467524669876,NA,0.38506876902922,0.3092176914215088,0.3272717595100403,0.1643451750278473,0,NA,0.7326588197655602,NA,0,132,0
HTI,Haiti,1985,Latin America & Caribbean,Lower middle income,10.6488390138928,0.603631294369663,NA,29.8633422912312,0.244849208719021,NA,1,0.4168718457221985,0,2.455206519585929,0.2198675796643537,NA,1,111,1
HND,Honduras,1985,Latin America & Caribbean,Lower middle income,3.36267523608605,4.66822602953714,67.4826144213664,23.6178176189266,0.635353371993623,0.5,1,0.1643451750278473,0,1.4730854554521302,0.23472552077950623,NA,1,111,1
IND,India,1985,South Asia,Lower middle income,5.55642423236554,5.25429922311382,12.9000361941487,39.5283397579026,0.0456278399036275,0.5986372232437134,0.30377766489982605,0.1643451750278473,0,1.880445367812685,NA,NA,0,111,0
IDN,Indonesia,1985,East Asia & Pacific,Upper middle income,4.72453518543398,2.46214356422551,44.7183723110447,24.7370376939384,0.36346800280403,0.4462029039859772,0.7234686613082886,1,0,1.7447613558269823,1,NA,0,111,0
IRN,"Iran, Islamic Rep.",1985,Middle East & North Africa,Upper middle income,4.38934095741541,1.86764993250704,23.1723911405475,NA,-0.0211728446056716,NA,0.38869184255599976,0.1643451750278473,0,1.6844231060936536,0.36714325860631464,NA,0,111,0
JAM,Jamaica,1985,Latin America & Caribbean,Upper middle income,25.6731012391772,-2.94363557496624,NA,54.4043821246882,-0.428522654770816,0.5419996976852417,0.1987158805131912,0.1643451750278473,0,3.283655613367606,0,NA,0,111,0
JOR,Jordan,1985,Middle East & North Africa,Lower middle income,2.98507462714756,-2.70694716427624,115.91393484218,95.3577590581549,0.499617908099627,0.5,0.3912491500377655,0.4168718457221985,0,1.3825560390800196,0.30219016649938735,-7.5,0,111,0
KAZ,Kazakhstan,1985,Europe & Central Asia,Upper middle income,NA,NA,NA,NA,NA,NA,NA,NA,0,NA,NA,NA,NA,NA,NA
KEN,Kenya,1985,Sub-Saharan Africa,Lower middle income,13.0065664218827,4.30056181879613,55.4454345531665,26.6818501045515,0.470183996306104,0.4654056131839752,0.3472667932510376,0.1643451750278473,0,2.6395262497894856,0.23472552077950623,-3.1,0,111,0
KGZ,Kyrgyz Republic,1985,Europe & Central Asia,Lower middle income,NA,NA,NA,NA,NA,NA,NA,NA,0,NA,NA,NA,NA,NA,NA
LAO,Lao PDR,1985,East Asia & Pacific,Lower middle income,NA,5.06996394724837,13.8028174811876,NA,-0.0684507057036303,0.5709140300750732,1,0,0,NA,0,NA,1,111,0
LSO,Lesotho,1985,Sub-Saharan Africa,Lower middle income,13.3208255159471,2.6102493308543,NA,52.4923800144583,1.82205628370903,0.06972699612379074,1,0.2525267004966736,0,2.6617148076326003,1,1.7,1,199,1
LBR,Liberia,1985,Sub-Saharan Africa,Low income,NA,-0.843318161003538,NA,0.435561503296713,-0.0409783110232634,0.3993442356586456,1,0.9400318264961244,0,NA,0.9127742123868112,NA,1,111,1
LBY,Libya,1985,Middle East & North Africa,Upper middle income,9.13844055467156,8.32677842607399,NA,49.0682164261096,0.37815815278245,0.5,1,0.1643451750278473,0,2.31633419488341,1,NA,1,111,1
MDG,Madagascar,1985,Sub-Saharan Africa,Low income,10.5564839573619,1.15634413876586,22.4393195722776,11.6048568939605,-0.00473365573848978,0.3874490559101105,0.2616649270057678,0.1643451750278473,0,2.447246661041881,0,-2.4,0,132,0
MWI,Malawi,1985,Sub-Saharan Africa,Low income,10.5189759937166,4.57098201312564,NA,13.5823494468635,0.031797699671203,0.6260431408882141,0.15409725904464722,0.1643451750278473,0,2.4439957618825225,0.3942342873818497,NA,0,111,0
MYS,Malaysia,1985,East Asia & Pacific,Upper middle income,0.346458791259884,-1.02525025342071,104.683103136698,115.136181747773,2.22666868667977,0.4443347752094269,0.35879114270210266,1,0,0.29747802846393767,1,NA,0,111,0
MDV,Maldives,1985,South Asia,Upper middle income,NA,15.4160435875059,NA,26.0422020381037,0.951326982720425,0.5,0.6243554353713989,0.7167128920555115,0,NA,0.32044557373809845,NA,1,111,1
MLI,Mali,1985,Sub-Saharan Africa,Low income,NA,13.1917576039868,51.7785569314836,17.8113461182291,0.181493000577378,0.0986076518893242,1,0.4168718457221985,0,NA,1,NA,1,132,1
MRT,Mauritania,1985,Sub-Saharan Africa,Lower middle income,NA,2.99476050442853,103.285903291031,17.9151866452233,0.691209995208202,0.5177988409996033,0.17271053791046145,0.1643451750278473,0,NA,0.3942342873818497,NA,0,111,0
MUS,Mauritius,1985,Sub-Saharan Africa,Upper middle income,6.69870394658498,6.9544754614702,107.500725256864,49.373144475471,0.730328026584982,0.4561727941036224,0.23730003833770752,0.1643451750278473,0,2.041051996067141,0,NA,0,112,0
MEX,Mexico,1985,Latin America & Caribbean,Upper middle income,57.7484484008702,1.91921578613494,24.3312923896659,25.4985029100755,1.01617964153906,0.7174578309059143,0.16219830513000488,0.05996821448206901,0,4.0732647424775585,0.08564942884472071,NA,0,111,0
FSM,"Micronesia, Fed. Sts.",1985,East Asia & Pacific,Lower middle income,NA,16.5506760705723,NA,NA,NA,NA,1,NA,0,NA,NA,NA,1,111,1
MDA,Moldova,1985,Europe & Central Asia,Upper middle income,NA,NA,NA,NA,NA,NA,NA,NA,0,NA,NA,NA,NA,NA,NA
MNG,Mongolia,1985,East Asia & Pacific,Upper middle income,NA,5.71287226080142,94.9363378566431,NA,0,NA,NA,NA,0,NA,NA,-3.9,NA,NA,NA
MAR,Morocco,1985,Middle East & North Africa,Lower middle income,7.7286389008592,6.00765207144033,59.3150746324922,37.7051733060843,0.133245210382206,0.5172882080078125,0.29042795300483704,0,0,2.166609447141695,0,NA,0,132,0
MOZ,Mozambique,1985,Sub-Saharan Africa,Low income,NA,0.99999672066555,NA,NA,NA,NA,0.4951658546924591,NA,0,NA,NA,-9.7,0,111,0
MMR,Myanmar,1985,East Asia & Pacific,Lower middle income,6.80756655768333,2.85100023868532,NA,32.3438543544861,0,0.5,0.38268110156059265,0.1643451750278473,0,2.0550933349781237,1,NA,0,111,0
NAM,Namibia,1985,Sub-Saharan Africa,Upper middle income,NA,0.464171261803401,91.7316913712628,NA,1.01726277501806,NA,1,NA,0,NA,NA,NA,1,199,1
NPL,Nepal,1985,South Asia,Lower middle income,8.0526412661963,6.14490523732366,31.5287854720302,27.7199158545486,0.0248099750998154,0.5,0.1803828626871109,0.1643451750278473,0,2.2030565677495195,0,NA,0,534,0
NIC,Nicaragua,1985,Latin America & Caribbean,Lower middle income,NA,-4.08185148731935,36.5924611411654,65.5136166954578,-3.72619899424066e-4,NA,1,0,0,NA,0,NA,1,111,0
NER,Niger,1985,Sub-Saharan Africa,Low income,-0.923399123994819,7.71812745021188,53.5266371830812,16.7035233426218,-0.651267015225408,0.0986076518893242,1,0.4168718457221985,0,0.09531017980432492,0.8080986016234855,NA,1,132,1
NGA,Nigeria,1985,Sub-Saharan Africa,Lower middle income,7.43534482758635,5.91302745911393,NA,12.326532098608,0.658452659833293,0.5263839364051819,0.32402968406677246,0.1643451750278473,0,2.132430595729783,0.548107662501804,NA,0,111,0
PAK,Pakistan,1985,South Asia,Lower middle income,5.61483921793224,7.59211469875896,33.1707461712947,40.6612842762047,0.421864139271513,0.27249640226364136,0.4807612895965576,0.1643451750278473,0,1.8893154915923536,1,NA,0,111,0
PNG,Papua New Guinea,1985,East Asia & Pacific,Lower middle income,3.71040723981909,4.00019034409902,94.5546761868456,33.8319774831081,3.43943032361386,0.2958585023880005,0.25875383615493774,0.4168718457221985,0,1.5497743670972342,0.43305520707219824,-1.9,0,193,0
PRY,Paraguay,1985,Latin America & Caribbean,Upper middle income,25.2107164358818,4.5231356783092,54.208623583498,18.8677896854307,0.0213255392459299,NA,1,0.11993642896413804,0,3.2661683514097253,0.16045580363048711,0.8,1,111,0
PER,Peru,1985,Latin America & Caribbean,Upper middle income,163.399505243688,2.06113206625895,44.8787094814746,26.5056852381681,0.00663185522941448,0.5065190196037292,0.15192145109176636,0.17990463972091675,0,5.102299473150933,0.17990463972091675,NA,0,111,0
PHL,Philippines,1985,East Asia & Pacific,Lower middle income,23.1031071803888,-6.85837720864683,32.8405218386658,25.4147347265576,0.0343234835054566,0.24620886147022247,0.31117039918899536,0.4168718457221985,0,3.182340760832864,0.4712955895532587,NA,0,111,0
RWA,Rwanda,1985,Sub-Saharan Africa,Low income,1.75933005651688,4.40274833269658,30.6698953489646,13.4184025493062,0.852166910665912,0.5,0.38267356157302856,0.1643451750278473,0,1.0149879171185423,0,NA,0,111,0
WSM,Samoa,1985,East Asia & Pacific,Lower middle income,9.09050118887493,3.91949640266225,NA,24.4188636653833,0.449921757114324,0.610312819480896,0.19183041155338287,0.1643451750278473,0,2.3115945049728372,0.3942342873818497,NA,0,196,0
STP,Sao Tome and Principe,1985,Sub-Saharan Africa,Lower middle income,NA,9.29988604655227,NA,NA,0,NA,0.38266855478286743,0.1643451750278473,0,NA,0.1643451750278473,NA,0,111,0
SEN,Senegal,1985,Sub-Saharan Africa,Lower middle income,13.0000576159794,3.46308446515194,52.6337717754652,17.491884463652,-0.413822726298288,0.0986076518893242,1,0.4168718457221985,0,2.6390614450338905,1,NA,1,132,1
SLB,Solomon Islands,1985,East Asia & Pacific,Lower middle income,9.56822107081143,-3.13232290871788,142.79660059555,26.8951277367407,0.407990379303906,0.3780224919319153,0.15360893309116364,0.4168718457221985,0,2.357851485889515,1,-7.5,0,193,0
ZAF,South Africa,1985,Sub-Saharan Africa,Upper middle income,16.2942252426421,-1.21154088240387,47.9482663808045,48.7302222624409,-0.702215388638934,0.258650541305542,0.1043219342827797,0,0,2.8503726447764306,0,NA,0,111,0
LKA,Sri Lanka,1985,South Asia,Lower middle income,1.48118012235429,4.99940636872589,63.9772132409546,31.1966127790608,0.43760560255979303,0.6171891689300537,0.6517501473426819,0.1643451750278473,0,0.90873430278145,0,NA,0,111,0
LCA,St. Lucia,1985,Latin America & Caribbean,Upper middle income,1.42319898238732,8.28776508696711,NA,42.7914062500039,5.9765625,0.5,1,0.1643451750278473,0,0.8850885607849952,0,-1.5,1,111,1
VCT,St. Vincent and the Grenadines,1985,Latin America & Caribbean,Upper middle income,2.13968510329097,6.17934619533374,NA,49.9020167717324,1.23590972634609,0.5,1,0.1643451750278473,0,1.1441225093151033,0,4.2,1,111,1
SUR,Suriname,1985,Latin America & Caribbean,Upper middle income,10.8659529841192,2.00000000362783,NA,87.4971363115693,2.43986254295533,NA,1,0.1643451750278473,0,2.4736732055935775,1,NA,1,111,1
TJK,Tajikistan,1985,Europe & Central Asia,Lower middle income,NA,NA,NA,NA,NA,NA,NA,NA,0,NA,NA,NA,NA,NA,NA
TZA,Tanzania,1985,Sub-Saharan Africa,Lower middle income,33.2821038251368,1.24490401004924,NA,14.7076176188266,0.0946615382464735,0.6308441162109375,0.378825306892395,0.1643451750278473,0,3.53462346364153,0.5801363815350187,NA,0,111,0
THA,Thailand,1985,East Asia & Pacific,Upper middle income,2.43173123433475,4.64724035659331,49.1552284474048,62.0899276415567,0.419531294827773,0.23110844194889069,0.3884260058403015,0.4168718457221985,0,1.2330648668851727,1,NA,0,111,0
TGO,Togo,1985,Sub-Saharan Africa,Low income,-1.81441438232162,5.55555216355627,105.547445255299,29.6061927700982,1.51174787549841,0.0986076518893242,1,0.1643451750278473,0,0.09531017980432492,NA,NA,1,132,1
TON,Tonga,1985,East Asia & Pacific,Upper middle income,16.765,6.55846354534968,102.359357194353,NA,0.0348773850722813,0.5,1,NA,0,2.8772302294729903,NA,NA,1,193,1
TUN,Tunisia,1985,Middle East & North Africa,Lower middle income,7.25436179981635,5.6485732365982,70.2363820298363,45.058233475343,1.28236208175644,0.8258848190307617,0.24462048709392548,0.1643451750278473,0,2.1107417636404397,0,NA,0,132,0
TUR,Turkiye,1985,Europe & Central Asia,Upper middle income,44.9617301528779,4.24133571639942,34.8269721189326,24.4455841917055,0.147249647390691,0.4155638813972473,0.3528359830379486,0.1643451750278473,0,3.827809097025662,0,NA,0,111,0
UGA,Uganda,1985,Sub-Saharan Africa,Low income,NA,-3.30638000677493,28.746856396441,14.2990857733307,-0.113646196501416,0.6141695976257324,0.06989949196577072,0.1643451750278473,0,NA,0.1643451750278473,NA,0,111,0
UKR,Ukraine,1985,Europe & Central Asia,Upper middle income,NA,NA,NA,NA,NA,NA,NA,NA,0,NA,NA,NA,NA,NA,NA
VUT,Vanuatu,1985,East Asia & Pacific,Lower middle income,1.06615285806043,1.001623320554,110.528574493956,90.5632644302983,3.50819189737049,0.3657265603542328,0.2493363469839096,1,0,0.7256883554050558,1,NA,0,132,0
VNM,Viet Nam,1985,East Asia & Pacific,Lower middle income,NA,3.80585566810947,NA,NA,-5.67589726125444e-4,NA,0.01184090692549944,0,0,NA,0,NA,0,111,0
YEM,"Yemen, Rep.",1985,Middle East & North Africa,Low income,NA,NA,NA,NA,NA,NA,NA,NA,0,NA,NA,NA,NA,NA,NA
ZMB,Zambia,1985,Sub-Saharan Africa,Lower middle income,NA,1.61531036759311,NA,29.72058428428,2.28639468617875,0.6538275480270386,0.02823414839804172,0.1643451750278473,0,NA,0.1643451750278473,NA,0,111,0
ALB,Albania,1986,Europe & Central Asia,Upper middle income,NA,5.63724317852117,31.637304878056,NA,0,NA,NA,NA,0,NA,NA,NA,NA,NA,NA
DZA,Algeria,1986,Middle East & North Africa,Upper middle income,12.3716091651298,0.400001002799627,36.026710569926,75.7983276404649,0.00834724568021464,0.5,0.2754109799861908,0,0,2.5931337402762233,0,NA,0,132,0
AGO,Angola,1986,Sub-Saharan Africa,Lower middle income,NA,2.90000174246853,NA,NA,3.30857271569459,NA,1,NA,0,NA,NA,NA,1,111,1
ARM,Armenia,1986,Europe & Central Asia,Upper middle income,NA,NA,NA,NA,NA,NA,NA,NA,0,NA,NA,NA,NA,NA,NA
AZE,Azerbaijan,1986,Europe & Central Asia,Upper middle income,NA,NA,NA,NA,NA,NA,NA,NA,0,NA,NA,NA,NA,NA,NA
BGD,Bangladesh,1986,South Asia,Lower middle income,NA,4.17338255900151,17.0187425082782,20.1979115796951,0.0111899311751012,0.3861163258552551,0.5810044407844543,0,0,NA,0,-4.6,1,111,1
BLR,Belarus,1986,Europe & Central Asia,Upper middle income,NA,NA,NA,NA,NA,NA,NA,NA,0,NA,NA,NA,NA,NA,NA
BLZ,Belize,1986,Latin America & Caribbean,Upper middle income,0.799771493858952,4.54738181047276,69.6704858747994,31.9576243980738,1.47672552166934,0.2992694675922394,1,0.656744658946991,0,0.5876597089874201,0.916328792500811,NA,1,111,1
BEN,Benin,1986,Sub-Saharan Africa,Lower middle income,NA,2.17114159792595,49.2914176982042,23.5880474072087,0.0823290421830946,0.22055171430110931,1,0.4168718457221985,0,NA,1,NA,1,132,1
BTN,Bhutan,1986,South Asia,Lower middle income,9.96447602131438,11.3921975985388,73.7685764327379,20.6766161717063,NA,0.5301169157028198,1,0.1643451750278473,0,2.394660594254205,NA,-3.4,1,534,1
BOL,Bolivia,1986,Latin America & Caribbean,Lower middle income,276.335967563201,-2.57388420056624,47.0313573970904,10.7361999837863,0.252564614775659,NA,0.3018709421157837,0.3124949038028717,0,5.625229650532993,0.4180683163004152,-2.4,0,111,0
BWA,Botswana,1986,Sub-Saharan Africa,Upper middle income,10.0017155606022,8.17292433112134,117.459589590737,23.1636669341587,5.05559968962012,0.5,0.33324864506721497,0.1643451750278473,0,2.398051220692611,0.1643451750278473,NA,0,199,0
BRA,Brazil,1986,Latin America & Caribbean,Upper middle income,147.142826237604,7.48999999999982,15.8606541452464,20.8799625638871,0.134512965266612,0.28689879179000854,0.15806744992733002,0,0,4.998176850556283,0,NA,0,111,0
BFA,Burkina Faso,1986,Sub-Saharan Africa,Low income,-2.61174292476783,7.9553627287484,37.9617294229875,16.193478613476,0.154200993096417,0.21812976896762848,1,NA,0,0.09531017980432492,NA,-5.1,1,132,1
BDI,Burundi,1986,Sub-Saharan Africa,Low income,1.67567567567546,3.25018045970241,NA,14.4885970218876,0.126820029714969,0.3760448098182678,0.1968065649271011,0.1643451750278473,0,0.984201937490285,1,NA,0,111,0
CPV,Cabo Verde,1986,Sub-Saharan Africa,Lower middle income,10.8742004264391,2.87145542241004,93.0525241231483,36.3350851540362,-0.0045812352012123804,0.5,0.26143136620521545,0.1643451750278473,0,2.4743680151433782,0,NA,0,182,0
KHM,Cambodia,1986,East Asia & Pacific,Lower middle income,NA,3.80081800784569,NA,NA,NA,NA,NA,NA,0,NA,NA,NA,NA,NA,NA
CMR,Cameroon,1986,Sub-Saharan Africa,Lower middle income,7.77002498703532,6.77166308397663,46.0058070249231,20.4511830322858,-0.76494667807891,0.528006374835968,1,0.4168718457221985,0,2.171339655528872,1,NA,1,132,1
CAF,Central African Republic,1986,Sub-Saharan Africa,Low income,2.24515251162269,3.57797925430461,46.8090580912756,15.105481323669,0.727137995053487,0.528006374835968,1,0.1643451750278473,0,1.1771623480108633,0,NA,1,132,1
TCD,Chad,1986,Sub-Saharan Africa,Low income,-13.0565725758829,-4.08166751727347,48.7698991279027,19.6633149612375,2.64092106277313,0.528006374835968,1,0.1643451750278473,0,0.09531017980432492,0,NA,1,132,1
CHN,China,1986,East Asia & Pacific,Upper middle income,NA,8.93506493506504,19.8450541369327,61.072418039095,0.622282399569032,0.5367380380630493,0.19094759225845337,0.1643451750278473,0,NA,1,-0.3,0,111,0
COL,Colombia,1986,Latin America & Caribbean,Upper middle income,18.8424631612405,5.82407613745866,30.8306359086594,NA,1.9288837346618,0.5122413635253906,0.7477607727050781,0,0,2.987824245422798,0,-1.9,0,111,0
COM,Comoros,1986,Sub-Saharan Africa,Lower middle income,NA,2.07103502558049,35.7566167116572,9.71855564007338,0,0.5,1,0.1643451750278473,0,NA,NA,-4.8,1,132,1
COD,"Congo, Dem. Rep.",1986,Sub-Saharan Africa,Low income,44.4,4.71720965340853,NA,8.06631239533562,0.0685577291884824,0.5367380380630493,0.23852521181106567,0.1643451750278473,0,3.8155121050473024,0,NA,0,111,0
COG,"Congo, Rep.",1986,Sub-Saharan Africa,Lower middle income,4.15811088295678,-6.86152643665193,93.5022348876701,20.6463802627213,1.21343665371882,0.528006374835968,1,0.1643451750278473,0,1.6405704045054803,0,NA,1,132,1
CRI,Costa Rica,1986,Latin America & Caribbean,Upper middle income,11.8350618936099,5.53625084315689,61.8362125287889,37.588313374237,1.3804078444541,0.530091404914856,0.7245466113090515,0,0,2.5521806365639037,0,NA,0,111,0
CIV,Cote d'Ivoire,1986,Sub-Saharan Africa,Lower middle income,9.68295473116514,3.25934876606091,69.6773571637603,30.423211733948,0.77252310778488,0.22055171430110931,1,0.4168718457221985,0,2.368649455490122,1,NA,1,132,1
DJI,Djibouti,1986,Middle East & North Africa,Lower middle income,18.147633450986,NA,NA,NA,NA,NA,1,1,0,2.9521791284070926,1,NA,1,111,1
DMA,Dominica,1986,Latin America & Caribbean,Upper middle income,2.77423367675706,7.07335660054757,NA,40.3540566676634,3.83627556304961,0.5,1,0.4168718457221985,0,1.32819736255924,0.4712955895532587,NA,1,111,1
DOM,Dominican Republic,1986,Latin America & Caribbean,Upper middle income,7.63897266579929,3.52199319901496,49.4260827751438,32.5360643844168,0.81670940964079,NA,0.30922698974609375,0,0,2.1562836713248945,0,NA,0,111,0
ECU,Ecuador,1986,Latin America & Caribbean,Upper middle income,23.0302261142617,3.46478251574867,33.1106044808965,13.2601037082559,0.528922995873142,0.5,0.0935111790895462,0.23987284302711487,0,3.179312459369596,0.0731234515042136,NA,NA,NA,NA
EGY,"Egypt, Arab Rep.",1986,Middle East & North Africa,Lower middle income,23.8642898217366,4.74452554738158,36.0544217687075,84.1319727891157,2.95109102688694,0.4936591684818268,1,0,0,3.213432630396928,0,NA,1,111,1
SLV,El Salvador,1986,Latin America & Caribbean,Upper middle income,31.9350161472763,0.19467303778427,53.7141227244257,33.0904413734503,0.639867087892442,0.5,1,0,0,3.4945364123696363,0,NA,1,111,0
GNQ,Equatorial Guinea,1986,Sub-Saharan Africa,Upper middle income,-17.6404240920371,-2.33055635744239,NA,39.8143148035975,7.36839652194923,0.393540233373642,1,0.1643451750278473,0,0.09531017980432492,0,-97.3,1,132,1
SWZ,Eswatini,1986,Sub-Saharan Africa,Lower middle income,13.7370753323486,12.2644780398838,NA,31.7548475104745,6.92779990057745,0.2931075096130371,1,0.4168718457221985,0,2.6903664500012323,1,-2.3,1,199,1
ETH,Ethiopia,1986,Sub-Saharan Africa,Low income,-9.80876507050661,9.66161236122211,NA,21.0915768804025,0,0.5,1,0.1643451750278473,0,0.09531017980432492,1,-4,1,111,1
FJI,Fiji,1986,East Asia & Pacific,Upper middle income,1.79884248433801,7.74990796850761,NA,39.056030649244,0.622562861015047,NA,0.3903649151325226,0.4168718457221985,0,1.029205933257751,1,NA,0,111,0
GAB,Gabon,1986,Sub-Saharan Africa,Upper middle income,6.28535512256451,-0.803597733902933,89.8956477475185,23.4684822261814,3.239161792578,0.528006374835968,1,0.4168718457221985,0,1.9858661855509696,1,NA,1,132,1
GMB,"Gambia, The",1986,Sub-Saharan Africa,Low income,56.560172013504,4.09107074099691,102.722471997511,21.4405724953329,-1.07192690494711,0.5845430493354797,0.0763324722647667,0.2525267004966736,0,4.05283087043555,0.2525267004966736,NA,0,112,0
GEO,Georgia,1986,Europe & Central Asia,Upper middle income,NA,-8.17567222383052,NA,NA,NA,NA,NA,NA,0,NA,NA,NA,NA,NA,NA
GHA,Ghana,1986,Sub-Saharan Africa,Lower middle income,24.5654160765001,5.19916067974877,36.7116874888784,13.5145377429883,0.0749693484267481,0.5814502835273743,0.07865697145462036,0,0,3.2412405036391116,0,-1.3,0,111,0
GRD,Grenada,1986,Latin America & Caribbean,Upper middle income,0.557079903550532,7.19427376957988,NA,44.8076434622082,2.38898282779597,0.5,1,0,0,0.44281221045001184,0,NA,1,111,1
GTM,Guatemala,1986,Latin America & Caribbean,Upper middle income,36.9311212965016,0.143049595525113,30.6440192534157,24.9766383067519,0.951332232912412,0.5,1,0,0,3.63577191752332,0,NA,1,111,0
GIN,Guinea,1986,Sub-Saharan Africa,Lower middle income,NA,3.11404003445122,40.5770272469583,NA,0.288746084714818,0.5,0.01282270811498165,0.1643451750278473,0,NA,1,NA,0,111,0
GNB,Guinea-Bissau,1986,Sub-Saharan Africa,Low income,NA,-0.793847626356836,37.0703241436613,6.92405158977077,0.242227858780226,0.30770546197891235,0.1489553302526474,0.1643451750278473,0,NA,0.7326588197655602,NA,0,132,0
HTI,Haiti,1986,Latin America & Caribbean,Lower middle income,3.27992663366622,-0.497504788372368,NA,28.2703019844694,0.207937877480587,NA,1,0.4168718457221985,0,1.4539358677800145,0.2198675796643537,NA,1,111,1
HND,Honduras,1986,Latin America & Caribbean,Lower middle income,4.35272383207559,5.53564279745997,66.7835362614479,23.7298399949002,0.637470516988589,0.5,1,0.1643451750278473,0,1.6776055588372525,0.23472552077950623,NA,1,111,1
IND,India,1986,South Asia,Lower middle income,8.72972072702581,4.77656416847516,12.2192718993726,41.6611461222068,0.0472837841556693,0.5191028118133545,0.3778499662876129,0.1643451750278473,0,2.2751851935276,NA,NA,0,111,0
IDN,Indonesia,1986,East Asia & Pacific,Upper middle income,5.82266576732484,5.87504510359864,41.0095381677863,27.2996775102661,0.322685251406443,0.3254748284816742,0.08655095845460892,1,0,1.9202502704579651,1,NA,0,111,0
IRN,"Iran, Islamic Rep.",1986,Middle East & North Africa,Upper middle income,18.4290030211474,-9.78490557801793,14.1448539041301,61.5262020174783,-0.0537747127491272,NA,0.36688005924224854,0.1643451750278473,0,2.9667669507577674,0.36714325860631464,NA,0,111,0
JAM,Jamaica,1986,Latin America & Caribbean,Upper middle income,15.1053754209796,1.88258818544895,NA,62.1132429607851,-0.166996449444444,0.33805420994758606,0.8023278117179871,0.1643451750278473,0,2.7791530933453465,0,NA,1,111,1
JOR,Jordan,1986,Middle East & North Africa,Lower middle income,NA,5.5046342418638,81.83887525106,92.7807185896005,0.355420633365062,0.5,0.3198809027671814,0.4168718457221985,0,NA,0.30219016649938735,-3.8,0,111,0
KAZ,Kazakhstan,1986,Europe & Central Asia,Upper middle income,NA,NA,NA,NA,NA,NA,NA,NA,0,NA,NA,NA,NA,NA,NA
KEN,Kenya,1986,Sub-Saharan Africa,Lower middle income,2.53427598892888,7.17755539065963,55.7413855927369,30.3880803880804,0.452068028927285,0.32331383228302,0.34655001759529114,0.1643451750278473,0,1.2625084661874642,0.23472552077950623,-3,0,111,1
KGZ,Kyrgyz Republic,1986,Europe & Central Asia,Lower middle income,NA,NA,NA,NA,NA,NA,NA,NA,0,NA,NA,NA,NA,NA,NA
LAO,Lao PDR,1986,East Asia & Pacific,Lower middle income,NA,4.88513326275412,11.3151658117447,NA,0,0.5709140300750732,1,0,0,NA,0,NA,1,111,1
LSO,Lesotho,1986,Sub-Saharan Africa,Lower middle income,18.0049668874172,4.68485602619326,NA,49.1733686594473,0.706967565087535,0.20391367375850675,1,0.2525267004966736,0,2.944700360130681,1,0.9,1,199,1
LBR,Liberia,1986,Sub-Saharan Africa,Low income,NA,-1.67859810155988,NA,0.523166827140101,-0.0422499322014726,0.5180521607398987,1,0.5967764854431152,0,NA,0.4134974172740263,NA,1,111,1
LBY,Libya,1986,Middle East & North Africa,Upper middle income,3.29098104561558,-11.3525063155837,NA,56.2177307936813,-0.731669230612714,0.5,0.20432759821414948,0.1643451750278473,0,1.4565153887578652,1,NA,0,111,0
MDG,Madagascar,1986,Sub-Saharan Africa,Low income,14.4973321039129,1.96022488163399,21.5430177802665,12.4881532372802,0.32290783981255,0.3874490559101105,0.1311294436454773,0.1643451750278473,0,2.740667886782253,0,-2.2,0,132,0
MWI,Malawi,1986,Sub-Saharan Africa,Low income,14.0468679587644,-0.214802401248818,NA,15.2472714041997,-0.170093074640455,0.5214073657989502,0.22422559559345245,0.1643451750278473,0,2.7111698604849916,0.3942342873818497,NA,0,111,0
MYS,Malaysia,1986,East Asia & Pacific,Upper middle income,0.737002855391939,1.24059492750688,106.497751208202,140.761656004693,1.76271777377718,0.44417738914489746,0.4259292483329773,1,0,0.5521611311217152,1,NA,0,111,0
MDV,Maldives,1986,South Asia,Upper middle income,9.72219327678563,9.36058909491051,NA,29.0495761876602,3.80597279716144,0.5152477025985718,0.44813060760498047,0.7167128920555115,0,2.37231573143068,0.32044557373809845,NA,1,111,1
MLI,Mali,1986,Sub-Saharan Africa,Low income,NA,-0.762659203660078,43.1057226560103,18.3185106147093,-0.392608655349389,0.22055171430110931,1,0.4168718457221985,0,NA,1,NA,1,132,1
MRT,Mauritania,1986,Sub-Saharan Africa,Lower middle income,7.4333333333332,5.71357935480461,99.2900625902412,16.9795620501243,0.378446603010545,0.5177988409996033,0.33834752440452576,0.1643451750278473,0,2.132192107065349,0.3942342873818497,NA,0,111,0
MUS,Mauritius,1986,Sub-Saharan Africa,Upper middle income,1.63265306122486,9.742033321316,112.826073234371,53.6211848360951,0.500870418368029,0.3805157244205475,0.26785537600517273,0.1643451750278473,0,0.9679921062511864,0,NA,0,112,0
MEX,Mexico,1986,Latin America & Caribbean,Upper middle income,86.2333169923538,-3.92995990782299,29.6062225899787,26.5677818765428,1.78364352504343,0.7767414450645447,0.4659494459629059,0,0,4.468586333543026,0,NA,0,111,0
FSM,"Micronesia, Fed. Sts.",1986,East Asia & Pacific,Lower middle income,NA,7.97934730131362,NA,NA,NA,NA,1,NA,0,NA,NA,NA,1,111,1
MDA,Moldova,1986,Europe & Central Asia,Upper middle income,NA,NA,NA,NA,NA,NA,NA,NA,0,NA,NA,NA,NA,NA,NA
MNG,Mongolia,1986,East Asia & Pacific,Upper middle income,NA,9.37499451271673,111.57131685444,NA,0.00483395558234744,NA,NA,NA,0,NA,NA,-12.8,NA,NA,NA
MAR,Morocco,1986,Middle East & North Africa,Lower middle income,8.73355918706675,9.27110576948627,50.2806035838223,37.5266458289018,0.00282180702047283,0.6223492622375488,0.39938029646873474,0.1643451750278473,0,2.275579624487608,0.3942342873818497,NA,0,132,0
MOZ,Mozambique,1986,Sub-Saharan Africa,Low income,NA,-2.29999602682032,NA,NA,NA,NA,0.4693644344806671,NA,0,NA,NA,-12.1,0,111,0
MMR,Myanmar,1986,East Asia & Pacific,Lower middle income,9.32546190007652,-1.05734875697635,NA,40.2927418812395,0.00884467254394968,0.5,0.3146221935749054,0.1643451750278473,0,2.3346128739313605,1,NA,0,111,0
NAM,Namibia,1986,Sub-Saharan Africa,Upper middle income,NA,4.76726966632827,102.714670298939,NA,0.497499092209318,NA,1,NA,0,NA,NA,NA,1,199,1
NPL,Nepal,1986,South Asia,Lower middle income,18.9989495502395,4.56565054565317,31.9650419926782,27.6570239035245,0.0410413662610514,0.5,0.5351499915122986,0.1643451750278473,0,2.995679749686612,0,NA,1,534,1
NIC,Nicaragua,1986,Latin America & Caribbean,Lower middle income,NA,-1.01730916120101,33.6079157745315,58.0380419514153,0.0020791461683589,NA,1,0,0,NA,0,NA,1,111,0
NER,Niger,1986,Sub-Saharan Africa,Low income,-3.20757134165687,6.35213730291468,40.6922950191672,18.3577637352809,-0.651652986812857,0.22055171430110931,1,0.4168718457221985,0,0.09531017980432492,0.8080986016234855,NA,1,132,1
NGA,Nigeria,1986,Sub-Saharan Africa,Lower middle income,5.71715145436302,0.0609452742066878,NA,11.9144073554554,0.352544296705448,0.45677950978279114,0.037264134734869,0.2525267004966736,0,1.9046641739482015,0.8422019052586841,NA,0,111,0
PAK,Pakistan,1986,South Asia,Lower middle income,3.50641424758205,5.50165366386253,32.4067307767058,43.3097066849098,0.33145270892202,0.37907636165618896,0.47186487913131714,0.1643451750278473,0,1.5055017702261693,1,NA,0,111,0
PNG,Papua New Guinea,1986,East Asia & Pacific,Lower middle income,5.45375218150084,4.69305706882692,94.9344866461921,36.1139835944485,3.42918372726221,0.17286591231822968,0.37817347049713135,0.4168718457221985,0,1.8646616952323256,0.43305520707219824,-2.4,0,111,0
PRY,Paraguay,1986,Latin America & Caribbean,Upper middle income,31.7425972672999,4.96483566571362,67.1355549237912,18.0429623467685,0.0161117340472993,NA,1,0.11993642896413804,0,3.488676898891206,0.16045580363048711,3.1,1,111,0
PER,Peru,1986,Latin America & Caribbean,Upper middle income,77.9210255473595,9.42596236073652,34.516331615351604,22.152836481207,0.100642977854445,0.6111547946929932,0.8285442590713501,0.11993642896413804,0,4.3684476758413915,0.11993642896413804,NA,0,111,1
PHL,Philippines,1986,East Asia & Pacific,Lower middle income,1.14813777653338,3.51068403005506,34.7400067891545,24.2657154333212,0.373670007358609,0.276374876499176,0.1777951866388321,0.1643451750278473,0,0.7646013163649391,0,NA,0,111,0
RWA,Rwanda,1986,Sub-Saharan Africa,Low income,-1.11706657280676,5.47213748768883,32.7388347274364,15.5488180794513,0.903990503358689,0.5,0.31462207436561584,0.1643451750278473,0,0.09531017980432492,0,NA,0,111,0
WSM,Samoa,1986,East Asia & Pacific,Lower middle income,5.73355817902005,5.50457826286599,NA,27.9797181381237,-0.198122102337979,0.610312819480896,0.1842304021120071,0,0,1.907103708105288,0,NA,0,196,0
STP,Sao Tome and Principe,1986,Sub-Saharan Africa,Lower middle income,NA,-5.83211886217245,NA,NA,0,NA,0.31460246443748474,0.1643451750278473,0,NA,0.1643451750278473,NA,0,111,0
SEN,Senegal,1986,Sub-Saharan Africa,Lower middle income,6.18477854456934,3.12698554897204,44.8247040340199,17.8687267708067,-0.156374360400421,0.22055171430110931,1,0.4168718457221985,0,1.971964697144966,1,NA,1,132,1
SLB,Solomon Islands,1986,East Asia & Pacific,Lower middle income,13.5718789407313,-0.201430169017442,157.92730110765,28.0165366065973,2.10051090163283,0.5110358595848083,0.3734174966812134,0.4168718457221985,0,2.679093571448571,1,-9.2,0,111,0
ZAF,South Africa,1986,Sub-Saharan Africa,Upper middle income,18.6549230388755,0.0178492401652193,46.6489279194359,45.437810974955,-0.0688258892123962,0.2402765154838562,0.10635559260845184,0,0,2.9783278432658267,0,NA,0,111,0
LKA,Sri Lanka,1986,South Asia,Lower middle income,7.97636193570627,4.35554691657009,59.0475500629618,29.4197488215563,0.464045944529907,0.5153550505638123,0.8195750117301941,0.1643451750278473,0,2.1945946705728283,0,NA,0,111,1
LCA,St. Lucia,1986,Latin America & Caribbean,Upper middle income,2.19025825433132,14.4020192775924,NA,44.9025054466231,4.27015250544662,0.5,1,0.4168718457221985,0,1.160101870990507,0.8914160355784175,-1.6,1,111,1
VCT,St. Vincent and the Grenadines,1986,Latin America & Caribbean,Upper middle income,1.02766798418975,5.59974051938687,NA,52.2994096343551,4.58223411235988,0.5,1,0.4168718457221985,0,0.7068863564432626,1,2.3,1,111,1
SUR,Suriname,1986,Latin America & Caribbean,Upper middle income,18.6879606879605,0.799999993864688,NA,107.490460157127,-6.7789001010101,NA,1,0.1643451750278473,0,2.980007316335466,1,NA,1,111,1
TJK,Tajikistan,1986,Europe & Central Asia,Lower middle income,NA,3.49999987309577,NA,NA,NA,NA,NA,NA,0,NA,NA,NA,NA,NA,NA
TZA,Tanzania,1986,Sub-Saharan Africa,Lower middle income,32.4322015801837,5.49571344557758,NA,14.1924627408494,-0.0690904307984799,0.5041208267211914,0.06702645123004913,0.1643451750278473,0,3.509519554685456,0.5801363815350187,NA,0,111,0
THA,Thailand,1986,East Asia & Pacific,Upper middle income,1.84167596806046,5.53382776724771,49.1708546817786,65.7623929729338,0.609103952633776,0.24458466470241547,0.6514297127723694,0.4168718457221985,0,1.044394007713871,1,NA,0,111,1
TGO,Togo,1986,Sub-Saharan Africa,Low income,4.12461526367686,1.5865043145251,99.6189439302313,31.8953378659878,0.408023798612943,0.22055171430110931,1,0.1643451750278473,0,1.6340554517044648,NA,NA,1,132,1
TON,Tonga,1986,East Asia & Pacific,Upper middle income,21.6738748768894,2.11866086493171,95.5881632212976,NA,0.166285651759616,0.5,1,NA,0,3.1212133752282973,NA,NA,1,193,1
TUN,Tunisia,1986,Middle East & North Africa,Lower middle income,6.16438356164371,-1.44698841417973,67.485056700743,46.3326071169208,0.712250562749337,0.7324575781822205,0.2015877068042755,0.1643451750278473,0,1.9691220229165145,0,NA,0,132,0
TUR,Turkiye,1986,Europe & Central Asia,Upper middle income,34.6100759738745,7.01203111054394,29.4144594777141,27.8964277114213,0.165184331030378,0.4658056795597077,0.2362052351236343,0.1643451750278473,0,3.5726286307857116,0,NA,0,111,0
UGA,Uganda,1986,Sub-Saharan Africa,Low income,NA,0.390086943062727,28.048392146468,16.4733814875976,0,0.7144096493721008,1,0.1643451750278473,0,NA,0.1643451750278473,NA,1,111,1
UKR,Ukraine,1986,Europe & Central Asia,Upper middle income,NA,NA,NA,NA,NA,NA,NA,NA,0,NA,NA,NA,NA,NA,NA
VUT,Vanuatu,1986,East Asia & Pacific,Lower middle income,4.76614133197763,-0.150463358752518,93.4293097083795,117.532521225544,1.59481551036887,0.5069785714149475,0.13719911873340607,1,0,1.752003110184914,1,NA,0,132,0
VNM,Viet Nam,1986,East Asia & Pacific,Lower middle income,NA,2.78929157479443,23.2186943238731,NA,1.5187979966611e-4,NA,1,0,0,NA,0,NA,1,111,1
YEM,"Yemen, Rep.",1986,Middle East & North Africa,Low income,NA,NA,NA,NA,NA,NA,NA,NA,0,NA,NA,NA,NA,NA,NA
ZMB,Zambia,1986,Sub-Saharan Africa,Lower middle income,55.8282208588966,0.723893955923913,NA,31.3331584793878,1.7002986254498,0.6335802674293518,0.05595528706908226,0,0,4.040033048447281,0,NA,0,111,0
ALB,Albania,1987,Europe & Central Asia,Upper middle income,NA,-0.787842654927232,32.159563916938,NA,0,NA,NA,NA,0,NA,NA,NA,NA,NA,NA
DZA,Algeria,1987,Middle East & North Africa,Upper middle income,7.44126091287247,-0.69999752622347,32.6845844686128,79.6713009069283,0.00556070476041658,0.5,0.39091354608535767,0,0,2.1331316947089776,0,NA,0,132,0
AGO,Angola,1987,Sub-Saharan Africa,Lower middle income,NA,4.08274863510731,NA,NA,1.4719684486904001,NA,1,NA,0,NA,NA,NA,1,111,1
ARM,Armenia,1987,Europe & Central Asia,Upper middle income,NA,NA,NA,NA,NA,NA,NA,NA,0,NA,NA,NA,NA,NA,NA
AZE,Azerbaijan,1987,Europe & Central Asia,Upper middle income,NA,NA,NA,NA,NA,NA,NA,NA,0,NA,NA,NA,NA,NA,NA
BGD,Bangladesh,1987,South Asia,Lower middle income,9.87469609126632,3.77240185251682,16.6877976312963,20.8107917938397,0.0131907256034205,0.36831748485565186,0.8265665769577026,0,0,2.3864386309535783,0,-4.4,1,111,1
BLR,Belarus,1987,Europe & Central Asia,Upper middle income,NA,NA,NA,NA,NA,NA,NA,NA,0,NA,NA,NA,NA,NA,NA
BLZ,Belize,1987,Latin America & Caribbean,Upper middle income,2.01190138849529,10.7269593429991,76.8465724872002,32.5586095392078,1.84586364861223,0.514376699924469,1,0.5967764854431152,0,1.1025715698583003,0.8326576681655298,NA,1,111,1
BEN,Benin,1987,Sub-Saharan Africa,Lower middle income,NA,-1.50000295231442,46.2181352147978,20.6179375936953,0.00640035953471579,0.1711653172969818,1,0.4168718457221985,0,NA,1,NA,1,132,1
BTN,Bhutan,1987,South Asia,Lower middle income,6.33177192699079,29.054323847546,64.2819609233681,17.5602510791842,NA,0.5,1,0.1643451750278473,0,1.9922172229730175,NA,-0.6,1,534,1
BOL,Bolivia,1987,Latin America & Caribbean,Lower middle income,14.5786984489191,2.46348461969905,43.6226566654591,17.8266066226337,0.876273748832527,0.5528407096862793,0.5498995184898376,0.3724631071090698,1,2.7459044970889677,0.4982962031641269,-6.9,0,111,0
BWA,Botswana,1987,Sub-Saharan Africa,Upper middle income,9.80193387398674,11.8819281370865,123.571753295954,30.7122291256251,5.7796641591328,0.5,0.5047972202301025,0.4476322829723358,0,2.3797251805065947,0.4476322829723358,NA,1,199,1
BRA,Brazil,1987,Latin America & Caribbean,Upper middle income,228.336162575512,3.52999999999983,16.2623973390749,20.6593216072822,0.412991260987785,0.24951259791851044,0.117541141808033,0,1,5.435188886000962,0,NA,0,111,0
BFA,Burkina Faso,1987,Sub-Saharan Africa,Low income,-2.68178423511595,-0.236336789143323,39.4399463300075,17.9033210645973,0.0561220518817235,0.1711653172969818,1,NA,0,0.09531017980432492,NA,-5.3,1,132,1
BDI,Burundi,1987,Sub-Saharan Africa,Low income,7.11323763955336,5.50309611952244,NA,14.4595290549627,0.120879772464207,0.3760448098182678,0.30923980474472046,0.1643451750278473,0,2.093497004189836,1,NA,0,111,0
CPV,Cabo Verde,1987,Sub-Saharan Africa,Lower middle income,3.84615384615408,4.30906373191068,83.8326188925635,33.0505808743414,1.18431638645375,0.5,0.4687977135181427,0.1643451750278473,0,1.578185368930044,0,NA,1,182,1
KHM,Cambodia,1987,East Asia & Pacific,Lower middle income,NA,21.5315192666416,NA,NA,NA,NA,NA,NA,0,NA,NA,NA,NA,NA,NA
CMR,Cameroon,1987,Sub-Saharan Africa,Lower middle income,13.140499844701,-2.14665021536007,37.3202952689502,17.4876882252046,0.888344945897767,0.28016459941864014,1,0.1643451750278473,0,2.64904300953961,0,NA,1,132,1
CAF,Central African Republic,1987,Sub-Saharan Africa,Low income,-6.98680270599973,-4.93898788502545,46.3944345628938,16.8578331144616,0.990740893335477,0.28016459941864014,1,0.1643451750278473,0,0.09531017980432492,0,-4.6,1,132,1
TCD,Chad,1987,Sub-Saharan Africa,Low income,-5.97484276729554,-2.38880849732436,51.8817263983252,21.5588453563133,0.701554073153588,0.28016459941864014,1,0.1643451750278473,0,0.09531017980432492,0,NA,1,132,1
CHN,China,1987,East Asia & Pacific,Upper middle income,7.23383553065609,11.6282225655699,24.8138336744697,65.2454473151253,0.846208214101229,0.3657858371734619,1,0,0,2.10825194873191,0,-0.7,1,111,1
COL,Colombia,1987,Latin America & Caribbean,Upper middle income,23.302028364018,5.36893214821323,29.865550187616,26.7775356715147,0.877016761917627,0.5126650929450989,0.7883378863334656,0,1,3.190559818633216,0,-0.6,0,111,0
COM,Comoros,1987,Sub-Saharan Africa,Lower middle income,NA,2.07774404121217,35.7568169719435,11.6467526950242,2.40879401250528,0.5,1,0.1643451750278473,0,NA,NA,-3.1,1,132,1
COD,"Congo, Dem. Rep.",1987,Sub-Saharan Africa,Low income,78.6703601108032,2.67564245126937,NA,8.78443394064611,-0.718907496811814,0.5,0.17369800806045532,0.1643451750278473,1,4.377897623412224,0,NA,0,111,0
COG,"Congo, Rep.",1987,Sub-Saharan Africa,Lower middle income,0.443568260226844,0.189376640368906,80.3551924832466,20.2884914176839,1.89093188330246,0.28016459941864014,1,0.1643451750278473,0,0.36711800700200975,0,NA,1,132,1
CRI,Costa Rica,1987,Latin America & Caribbean,Upper middle income,16.8424201630394,4.76453327969497,67.3988009843484,37.8742882206448,1.77147252308516,0.41050681471824646,0.5995992422103882,0,1,2.881578777314159,0,NA,0,111,0
CIV,Cote d'Ivoire,1987,Sub-Saharan Africa,Lower middle income,6.94330626536573,-0.348972913938866,63.050248281061,30.6862829713648,0.867496010149957,0.1711653172969818,1,0.1643451750278473,0,2.0723295948033815,0,NA,1,132,1
DJI,Djibouti,1987,Middle East & North Africa,Lower middle income,4.08911644641214,NA,NA,77.8784149322132,0.112488428269259,NA,1,1,0,1.6271042293280351,1,NA,1,111,1
DMA,Dominica,1987,Latin America & Caribbean,Upper middle income,4.02458043341634,6.30756102261223,NA,46.5423803397194,8.90144820636147,0.5,1,0.4168718457221985,0,1.6143419546216238,0.4712955895532587,NA,1,111,1
DOM,Dominican Republic,1987,Latin America & Caribbean,Upper middle income,13.5507237827822,10.1173673617477,58.0564730668285,30.0313788855363,1.5273592726169,NA,0.1403098106384277,0,0,2.677640736901397,0,NA,0,111,0
ECU,Ecuador,1987,Latin America & Caribbean,Upper middle income,29.5039972488395,-0.259098708877119,37.7307228547875,13.8026295458132,0.882009573744326,0.5,0.2168501168489456,0.17990463972091675,1,3.4178577323651034,0,NA,NA,NA,NA
EGY,"Egypt, Arab Rep.",1987,Middle East & North Africa,Lower middle income,19.693593314763,3.83275261319132,35.3398058252427,87.1425242718446,2.34260249653259,0.2603813111782074,1,0,1,3.029824150663516,0,NA,1,111,1
SLV,El Salvador,1987,Latin America & Caribbean,Upper middle income,24.8645003373125,2.50816921310606,45.0946221996724,33.3689923446565,0.462854674395127,0.5,1,0,1,3.252871385167683,0,NA,1,111,1
GNQ,Equatorial Guinea,1987,Sub-Saharan Africa,Upper middle income,-13.1744727471927,4.43673736244361,NA,33.6281904928414,1.7997583486442,0.2819273769855499,1,0.1643451750278473,0,0.09531017980432492,0,-158,1,132,1
SWZ,Eswatini,1987,Sub-Saharan Africa,Lower middle income,13.3766233766228,14.6065902367825,NA,31.2577987051207,9.63591871168152,0.3042282462120056,1,0.4168718457221985,1,2.665603510854913,1,2,1,199,1
ETH,Ethiopia,1987,Sub-Saharan Africa,Low income,-2.42867248283368,13.8593303949744,NA,20.8429675348632,0,0.5,1,0.1643451750278473,0,0.09531017980432492,1,-3.5,1,111,1
FJI,Fiji,1987,East Asia & Pacific,Upper middle income,5.66377475855221,-6.6150200063595,NA,40.6159568659569,1.37182600419974,NA,0.11096420884132384,0.4168718457221985,0,1.8966861045562544,1,NA,0,111,0
GAB,Gabon,1987,Sub-Saharan Africa,Upper middle income,-0.946185688941441,-17.1460422148976,87.9144276143595,24.4063672186929,2.7364899067487,0.28016459941864014,1,0.4168718457221985,0,0.09531017980432492,1,NA,1,132,1
GMB,"Gambia, The",1987,Sub-Saharan Africa,Low income,23.5291669556941,2.45433259678632,108.704991030241,22.0098667350077,0.691312137317751,0.517536461353302,0.2665167450904846,0.4168718457221985,1,3.1998628974692807,0.4168718457221985,NA,0,112,0
GEO,Georgia,1987,Europe & Central Asia,Upper middle income,NA,1.28148065724565,82.2958430048533,NA,NA,NA,NA,NA,0,NA,NA,NA,NA,NA,NA
GHA,Ghana,1987,Sub-Saharan Africa,Lower middle income,39.8150678775363,4.79489887940781,45.8481233243968,14.2050938337802,0.0926139410187668,0.6432490348815918,0.06398284435272217,0,1,3.709051323955625,0,-0.9,0,111,0
GRD,Grenada,1987,Latin America & Caribbean,Upper middle income,-0.872333388457509,9.09742510698013,NA,43.6750586112586,6.84724044961457,0.5,1,0,0,0.09531017980432492,0,NA,1,111,1
GTM,Guatemala,1987,Latin America & Caribbean,Upper middle income,12.3232132755046,3.54398330651921,38.1429634270897,24.1956981355248,2.12015136627297,0.5,1,0,1,2.5895078729190457,0,NA,1,111,1
GIN,Guinea,1987,Sub-Saharan Africa,Lower middle income,NA,3.29993884280005,42.7516661105747,NA,0.4316840622809,0.44919338822364807,0.05938305705785751,0.1643451750278473,0,NA,1,NA,0,111,0
GNB,Guinea-Bissau,1987,Sub-Saharan Africa,Low income,NA,2.9000000075597,50.3231539365638,9.03559049942301,0.0265549367726112,0.2963729798793793,0.03739215433597565,0.1643451750278473,0,NA,0.7326588197655602,NA,0,132,0
HTI,Haiti,1987,Latin America & Caribbean,Lower middle income,-11.4494646121705,-0.793648700197082,NA,36.0845056662759,0.228604923798359,NA,1,0.4168718457221985,0,0.09531017980432492,0.2198675796643537,NA,1,111,1
HND,Honduras,1987,Latin America & Caribbean,Lower middle income,2.48715402223898,1.74009422609132,60.5616143926126,27.1951122432734,0.769184843177838,0.5,1,0.1643451750278473,0,1.2490859371335676,0.23472552077950623,NA,1,111,1
IND,India,1987,South Asia,Lower middle income,8.80112581251833,3.96535563481719,12.5848140356758,42.6341664425997,0.0760911990543139,0.5742188692092896,0.4575209617614746,0.1643451750278473,0,2.28249725790686,NA,NA,0,111,1
IDN,Indonesia,1987,East Asia & Pacific,Upper middle income,9.27865406602839,4.92592736496611,46.9742478782921,27.5399405048515,0.507048517276106,0.3449540138244629,0.7255501747131348,1,0,2.33006932402613,1,NA,0,111,1
IRN,"Iran, Islamic Rep.",1987,Middle East & North Africa,Upper middle income,28.5714285714292,-0.172107687605632,17.8848531376826,60.4818220430561,-0.229557502692838,NA,0.3477126657962799,0.1643451750278473,0,3.386808644210077,0.36714325860631464,NA,0,111,0
JAM,Jamaica,1987,Latin America & Caribbean,Upper middle income,6.65244804962684,7.850354826906,NA,61.0918511568794,1.62457806679125,0.42602580785751343,0.8843156695365906,0.1643451750278473,0,2.035025603134458,0,NA,1,111,1
JOR,Jordan,1987,Middle East & North Africa,Lower middle income,-0.199999999999908,2.32327437695264,90.7814754886955,105.138802641361,0.584626431164094,0.5,0.39326873421669006,0.1643451750278473,0,0.09531017980432492,0,-13.4,0,111,0
KAZ,Kazakhstan,1987,Europe & Central Asia,Upper middle income,NA,NA,NA,NA,NA,NA,NA,NA,0,NA,NA,NA,NA,NA,NA
KEN,Kenya,1987,Sub-Saharan Africa,Lower middle income,8.63767318980084,5.93710744420895,47.7027680056848,30.2439541369882,0.494068896020697,0.1959168165922165,0.4350648522377014,0.1643451750278473,0,2.265679709135332,0.23472552077950623,-2.3,0,111,0
KGZ,Kyrgyz Republic,1987,Europe & Central Asia,Lower middle income,NA,3.2999683719047,NA,NA,NA,NA,NA,NA,0,NA,NA,NA,NA,NA,NA
LAO,Lao PDR,1987,East Asia & Pacific,Lower middle income,NA,-1.42579238293395,20.1155453651589,NA,0,0.39765509963035583,1,0,0,NA,0,NA,0,111,0
LSO,Lesotho,1987,Sub-Saharan Africa,Lower middle income,11.750263065591,0.729728231723655,NA,48.249886348338,1.47193883086432,0.22690968215465543,1,0.2525267004966736,1,2.5455519039869587,1,-2.8,1,199,1
LBR,Liberia,1987,Sub-Saharan Africa,Low income,NA,-1.00160074690007,NA,0.520063989468076,0.08522300650595,0.5827884078025818,1,0.5368082523345947,0,NA,0.3262715429638149,NA,1,111,1
LBY,Libya,1987,Middle East & North Africa,Upper middle income,4.35571687840289,-14.7020531689967,NA,56.1460491175274,-0.365701277634433,0.5,0.33260130882263184,0.1643451750278473,0,1.6781645657900224,1,NA,0,111,0
MDG,Madagascar,1987,Sub-Saharan Africa,Low income,14.9931351322502,1.17491326106625,30.1290605630325,12.6625920310378,0.108002097784385,0.5,0.06821625679731369,0.1643451750278473,1,2.7721595759353144,0,-2.1,0,132,0
MWI,Malawi,1987,Sub-Saharan Africa,Low income,25.1550954282911,1.62523929306924,NA,17.5781444423002,0.00525925767886731,0.3953641951084137,0.12058353424072266,0.1643451750278473,1,3.2640440253837295,0.3942342873818497,NA,0,111,0
MYS,Malaysia,1987,East Asia & Pacific,Upper middle income,0.290007909438412,5.19193211272702,111.919590553123,127.026700376148,1.31343634347508,0.41511401534080505,0.48707646131515503,1,0,0.25464834970239036,1,NA,0,111,0
MDV,Maldives,1987,South Asia,Upper middle income,9.7040723294332,8.8291556967326,NA,25.3210748560461,3.61130902111324,0.3959994316101074,0.09832405298948288,0.7167128920555115,0,2.370624260597086,0.32044557373809845,NA,0,111,0
MLI,Mali,1987,Sub-Saharan Africa,Low income,NA,-0.771584850174861,41.0699481733744,17.7389817140503,-0.245764317198532,0.1711653172969818,1,0.4168718457221985,0,NA,1,NA,1,132,1
MRT,Mauritania,1987,Sub-Saharan Africa,Lower middle income,8.15234253800871,1.90038415182198,84.8996437994898,17.8784142919729,0.124821841041106,0.5,0.3648511469364166,0.1643451750278473,0,2.21400986160408,0.3942342873818497,NA,0,111,0
MUS,Mauritius,1987,Sub-Saharan Africa,Upper middle income,0.518741633199852,8.89103982665314,125.386342839662,56.4242616408851,0.900272335438822,0.31150364875793457,0.41359105706214905,0.1643451750278473,0,0.41788211908733425,0,NA,0,112,0
MEX,Mexico,1987,Latin America & Caribbean,Upper middle income,131.82738392309,2.06336322631584,31.262320842785,25.9751314697189,1.78524761396019,0.7863661050796509,0.17014352977275848,0.2525267004966736,1,4.889050420025296,0.36067052941936634,NA,0,111,0
FSM,"Micronesia, Fed. Sts.",1987,East Asia & Pacific,Lower middle income,NA,1.19976004799031,NA,NA,NA,NA,1,NA,0,NA,NA,NA,1,111,1
MDA,Moldova,1987,Europe & Central Asia,Upper middle income,NA,NA,NA,NA,NA,NA,NA,NA,0,NA,NA,NA,NA,NA,NA
MNG,Mongolia,1987,East Asia & Pacific,Upper middle income,NA,3.45864847134953,103.065555774643,NA,0,NA,NA,NA,0,NA,NA,-13.7,NA,NA,NA
MAR,Morocco,1987,Middle East & North Africa,Lower middle income,2.69873997713767,-0.325004075650469,49.6575055142262,40.1730964414439,0.273716353967507,0.5307877063751221,0.39633360505104065,0.1643451750278473,0,1.307992214931428,0.3942342873818497,NA,0,132,0
MOZ,Mozambique,1987,Sub-Saharan Africa,Low income,NA,14.7000004232617,NA,NA,NA,NA,0.0197675097733736,NA,0,NA,NA,-7.2,0,111,0
MMR,Myanmar,1987,East Asia & Pacific,Lower middle income,24.7599999999999,-4.00563178606888,NA,26.0851838988143,-0.0985632753502491,0.5,0.3326040804386139,0.1643451750278473,0,3.248822901236149,1,NA,0,111,0
NAM,Namibia,1987,Sub-Saharan Africa,Upper middle income,NA,3.55376914117605,97.8466332377965,NA,-0.00739108513155429,NA,1,NA,0,NA,NA,NA,1,199,1
NPL,Nepal,1987,South Asia,Lower middle income,10.750328044985,1.69561826572762,32.7198891394213,29.5426218213704,0.0470030390210917,0.5,0.5500221252441406,0.1643451750278473,0,2.4638811589225753,0,NA,1,534,1
NIC,Nicaragua,1987,Latin America & Caribbean,Lower middle income,NA,-0.706352941499915,25.5310493489726,60.4356042087457,0.0625778958843942,NA,1,0,0,NA,0,NA,1,111,1
NER,Niger,1987,Sub-Saharan Africa,Low income,-6.71210892901195,0.0882813597233394,45.984511437125,17.0530925052659,0.286842506540654,0.1711653172969818,1,0.4168718457221985,0,0.09531017980432492,0.8080986016234855,NA,1,132,1
NGA,Nigeria,1987,Sub-Saharan Africa,Lower middle income,11.2903225806451,3.20012546702944,NA,11.8094550583756,1.15906979546217,0.4029056131839752,0.1408015638589859,0.2525267004966736,0,2.5088121706415496,0.8422019052586841,NA,0,111,0
PAK,Pakistan,1987,South Asia,Lower middle income,4.68121854620213,6.45234302466982,32.8971019024279,45.3110594449753,0.387921173050002,0.33756211400032043,0.7752153873443604,0.1643451750278473,0,1.7371657425062583,1,NA,0,111,1
PNG,Papua New Guinea,1987,East Asia & Pacific,Lower middle income,3.33747069369721,2.7704948317036,92.8388744294179,33.0481390550446,2.96384418821471,0.20261456072330475,0.3668321669101715,0.4168718457221985,0,1.467291388753832,0.43305520707219824,0.3,0,111,0
PRY,Paraguay,1987,Latin America & Caribbean,Upper middle income,21.8102740350983,7.58230437604178,72.4853666512713,17.6932051560375,0.133466137216533,NA,1,0.05996821448206901,1,3.1272110500381736,0.08022790181524356,2.7,1,111,1
PER,Peru,1987,Latin America & Caribbean,Upper middle income,85.8223062381846,9.72614643050372,27.3509083778214,22.4582793216513,0.0867450651026484,0.4752153158187866,0.06281405687332153,0.05996821448206901,1,4.463863572962375,0.05996821448206901,NA,0,111,0
PHL,Philippines,1987,East Asia & Pacific,Lower middle income,4.06976744186024,4.36180967277697,37.3574011096386,24.1546626282041,0.812352227541637,0.2432863563299179,0.7196972370147705,0.1643451750278473,0,1.623294947095482,0,NA,1,111,1
RWA,Rwanda,1987,Sub-Saharan Africa,Low income,4.13301490809125,-0.0240361088553129,26.5912811811067,17.0430666811111,0.813466870296035,0.5,0.33260464668273926,0.1643451750278473,0,1.6356931879361636,0,NA,0,111,0
WSM,Samoa,1987,East Asia & Pacific,Lower middle income,4.56684949636828,0.483096051256624,NA,34.0245685650956,0.492328968007202,0.610312819480896,0.40904369950294495,0,0,1.716829273874231,0,NA,0,196,0
STP,Sao Tome and Principe,1987,Sub-Saharan Africa,Lower middle income,NA,-2.93011348938296,NA,NA,0.206980547520272,NA,0.04005032405257225,0.1643451750278473,0,NA,0.1643451750278473,NA,0,111,0
SEN,Senegal,1987,Sub-Saharan Africa,Lower middle income,-4.14072378633809,6.25586340662731,39.3920531855599,17.0709675185481,-0.0610354442380705,0.1711653172969818,1,0.4168718457221985,0,0.09531017980432492,1,NA,1,132,1
SLB,Solomon Islands,1987,East Asia & Pacific,Lower middle income,10.9923664122135,8.42131018975358,157.995793180199,31.207547881864,6.75745867385095,0.6330133676528931,0.4440792500972748,0.4168718457221985,0,2.4842703150544496,1,-21.8,0,111,0
ZAF,South Africa,1987,Sub-Saharan Africa,Upper middle income,16.1605948546791,2.10072902053675,44.9712541338082,46.3145510048334,-0.198546075632057,0.1874571591615677,0.3066968023777008,0,1,2.842615758650082,0,NA,0,111,0
LKA,Sri Lanka,1987,South Asia,Lower middle income,7.71716560559269,1.72561069291237,60.8886607056623,30.9841248862614,0.890492572784856,0.3733702003955841,0.7350928783416748,0.1643451750278473,0,2.165294139852041,0,NA,0,111,0
LCA,St. Lucia,1987,Latin America & Caribbean,Upper middle income,7.02175303902781,3.92373138061495,NA,47.2718934911243,3.99408284023669,0.5,1,0.4168718457221985,0,2.0821569814124747,0.8914160355784175,0.6,1,111,1
VCT,St. Vincent and the Grenadines,1987,Latin America & Caribbean,Upper middle income,3.30594679186221,0.438004972316747,NA,51.4502412427411,2.82660021832997,0.5,1,0.4168718457221985,0,1.4599970421222612,1,1.1,1,111,1
SUR,Suriname,1987,Latin America & Caribbean,Upper middle income,53.3929532563242,-6.19999999331796,NA,125.281632653061,-13.2244897857143,NA,1,0.1643451750278473,1,3.996234609742085,1,NA,1,111,1
TJK,Tajikistan,1987,Europe & Central Asia,Lower middle income,NA,-1.20000004458646,NA,NA,NA,NA,NA,NA,0,NA,NA,NA,NA,NA,NA
TZA,Tanzania,1987,Sub-Saharan Africa,Lower middle income,29.9493695378761,4.7965198054257,NA,13.2143655466443,-0.00600700911464334,0.42295756936073303,0.3879905939102173,0.1643451750278473,1,3.4323526285798667,0.5801363815350187,NA,0,111,0
THA,Thailand,1987,East Asia & Pacific,Upper middle income,2.46646112823953,9.5189460221079,57.2279844893387,68.4804761537182,0.696407217920047,0.2228337675333023,0.586757481098175,0.4168718457221985,0,1.243134225790595,1,NA,0,111,0
TGO,Togo,1987,Sub-Saharan Africa,Low income,0.054008850482646,0.510162180697307,92.168353755935,30.9003904374745,0.405364694026897,0.1711653172969818,1,0.1643451750278473,0,0.09531017980432492,NA,NA,1,132,1
TON,Tonga,1987,East Asia & Pacific,Upper middle income,4.68598778792504,2.98563769172688,95.532292497235,NA,0.237785923559344,0.5,1,NA,0,1.7380048654820486,NA,NA,1,193,1
TUN,Tunisia,1987,Middle East & North Africa,Lower middle income,8.2258064516129,6.70137109577689,70.6420419897204,47.4488693639316,0.945825969695859,0.6829032301902771,0.5293334126472473,0.1643451750278473,0,2.222004606334706,0,NA,0,132,0
TUR,Turkiye,1987,Europe & Central Asia,Upper middle income,38.8558434758409,9.48553884246728,33.3382850275488,29.238014557981,0.131895736055962,0.4149990677833557,0.4098211526870727,0.1643451750278473,1,3.6852690312700642,0,NA,0,111,0
UGA,Uganda,1987,Sub-Saharan Africa,Low income,NA,3.96190278946132,26.2903906384189,14.2892099632143,0,0.5641612410545349,1,0.1643451750278473,0,NA,0.1643451750278473,NA,1,111,0
UKR,Ukraine,1987,Europe & Central Asia,Upper middle income,NA,NA,NA,NA,NA,NA,NA,NA,0,NA,NA,NA,NA,NA,NA
VUT,Vanuatu,1987,East Asia & Pacific,Lower middle income,16.0393950052762,-2.89393472379192,93.8381201044386,97.4086161879896,9.24471246437662,0.6943825483322144,0.45898663997650146,1,0,2.835528016385674,1,NA,0,132,0
VNM,Viet Nam,1987,East Asia & Pacific,Lower middle income,NA,3.5834696313072,20.7986065749129,NA,0.0282712448214878,NA,1,0,0,NA,0,NA,1,111,0
YEM,"Yemen, Rep.",1987,Middle East & North Africa,Low income,NA,NA,NA,NA,NA,NA,NA,NA,0,NA,NA,NA,NA,NA,NA
ZMB,Zambia,1987,Sub-Saharan Africa,Lower middle income,47.0472440944876,2.67566171341133,NA,29.0557874234836,3.28881880680764,0.5298888087272644,0.02307788655161857,0.1643451750278473,0,3.8721847788180113,0.1643451750278473,NA,0,111,0
ALB,Albania,1988,Europe & Central Asia,Upper middle income,NA,-1.42003965566396,36.89787073527,NA,0,NA,NA,NA,0,NA,NA,NA,NA,NA,NA
DZA,Algeria,1988,Middle East & North Africa,Upper middle income,5.91154496373488,-1.00000549065851,38.111587277742,83.824030833102,0.022031473854886,0.5,0.467637836933136,0.1643451750278473,0,1.9331931965416949,1,NA,0,132,0
AGO,Angola,1988,Sub-Saharan Africa,Lower middle income,NA,6.12889047765088,NA,NA,1.49375642275957,NA,1,NA,0,NA,NA,NA,1,111,1
ARM,Armenia,1988,Europe & Central Asia,Upper middle income,NA,NA,NA,NA,NA,NA,NA,NA,0,NA,NA,NA,NA,NA,NA
AZE,Azerbaijan,1988,Europe & Central Asia,Upper middle income,NA,NA,NA,NA,NA,NA,NA,NA,0,NA,NA,NA,NA,NA,NA
BGD,Bangladesh,1988,South Asia,Lower middle income,7.41276595744666,2.41625685565774,17.6780643099612,21.484808836741,0.00691614475605439,0.5,0.7297996878623962,0,0,2.12975030902644,0,-4.1,1,111,1
BLR,Belarus,1988,Europe & Central Asia,Upper middle income,NA,NA,NA,NA,NA,NA,NA,NA,0,NA,NA,NA,NA,NA,NA
BLZ,Belize,1988,Latin America & Caribbean,Upper middle income,3.13888888888894,9.78848090834173,81.4921461620596,29.9100723692016,3.32186498991577,0.6452649235725403,1,0.5368082523345947,0,1.4204273674893615,0.7489864606663408,NA,1,111,1
BEN,Benin,1988,Sub-Saharan Africa,Lower middle income,NA,3.40524529583226,45.8868280290306,20.2786268126816,-1.3369598677605,0.1802254319190979,1,0.4168718457221985,0,NA,1,NA,1,132,1
BTN,Bhutan,1988,South Asia,Lower middle income,10.0967137576586,4.76737301961812,80.4822195141748,19.0970285619136,NA,0.5,1,0.1643451750278473,0,2.406649006615911,NA,1.3,1,534,1
BOL,Bolivia,1988,Latin America & Caribbean,Lower middle income,16.002091054939,2.90949796034215,41.9062518616647,18.8431814671335,-0.219679242270933,0.5617426037788391,0.5678597688674927,0.5967764854431152,1,2.833336339723645,0.798391709562944,-5.8,0,111,0
BWA,Botswana,1988,Sub-Saharan Africa,Upper middle income,8.35167956821219,19.4499695097307,114.451590222921,25.4009677819596,1.50957483685764,0.5,0.4479290843009949,0.4476322829723358,0,2.2355559601323973,0.4476322829723358,NA,1,199,1
BRA,Brazil,1988,Latin America & Caribbean,Upper middle income,629.114509120897,-0.059999999999917,17.7672447097778,80.4476356609773,0.910738734536583,0.49251845479011536,0.2055281549692154,0,1,6.445901563378499,0,NA,0,111,0
BFA,Burkina Faso,1988,Sub-Saharan Africa,Low income,4.25561601785941,5.79559296458005,38.1296822765951,19.0832577811735,0.141817377437063,0.1802254319190979,1,0.4168718457221985,0,1.659297222550771,1,-4.3,1,132,1
BDI,Burundi,1988,Sub-Saharan Africa,Low income,4.48679769704176,5.03102436749121,NA,15.3918691268985,0.110552499276144,0.5,0.21029791235923767,0.1643451750278473,0,1.7023447878950018,1,NA,0,111,0
CPV,Cabo Verde,1988,Sub-Saharan Africa,Lower middle income,4.07407407407384,5.99685491429432,76.2016248517583,31.4431517313743,0.226217656170992,0.5,0.47783032059669495,0.1643451750278473,0,1.6241440598237498,0,NA,1,182,1
KHM,Cambodia,1988,East Asia & Pacific,Lower middle income,NA,11.9769088837606,NA,NA,NA,NA,NA,NA,0,NA,NA,NA,NA,NA,NA
CMR,Cameroon,1988,Sub-Saharan Africa,Lower middle income,1.68233260771209,-7.82363197491021,31.9946088568334,19.202999723067,0.754838562353887,0.25981104373931885,1,0.1643451750278473,0,0.9866867919771805,0,NA,1,132,1
CAF,Central African Republic,1988,Sub-Saharan Africa,Low income,-3.96446882079366,1.71016528472386,42.7986346311062,15.1382356376145,-0.302589529524064,0.25981104373931885,1,0.1643451750278473,0,0.09531017980432492,0,-3.7,1,132,1
TCD,Chad,1988,Sub-Saharan Africa,Low income,15.4775176514303,15.4823590700135,45.1233829032322,14.8284955545675,0.0869586948337224,0.25981104373931885,1,0.1643451750278473,0,2.801996885188607,0,NA,1,132,1
CHN,China,1988,East Asia & Pacific,Upper middle income,18.8118179448752,11.2225949825209,30.0133389183239,63.1451231060606,1.02080965909091,0.35521578788757324,1,0,0,2.9862786255496703,0,-1,1,111,1
COL,Colombia,1988,Latin America & Caribbean,Upper middle income,28.1083969771703,4.06417324490376,30.1428020036572,23.1011389313487,0.51769140170422,0.6431717872619629,0.8182085156440735,0,1,3.3710266884697004,0,-0.9,0,111,0
COM,Comoros,1988,Sub-Saharan Africa,Lower middle income,NA,4.9705961043117,35.7565312388164,12.643460210375,1.11973812946484,0.5,1,0.1643451750278473,0,NA,NA,-2.7,1,132,1
COD,"Congo, Dem. Rep.",1988,Sub-Saharan Africa,Low income,71.0917312661503,0.470381336748687,NA,10.5646750326316,-0.04446300103079,0.5,0.18806391954421997,0.1643451750278473,1,4.277939353472142,0,NA,0,111,0
COG,"Congo, Rep.",1988,Sub-Saharan Africa,Lower middle income,1.0304219823355,1.76626342847234,81.0470409711684,20.303186646434,0.411077390234112,0.25981104373931885,1,0.1643451750278473,0,0.7082436445227576,0,NA,1,132,1
CRI,Costa Rica,1988,Latin America & Caribbean,Upper middle income,20.8325332309202,3.43214737968853,69.8354905376179,43.0845181087359,2.64809968925736,0.3501315116882324,0.3975769281387329,0,1,3.0834012073895667,0,NA,0,111,0
CIV,Cote d'Ivoire,1988,Sub-Saharan Africa,Lower middle income,6.93068617206514,1.13648396562287,58.3782715178313,30.9055107434438,0.504135972188017,0.1802254319190979,1,0.1643451750278473,0,2.0707395605370573,0,NA,1,132,1
DJI,Djibouti,1988,Middle East & North Africa,Lower middle income,NA,NA,NA,78.8402198631202,0.151593804723951,NA,1,1,0,NA,1,NA,1,111,1
DMA,Dominica,1988,Latin America & Caribbean,Upper middle income,2.92459163123741,7.81662301716332,NA,45.4539062192953,6.96989766352513,0.5,1,0.4168718457221985,0,1.3672623028246855,0.4712955895532587,NA,1,111,1
DOM,Dominican Republic,1988,Latin America & Caribbean,Upper middle income,43.8638323515052,2.15596333107848,71.3525273587921,29.5287742956728,1.97421060166512,NA,0.11608625203371048,0,0,3.8036319545895494,0,NA,0,111,0
ECU,Ecuador,1988,Latin America & Caribbean,Upper middle income,58.2162865413937,5.89046729088525,42.6623014756666,11.706547928212,1.18756821249721,0.6335786581039429,0.07389084994792938,0.17990463972091675,1,4.081196614550522,0,NA,NA,NA,NA
EGY,"Egypt, Arab Rep.",1988,Middle East & North Africa,Lower middle income,17.66348615313,5.46132049551341,52.5974025974026,88.5529220779221,3.40193181818182,0.5147696137428284,1,0,1,2.9265690028961755,0,NA,1,111,1
SLV,El Salvador,1988,Latin America & Caribbean,Upper middle income,19.7611617858858,1.878176962178,38.0957044115822,35.3661680048116,0.40478486257363,0.6369038224220276,1,0,1,3.0330840194430957,0,NA,1,111,1
GNQ,Equatorial Guinea,1988,Sub-Saharan Africa,Upper middle income,2.52365930599391,2.6552621825882,NA,18.7082126131257,0.497340932478831,0.25981104373931885,1,0.1643451750278473,0,1.2595000251919823,0,-208.5,1,132,1
SWZ,Eswatini,1988,Sub-Saharan Africa,Lower middle income,20.3945622781115,6.56982157105428,NA,32.417466471747296,7.30947850325828,0.5518571138381958,1,0.4168718457221985,1,3.063136790585478,1,3.5,1,199,1
ETH,Ethiopia,1988,Sub-Saharan Africa,Low income,7.08071532141089,0.503674879297719,NA,22.3415785750829,0,0.5,1,0.1643451750278473,0,2.089480398492051,1,-3.5,1,111,1
FJI,Fiji,1988,East Asia & Pacific,Upper middle income,11.7583268783888,0.955754866463423,NA,45.1398966994205,2.84706408829507,NA,0.3173159956932068,0.1643451750278473,0,2.54618414693603,0,NA,0,111,0
GAB,Gabon,1988,Sub-Saharan Africa,Upper middle income,-8.77611940298511,12.8453532480867,78.5220207494277,21.1203046778247,3.45679012161836,0.25981104373931885,1,0.4168718457221985,0,0.09531017980432492,1,NA,1,132,1
GMB,"Gambia, The",1988,Sub-Saharan Africa,Low income,11.6905868876763,4.47682692076357,108.818999972051,22.034713099863,0.441599805469085,0.6486005783081055,0.45805299282073975,0.4168718457221985,1,2.540860528700726,0.4168718457221985,NA,0,112,1
GEO,Georgia,1988,Europe & Central Asia,Upper middle income,NA,5.55545382967426,88.6041439476554,NA,NA,NA,NA,NA,0,NA,NA,NA,NA,NA,NA
GHA,Ghana,1988,Sub-Saharan Africa,Lower middle income,31.3592676264768,5.62816876359457,42.2454994120982,14.746060677552,0.0961951910014878,0.659574031829834,0.20572972297668457,0,1,3.4769004598722786,0,-1.1,0,111,0
GRD,Grenada,1988,Latin America & Caribbean,Upper middle income,4.00000000000013,2.96679168426633,NA,48.616243031974,6.3384830094354,0.5,1,0,0,1.6094379124341265,0,NA,1,111,1
GTM,Guatemala,1988,Latin America & Caribbean,Upper middle income,10.8327037689912,3.89238706354786,38.0399139851034,24.972500120881,4.20704806640199,0.5037842988967896,1,0.1643451750278473,1,2.470867203777489,0.1643451750278473,NA,1,111,0
GIN,Guinea,1988,Sub-Saharan Africa,Lower middle income,NA,6.30811670197524,39.7422431817903,NA,0.451030888508573,0.5461872220039368,0.31710755825042725,0.1643451750278473,0,NA,1,NA,0,111,0
GNB,Guinea-Bissau,1988,Sub-Saharan Africa,Low income,60.2817826333536,4.59999998843411,63.6090902381545,8.33762834543134,0.159058998905435,0.5789365768432617,0.14403609931468964,0.1643451750278473,0,4.115482614979101,0.7326588197655602,NA,0,132,0
HTI,Haiti,1988,Latin America & Caribbean,Lower middle income,4.10546805875063,0.200426837325949,48.7783590573386,25.3483073818288,0.386391845402863,NA,1,0.4168718457221985,0,1.6303121337507416,0.2198675796643537,NA,1,111,1
HND,Honduras,1988,Latin America & Caribbean,Lower middle income,4.49125763640182,7.57442109483326,68.8304283370907,27.2905902683357,0.987192870112896,0.5,1,0,0,1.7031573069559762,0,NA,1,111,1
IND,India,1988,South Asia,Lower middle income,9.38347186185335,9.62778291607844,13.4904501163017,42.5039894446876,0.0307664119671983,0.6020081639289856,0.40522700548172,0.1643451750278473,0,2.3402152979068553,NA,-6.6,0,111,0
IDN,Indonesia,1988,East Asia & Pacific,Upper middle income,8.04535671530907,5.7804984881177,47.2545614222743,30.0723128282788,0.683272607101238,0.3984085619449615,0.7787152528762817,1,0,2.2022515559147227,1,NA,0,111,0
IRN,"Iran, Islamic Rep.",1988,Middle East & North Africa,Upper middle income,28.6706349206345,-6.08199661986552,21.5839788397354,64.4087153630114,0.0491963692882078,NA,0.31541794538497925,0.1643451750278473,1,3.390157833488478,0.36714325860631464,NA,0,111,0
JAM,Jamaica,1988,Latin America & Caribbean,Upper middle income,8.26676574400908,3.97430201540247,NA,72.6480431864999,-0.313451552358751,0.6656142473220825,0.7479806542396545,0.1643451750278473,0,2.2264344237708658,0,NA,1,111,1
JOR,Jordan,1988,Middle East & North Africa,Lower middle income,6.61322645290578,1.46216981660707,108.12478719782099,118.231528770855,0.378047444132852,0.6335786581039429,0.18349525332450867,0.1643451750278473,0,2.0298870574361025,0,-12.9,0,111,0
KAZ,Kazakhstan,1988,Europe & Central Asia,Upper middle income,NA,NA,NA,NA,NA,NA,NA,NA,0,NA,NA,NA,NA,NA,NA
KEN,Kenya,1988,Sub-Saharan Africa,Lower middle income,12.2649630481582,6.20318382314591,49.9749820917703,28.9010706363164,0.00472067814834501,0.3759436905384064,0.37507885694503784,0.1643451750278473,0,2.5851262019211565,0.23472552077950623,-2,0,111,0
KGZ,Kyrgyz Republic,1988,Europe & Central Asia,Lower middle income,NA,13.2000300558198,NA,NA,NA,NA,NA,NA,0,NA,NA,NA,NA,NA,NA
LAO,Lao PDR,1988,East Asia & Pacific,Lower middle income,NA,-2.01020105305003,45.528106634611,NA,0.333911406716575,0.39765509963035583,0.19958381354808807,0,0,NA,0,NA,0,111,0
LSO,Lesotho,1988,Sub-Saharan Africa,Lower middle income,11.4563716258632,8.60191907664445,NA,46.842064808742,4.53798068896905,0.23381702601909635,1,0.2525267004966736,1,2.5222322691752077,1,-1.9,1,199,1
LBR,Liberia,1988,Sub-Saharan Africa,Low income,NA,-2.04189816424886,NA,0.534718518490711,27.9447173167678,0.7905313372612,1,0.4768400490283966,0,NA,0.23904571200211472,NA,1,111,1
LBY,Libya,1988,Middle East & North Africa,Upper middle income,6.08695652173909,7.57902335976675,NA,60.5403801534938,0.403070302859907,0.5,0.30338531732559204,0.1643451750278473,0,1.9582559848776069,1,NA,0,111,0
MDG,Madagascar,1988,Sub-Saharan Africa,Low income,26.8537971413812,3.40692921036734,30.4964828885485,11.8673381709266,0.0912381020308271,0.5,0.39216148853302,0.1643451750278473,1,3.3269692996784515,0,-0.6,0,132,0
MWI,Malawi,1988,Sub-Saharan Africa,Low income,33.9121649354339,3.17729140008842,NA,15.7962226338221,0.868443935556642,0.3953641951084137,0.14130009710788727,0.1643451750278473,1,3.552835333958758,0.3942342873818497,NA,0,111,0
MYS,Malaysia,1988,East Asia & Pacific,Upper middle income,2.55651945320742,9.93771967651989,122.624228645664,121.079463029122,2.03962299468874,0.30077454447746277,0.5447977781295776,1,0,1.268782384938155,1,NA,0,111,0
MDV,Maldives,1988,South Asia,Upper middle income,6.45636026801941,8.73034178146668,NA,25.455214806809,0.712104836530667,0.3922151327133178,0.26345744729042053,0.7167128920555115,0,2.009067395424567,0.32044557373809845,NA,0,111,0
MLI,Mali,1988,Sub-Saharan Africa,Low income,NA,10.8056984434684,37.4486449257117,17.4108717749021,0.259956876873215,0.1802254319190979,1,0.4168718457221985,0,NA,1,NA,1,132,1
MRT,Mauritania,1988,Sub-Saharan Africa,Lower middle income,1.31965861005482,1.72039797622097,83.3783659398771,17.0171194338127,0.136162491646269,0.5,0.3387512266635895,0,0,0.8414200240120321,0,NA,0,111,0
MUS,Mauritius,1988,Sub-Saharan Africa,Upper middle income,9.15931413351054,6.79134674767192,132.624947540952,61.2228929366409,1.09738174112426,0.19146575033664703,0.3386364281177521,0.1643451750278473,0,2.318390933327428,0,NA,0,112,0
MEX,Mexico,1988,Latin America & Caribbean,Upper middle income,114.162258549066,1.21826122938586,38.7903369479031,11.1299997223919,1.58525508600361,0.5261585116386414,0.5638076066970825,0.2525267004966736,1,4.746342077822115,0.36067052941936634,NA,0,111,1
FSM,"Micronesia, Fed. Sts.",1988,East Asia & Pacific,Lower middle income,NA,2.54890337877882,NA,NA,NA,NA,1,NA,0,NA,NA,NA,1,111,1
MDA,Moldova,1988,Europe & Central Asia,Upper middle income,NA,NA,NA,NA,NA,NA,NA,NA,0,NA,NA,NA,NA,NA,NA
MNG,Mongolia,1988,East Asia & Pacific,Upper middle income,NA,5.10797231165017,94.47149764016,NA,0,NA,NA,NA,0,NA,NA,-14.3,NA,NA,NA
MAR,Morocco,1988,Middle East & North Africa,Lower middle income,2.36905505487641,11.8752359788597,50.1376031659319,39.9043022941163,0.329354802876929,0.6050610542297363,0.4423966109752655,0.1643451750278473,0,1.2146323058986137,0.3942342873818497,NA,0,132,0
MOZ,Mozambique,1988,Sub-Saharan Africa,Low income,NA,8.19999518020626,NA,NA,NA,NA,0.11364120990037918,0,0,NA,0,-6.5,0,111,0
MMR,Myanmar,1988,East Asia & Pacific,Lower middle income,16.0428021801856,-11.3524394768121,NA,30.5378816401522,0,0.5,0.30338403582572937,0.1643451750278473,0,2.835727955075203,1,NA,0,111,0
NAM,Namibia,1988,Sub-Saharan Africa,Upper middle income,NA,0.813148942821115,91.0117626010634,NA,-0.0605187439136058,NA,1,NA,0,NA,NA,NA,1,199,1
NPL,Nepal,1988,South Asia,Lower middle income,8.98300338208989,7.6968087109188,33.8290380464463,29.9747743999168,0.0195009492107248,0.3908253312110901,0.5536028146743774,0.1643451750278473,0,2.300883985139154,0,NA,1,534,1
NIC,Nicaragua,1988,Latin America & Caribbean,Lower middle income,NA,-12.4498220367125,76.2510836857461,63.499439786907,-0.00342088246339889,NA,0.00689130555838346,0,0,NA,0,NA,0,111,0
NER,Niger,1988,Sub-Saharan Africa,Low income,-1.39396304047091,6.87115013671369,41.8884433363145,19.4069337517773,0.0945229639827406,0.1802254319190979,1,0.4168718457221985,0,0.09531017980432492,0.8080986016234855,NA,1,132,1
NGA,Nigeria,1988,Sub-Saharan Africa,Lower middle income,54.5112247797673,7.33402548758716,NA,12.1685472042652,0.762696401992634,0.5430890321731567,0.18062898516654968,0.2525267004966736,0,4.016585248587058,0.8422019052586841,NA,0,111,0
PAK,Pakistan,1988,South Asia,Lower middle income,8.83793701817773,7.62527877959378,33.2842258313357,41.3654205206185,0.484736838916137,0.48367345333099365,0.6554340720176697,0.1643451750278473,0,2.286246036459764,1,NA,0,111,0
PNG,Papua New Guinea,1988,East Asia & Pacific,Lower middle income,5.44508207660464,2.90924048446031,95.173653827955,31.0668433172455,4.19820346401792,0.38923683762550354,0.3149868845939636,0.4168718457221985,0,1.8633173712370816,0.43305520707219824,0.3,0,111,0
PRY,Paraguay,1988,Latin America & Caribbean,Upper middle income,22.5942571785268,5.91537206556045,85.0769742658953,16.6885787091466,0.197383098251427,NA,1,0,1,3.1610033425266764,0,3,1,111,1
PER,Peru,1988,Latin America & Caribbean,Upper middle income,667.019328585961,-9.44127344629392,33.2217909613643,26.0526276881384,0.168400234302469,0.38770657777786255,0.01638283208012581,0,1,6.50431710812696,0,NA,0,111,0
PHL,Philippines,1988,East Asia & Pacific,Lower middle income,13.8600691673319,6.69693110468185,39.3236456105194,25.42315171593,2.16907026973743,0.3386416435241699,0.6768183708190918,0.1643451750278473,0,2.698677693877159,0,NA,1,111,1
RWA,Rwanda,1988,Sub-Saharan Africa,Low income,2.97864355658034,4.49882499325926,24.2228475694954,17.1294711202401,0.87873363655644,0.5,0.3033847510814667,0.1643451750278473,0,1.3809409462761764,0,NA,0,111,0
WSM,Samoa,1988,East Asia & Pacific,Lower middle income,8.50786801086301,-1.44229968442642,NA,31.4312122207099,0.0902146666454522,0.5,0.19190599024295807,0,0,2.2521196674982495,0,NA,0,196,0
STP,Sao Tome and Principe,1988,Sub-Saharan Africa,Lower middle income,NA,1.99872995054187,NA,NA,0.20201864221136,NA,0.12422949075698853,0.1643451750278473,0,NA,0.1643451750278473,NA,0,111,0
SEN,Senegal,1988,Sub-Saharan Africa,Lower middle income,-1.82668225079295,-0.816575488243529,40.6318676835579,17.4969876705463,0.232775309404989,0.1802254319190979,1,0.4168718457221985,0,0.09531017980432492,1,NA,1,132,1
SLB,Solomon Islands,1988,East Asia & Pacific,Lower middle income,16.7375265724654,1.25019632877232,192.625503459946,34.8448108822396,0.952244872912982,0.6330133676528931,0.3437182307243347,0.4168718457221985,1,2.87568254058034,1,-14.1,0,111,0
ZAF,South Africa,1988,Sub-Saharan Africa,Upper middle income,12.779553083028,4.20010964838187,45.8513122493528,48.9128043724724,0.152377367726155,0.43365269899368286,0.22148235142230988,0,1,2.623185832768428,0,NA,0,111,0
LKA,Sri Lanka,1988,South Asia,Lower middle income,13.9915489002075,2.472685037698,62.9132091791226,31.5395392419205,0.655203410477031,0.36187198758125305,0.5280497670173645,0.1643451750278473,0,2.7074866356762097,0,NA,0,111,0
LCA,St. Lucia,1988,Latin America & Caribbean,Upper middle income,0.829472425646376,13.8996638309097,NA,50.6281896551724,3.82758620689654,0.5,1,0.4168718457221985,0,0.6040276332926875,0.8914160355784175,2,1,111,1
VCT,St. Vincent and the Grenadines,1988,Latin America & Caribbean,Upper middle income,0.227229691346298,14.07469453936,NA,56.6799756656057,4.53906258585701,0.5,1,0.4168718457221985,0,0.20475934572075183,1,0.6,1,111,1
SUR,Suriname,1988,Latin America & Caribbean,Upper middle income,7.31328780803817,7.79999999163023,NA,130.758828596038,-14.7286821705426,NA,1,0.1643451750278473,0,2.117855175390539,1,NA,1,111,1
TJK,Tajikistan,1988,Europe & Central Asia,Lower middle income,NA,13.900001094354,NA,NA,NA,NA,NA,NA,0,NA,NA,NA,NA,NA,NA
TZA,Tanzania,1988,Sub-Saharan Africa,Lower middle income,31.1867182846932,7.25543546092405,NA,12.0006386950708,0.0507654333430974,0.37483084201812744,0.1421336978673935,0.1643451750278473,1,3.4715538918282443,0.5801363815350187,NA,0,111,0
THA,Thailand,1988,East Asia & Pacific,Upper middle income,3.86273074733655,13.2881140717644,67.4134705068906,67.3217538544822,1.79247501276962,0.4862672984600067,0.6011025905609131,0.4168718457221985,0,1.5816001622837377,1,NA,1,111,1
TGO,Togo,1988,Sub-Saharan Africa,Low income,-0.150910979934777,6.64236977029414,90.0509585051445,24.8814193717497,0.665893595610211,0.1802254319190979,1,0.1643451750278473,0,0.09531017980432492,NA,NA,1,132,1
TON,Tonga,1988,East Asia & Pacific,Upper middle income,9.92402339810402,-1.88187195516706,89.4857435848134,NA,0.0545168006704606,0.407839298248291,1,NA,0,2.3909643455081047,NA,NA,1,193,1
TUN,Tunisia,1988,Middle East & North Africa,Lower middle income,7.19696969696955,0.0721590773964209,83.6754959240699,51.7373045747408,0.600420177547558,0.4088466763496399,0.4626575708389282,0.1643451750278473,0,2.103764536820038,0,NA,0,132,0
TUR,Turkiye,1988,Europe & Central Asia,Upper middle income,68.8096433837048,2.32073679394847,36.2068338434275,27.9063954590654,0.389545326157192,0.44919338822364807,0.32352784276008606,0.1643451750278473,1,4.2457721575851455,0,NA,0,111,0
UGA,Uganda,1988,Sub-Saharan Africa,Low income,NA,8.26707354577805,25.3500383007427,9.9068997470302,0.0722084706296851,0.43482857942581177,0.03657137602567673,0.1643451750278473,0,NA,0.1643451750278473,NA,0,111,0
UKR,Ukraine,1988,Europe & Central Asia,Upper middle income,NA,2.56646326960379,NA,NA,NA,NA,NA,NA,0,NA,NA,NA,NA,NA,NA
VUT,Vanuatu,1988,East Asia & Pacific,Lower middle income,8.76023037284009,-1.69288283840022,89.707305273343,94.9411586840832,6.82884964200247,0.5898399949073792,0.3238799571990967,1,0,2.2783160039210357,1,NA,0,132,0
VNM,Viet Nam,1988,East Asia & Pacific,Lower middle income,NA,5.13501167157808,18.9504870869001,NA,0.030207899995773,NA,1,0,0,NA,0,NA,1,111,0
YEM,"Yemen, Rep.",1988,Middle East & North Africa,Low income,NA,NA,NA,NA,NA,NA,NA,NA,0,NA,NA,NA,NA,NA,NA
ZMB,Zambia,1988,Sub-Saharan Africa,Lower middle income,51.0040160642574,6.28074900897693,NA,32.8513447750057,2.50209302306719,0.4810499548912048,0.1458355039358139,0.1643451750278473,1,3.951320947604139,0.1643451750278473,NA,0,111,0
ALB,Albania,1989,Europe & Central Asia,Upper middle income,NA,9.8365489718722,40.066086463479,NA,0,NA,NA,NA,0,NA,NA,NA,NA,NA,NA
DZA,Algeria,1989,Middle East & North Africa,Upper middle income,9.30436125843165,4.40000216059909,47.1533197065802,72.7963609036179,0.0217339935476365,0.5,0.35723260045051575,0.1643451750278473,0,2.3325672287660093,1,NA,0,132,0
AGO,Angola,1989,Sub-Saharan Africa,Lower middle income,NA,0.0416214618373516,NA,NA,1.9604420096587,NA,1,NA,0,NA,NA,NA,1,111,1
ARM,Armenia,1989,Europe & Central Asia,Upper middle income,NA,NA,NA,NA,NA,NA,NA,NA,0,NA,NA,NA,NA,NA,NA
AZE,Azerbaijan,1989,Europe & Central Asia,Upper middle income,NA,NA,NA,NA,NA,NA,NA,NA,0,NA,NA,NA,NA,NA,NA
BGD,Bangladesh,1989,South Asia,Lower middle income,6.04547975596243,2.83658212908817,18.3251740190693,22.878190439802,8.61339473035719e-4,0.5,1,0,0,1.952386241820164,0,-4.3,1,111,1
BLR,Belarus,1989,Europe & Central Asia,Upper middle income,NA,NA,NA,NA,NA,NA,NA,NA,0,NA,NA,NA,NA,NA,NA
BLZ,Belize,1989,Latin America & Caribbean,Upper middle income,2.12765957446807,13.0108423686405,78.4160346161678,29.2475055996742,3.79759723070658,0.589722752571106,1,0.4768400490283966,0,1.140284985068673,0.6653152947491057,NA,1,111,1
BEN,Benin,1989,Sub-Saharan Africa,Lower middle income,NA,-2.85416049622336,38.3003673589405,21.7409745379421,-0.0744505328917815,0.21396617591381073,1,0.4168718457221985,0,NA,1,0.9,1,132,1
BTN,Bhutan,1989,South Asia,Lower middle income,8.7798371889804,7.35556731915111,68.8145422191638,22.7278540209948,NA,0.5,1,0.1643451750278473,0,2.28032283656464,NA,-10.1,1,534,1
BOL,Bolivia,1989,Latin America & Caribbean,Lower middle income,15.1734681125731,3.79013096203738,45.6546855363276,19.4778509589239,-0.517390530792772,0.5933257341384888,0.500368058681488,0.656744658946991,1,2.7833721287967452,0.8786195565559038,-4.9,0,111,0
BWA,Botswana,1989,Sub-Saharan Africa,Upper middle income,11.5750147473285,13.0594058858571,105.360864562126,28.9246887849941,1.36797816113176,0.6279627680778503,0.41146355867385864,0.4476322829723358,0,2.5317118887348964,0.4476322829723358,NA,0,199,0
BRA,Brazil,1989,Latin America & Caribbean,Upper middle income,1430.7237251472,3.16000000000032,14.3908776472134,111.325303911187,0.273855965905703,0.4336450099945069,0.06252247095108032,0,1,7.2666343995408464,0,NA,0,111,0
BFA,Burkina Faso,1989,Sub-Saharan Africa,Low income,-0.481798715203333,2.15026727173506,32.3947599439306,18.4877964309622,0.216777278252004,0.28361454606056213,1,0.4168718457221985,0,0.09531017980432492,1,2,1,132,1
BDI,Burundi,1989,Sub-Saharan Africa,Low income,11.6615998479958,1.34950223651784,NA,15.7366345484687,0.0509215013186548,0.5,0.24003034830093384,0.1643451750278473,0,2.5385737790318026,1,NA,0,111,0
CPV,Cabo Verde,1989,Sub-Saharan Africa,Lower middle income,4.55516014234884,5.69794936616317,81.43779264177,31.4522181114132,0.0650679327297321,0.5,0.41602009534835815,0.1643451750278473,0,1.7147272511817018,0,NA,1,182,1
KHM,Cambodia,1989,East Asia & Pacific,Lower middle income,NA,3.47938318460915,NA,NA,NA,NA,0.1141354963183403,NA,0,NA,NA,NA,NA,NA,NA
CMR,Cameroon,1989,Sub-Saharan Africa,Lower middle income,-1.66552589550543,-1.81912051186825,38.4764837848263,20.4096381560754,-0.778514698819021,0.31462496519088745,1,0.1643451750278473,0,0.09531017980432492,0,NA,1,132,1
CAF,Central African Republic,1989,Sub-Saharan Africa,Low income,0.689055807312737,1.97727043451945,46.7670475619484,16.288481177947,0.104157669147719,0.31462496519088745,1,0.1643451750278473,0,0.5241696789096032,0,-3.2,1,132,1
TCD,Chad,1989,Sub-Saharan Africa,Low income,-3.68913460441471,4.88473510251002,45.1900918656555,15.4736609050615,1.3070728380526,0.31462496519088745,1,0.1643451750278473,0,0.09531017980432492,0,NA,1,132,1
CHN,China,1989,East Asia & Pacific,Upper middle income,18.2456383621647,4.20633435547828,25.061554891412,66.2004648460198,0.973934921557234,0.2617698013782501,1,0,0,2.95728445647214,0,-0.9,1,111,0
COL,Colombia,1989,Latin America & Caribbean,Upper middle income,25.8675480831987,3.41409610966596,31.8216218481762,NA,1.45674970076126,0.784976065158844,0.915704905986786,0,1,3.290919167373282,0,-1.5,0,111,0
COM,Comoros,1989,Sub-Saharan Africa,Lower middle income,NA,-0.917059811290571,35.7577593566687,14.2208572573107,0.993838581584732,0.5,1,0.1643451750278473,0,NA,NA,-1.3,1,132,1
COD,"Congo, Dem. Rep.",1989,Sub-Saharan Africa,Low income,104.06522942826,-1.26605063560959,NA,8.51920850583063,-0.067724373028688,0.5,0.24640800058841705,0.1643451750278473,1,4.654581389922496,0,NA,0,111,0
COG,"Congo, Rep.",1989,Sub-Saharan Africa,Lower middle income,-1.79698882952884,2.59987651814491,83.3530093224987,18.0943196696791,-0.298176845331261,0.31462496519088745,1,0.1643451750278473,0,0.09531017980432492,0,0.8,1,132,1
CRI,Costa Rica,1989,Latin America & Caribbean,Upper middle income,16.509808768739,5.66597554871299,73.5829599960743,41.2617011030716,1.92914688454646,0.4772911071777344,0.8518261313438416,0,1,2.8627612249782146,0,NA,0,111,0
CIV,Cote d'Ivoire,1989,Sub-Saharan Africa,Lower middle income,1.04951823790383,2.94800494335441,61.0885440449655,27.8770071495618,0.189496994370163,0.2680455446243286,1,0.1643451750278473,0,0.7176047596315324,0,NA,1,132,1
DJI,Djibouti,1989,Middle East & North Africa,Lower middle income,NA,NA,NA,78.1044145623539,-0.0317677465249493,NA,1,1,0,NA,1,NA,1,111,1
DMA,Dominica,1989,Latin America & Caribbean,Upper middle income,6.21852149777859,-0.191136403056177,NA,45.8178616945784,9.28840465650472,0.5,1,0.4168718457221985,0,1.9766501532336875,0.4712955895532587,NA,1,111,1
DOM,Dominican Republic,1989,Latin America & Caribbean,Upper middle income,40.6579161175004,4.40053881491089,69.4726770929163,29.9518316703229,1.64508291463213,NA,1,0,1,3.7294914133983457,0,NA,0,111,1
ECU,Ecuador,1989,Latin America & Caribbean,Upper middle income,75.6481901026385,1.00577794490313,45.1129811864879,10.1594260395624,1.15183954100245,0.7254781126976013,0.3428475558757782,0.17990463972091675,1,4.339225992549005,0,NA,NA,NA,NA
EGY,"Egypt, Arab Rep.",1989,Middle East & North Africa,Lower middle income,21.2618670886077,4.92086860390228,50.1298701298701,83.2383116883117,3.144613175915,0.6427686810493469,0.09981613606214523,0,1,3.102875218727441,0,NA,0,111,0
SLV,El Salvador,1989,Latin America & Caribbean,Upper middle income,17.6340799385345,0.964059196617328,36.9282958229436,38.4098193883545,0.328437622913949,0.6369038224220276,1,0,1,2.924992158947898,0,NA,1,111,1
GNQ,Equatorial Guinea,1989,Sub-Saharan Africa,Upper middle income,6.16615384615363,-1.22917807949834,NA,27.9960153533799,1.0086094568311,0.31462496519088745,1,0.1643451750278473,0,1.9693690875545733,0,-76.2,1,132,1
SWZ,Eswatini,1989,Sub-Saharan Africa,Lower middle income,7.54616477272771,12.9111040728151,NA,35.0648848306771,9.64000201161903,0.5406932830810547,1,0.4168718457221985,0,2.145482617720226,1,5.8,1,199,1
ETH,Ethiopia,1989,Sub-Saharan Africa,Low income,7.81730118223048,-0.361044179752284,NA,24.5436934366021,0,0.5,1,0.1643451750278473,0,2.176715834785452,1,-4.3,1,111,1
FJI,Fiji,1989,East Asia & Pacific,Upper middle income,6.18935403382354,7.43863244182891,NA,44.4128898538944,2.58795720622278,NA,0.3902398645877838,0.1643451750278473,0,1.9726013253914056,0,NA,0,111,0
GAB,Gabon,1989,Sub-Saharan Africa,Upper middle income,6.74083769633498,8.54530998982545,86.9936353425683,19.1243728940472,-0.72931486223162,0.31462496519088745,1,0.4168718457221985,0,2.0465099112458893,1,NA,1,132,1
GMB,"Gambia, The",1989,Sub-Saharan Africa,Low income,8.27501608751592,5.89572187264736,120.337404203123,22.1001080407441,4.82676982319594,0.7336776852607727,0.3195358216762543,0.4168718457221985,0,2.227324342995059,0.4168718457221985,NA,0,112,0
GEO,Georgia,1989,Europe & Central Asia,Upper middle income,NA,-7.19378285079883,87.7804096419117,NA,NA,NA,NA,NA,0,NA,NA,NA,NA,NA,NA
GHA,Ghana,1989,Sub-Saharan Africa,Lower middle income,25.2236920295825,5.08587270013842,41.0858910510339,16.9169934815772,0.285613181918892,0.8614457845687866,0.2544090449810028,0,1,3.266663278094142,0,-0.8,0,111,0
GRD,Grenada,1989,Latin America & Caribbean,Upper middle income,5.59294871794896,3.76773076437745,NA,45.8552294423048,3.92083713990509,0.5,1,0,0,1.8860007018435112,0,NA,1,111,1
GTM,Guatemala,1989,Latin America & Caribbean,Upper middle income,11.3871321997958,3.94258951982349,39.7815461505075,25.2011857933103,0.90598617587788,0.6016430854797363,1,0.4768400490283966,1,2.5166582079778395,0.4768400490283966,NA,0,111,0
GIN,Guinea,1989,Sub-Saharan Africa,Lower middle income,NA,4.0034760101484,41.7534082655351,NA,0.347707963801776,0.5461872220039368,0.5105360746383667,0.1643451750278473,0,NA,1,NA,0,111,0
GNB,Guinea-Bissau,1989,Sub-Saharan Africa,Low income,80.7881406436233,6.10000002132945,55.0802352563847,5.42698376365378,0.0848264743790341,0.5977964997291565,0.16688531637191772,0.1643451750278473,0,4.404132253191293,0.7326588197655602,NA,0,132,0
HTI,Haiti,1989,Latin America & Caribbean,Lower middle income,6.92390503711238,-2.91342439807192,40.5631325688157,33.3218333834142,0.342074781494251,NA,1,0.4168718457221985,0,2.0698841445535368,0.2198675796643537,NA,1,111,1
HND,Honduras,1989,Latin America & Caribbean,Lower middle income,9.85040925769098,7.12826947076638,79.5974815013278,27.7846510271787,1.16547544936604,0.5861527323722839,1,0,0,2.3842027988779577,0,NA,1,111,1
IND,India,1989,South Asia,Lower middle income,7.07428002942301,5.94734333181324,15.1681320906695,42.8163359110211,0.085156820591001,0.5523566007614136,0.5066601634025574,0.1643451750278473,0,2.0886837046907205,NA,-7.2,0,111,0
IDN,Indonesia,1989,East Asia & Pacific,Upper middle income,6.41554079916364,7.45658692516847,49.0818836891175,35.3170475527964,0.722064256022232,0.4859636425971985,0.7882748246192932,1,0,2.0035779060610364,1,NA,0,111,1
IRN,"Iran, Islamic Rep.",1989,Middle East & North Africa,Upper middle income,22.3496530454896,6.13211567717991,27.9350257079062,63.4657278896034,-0.0161166690263459,NA,0.324224591255188,0.1643451750278473,1,3.1505821251389703,0.36714325860631464,NA,0,111,0
JAM,Jamaica,1989,Latin America & Caribbean,Upper middle income,14.3295390328572,7.17330434565815,NA,66.4204260766272,1.29627254459442,0.9152344465255736,0.3297736346721649,0.1643451750278473,0,2.7297816228202203,0,NA,0,111,0
JOR,Jordan,1989,Middle East & North Africa,Lower middle income,25.7127192982454,-10.7292192804849,130.44733044733,133.483652855081,-0.0319754993738755,0.6581563949584961,0.2624928653240204,0.1643451750278473,0,3.2851398301855648,0,-6.8,0,111,0
KAZ,Kazakhstan,1989,Europe & Central Asia,Upper middle income,NA,NA,NA,NA,NA,NA,NA,NA,0,NA,NA,NA,NA,NA,NA
KEN,Kenya,1989,Sub-Saharan Africa,Lower middle income,13.7893172763883,4.69034876792047,53.156377223318,28.3989058948699,0.750803543300878,0.6288008093833923,0.3304390609264374,0.1643451750278473,0,2.6939051144935102,0.23472552077950623,-2.4,0,111,0
KGZ,Kyrgyz Republic,1989,Europe & Central Asia,Lower middle income,NA,2.78975093876642,NA,NA,NA,NA,NA,NA,0,NA,NA,NA,NA,NA,NA
LAO,Lao PDR,1989,East Asia & Pacific,Lower middle income,61.3325965106187,14.1906366290998,44.1268320044714,9.87605074926069,0.560187354923405,0.39765509963035583,0.16318386793136597,0,0,4.132484507431351,0,NA,0,111,0
LSO,Lesotho,1989,Sub-Saharan Africa,Lower middle income,14.7282455646297,5.79524440411279,NA,43.9835067910497,2.77283764685604,0.17208655178546906,1,0.2525267004966736,1,2.75545817649692,1,3.9,1,199,1
LBR,Liberia,1989,Sub-Saharan Africa,Low income,NA,-26.6684493323435,NA,0.854895111669917,83.4338038789266,0.7551870942115784,1,0.4168718457221985,0,NA,0.15181988104041455,NA,1,111,1
LBY,Libya,1989,Middle East & North Africa,Upper middle income,1.51183970856093,7.19941714616827,NA,62.1899031444872,0.497546013595002,0.5,0.2972821295261383,0.1643451750278473,0,0.9210154362837354,1,NA,0,111,0
MDG,Madagascar,1989,Sub-Saharan Africa,Low income,9.01299594555501,4.07488065683054,31.7629825920084,13.9831250394377,0.403579180632412,0.5,0.44129830598831177,0.1643451750278473,0,2.3038838438074785,0,-3.3,0,132,0
MWI,Malawi,1989,Sub-Saharan Africa,Low income,12.4463620502664,1.34468950923568,NA,13.4931707905274,0.40143372690928,0.4324473738670349,0.26532647013664246,0.1643451750278473,1,2.598708589927565,0.3942342873818497,NA,0,111,0
MYS,Malaysia,1989,East Asia & Pacific,Upper middle income,2.81320089714805,9.0596008665043,136.689061416096,129.481816540439,4.29333056736689,0.44391947984695435,0.5159730911254883,1,0,1.338468966911582,1,NA,1,111,1
MDV,Maldives,1989,South Asia,Upper middle income,7.16585889470777,9.32680833295309,NA,26.3719505077623,2.32172289015992,0.3769674599170685,0.2350418120622635,0.7167128920555115,0,2.099961913138461,0.32044557373809845,NA,0,111,0
MLI,Mali,1989,Sub-Saharan Africa,Low income,-0.0766929979288841,3.59496047121179,34.6160830649868,15.75676517043,0.225269758653743,0.2680455446243286,1,0.4168718457221985,0,0.09531017980432492,1,NA,1,132,1
MRT,Mauritania,1989,Sub-Saharan Africa,Lower middle income,12.9326820981099,4.77758542001072,78.6897916288234,17.100511102207,0.239048416799853,0.5,0.2704698443412781,0.1643451750278473,0,2.6342373104001795,0.3942342873818497,NA,0,111,0
MUS,Mauritius,1989,Sub-Saharan Africa,Upper middle income,12.670042091136,4.46514860724652,133.930350743087,60.9154165248744,1.61912082862749,0.3278019428253174,0.26291507482528687,0.1643451750278473,0,2.61520672981934,0,NA,0,112,0
MEX,Mexico,1989,Latin America & Caribbean,Upper middle income,20.0078767139978,3.62544873456009,38.3296500774472,16.5166376513077,1.4335842744963,0.4050248861312866,0.9255149364471436,0.2525267004966736,1,3.04489744901684,0.36067052941936634,NA,0,111,0
FSM,"Micronesia, Fed. Sts.",1989,East Asia & Pacific,Lower middle income,NA,3.52601156069341,NA,NA,NA,NA,1,NA,0,NA,NA,NA,1,111,1
MDA,Moldova,1989,Europe & Central Asia,Upper middle income,NA,NA,NA,NA,NA,NA,NA,NA,0,NA,NA,NA,NA,NA,NA
MNG,Mongolia,1989,East Asia & Pacific,Upper middle income,NA,4.17819574333862,76.3641464792647,NA,NA,NA,NA,NA,0,NA,NA,-11.8,NA,NA,NA
MAR,Morocco,1989,Middle East & North Africa,Lower middle income,3.2599694922639,2.84620258132841,50.3508447455349,42.3101030067359,0.634848536184199,0.5,0.37296050786972046,0.1643451750278473,0,1.4492619988152369,0.3942342873818497,NA,0,132,0
MOZ,Mozambique,1989,Sub-Saharan Africa,Low income,NA,6.50000455373727,NA,NA,NA,NA,0.387538343667984,0,0,NA,0,-4.2,0,111,0
MMR,Myanmar,1989,East Asia & Pacific,Lower middle income,27.1985264490888,3.69529742267716,NA,24.6931794841727,0.387724417252705,0.5731055736541748,0.29728198051452637,0.1643451750278473,1,3.339269723000391,1,NA,0,111,0
NAM,Namibia,1989,Sub-Saharan Africa,Upper middle income,NA,1.85867496230729,96.3801569295383,NA,-0.0189338969719846,NA,1,NA,0,NA,NA,NA,1,199,1
NPL,Nepal,1989,South Asia,Lower middle income,8.84688691232552,4.32964793285106,33.3509280937391,31.2337989671667,0.0119141304820262,0.391585111618042,0.6021637320518494,0.1643451750278473,0,2.287155355719726,0,NA,1,534,1
NIC,Nicaragua,1989,Latin America & Caribbean,Lower middle income,NA,-1.73821633052118,97.7286839439197,37.6116866564267,0.276356299737658,NA,0.03096448071300983,0,0,NA,0,NA,0,111,0
NER,Niger,1989,Sub-Saharan Africa,Low income,-2.84352517985618,0.957045972548471,39.8980435664684,20.0576586309976,-0.0717675824661965,0.21396617591381073,1,0.4168718457221985,0,0.09531017980432492,0.8080986016234855,NA,1,132,1
NGA,Nigeria,1989,Sub-Saharan Africa,Lower middle income,50.4666881235915,1.91938129589555,NA,10.4543243694788,4.2820878623584004,0.6478611826896667,0.1018821746110916,0,1,3.9409347658316407,0,NA,0,111,0
PAK,Pakistan,1989,South Asia,Lower middle income,7.84426473740044,4.95976889440439,34.4216591208777,38.9809612274195,0.524257200329788,0.5891810655593872,0.411996454000473,0.1643451750278473,0,2.179769196672063,1,NA,0,111,0
PNG,Papua New Guinea,1989,East Asia & Pacific,Lower middle income,4.48044551322661,-1.41957988360637,93.3939652625012,34.0644515218176,5.73501502313829,0.3868619501590729,0.4411125183105469,0.4168718457221985,0,1.701186395689471,0.43305520707219824,0.3,0,111,0
PRY,Paraguay,1989,Latin America & Caribbean,Upper middle income,26.4221267235586,6.93520391103523,82.9552279085221,18.859303121175,0.269035739340308,NA,0.05478248372673988,0.1643451750278473,1,3.3113502321606973,0.21986761953510545,5.5,0,111,0
PER,Peru,1989,Latin America & Caribbean,Upper middle income,3398.67901005332,-12.3120414471296,22.5367606006625,22.427904514543,0.262227367398589,0.22119466960430145,0.09991544485092164,0,1,8.131436297339613,0,NA,0,111,0
PHL,Philippines,1989,East Asia & Pacific,Lower middle income,12.2429906542055,6.18391820283388,41.2829242962139,28.5821667352429,1.1604951683239,0.5224467515945435,0.7079355716705322,0.1643451750278473,0,2.583468405228766,0,-1.6,0,111,0
RWA,Rwanda,1989,Sub-Saharan Africa,Low income,1.01027824831114,-0.0365342731879821,23.4277730301004,15.5956546752808,0.646147771954267,0.6502307057380676,0.2972836494445801,0.1643451750278473,0,0.698273144485752,0,NA,0,111,0
WSM,Samoa,1989,East Asia & Pacific,Lower middle income,6.46256171146444,3.70731363153662,NA,36.3900366267781,0.127486672982164,0.445955365896225,0.20362626016139984,0,0,2.0098987482275015,0,NA,1,196,1
STP,Sao Tome and Principe,1989,Sub-Saharan Africa,Lower middle income,NA,3.13531564577619,NA,NA,-0.0507380524323596,0.5,0.14616812765598297,0.1643451750278473,0,NA,0.1643451750278473,NA,0,111,0
SEN,Senegal,1989,Sub-Saharan Africa,Lower middle income,0.447309340771316,3.97378331483225,42.9574202579719,18.1670758870057,0.421012327452079,0.2675619125366211,1,0.4168718457221985,0,0.3697062055695085,1,NA,1,132,1
SLB,Solomon Islands,1989,East Asia & Pacific,Lower middle income,14.9322478710301,4.26425671266092,193.46155193167,32.1799455762639,6.7093585780817,0.5,0.4290805459022522,0.4168718457221985,1,2.7683452232595136,1,-12.9,0,111,0
ZAF,South Africa,1989,Sub-Saharan Africa,Upper middle income,14.7308753982381,2.39479511538406,42.6997653451896,49.1918876479825,-0.186208198144161,0.3985828757286072,0.220529705286026,0,1,2.7556253670307957,0,NA,0,111,0
LKA,Sri Lanka,1989,South Asia,Lower middle income,11.5675360890558,2.29930141198645,64.0169755965874,30.1158131922141,0.282532657248095,0.41415876150131226,0.28436747193336487,0.1643451750278473,0,2.5311169881981983,0,NA,0,111,0
LCA,St. Lucia,1989,Latin America & Caribbean,Upper middle income,4.37263766397329,8.98100421493095,NA,52.1263318112633,5.47184170471841,0.5,1,0.4168718457221985,0,1.6813189730263072,0.8914160355784175,0.9,1,111,1
VCT,St. Vincent and the Grenadines,1989,Latin America & Caribbean,Upper middle income,2.83393160778396,1.40561082593132,NA,59.6343805567736,4.93263753893149,0.5,1,0.4168718457221985,0,1.3438908061190058,1,-1.9,1,111,1
SUR,Suriname,1989,Latin America & Caribbean,Upper middle income,0.769646742205996,4.19999999718658,NA,132.434205676373,-55.234058219683,NA,1,0.1643451750278473,0,0.5707799459922861,1,NA,1,111,1
TJK,Tajikistan,1989,Europe & Central Asia,Lower middle income,NA,-6.50000066364703,NA,NA,NA,NA,NA,NA,0,NA,NA,NA,NA,NA,NA
TZA,Tanzania,1989,Sub-Saharan Africa,Lower middle income,25.8498382611657,3.76444340906087,NA,12.6636744524214,0.0909827507265912,0.5023311972618103,0.1435900181531906,0.1643451750278473,1,3.290259797144019,0.5801363815350187,NA,0,111,0
THA,Thailand,1989,East Asia & Pacific,Upper middle income,5.35546507986216,12.1905059866109,72.4069335208579,71.3503434300538,2.45734389192652,0.5144426822662354,0.5998860597610474,0.4168718457221985,0,1.8493150852621807,1,NA,1,111,1
TGO,Togo,1989,Sub-Saharan Africa,Low income,-0.839403116952551,4.06002168353761,89.0871177015274,23.9411714328968,0.479894782773986,0.21396617591381073,1,0.1643451750278473,0,0.09531017980432492,NA,-2.2,1,132,1
TON,Tonga,1989,East Asia & Pacific,Upper middle income,4.07364364792932,0.389906802973172,87.9089924160347,30.4823103074681,0.103943204289237,0.407839298248291,0.7239739298820496,0.4168718457221985,0,1.6240592277153745,0.4712955895532587,NA,1,193,1
TUN,Tunisia,1989,Middle East & North Africa,Lower middle income,7.74088603961336,1.74669912824352,92.0072159250878,53.9519598744512,0.771645303827403,0.4769385755062103,0.3876180350780487,0.1643451750278473,0,2.168011562059222,0,NA,0,132,0
TUR,Turkiye,1989,Europe & Central Asia,Upper middle income,63.2725524930958,0.2902440687796,33.9836682372597,26.8154382359268,0.618890490617133,0.5823280215263367,0.4109352827072144,0.4168718457221985,1,4.163132673750875,0.8914160355784175,NA,0,111,0
UGA,Uganda,1989,Sub-Saharan Africa,Low income,NA,6.36194124395438,26.047628519006,7.2877869231646,-0.0333555653271891,0.2616364061832428,0.05985549837350845,0.1643451750278473,0,NA,0.1643451750278473,NA,0,111,0
UKR,Ukraine,1989,Europe & Central Asia,Upper middle income,NA,3.87310321162344,64.2153986570181,NA,NA,NA,NA,NA,0,NA,NA,NA,NA,NA,NA
VUT,Vanuatu,1989,East Asia & Pacific,Lower middle income,7.74804905239702,1.53189352084379,94.0913160250671,129.4486347359,5.95311575797771,0.5898399949073792,0.2479965090751648,1,0,2.1688307100686934,1,NA,0,132,0
VNM,Viet Nam,1989,East Asia & Pacific,Lower middle income,NA,7.36451289395819,57.9044621549852,NA,0.0646719015911437,NA,1,0,0,NA,0,NA,0,111,0
YEM,"Yemen, Rep.",1989,Middle East & North Africa,Low income,NA,NA,NA,NA,NA,NA,NA,NA,0,NA,NA,NA,NA,NA,NA
ZMB,Zambia,1989,Sub-Saharan Africa,Lower middle income,123.40425531915,-1.02350178869868,NA,30.3137662827195,4.09795728965057,0.549526035785675,0.08684994280338287,0.1643451750278473,1,4.82353638646562,0.1643451750278473,NA,0,111,0
ALB,Albania,1990,Europe & Central Asia,Upper middle income,NA,-9.57564016993408,39.4369634031142,NA,NA,NA,NA,NA,0,NA,NA,NA,NA,NA,NA
DZA,Algeria,1990,Middle East & North Africa,Upper middle income,16.6525343885432,0.800000580174981,48.3807136815584,61.771140409131,5.39762481887007e-4,0.5014774799346924,0.2091918587684631,0.1643451750278473,0,2.870879364489923,1,3.4,0,132,0
AGO,Angola,1990,Sub-Saharan Africa,Lower middle income,NA,-3.45009868500237,NA,NA,-2.98142869155218,NA,1,NA,0,NA,NA,NA,1,111,1
ARM,Armenia,1990,Europe & Central Asia,Upper middle income,NA,NA,81.3357185450209,NA,NA,NA,NA,NA,0,NA,NA,NA,NA,NA,NA
AZE,Azerbaijan,1990,Europe & Central Asia,Upper middle income,NA,NA,83.0832196452933,NA,NA,NA,NA,NA,0,NA,NA,NA,NA,NA,NA
BGD,Bangladesh,1990,South Asia,Lower middle income,6.12671846981457,5.62225816160344,18.9665020125385,22.4466391322843,0.0102498457488283,0.3996157646179199,0.4055662453174591,0,0,1.9638508858192891,0,-0.2,0,111,0
BLR,Belarus,1990,Europe & Central Asia,Upper middle income,NA,NA,89.6073903002309,NA,NA,NA,NA,NA,0,NA,NA,NA,NA,NA,NA
BLZ,Belize,1990,Latin America & Caribbean,Upper middle income,3.05907172995785,11.3429425965195,79.393742120487,30.2509783308294,3.14585666222443,0.30037257075309753,1,0.4168718457221985,0,1.400954309530586,0.5816441288318706,NA,1,111,1
BEN,Benin,1990,Sub-Saharan Africa,Lower middle income,NA,8.9761343599898,45.7201821451396,25.1156071155851,-0.150760018353931,0.4310276508331299,1,0.4168718457221985,0,NA,1,-3.2,1,132,1
BTN,Bhutan,1990,South Asia,Lower middle income,10.0118383223406,10.3831179126517,61.2162874391515,21.4179577380024,0.556009229910456,0.5,1,0.1643451750278473,0,2.398970905220219,NA,-7.2,1,534,1
BOL,Bolivia,1990,Latin America & Caribbean,Lower middle income,17.1187746048239,4.63578742813344,46.7032725841847,24.4743037788536,0.558798940852009,0.3820582330226898,0.7283856272697449,0.5523677468299866,1,2.8969486716627,0.7389799036260136,-3.9,0,111,0
BWA,Botswana,1990,Sub-Saharan Africa,Upper middle income,11.3963461199555,6.77282195004784,104.847320396747,21.9202109934986,2.52965346277001,0.6279627680778503,0.4223111569881439,0.4476322829723358,0,2.517401761442396,0.4476322829723358,NA,0,199,0
BRA,Brazil,1990,Latin America & Caribbean,Upper middle income,2947.73277248299,-4.35000000000022,15.1555990810218,30.3945142169109,0.253118795948323,0.7133809924125671,0.06142798066139221,0,1,7.989130788392988,0,NA,0,111,0
BFA,Burkina Faso,1990,Sub-Saharan Africa,Low income,-0.504303388918912,-0.602928477580988,35.4226504401749,18.1784041666065,0.0148324858775218,0.5006760358810425,1,0.4168718457221985,0,0.09531017980432492,1,-7.5,1,132,1
BDI,Burundi,1990,Sub-Saharan Africa,Low income,7.00216956651121,3.49982213611253,NA,15.7785308286654,0.110894210226116,0.6211281418800354,0.36647969484329224,0.1643451750278473,0,2.0797127007267995,1,8.1,0,111,0
CPV,Cabo Verde,1990,Sub-Saharan Africa,Lower middle income,10.6535057862491,0.692171874476983,85.9515840306445,33.9238121124159,0.0823097605799336,0.5,0.4180617034435272,0.1643451750278473,0,2.455607060600897,0,NA,1,182,1
KHM,Cambodia,1990,East Asia & Pacific,Lower middle income,NA,1.16231184838939,NA,NA,NA,NA,0.0925699919462204,NA,0,NA,NA,NA,NA,NA,NA
CMR,Cameroon,1990,Sub-Saharan Africa,Lower middle income,1.09938128383608,-6.10569764600656,37.496445441126,21.2336852653104,-0.916249104832404,0.37070274353027344,1,0.1643451750278473,0,0.7416426745736673,0,NA,1,132,1
CAF,Central African Republic,1990,Sub-Saharan Africa,Low income,-0.0123304562272101,-2.14752806574087,42.9429835183745,15.7665294260111,0.048437878429039,0.37070274353027344,1,0.1643451750278473,0,0.09531017980432492,0,-6.6,1,132,1
TCD,Chad,1990,Sub-Saharan Africa,Low income,-0.738282265310918,-4.17847237277633,41.3870234428165,14.8020198338506,0.540663174463444,0.37070274353027344,1,0.1643451750278473,0,0.09531017980432492,0,NA,1,132,1
CHN,China,1990,East Asia & Pacific,Upper middle income,3.05229012075233,3.9416305983694,24.2259824799678,77.6425730845708,0.964431294157465,0.2829951345920563,1,0,0,1.399282183219258,0,-0.7,1,111,0
COL,Colombia,1990,Latin America & Caribbean,Upper middle income,29.1520245976215,4.28199833053058,34.7778103803081,24.116638694195,1.04506114042541,0.7472329139709473,0.7875068783760071,0.1643451750278473,1,3.4062520717518954,0.23472552077950623,-0.4,0,111,0
COM,Comoros,1990,Sub-Saharan Africa,Lower middle income,NA,7.33881096130857,35.7570317175345,14.1681148815513,0.0978688375370205,NA,1,0.1643451750278473,0,NA,NA,-1,1,132,1
COD,"Congo, Dem. Rep.",1990,Sub-Saharan Africa,Low income,81.295404814004,-6.56831069464245,NA,12.8896846443257,-0.154656300440917,0.5,0.06607414782047272,0.1643451750278473,1,4.410315271543462,0,NA,0,111,0
COG,"Congo, Rep.",1990,Sub-Saharan Africa,Lower middle income,2.88905374216946,1.00000356627487,70.8193543307087,21.4318897637795,0.805773714234814,0.37070274353027344,1,0.1643451750278473,0,1.3581658740983034,0,-4.1,1,132,1
CRI,Costa Rica,1990,Latin America & Caribbean,Upper middle income,19.0397526635648,3.55306336572285,75.2851641940228,42.822205081057,2.84504346292679,0.457071453332901,0.5553575754165649,0,1,2.9977179340030142,0,-4.4,0,111,0
CIV,Cote d'Ivoire,1990,Sub-Saharan Africa,Lower middle income,-0.80587969827806,-1.09590841238308,58.8014956103209,28.7619528454125,0.4486393140459,0.48510700464248657,1,0.1643451750278473,0,0.09531017980432492,0,NA,1,132,1
DJI,Djibouti,1990,Middle East & North Africa,Lower middle income,NA,NA,NA,73.1749187069744,0.0132647080044086,NA,1,1,0,NA,1,-3.3,1,111,1
DMA,Dominica,1990,Latin America & Caribbean,Upper middle income,3.19092323226821,5.41798351146888,NA,50.0384290074652,6.39870554922218,0.5,1,0.4168718457221985,0,1.4329210514924722,0.4712955895532587,-4.7,1,111,1
DOM,Dominican Republic,1990,Latin America & Caribbean,Upper middle income,50.4624792378524,-5.45431239511254,69.1984136752272,29.0651688753712,1.87738325230096,NA,0.08931303024291992,0,1,3.940852983653676,0,NA,0,111,0
ECU,Ecuador,1990,Latin America & Caribbean,Upper middle income,48.5191129963729,3.67991405308877,44.5949122940278,13.920982233012,0.826811116327478,0.8531238436698914,0.4269619584083557,0.17990463972091675,1,3.902358716187907,0,NA,NA,NA,NA
EGY,"Egypt, Arab Rep.",1990,Middle East & North Africa,Lower middle income,16.7563747077691,5.66702915715818,52.9227557411273,86.1250521920668,1.70781419624217,0.6802483797073364,0.05477030947804451,0,1,2.8767445899125073,0,NA,0,111,0
SLV,El Salvador,1990,Latin America & Caribbean,Upper middle income,23.9991651130861,4.83290057793786,49.6156277783176,28.7541401962657,0.0394033306877826,0.4822726249694824,0.09627556055784224,0,1,3.2188424288340034,0,-0.6,0,111,0
GNQ,Equatorial Guinea,1990,Sub-Saharan Africa,Upper middle income,0.857871551124735,-1.75856408496443,NA,12.3991980414915,9.87677202149511,0.37070274353027344,1,0.1643451750278473,0,0.61943150513035,0,-160.2,1,132,1
SWZ,Eswatini,1990,Sub-Saharan Africa,Lower middle income,13.0922899124981,21.0180005361393,NA,22.3553419085027,2.70104296721308,0.5433393716812134,1,0.4168718457221985,0,2.645627833109986,1,5.5,1,199,1
ETH,Ethiopia,1990,Sub-Saharan Africa,Low income,5.15248124174767,2.72645178272684,NA,27.7334025849098,0.0961620638798249,0.5,1,0.1643451750278473,0,1.8168554543954791,1,-6.9,1,111,1
FJI,Fiji,1990,East Asia & Pacific,Upper middle income,8.19137132040969,5.8000027238601,NA,49.460303030303,-2.27272676116573,NA,0.41376933455467224,0.1643451750278473,0,2.2182651439961596,0,NA,0,111,0
GAB,Gabon,1990,Sub-Saharan Africa,Upper middle income,7.72532188841208,5.19223727652398,76.8974453905961,16.3385165987906,1.23411082335865,0.37070274353027344,1,0.4168718457221985,0,2.166229360062653,1,-3.8,1,132,1
GMB,"Gambia, The",1990,Sub-Saharan Africa,Low income,12.1677841130696,3.55887936756983,131.485415341849,20.6576480269643,4.45308295613349,0.599281907081604,0.2856661379337311,0.4168718457221985,0,2.5777732489848253,0.4168718457221985,NA,0,111,0
GEO,Georgia,1990,Europe & Central Asia,Upper middle income,NA,-14.788785046729,85.5271949752773,NA,NA,NA,NA,NA,0,NA,NA,NA,NA,NA,NA
GHA,Ghana,1990,Sub-Saharan Africa,Lower middle income,37.2590664855671,3.32881788321653,42.7281781307805,14.1420904200405,0.251311464912112,0.6476789712905884,0.5930230617523193,0,1,3.6443805644872342,0,-1.9,0,111,0
GRD,Grenada,1990,Latin America & Caribbean,Upper middle income,2.72423736530525,4.01261191599704,NA,48.2784786316122,4.62931727452113,0.5,1,0,0,1.314862096724385,0,-7.8,1,111,1
GTM,Guatemala,1990,Latin America & Caribbean,Upper middle income,41.2218671380973,3.10256317557587,45.8694854703458,21.2460719499582,0.623513367892386,0.4614955186843872,0.11581822484731674,0.3724631071090698,1,3.7429382654616794,0.3724631071090698,NA,0,111,0
GIN,Guinea,1990,Sub-Saharan Africa,Lower middle income,NA,4.3240627548313,44.2481030022452,NA,0.459324256828018,0.7181219458580017,0.5149695873260498,0.1643451750278473,0,NA,1,-3.8,0,111,0
GNB,Guinea-Bissau,1990,Sub-Saharan Africa,Low income,33.0019778318026,6.09999998628119,46.970502719062,26.4926746884043,0.318517904409627,0.5089231729507446,0.33487704396247864,0.1643451750278473,1,3.52641869444787,0.7326588197655602,NA,0,132,0
HTI,Haiti,1990,Latin America & Caribbean,Lower middle income,21.2760320067832,1.03812280198248,46.4148543201609,30.1890346310607,0.258373747832002,NA,1,0.2525267004966736,0,3.10351130255451,0,NA,1,111,1
HND,Honduras,1990,Latin America & Caribbean,Lower middle income,23.3225664366467,21.1713674322465,94.2224913877873,27.6854149165478,1.16482700685721,0.6964724063873291,0.02128897048532962,0,0,3.191404579352941,0,-2.2,0,111,0
IND,India,1990,South Asia,Lower middle income,8.9712325027325,5.53345456125301,15.5062615101965,42.1837730850963,0.0737400205365026,0.5252432823181152,0.5180615782737732,0.1643451750278473,0,2.2997041974699437,NA,-7.6,0,111,0
IDN,Indonesia,1990,East Asia & Pacific,Upper middle income,7.81919756505635,7.24213163856464,52.8918614376893,43.637383357226,1.02976494269192,0.5040492415428162,0.8523203134536743,1,0,2.1769308868613035,1,NA,0,111,0
IRN,"Iran, Islamic Rep.",1990,Middle East & North Africa,Upper middle income,7.62767493763934,13.594926443584,37.0805676988111,53.6821692426298,-0.289993217558947,NA,0.3707306385040283,0,0,2.154975052531984,0,-1.7,0,111,0
JAM,Jamaica,1990,Latin America & Caribbean,Upper middle income,21.9601751165083,4.2005351147029,NA,61.9518486963006,3.00291270335979,0.8166829347610474,0.20496207475662231,0.1643451750278473,0,3.133761198447903,0,2.1,0,111,0
JOR,Jordan,1990,Middle East & North Africa,Lower middle income,16.1921375615233,-0.275903907591925,149.4476838941,126.955995798776,0.904951524213929,0.6581563949584961,0.5274657607078552,0.1643451750278473,0,2.844452160792801,0,-6.8,1,111,1
KAZ,Kazakhstan,1990,Europe & Central Asia,Upper middle income,NA,NA,NA,NA,NA,NA,NA,NA,0,NA,NA,NA,NA,NA,NA
KEN,Kenya,1990,Sub-Saharan Africa,Lower middle income,17.78181442992,4.19205097155167,57.0209136817269,29.5770158681093,0.665873838508099,0.6618534922599792,0.43548446893692017,0.1643451750278473,1,2.932889084124902,0.23472552077950623,-3.3,0,111,0
KGZ,Kyrgyz Republic,1990,Europe & Central Asia,Lower middle income,NA,5.70279663301396,78.7383177570093,NA,NA,NA,NA,NA,0,NA,NA,NA,NA,NA,NA
LAO,Lao PDR,1990,East Asia & Pacific,Lower middle income,35.642982971227,6.70457869081514,35.8472084769786,7.23783885962536,0.693192942833295,0.36800146102905273,0.6678752303123474,0,0,3.601221949462243,0,NA,1,111,1
LSO,Lesotho,1990,Sub-Saharan Africa,Lower middle income,11.6347569955818,6.04547332978933,NA,40.640726410805,2.76298171211478,0.30593597888946533,1,0.2525267004966736,1,2.5364515080142738,1,8.8,1,199,1
LBR,Liberia,1990,Sub-Saharan Africa,Low income,NA,-51.0308649467486,NA,NA,58.5952133194589,NA,1,0.4168718457221985,0,NA,0.15181988104041455,NA,1,111,1
LBY,Libya,1990,Middle East & North Africa,Upper middle income,8.45146240803882,3.7201316340412802,70.797800855223,68.1369456322541,0.549785825956794,0.5,0.4364391565322876,0.1643451750278473,0,2.2461694817061892,1,3.4,0,111,0
MDG,Madagascar,1990,Sub-Saharan Africa,Low income,11.7844838321357,3.12890505042525,32.3809923743425,12.6646093535801,0.569459513554867,NA,0.5632108449935913,0.1643451750278473,0,2.54823223500172,0,-0.5,0,132,0
MWI,Malawi,1990,Sub-Saharan Africa,Low income,11.8235380454151,5.69229463403222,NA,12.8142131326785,0.851269713577574,0.4324473738670349,0.2298030257225037,0.1643451750278473,1,2.5512823919989613,0.3942342873818497,NA,0,111,0
MYS,Malaysia,1990,East Asia & Pacific,Upper middle income,2.61780104712051,9.00852713774628,146.888252533989,64.3771046598534,5.29807441993264,0.6180843710899353,0.6967368721961975,1,0,1.2858663957210652,1,0.1,1,111,1
MDV,Maldives,1990,South Asia,Upper middle income,3.64991197717477,16.9522974545621,NA,26.087873034419,2.60411859208412,0.4962157309055328,0.4090380370616913,0.7167128920555115,0,1.5368482897802629,0.32044557373809845,-12.8,0,111,0
MLI,Mali,1990,Sub-Saharan Africa,Low income,0.606339703737523,-5.28752137337739,38.4598084868366,15.2686739965555,0.176384833895385,0.48510700464248657,1,0.4168718457221985,0,0.4739581147868641,1,NA,1,132,1
MRT,Mauritania,1990,Sub-Saharan Africa,Lower middle income,6.60022564874018,-1.77130453327383,78.1245487729656,19.116189126292,0.44702077877301,0.5,0.4377838969230652,0.1643451750278473,0,2.0281779374752356,0.3942342873818497,NA,0,111,0
MUS,Mauritius,1990,Sub-Saharan Africa,Upper middle income,13.4880887926371,7.18673677096029,135.290500660691,62.2033083395338,1.52610550240963,0.3169369697570801,0.3078666031360626,0.1643451750278473,0,2.673326849264506,0,NA,0,112,0
MEX,Mexico,1990,Latin America & Caribbean,Upper middle income,26.6516725646771,5.25004329944582,38.5196964133297,22.5134170767379,1.00821547984529,0.15413159132003784,0.78094083070755,0.2525267004966736,1,3.319686216723929,0.36067052941936634,-3.1,0,111,0
FSM,"Micronesia, Fed. Sts.",1990,East Asia & Pacific,Lower middle income,NA,3.74092685650469,NA,NA,NA,NA,1,NA,0,NA,NA,NA,1,111,1
MDA,Moldova,1990,Europe & Central Asia,Upper middle income,NA,NA,NA,NA,NA,NA,NA,NA,0,NA,NA,NA,NA,NA,NA
MNG,Mongolia,1990,East Asia & Pacific,Upper middle income,NA,-3.18446017825207,58.6218949695306,NA,NA,NA,0.2146623581647873,NA,0,NA,NA,-9.4,0,111,0
MAR,Morocco,1990,Middle East & North Africa,Lower middle income,6.78259401511006,3.41181222630115,54.6266874206198,46.1509067967768,0.547127982880131,0.5,0.298883318901062,0.1643451750278473,0,2.051889703583186,0.3942342873818497,-1.3,0,132,0
MOZ,Mozambique,1990,Sub-Saharan Africa,Low income,NA,0.999992834277037,NA,NA,NA,NA,0.2781517505645752,0,0,NA,0,-4.4,0,111,0
MMR,Myanmar,1990,East Asia & Pacific,Lower middle income,17.6267750314504,2.81693327328911,NA,27.8896995815492,7.61843109398624,0.5731055736541748,0.4364423155784607,0.1643451750278473,1,2.9246000634265488,1,NA,0,111,0
NAM,Namibia,1990,Sub-Saharan Africa,Upper middle income,NA,2.04745993989432,93.7592455854003,20.4673363992475,1.0597882763136,NA,1,NA,0,NA,NA,1.1,1,199,1
NPL,Nepal,1990,South Asia,Lower middle income,8.23970037453206,4.63503634698831,32.1887541579639,32.0144851860447,0.163746419296821,0.3399338722229004,0.6091187596321106,0.1643451750278473,0,2.2235094581291315,0,NA,1,534,1
NIC,Nicaragua,1990,Latin America & Caribbean,Lower middle income,NA,-0.0524997212688305,71.2908140830956,57.2097253325971,0.066372416684562,0.8735028505325317,0.03736892342567444,0.1643451750278473,0,NA,0.1643451750278473,NA,0,111,0
NER,Niger,1990,Sub-Saharan Africa,Low income,-0.775653010977504,-1.30847828481959,35.6167735553299,13.9926235842437,1.16188482395643,0.4310276508331299,1,0.4168718457221985,0,0.09531017980432492,0.8080986016234855,NA,1,132,1
NGA,Nigeria,1990,Sub-Saharan Africa,Lower middle income,7.36440030557696,11.7768859342067,NA,11.6353717588205,1.08795098954185,0.7217952609062195,0.31065118312835693,0,0,2.1239846409635472,0,-0.5,0,111,0
PAK,Pakistan,1990,South Asia,Lower middle income,9.05213155279776,4.45858681510218,35.034575900498,39.137103755740704,0.612997661913938,0.6843956112861633,0.6580268144607544,0.1643451750278473,0,2.3077847068219084,1,NA,0,111,1
PNG,Papua New Guinea,1990,East Asia & Pacific,Lower middle income,6.9533615990307,-3.01216922181256,89.5715493140888,35.1604577075613,4.8269122747966,0.5482187867164612,0.22418580949306488,0.4168718457221985,0,2.073594681938853,0.43305520707219824,-2,0,111,0
PRY,Paraguay,1990,Latin America & Caribbean,Upper middle income,37.2599561799201,4.12328287941739,91.3083408020561,20.4062027753547,1.32309849875687,0.3537426292896271,0.26497402787208557,0.1643451750278473,1,3.644403818687878,0.21986761953510545,7.6,0,111,0
PER,Peru,1990,Latin America & Caribbean,Upper middle income,7481.66361124526,-4.98256353646605,29.469676899683,24.0629011720298,0.15524195104656,0.2736561894416809,0.01876183785498142,0,1,8.920344105340824,0,NA,0,111,0
PHL,Philippines,1990,East Asia & Pacific,Lower middle income,12.1773522064946,3.08267252855887,42.922356288058,30.044962741844,1.04933276347518,0.69157874584198,0.28461289405822754,0.1643451750278473,1,2.578499614089156,0,-1.5,0,111,0
RWA,Rwanda,1990,Sub-Saharan Africa,Low income,4.18576372649948,-2.39929109760386,19.6841588743296,14.8709605921816,0.300370285302525,0.6502307057380676,0.06213180348277092,0.1643451750278473,0,1.6459171262057557,0,NA,0,111,0
WSM,Samoa,1990,East Asia & Pacific,Lower middle income,15.2384632724695,-4.42145088411849,NA,41.6515755161173,5.24782997288413,0.32559168338775635,0.31347203254699707,0,0,2.787382704176738,0,NA,1,196,1
STP,Sao Tome and Principe,1990,Sub-Saharan Africa,Lower middle income,NA,-2.1526457716534,NA,NA,NA,0.5,0.2675515413284302,0.1643451750278473,0,NA,0.1643451750278473,NA,0,111,0
SEN,Senegal,1990,Sub-Saharan Africa,Lower middle income,0.325098630183258,-0.746282224252312,44.7892639604104,17.4516459680759,0.769765877822533,0.48462337255477905,1,0.4168718457221985,0,0.28148689454198156,1,NA,1,132,1
SLB,Solomon Islands,1990,East Asia & Pacific,Lower middle income,8.73759261848181,2.19999999881691,142.442017969002,25.7847657566135,4.85848679417669,0.5392705202102661,0.6133489012718201,0.4168718457221985,0,2.2759939226773636,1,0.5,0,111,0
ZAF,South Africa,1990,Sub-Saharan Africa,Upper middle income,14.3209918914915,-0.317760426540374,38.2118009241798,47.8135664940345,-0.0600742002495873,0.3887750804424286,0.39086198806762695,0,1,2.7292239070920106,0,NA,0,111,0
LKA,Sri Lanka,1990,South Asia,Lower middle income,21.495252052759,6.39999531084838,68.243915172911,28.2587504686622,0.539742838707762,0.5615052580833435,0.7539772391319275,0.1643451750278473,1,3.11330426706517,0,-6.4,0,111,1
LCA,St. Lucia,1990,Latin America & Caribbean,Upper middle income,4.26755662855972,9.89070151995526,NA,48.9109265175719,7.72651757188497,0.5,1,0.4168718457221985,0,1.6615666171955574,0.8914160355784175,0.3,1,111,1
VCT,St. Vincent and the Grenadines,1990,Latin America & Caribbean,Upper middle income,7.60609957743892,4.14918678513905,NA,60.4491594631658,3.18957148800444,0.5,1,0.4168718457221985,0,2.1524712050488546,1,1.7,1,111,1
SUR,Suriname,1990,Latin America & Caribbean,Upper middle income,21.7399443397526,-4.49999999759301,NA,96.4194129763131,-19.773429454171,NA,1,0.1643451750278473,0,3.1241230406392098,1,-3,1,111,1
TJK,Tajikistan,1990,Europe & Central Asia,Lower middle income,NA,-0.59999963133663,NA,NA,NA,NA,NA,NA,0,NA,NA,NA,NA,NA,NA
TZA,Tanzania,1990,Sub-Saharan Africa,Lower middle income,35.8267716535433,7.04507164205259,34.4836065795064,13.7059097332138,1.6169758598652e-4,NA,0.7055020332336426,0.1643451750278473,1,3.6062250712672945,0.5801363815350187,NA,0,111,1
THA,Thailand,1990,East Asia & Pacific,Upper middle income,5.86399474375828,11.1671634446293,75.7823643645399,76.1646823905515,2.86320410852027,0.5428898930549622,0.6485715508460999,0.4168718457221985,0,1.9262895964158864,1,NA,1,111,1
TGO,Togo,1990,Sub-Saharan Africa,Low income,1.01534150530809,-0.243656134474705,59.7664883098492,25.5275706767947,0.793141303389092,0.4310276508331299,1,0.1643451750278473,0,0.7007886625807486,NA,-1.6,1,132,1
TON,Tonga,1990,East Asia & Pacific,Upper middle income,9.70986384562655,-2.0440915137989,98.9657234499443,33.4597298105412,0.0876347967566223,0.407839298248291,0.68280029296875,0.4168718457221985,0,2.371165171552196,0.4712955895532587,NA,1,193,1
TUN,Tunisia,1990,Middle East & North Africa,Lower middle income,6.54529307282414,7.94981943665461,94.161265567647,51.4961398707434,0.629908672190098,0.46749892830848694,0.547336757183075,0.1643451750278473,0,2.020923934782082,0,NA,0,132,0
TUR,Turkiye,1990,Europe & Central Asia,Upper middle income,60.3038691346447,9.26614667149315,30.9429955004348,23.7402311401663,0.474592695978886,0.7307248711585999,0.4938809275627136,0.4168718457221985,1,4.115842958970612,0.8914160355784175,NA,0,111,0
UGA,Uganda,1990,Sub-Saharan Africa,Low income,NA,6.47414015255596,26.6095437605897,7.59657117187971,-0.137301388043732,0.46332812309265137,0.19520245492458344,0.1643451750278473,0,NA,0.1643451750278473,NA,0,111,0
UKR,Ukraine,1990,Europe & Central Asia,Upper middle income,NA,-6.34523512831163,56.4071856287425,NA,NA,NA,NA,NA,0,NA,NA,NA,NA,NA,NA
VUT,Vanuatu,1990,East Asia & Pacific,Lower middle income,4.7594412829797,11.6956997985937,112.575244068997,123.618594769589,7.76365372915173,0.5463438034057617,0.30485495924949646,1,0,1.7508404705203549,1,NA,0,111,0
VNM,Viet Nam,1990,East Asia & Pacific,Lower middle income,NA,5.10091813908369,81.315697940889,NA,2.78132276010011,NA,0.13214261829853058,0,0,NA,0,NA,0,111,0
YEM,"Yemen, Rep.",1990,Middle East & North Africa,Low income,NA,NA,27.6276662296057,47.1099906730288,-1.03528825747847,NA,1,NA,0,NA,NA,NA,1,111,1
ZMB,Zambia,1990,Sub-Saharan Africa,Lower middle income,107.023809523808,-0.481072027781664,NA,21.8249514734427,6.16412608064376,0.6502307057380676,0.3455764651298523,0.1643451750278473,1,4.682351661380581,0.1643451750278473,NA,0,111,0
ALB,Albania,1991,Europe & Central Asia,Upper middle income,NA,-28.0021416538074,36.0705200632829,NA,NA,NA,NA,NA,0,NA,NA,NA,NA,NA,NA
DZA,Algeria,1991,Middle East & North Africa,Upper middle income,25.8863869348513,-1.2000005864423,52.7175867077307,49.1113098506207,0.0254588521088462,0.5014774799346924,0.08396117389202118,0.1643451750278473,0,3.291620096613814,1,1.5,0,132,0
AGO,Angola,1991,Sub-Saharan Africa,Lower middle income,83.7837837837837,0.991359302044742,NA,NA,6.26663053571429,NA,0.03459161147475242,NA,0,4.440104295546453,NA,NA,0,111,0
ARM,Armenia,1991,Europe & Central Asia,Upper middle income,NA,-11.699998482027,100.865855188857,NA,NA,NA,NA,NA,0,NA,NA,NA,NA,NA,NA
AZE,Azerbaijan,1991,Europe & Central Asia,Upper middle income,NA,-0.700000175699572,86.8637724550898,NA,NA,NA,NA,NA,0,NA,NA,NA,NA,NA,NA
BGD,Bangladesh,1991,South Asia,Lower middle income,6.35736412278234,3.48522781598027,18.8898268850747,24.0087114615132,0.00449146424413688,0.2529780864715576,0.546152651309967,0,0,1.995701733103424,0,0.4,0,111,0
BLR,Belarus,1991,Europe & Central Asia,Upper middle income,NA,-1.1999957451749,66.6666666666667,NA,NA,NA,NA,NA,0,NA,NA,NA,NA,NA,NA
BLZ,Belize,1991,Latin America & Caribbean,Upper middle income,0.761951500806879,11.7787032699319,79.1779659554057,30.5184284898106,2.27927065350209,0.14004644751548767,1,0.4168718457221985,0,0.5664220020539392,0.5816441288318706,NA,1,111,1
BEN,Benin,1991,Sub-Saharan Africa,Lower middle income,NA,4.22579942071668,51.3447168355486,26.4678661692991,0.0198255555852336,0.4824589192867279,1,0.4168718457221985,0,NA,1,-3.1,1,132,1
BTN,Bhutan,1991,South Asia,Lower middle income,12.2751729438892,-0.407875722553669,75.9729858132023,25.5797171050538,0.249693827492942,0.5,1,0.1643451750278473,0,2.5858955948314053,NA,-0.5,1,534,1
BOL,Bolivia,1991,Latin America & Caribbean,Lower middle income,21.447069817114,5.26652666784713,48.444968874686,29.7776593940152,0.973188205098959,0.4145868718624115,0.7454838156700134,0.5523677468299866,1,3.111160085273922,0.7389799036260136,-3.8,0,111,0
BWA,Botswana,1991,Sub-Saharan Africa,Upper middle income,11.7650160839534,7.45870921940397,99.5583853464229,27.4563874164915,-0.208261490288424,0.7496711611747742,0.3573002815246582,0.4476322829723358,1,2.5467083106968365,0.4476322829723358,NA,0,199,0
BRA,Brazil,1991,Latin America & Caribbean,Upper middle income,432.786661926461,1.0321895854696,16.5920777626646,35.0296013245953,0.321941120989948,0.5800374746322632,0.09635642915964128,0,1,6.072552850862584,0,NA,0,111,0
BFA,Burkina Faso,1991,Sub-Saharan Africa,Low income,2.16260052713423,9.06998445877436,33.7962364263647,18.1305668248272,0.0181815538151598,0.5522758364677429,1,0.4168718457221985,0,1.1513946407845552,1,-2.8,1,132,1
BDI,Burundi,1991,Sub-Saharan Africa,Low income,8.9969387349433,4.99683644792125,NA,17.0356020349413,0.0764520532874518,0.6927538514137268,0.16060158610343933,0.1643451750278473,0,2.302278919622092,1,4.1,0,111,0
CPV,Cabo Verde,1991,Sub-Saharan Africa,Lower middle income,9.5509074131036,1.40414698106899,80.9539693096621,34.9142940296732,0.545399202839722,0.5,0.40132492780685425,0.1643451750278473,0,2.356211866944086,0,NA,0,182,0
KHM,Cambodia,1991,East Asia & Pacific,Lower middle income,NA,7.59129793854025,NA,NA,NA,NA,0.05324797332286835,NA,0,NA,NA,NA,NA,NA,NA
CMR,Cameroon,1991,Sub-Saharan Africa,Lower middle income,0.0600513305003454,-3.80859937279318,34.6387793556715,21.6289440462884,-0.122447755843683,0.4246302545070648,1,0.1643451750278473,0,0.09531017980432492,0,NA,1,132,1
CAF,Central African Republic,1991,Sub-Saharan Africa,Low income,-2.76236280675762,-0.552543005101867,43.7093216871222,15.2411295864034,-0.353864327370008,0.4246302545070648,1,0.4168718457221985,0,0.09531017980432492,1,-8,1,132,1
TCD,Chad,1991,Sub-Saharan Africa,Low income,3.19387473029496,8.53513716408554,36.3495413219118,13.6771803360387,0.225850606022365,0.4246302545070648,1,0.1643451750278473,0,1.433625063243699,0,NA,1,132,1
CHN,China,1991,East Asia & Pacific,Upper middle income,3.55668565220452,9.36170212784847,25.8729814947102,84.2688789310812,1.13546978147697,0.29356518387794495,0.6918668150901794,0,0,1.5165955285999286,0,-1,1,111,1
COL,Colombia,1991,Latin America & Caribbean,Upper middle income,30.3878204854435,2.00160759559029,33.5299180947153,24.7296935438941,0.929119963410911,0.621279776096344,0.8118579387664795,0.1643451750278473,1,3.4464199350390943,0.23472552077950623,0.3,0,111,0
COM,Comoros,1991,Sub-Saharan Africa,Lower middle income,NA,-6.16697445150861,35.75721110708,14.1148050155297,0.625613888602015,NA,1,0.1643451750278473,0,NA,NA,-2.3,1,132,1
COD,"Congo, Dem. Rep.",1991,Sub-Saharan Africa,Low income,2154.4368271134,-8.42105149913377,NA,14.3642253333333,0.128721430145,0.5,0.03405699878931045,0.1643451750278473,1,7.675748685993106,0,NA,0,111,0
COG,"Congo, Rep.",1991,Sub-Saharan Africa,Lower middle income,-1.67834968956536,2.39536745255616,69.6845429946663,20.2250552881488,1.20202902395457,0.4246302545070648,1,0.1643451750278473,0,0.09531017980432492,0,-11.2,1,132,1
CRI,Costa Rica,1991,Latin America & Caribbean,Upper middle income,28.7092913706617,2.26565496296193,71.4396757036532,33.9697371452846,2.47237786850201,0.4475390315055847,0.5088928937911987,0.1643451750278473,1,3.391459837647206,0.1643451750278473,-2.4,0,111,0
CIV,Cote d'Ivoire,1991,Sub-Saharan Africa,Lower middle income,1.68334849863479,0.0409251717252914,56.9978213142969,28.593682435283,0.176551469990932,0.5367068648338318,1,0.1643451750278473,0,0.9870654544115308,0,NA,1,132,1
DJI,Djibouti,1991,Middle East & North Africa,Lower middle income,NA,NA,NA,74.4724216100586,0.495241664547389,NA,1,1,0,NA,1,-0.9,1,111,1
DMA,Dominica,1991,Latin America & Caribbean,Upper middle income,5.55706153429132,1.3477691598669,NA,52.4485978158285,6.92665498179856,0.5,1,0.4168718457221985,0,1.880542565756484,0.4712955895532587,-3,1,111,1
DOM,Dominican Republic,1991,Latin America & Caribbean,Upper middle income,47.0791574105359,0.944138889056532,83.09106896203,19.2201890155047,1.47590458431994,NA,0.2778714597225189,0.1643451750278473,1,3.872848765334122,0.17482937321433858,NA,0,111,0
ECU,Ecuador,1991,Latin America & Caribbean,Upper middle income,48.718080675219,4.29134246404705,45.196639984556,13.2360120208729,0.941811624600907,0.7195451855659485,0.2417941689491272,0.23987284302711487,1,3.906368663226833,0.0731234515042136,NA,NA,NA,NA
EGY,"Egypt, Arab Rep.",1991,Middle East & North Africa,Lower middle income,19.7485448195578,1.12540459520747,62.8444444444444,87.5234666666667,0.676690666666667,0.6780046224594116,0.07678692042827606,0,1,3.032476115039604,0,NA,0,111,0
SLV,El Salvador,1991,Latin America & Caribbean,Upper middle income,14.4026748806266,1.49408756791307,47.7534309263615,31.3481067226329,0.479414650509057,0.4560095965862274,0.7079747319221497,0,1,2.7345411878837877,0,-2.3,0,111,1
GNQ,Equatorial Guinea,1991,Sub-Saharan Africa,Upper middle income,-3.42528735632201,-1.02223887710288,NA,10.6656500600727,37.2610573822568,0.4246302545070648,1,0.1643451750278473,0,0.09531017980432492,0,-236,1,132,1
SWZ,Eswatini,1991,Sub-Saharan Africa,Lower middle income,8.93430656934288,1.76037668689723,NA,24.2537803744698,7.10425071314241,0.4424486756324768,1,0.4168718457221985,0,2.2959940768233222,1,3.3,1,199,1
ETH,Ethiopia,1991,Sub-Saharan Africa,Low income,35.7225982298715,-7.13747971659305,NA,29.0730965821018,0.0434789655941437,0.6176709532737732,1,0.1643451750278473,0,3.603392321143172,1,-6,1,111,1
FJI,Fiji,1991,East Asia & Pacific,Upper middle income,6.49734555984547,-2.7000037309646,NA,54.9344760039177,-2.90401665495103,0.35435187816619873,0.4716911911964417,0.1643451750278473,0,2.0145490325419675,0,NA,0,111,0
GAB,Gabon,1991,Sub-Saharan Africa,Upper middle income,-11.6861126920888,6.11250348301178,80.5349385481311,18.8122826320151,-1.01036543149075,0.4246302545070648,1,0.4168718457221985,0,0.09531017980432492,1,-2,1,132,1
GMB,"Gambia, The",1991,Sub-Saharan Africa,Low income,8.64234325973438,3.10703922385581,64.1029468943288,10.7610676072524,1.34293561281427,0.5944552421569824,0.30045977234840393,0.4768400490283966,0,2.2661641558200225,0.4768400490283966,NA,0,111,0
GEO,Georgia,1991,Europe & Central Asia,Upper middle income,NA,-21.0998508379398,59.1623036649215,NA,NA,NA,NA,NA,0,NA,NA,NA,NA,NA,NA
GHA,Ghana,1991,Sub-Saharan Africa,Lower middle income,18.0314390089849,5.28182639834429,42.4883492637987,15.5627800944911,0.302884126204054,0.6501162052154541,0.5942181944847107,0,1,2.946092296367449,0,-1.5,0,111,0
GRD,Grenada,1991,Latin America & Caribbean,Upper middle income,2.64460367880678,1.38554578702994,NA,47.0418989656132,5.07852815781561,0.5,1,0,0,1.2932476294549144,0,-4.3,1,111,1
GTM,Guatemala,1991,Latin America & Caribbean,Upper middle income,33.1664219167535,3.65824875006811,39.5202562231777,22.8942235353003,0.964264266004397,0.4669898450374603,0.5000536441802979,0.43243134021759033,1,3.531243346472603,0.43243134021759033,NA,0,111,0
GIN,Guinea,1991,Sub-Saharan Africa,Lower middle income,NA,2.61342300409642,41.7787115678445,6.2921554718551,0.881902276892439,0.6211281418800354,0.3192712068557739,0.1643451750278473,0,NA,1,-3.2,0,111,0
GNB,Guinea-Bissau,1991,Sub-Saharan Africa,Low income,57.5952847505664,5.10000003451967,47.7736098789209,4.90376077835083,0.312653853564993,0.5005607008934021,0.145637184381485,0.1643451750278473,1,4.0706542283380855,0.7326588197655602,1.6,0,132,0
HTI,Haiti,1991,Latin America & Caribbean,Lower middle income,15.4199073669492,1.88054472396281,39.8074901808928,28.9257066991204,-0.0518199955744869,NA,0.07975952327251434,0.4168718457221985,0,2.7984944625314627,0.2198675796643537,NA,0,111,0
HND,Honduras,1991,Latin America & Caribbean,Lower middle income,33.9722602535864,26.0469004465336,89.5935124691766,25.630322597046,1.40834364593131,0.5808539986610413,0.6076757907867432,0,0,3.554555183061125,0,-2.2,0,111,1
IND,India,1991,South Asia,Lower middle income,13.8702461773683,1.05683143496063,16.9877265511351,43.4178555336728,0.0272255401825464,0.4439675211906433,0.15584927797317505,0.1643451750278473,0,2.6993623156388797,NA,-7.4,0,111,0
IDN,Indonesia,1991,East Asia & Pacific,Upper middle income,9.41906784347004,6.91198283591309,54.8395648805761,44.103060801881,1.2707722797342,0.4040292799472809,0.886631190776825,1,0,2.3436375739233917,1,NA,0,111,0
IRN,"Iran, Islamic Rep.",1991,Middle East & North Africa,Upper middle income,17.1285679434012,12.7161484424098,44.1941716478042,47.6100979386483,0.0171607419557352,NA,0.28997838497161865,0,0,2.8974890334176373,0,-1.6,0,111,0
JAM,Jamaica,1991,Latin America & Caribbean,Upper middle income,51.0710977304313,4.83823875455573,NA,60.5216005678406,3.24386907297879,0.5263978242874146,0.090779148042202,0.1643451750278473,1,3.952610048773817,0,3.1,0,111,0
JOR,Jordan,1991,Middle East & North Africa,Lower middle income,8.15549597855212,1.60853107260243,137.261663286004,137.233333333333,-0.273621540083886,0.5245777368545532,0.54775470495224,0.1643451750278473,0,2.214354352361058,0,-8.1,1,111,1
KAZ,Kazakhstan,1991,Europe & Central Asia,Upper middle income,NA,-11.0000000016926,NA,NA,NA,NA,NA,NA,0,NA,NA,NA,NA,NA,NA
KEN,Kenya,1991,Sub-Saharan Africa,Lower middle income,20.0844955754632,1.43834679171559,55.5976992243654,30.9819286132647,0.231012730760901,0.6731268763542175,0.30644041299819946,0.1643451750278473,1,3.0485379635290584,0.23472552077950623,-6.6,0,111,0
KGZ,Kyrgyz Republic,1991,Europe & Central Asia,Lower middle income,NA,-7.94392523772915,72,NA,NA,NA,NA,NA,0,NA,NA,NA,NA,NA,NA
LAO,Lao PDR,1991,East Asia & Pacific,Lower middle income,13.4415584415586,4.29656364110154,38.1823216438676,7.10931002272996,0.671148791332591,0.2917676270008087,1,0,1,2.6701100529568547,0,NA,1,111,1
LSO,Lesotho,1991,Sub-Saharan Africa,Lower middle income,17.6781002638523,6.96660729603671,NA,35.5465435581569,1.13441336327666,0.30229875445365906,1,0.2525267004966736,1,2.927351728691766,1,9.7,1,199,1
LBR,Liberia,1991,Sub-Saharan Africa,Low income,NA,-14.2252140499536,NA,2.1938560603028,2.41666666666667,0.7281689643859863,1,0.4168718457221985,0,NA,0.15181988104041455,NA,1,111,1
LBY,Libya,1991,Middle East & North Africa,Upper middle income,11.8960953011251,15.6551316776498,64.5963701146866,61.4223917158446,0.287272807470474,0.5,0.3077600598335266,0.1643451750278473,0,2.5569245757125483,1,8.4,0,111,0
MDG,Madagascar,1991,Sub-Saharan Africa,Low income,8.59264760490192,-6.30635159237733,35.7567980580415,16.3274218729191,0.42035163814196,0.5394085049629211,0.19836404919624329,0.1643451750278473,0,2.2609969305527096,0,-4.4,0,132,0
MWI,Malawi,1991,Sub-Saharan Africa,Low income,12.6153153828849,8.73023176233838,NA,13.3553271469086,-0.894977694716043,0.5870206952095032,0.24440069496631625,0.1643451750278473,1,2.611195290226504,0.3942342873818497,NA,0,111,0
MYS,Malaysia,1991,East Asia & Pacific,Upper middle income,4.358333333333,9.54546741443052,159.311447263255,66.3087978449424,8.13632963600556,0.6901125311851501,0.5246350765228271,1,0,1.6786529814555111,1,1.6,1,111,1
MDV,Maldives,1991,South Asia,Upper middle income,14.7136770282735,1.44269605394094,NA,26.6796631814191,2.65960970548328,0.5,0.2745548486709595,0.7167128920555115,0,2.754531481422487,0.32044557373809845,-10.2,0,111,0
MLI,Mali,1991,Sub-Saharan Africa,Low income,1.80042722001858,12.6572078867442,36.1545833680932,15.1360832736419,0.0336976297417202,0.5367068648338318,1,0.4168718457221985,0,1.0297719841202952,1,NA,1,132,1
MRT,Mauritania,1991,Sub-Saharan Africa,Lower middle income,5.62866666666699,1.78808726312198,55.8168511676471,14.3487555269609,0.10637858211175,0.6176709532737732,0.23040665686130524,0.1643451750278473,0,1.8914036778898209,0.3942342873818497,NA,0,111,0
MUS,Mauritius,1991,Sub-Saharan Africa,Upper middle income,7.00101377541879,4.43544626177179,126.648911355451,66.7850363397709,0.600189963674533,0.31838423013687134,0.5062869191169739,0.1643451750278473,0,2.0795682555786397,0,NA,0,112,1
MEX,Mexico,1991,Latin America & Caribbean,Upper middle income,22.662359455061,3.97590497138043,35.7865351574196,26.114745760132,1.52072722395263,0.41347476840019226,0.867841899394989,0.4168718457221985,1,3.1638855769535548,0.5953960076337919,1.5,0,111,0
FSM,"Micronesia, Fed. Sts.",1991,East Asia & Pacific,Lower middle income,NA,7.42734122712645,NA,NA,NA,NA,1,NA,0,NA,NA,NA,1,111,1
MDA,Moldova,1991,Europe & Central Asia,Upper middle income,NA,-16.0000002715149,NA,70.3090617760618,NA,NA,NA,NA,0,NA,NA,NA,1,111,1
MNG,Mongolia,1991,East Asia & Pacific,Upper middle income,NA,-8.69354473126558,136.6037874065,43.869549890992,0.467419686388912,NA,0.04325864836573601,NA,0,NA,NA,-6.4,0,111,0
MAR,Morocco,1991,Middle East & North Africa,Lower middle income,7.98616600790512,7.21608815359085,49.7792954766494,47.7032824355712,0.983294101452127,0.5,0.49592575430870056,0.1643451750278473,0,2.1956862845375427,0.3942342873818497,-0.9,0,132,1
MOZ,Mozambique,1991,Sub-Saharan Africa,Low income,NA,4.92545125368862,49.4808133334293,16.122124651168,0.583679324556942,NA,0.12636475265026093,0,0,NA,0,-2,0,111,0
MMR,Myanmar,1991,East Asia & Pacific,Lower middle income,32.2720382866416,-0.650616908622624,NA,31.0536695460016,11.5012577282816,0.5731055736541748,0.3077602684497833,0.1643451750278473,1,3.504717353156515,1,NA,0,111,0
NAM,Namibia,1991,Sub-Saharan Africa,Upper middle income,NA,8.16561250262779,93.8647252200558,23.2623346191397,4.01918958806097,0.02783539891242981,1,NA,0,NA,NA,-1.6,1,199,1
NPL,Nepal,1991,South Asia,Lower middle income,15.5574529276949,6.3681503973968,34.6750551287954,32.8200095314254,0.0566113359342816,0.34056293964385986,0.541466236114502,0.1643451750278473,0,2.806836328413264,0,NA,1,534,1
NIC,Nicaragua,1991,Latin America & Caribbean,Lower middle income,NA,-0.189281493926757,74.327973742158,20.0783857520739,2.82105613029208,0.7490018606185913,0.02165597304701805,0.1643451750278473,0,NA,0.1643451750278473,NA,0,111,0
NER,Niger,1991,Sub-Saharan Africa,Low income,-7.79664179104467,-0.43948910045782,30.336179238057,13.1565269174256,0.342091125281186,0.4826274812221527,1,0.4168718457221985,0,0.09531017980432492,0.8080986016234855,NA,1,132,1
NGA,Nigeria,1991,Sub-Saharan Africa,Lower middle income,13.0069731037428,0.358352601660286,NA,13.3998805797521,1.19672645365892,0.7321445345878601,0.130053773522377,0,0,2.639555284453938,0,-1.2,0,111,0
PAK,Pakistan,1991,South Asia,Lower middle income,11.7912703351416,5.06156775897861,35.4196551048403,39.041064079953,0.566383737278731,0.6734393835067749,0.4566502273082733,0.1643451750278473,0,2.5487629331872586,1,NA,0,111,0
PNG,Papua New Guinea,1991,East Asia & Pacific,Lower middle income,6.96568127760753,9.54689771039914,94.4197914355447,35.2912136676281,3.18418311784417,0.35372743010520935,0.6025291681289673,0.4168718457221985,0,2.0751424736160007,0.43305520707219824,-0.6,1,111,1
PRY,Paraguay,1991,Latin America & Caribbean,Upper middle income,24.2253521126763,3.49365015491472,89.1393192206208,23.5995304332165,1.232752955211,0.555498480796814,0.3463080823421478,0.1643451750278473,1,3.227849525019406,0.21986761953510545,3.4,0,111,0
PER,Peru,1991,Latin America & Caribbean,Upper middle income,409.530166622023,2.2192591027909,26.659254111884,16.2797152905764,-0.0203835211937861,0.38149982690811157,0.10552478581666946,0.1643451750278473,1,6.0174494137003816,0.1643451750278473,NA,0,111,0
PHL,Philippines,1991,East Asia & Pacific,Lower middle income,19.2614585266282,-0.436390080533428,44.2199237760081,30.5192316493492,1.05051459399718,0.7962716817855835,0.5539295077323914,0.1643451750278473,1,3.0087204866848376,0,-0.3,0,111,0
RWA,Rwanda,1991,Sub-Saharan Africa,Low income,19.6371658148373,-2.5143796537652,25.3719737830637,14.00244046152,0.239589842694689,0.5073379874229431,0.30777159333229065,0.1643451750278473,0,3.027093616012159,0,NA,0,111,0
WSM,Samoa,1991,East Asia & Pacific,Lower middle income,-1.81919798798399,-2.30001238645001,NA,39.4229131111822,2.53986542875199,0.1889841705560684,0.411779522895813,0,0,0.09531017980432492,0,NA,0,196,0
STP,Sao Tome and Principe,1991,Sub-Saharan Africa,Lower middle income,NA,1.2010046399312,NA,NA,NA,0.5,0.07606737315654755,0.1643451750278473,0,NA,0.1643451750278473,NA,0,111,0
SEN,Senegal,1991,Sub-Saharan Africa,Lower middle income,-1.75355690199309,2.65996265739379,42.1828996492748,18.1560966341419,-0.104067678277249,0.5362232327461243,1,0.4168718457221985,0,0.09531017980432492,1,NA,1,132,1
SLB,Solomon Islands,1991,East Asia & Pacific,Lower middle income,15.050130775937,6.00000155634048,168.200409411776,28.0970770524619,6.37834083813662,0.5392705202102661,0.5391249060630798,0.4168718457221985,0,2.775716997576288,1,0.1,0,111,0
ZAF,South Africa,1991,Sub-Saharan Africa,Upper middle income,15.3347785733672,-1.0182449675445,34.8816092569776,48.913858681095,0.187963513611018,0.14505237340927124,0.29401490092277527,0,1,2.7932964896117376,0,NA,0,111,0
LKA,Sri Lanka,1991,South Asia,Lower middle income,12.1856307214389,4.59998724404535,67.5959123930763,29.7628690097974,0.537191399720341,0.631320059299469,0.7967491149902344,0.1643451750278473,1,2.579127654947737,0,-8,0,111,0
LCA,St. Lucia,1991,Latin America & Caribbean,Upper middle income,6.14955053119049,0.375678035079076,NA,49.8656004828002,9.4091732045866,0.5,1,0.4168718457221985,0,1.9670494919594088,0.8914160355784175,-0.4,1,111,1
VCT,St. Vincent and the Grenadines,1991,Latin America & Caribbean,Upper middle income,5.49200387001333,1.13557520041245,NA,57.8543398639614,3.49107610022673,0.5,1,0.4168718457221985,0,1.87057124577252,1,-0.5,1,111,1
SUR,Suriname,1991,Latin America & Caribbean,Upper middle income,25.9674625060223,2.69999913539954,NA,103.376701629101,4.12854273599643,0.34046563506126404,1,0.1643451750278473,0,3.294631046927083,1,-9.8,1,111,1
TJK,Tajikistan,1991,Europe & Central Asia,Lower middle income,NA,-7.09999909622525,NA,NA,NA,NA,NA,NA,0,NA,NA,NA,NA,NA,NA
TZA,Tanzania,1991,Sub-Saharan Africa,Lower middle income,28.695652173913,2.07198821361914,30.2316225499322,13.6337196201911,1.38931954734813e-4,NA,0.2942351996898651,0.1643451750278473,1,3.391000643641639,0.5801363815350187,0.6,0,111,0
THA,Thailand,1991,East Asia & Pacific,Upper middle income,5.70985259891396,8.5582603212423,78.4711349774175,79.2159506117577,2.05017744663305,0.48001787066459656,0.6127046346664429,0.4168718457221985,0,1.9035769833673355,1,NA,1,111,1
TGO,Togo,1991,Sub-Saharan Africa,Low income,0.387081797870757,-0.699967495023117,59.4614554308219,25.8254328576164,0.286366668925518,0.4826274812221527,1,0.1643451750278473,0,0.32720211426625656,NA,-3.5,1,132,1
TON,Tonga,1991,East Asia & Pacific,Upper middle income,10.5954493994793,6.4149535652702,83.4620679999067,32.1990292394932,0.151503565185696,0.349598228931427,0.41170766949653625,0.4168718457221985,0,2.4506127279968957,0.4712955895532587,NA,0,193,0
TUN,Tunisia,1991,Middle East & North Africa,Lower middle income,8.19371509544085,3.90454530313198,85.6860202181431,48.9895583931897,0.959532828640878,0.5723881721496582,0.5026883482933044,0.1643451750278473,0,2.218520108807403,0,-5.3,0,132,1
TUR,Turkiye,1991,Europe & Central Asia,Upper middle income,65.978567991895,0.720279035610119,30.4760116733895,27.0899256947401,0.536300486465289,0.7307248711585999,0.24502839148044583,0.4168718457221985,1,4.204372687500231,0.8914160355784175,NA,0,111,0
UGA,Uganda,1991,Sub-Saharan Africa,Low income,NA,5.55409549507921,29.4022018591267,8.66136320293071,0.0301048024069959,0.4806313216686249,0.2108146846294403,0,0,NA,0,NA,0,111,0
UKR,Ukraine,1991,Europe & Central Asia,Upper middle income,NA,-8.6999999997216,50.133779264214,NA,NA,NA,NA,NA,0,NA,NA,NA,NA,NA,NA
VUT,Vanuatu,1991,East Asia & Pacific,Lower middle income,6.46913580246914,3.14763848027586,94.2228152101401,108.313586835668,12.6528540107589,0.5580728650093079,0.45453426241874695,1,0,2.010779303358403,1,-2.5,0,111,0
VNM,Viet Nam,1991,East Asia & Pacific,Lower middle income,NA,5.96084393218912,66.9469523941752,NA,3.90279682064747,NA,0.1999625712633133,0,0,NA,0,NA,0,111,0
YEM,"Yemen, Rep.",1991,Middle East & North Africa,Low income,36,6.29349385992927,47.921359321418,44.0323734471873,1.9262967547067,NA,1,NA,0,3.610917912644224,NA,NA,1,111,1
ZMB,Zambia,1991,Sub-Saharan Africa,Lower middle income,97.6423231742383,-0.0361333838823299,NA,22.3600600707912,1.01575254601441,0.7673360109329224,0.27844947576522827,0.1643451750278473,1,4.591500410629011,0.1643451750278473,NA,0,111,0
ALB,Albania,1992,Europe & Central Asia,Upper middle income,226.005421253525,-7.18711090964234,108.785472241159,NA,3.06666159864896,0.7477829456329346,0.04075142741203308,NA,0,5.424973899370347,NA,NA,0,134,0
DZA,Algeria,1992,Middle East & North Africa,Upper middle income,31.6696619117149,1.80000230253509,49.1890842360411,51.9419948112575,0.0624959203874085,0.5014774799346924,0.2451564222574234,0.1643451750278473,1,3.4864468769740293,1,-1,0,132,0
AGO,Angola,1992,Sub-Saharan Africa,Lower middle income,299.509803921568,-5.83828073313154,NA,NA,3.46608752793541,NA,0.03008070774376392,NA,0,5.705480378806022,NA,NA,0,111,0
ARM,Armenia,1992,Europe & Central Asia,Upper middle income,NA,-41.8000027457562,101.076759405526,79.8720506818402,0.188555401528096,NA,0.04802647978067398,NA,0,NA,NA,NA,0,111,0
AZE,Azerbaijan,1992,Europe & Central Asia,Upper middle income,-10.63009715762,-22.6000003264444,140.799983402834,38.5942200369287,NA,NA,NA,NA,0,0.09531017980432492,NA,NA,1,111,1
BGD,Bangladesh,1992,South Asia,Lower middle income,3.63407691798491,5.44268554966725,19.9340055024511,24.8676501147129,0.0117375764038404,0.2280678898096085,0.825728714466095,0.1643451750278473,0,1.5334370244880764,0.3942342873818497,0.4,1,111,1
BLR,Belarus,1992,Europe & Central Asia,Upper middle income,NA,-9.60000108728426,117.391304347826,NA,0.0413228260869565,NA,0.01422895025461912,NA,0,NA,NA,NA,0,111,0
BLZ,Belize,1992,Latin America & Caribbean,Upper middle income,2.39670073025188,12.7362233602929,80.3474754942984,29.5688274295692,2.24221321392302,0.1711389273405075,1,0.4168718457221985,0,1.222804587049667,0.5816441288318706,NA,1,111,1
BEN,Benin,1992,Sub-Saharan Africa,Lower middle income,NA,2.95771082720395,56.7407458048553,29.6220981137924,0.0562914420956269,0.4824589192867279,1,0.4168718457221985,0,NA,1,-2.7,1,132,1
BTN,Bhutan,1992,South Asia,Lower middle income,15.9752173615389,4.60089124887257,91.7608375674865,25.4882739003641,NA,0.5,1,0.1643451750278473,1,2.831754478166249,NA,-3.5,1,534,1
BOL,Bolivia,1992,Latin America & Caribbean,Lower middle income,12.0603236018289,1.64649818317035,49.1108578783889,34.8010262193987,1.64957769476396,0.4352008104324341,0.8022205233573914,0.5523677468299866,1,2.569578901629284,0.7389799036260136,-3.9,0,111,0
BWA,Botswana,1992,Sub-Saharan Africa,Upper middle income,16.1676123963339,2.91707018751026,89.7512545868151,28.3321711496473,-0.0377233393157215,0.4659700393676758,0.7440512776374817,0.4476322829723358,1,2.8430246085327013,0.4476322829723358,NA,1,199,1
BRA,Brazil,1992,Latin America & Caribbean,Upper middle income,951.962053052817,-0.544072051030298,19.2533747878959,60.9324088168595,0.627993785794032,0.657704770565033,0.3857130110263825,0,1,6.8595750844488546,0,NA,0,111,0
BFA,Burkina Faso,1992,Sub-Saharan Africa,Low income,-1.99113580736894,0.232710761845951,28.3740163771975,18.7615381720288,0.0927415899786328,0.4826274812221527,1,0.4168718457221985,0,0.09531017980432492,1,-2.5,1,132,1
BDI,Burundi,1992,Sub-Saharan Africa,Low income,1.82333333333307,1.00999837099629,NA,16.9075357682664,0.0554078910909431,0.7003558278083801,0.24531219899654388,0.1643451750278473,0,1.03791821999576,1,-4.2,0,111,0
CPV,Cabo Verde,1992,Sub-Saharan Africa,Lower middle income,3.1166643268286,10.9376469895221,83.9398899681127,42.6297277193163,0.126125688840816,0.5,0.3466181755065918,0.1643451750278473,0,1.4150432060239984,0,NA,0,182,0
KHM,Cambodia,1992,East Asia & Pacific,Lower middle income,NA,7.01753837770227,NA,NA,1.32451043794356,NA,0.07131962478160858,NA,0,NA,NA,NA,NA,NA,NA
CMR,Cameroon,1992,Sub-Saharan Africa,Lower middle income,-0.0160550458717418,-3.10000321081914,38.8625921730277,18.8293120686533,0.241917820451063,0.24386683106422424,1,0.1643451750278473,0,0.09531017980432492,0,NA,1,132,1
CAF,Central African Republic,1992,Sub-Saharan Africa,Low income,-1.03360811667777,-6.42407819946331,43.2290760804125,15.3166917743891,-0.756175028741329,0.24386683106422424,1,0.4168718457221985,0,0.09531017980432492,1,-7.3,1,132,1
TCD,Chad,1992,Sub-Saharan Africa,Low income,-3.11303067214949,8.00144335036164,35.904560029092,13.3470612638839,0.104193926304216,0.24386683106422424,1,0.1643451750278473,0,0.09531017980432492,0,NA,1,132,1
CHN,China,1992,East Asia & Pacific,Upper middle income,6.35398134024868,14.2996108947926,30.0340940533808,89.1253535368338,2.60348627617638,0.3768371343612671,0.48903149366378784,0,0,1.9952418455150616,0,-1.2,0,111,0
COL,Colombia,1992,Latin America & Caribbean,Upper middle income,27.010626623136,4.04492943933556,33.6115913436524,26.9398374337339,1.24736846158865,0.5775991678237915,0.9273204803466796,0.1643451750278473,1,3.332583960429707,0.23472552077950623,-0.1,0,111,0
COM,Comoros,1992,Sub-Saharan Africa,Lower middle income,NA,7.35801529393501,35.757355539978,14.529515105884,-0.331455374973995,NA,1,0.1643451750278473,0,NA,NA,-2,1,132,1
COD,"Congo, Dem. Rep.",1992,Sub-Saharan Africa,Low income,4129.16985661558,-10.5000085646478,NA,15.8024695856874,-0.00887285141144068,0.47637611627578735,0.04138986021280289,0.1643451750278473,1,8.32607381261919,0,NA,0,111,0
COG,"Congo, Rep.",1992,Sub-Saharan Africa,Lower middle income,-3.93546810070881,2.61194805533871,57.1407058861412,21.7892838742916,0.0933795445251198,0.24386683106422424,1,0.1643451750278473,0,0.09531017980432492,0,-12.7,1,132,1
CRI,Costa Rica,1992,Latin America & Caribbean,Upper middle income,21.7911687900609,9.2011037327736,76.0962354814708,32.259591456302,2.63410792471723,0.3061487078666687,0.3375144600868225,0.1643451750278473,1,3.126373127158036,0.1643451750278473,-1.5,0,111,0
CIV,Cote d'Ivoire,1992,Sub-Saharan Africa,Lower middle income,4.23138382869967,-0.244560610691636,60.0250653360901,28.3307369325128,0.6191519578407,0.4826274812221527,1,0.1643451750278473,0,1.65467583747555,0,NA,1,132,1
DJI,Djibouti,1992,Middle East & North Africa,Lower middle income,NA,NA,NA,68.2277750968091,0.479043325761231,NA,1,1,0,NA,1,-6.1,1,111,1
DMA,Dominica,1992,Latin America & Caribbean,Upper middle income,5.47182559344177,2.02941338180298,NA,56.1524463573644,8.72048863852142,0.5,1,0.4168718457221985,0,1.8674582315318065,0.4712955895532587,-2.2,1,111,1
DOM,Dominican Republic,1992,Latin America & Caribbean,Upper middle income,4.25902638893392,11.2374641300752,80.4648015417106,20.7725199851801,1.54841945052706,NA,0.5525176525115967,0.1643451750278473,0,1.659945912456173,0.17482937321433858,NA,1,111,1
ECU,Ecuador,1992,Latin America & Caribbean,Upper middle income,54.6078215093596,2.11431064978969,44.8065436522069,12.9791725558397,0.983738573731403,0.5263944268226624,0.13531792163848877,0.299841046333313,1,4.018323865991559,0.1462469030084272,NA,NA,NA,NA
EGY,"Egypt, Arab Rep.",1992,Middle East & North Africa,Lower middle income,13.6374241717218,4.47285918408184,59.3098490294752,84.5389647735442,1.09661732566499,0.5899977684020996,0.8045076131820679,0,1,2.6835815484985845,0,NA,1,111,1
SLV,El Salvador,1992,Latin America & Caribbean,Upper middle income,11.2144813801987,7.02196331575217,48.675245823902,32.7221332634946,0.263348136437545,0.4580239653587342,0.3236277997493744,0.1643451750278473,1,2.502622246190564,0.1643451750278473,-4.3,0,111,0
GNQ,Equatorial Guinea,1992,Sub-Saharan Africa,Upper middle income,-4.27874315639129,34.7453200290652,NA,12.191535125205201,4.4677054227634,0.24512611329555511,1,0.1643451750278473,0,0.09531017980432492,0,-557.5,1,132,1
SWZ,Eswatini,1992,Sub-Saharan Africa,Lower middle income,7.55829536317337,3.22620654131664,NA,25.6145396536766,6.79556680799572,0.2147904336452484,1,0.4168718457221985,0,2.1469010305064895,1,-2.8,1,199,1
ETH,Ethiopia,1992,Sub-Saharan Africa,Low income,10.5274440119592,-8.6724801143672,NA,31.7473359103837,0.00158068969417161,0.6176709532737732,1,0.1643451750278473,0,2.444730628175994,1,-4.9,1,111,0
FJI,Fiji,1992,East Asia & Pacific,Upper middle income,4.88302271568615,6.10000190987678,NA,55.8022316776659,2.466134347801,0.4029012620449066,0.46903499960899353,0.4168718457221985,0,1.7720706971167732,1,-2.2,0,111,0
GAB,Gabon,1992,Sub-Saharan Africa,Upper middle income,-9.54291330336575,-3.09014565154393,79.868842088552,16.3118641319768,2.26987151119813,0.24386683106422424,1,0.4168718457221985,0,0.09531017980432492,1,-4.9,1,132,1
GMB,"Gambia, The",1992,Sub-Saharan Africa,Low income,9.48654250617163,3.37868879121812,67.4430836477238,11.6201286275464,0.885296675815402,0.43635526299476624,0.20005516707897184,0.5368082523345947,0,2.3500927690481572,0.5368082523345947,NA,0,111,0
GEO,Georgia,1992,Europe & Central Asia,Upper middle income,NA,-44.899774806083,101.943699731903,NA,NA,NA,NA,NA,0,NA,NA,NA,NA,NA,NA
GHA,Ghana,1992,Sub-Saharan Africa,Lower middle income,10.0561167448841,3.87941908037517,45.9935958613923,20.5258743254694,0.350680105249075,0.4849600791931152,0.31862112879753113,0,1,2.4029838263838275,0,-4.5,0,111,0
GRD,Grenada,1992,Latin America & Caribbean,Upper middle income,3.77833753148618,-0.851148756391396,NA,48.6389839810507,7.28058070781046,0.5,1,0,0,1.5640926892478308,0,-1.5,1,111,1
GTM,Guatemala,1992,Latin America & Caribbean,Upper middle income,10.0459179984088,4.83833884688683,45.3622490673106,24.1963485010309,0.901273522590179,0.3952818512916565,0.4424447417259216,0.4923995435237885,1,2.4020609478056683,0.4923995435237885,NA,0,111,0
GIN,Guinea,1992,Sub-Saharan Africa,Lower middle income,NA,3.2709473025656,34.9419059949339,5.95083218930435,0.411131630762173,0.6769910454750061,0.36415162682533264,0.1643451750278473,0,NA,1,-0.9,0,111,0
GNB,Guinea-Bissau,1992,Sub-Saharan Africa,Low income,69.5836363993793,1.09999996776526,55.0143756809514,6.20010478954192,0.990975373761451,0.5005607008934021,0.14304430782794952,0.1643451750278473,1,4.256798338588664,0.7326588197655602,-0.3,0,132,0
HTI,Haiti,1992,Latin America & Caribbean,Lower middle income,19.358494654122,-5.30993292251178,32.5376884422111,32.9624081948203,-0.0974689186316196,NA,0.2573239207267761,0.4168718457221985,1,3.0134982525108733,0.2198675796643537,NA,0,111,0
HND,Honduras,1992,Latin America & Caribbean,Lower middle income,8.75988625255494,9.03523521415093,84.7584594344201,27.7359156482993,1.15454202144086,0.5245612263679504,0.33732888102531433,0,0,2.2782807459057492,0,-1.5,0,111,0
IND,India,1992,South Asia,Lower middle income,11.7878170418134,5.48239602040357,18.433099041828,44.1444293103205,0.0959419487133591,0.45797252655029297,1,0.1643451750278473,0,2.548492924074088,NA,-7.9,0,111,1
IDN,Indonesia,1992,East Asia & Pacific,Upper middle income,7.52351006242677,6.49750651682714,57.4274341101528,46.1728190792448,1.38798883350104,0.2791488468647003,0.8406834006309509,1,0,2.1428282351591834,1,NA,1,111,1
IRN,"Iran, Islamic Rep.",1992,Middle East & North Africa,Upper middle income,25.8077226162332,3.29798191958058,40.3979272522381,44.3226573885109,0.00709701334601974,NA,0.33479809761047363,0,0,3.2886900033295983,0,-0.9,0,111,0
JAM,Jamaica,1992,Latin America & Caribbean,Upper middle income,77.2965929559651,1.95554250017773,NA,57.2736588052766,4.02776431872453,0.428135484457016,0.13649405539035797,0.4476322829723358,1,4.360504089354843,0.339000146327078,2.8,0,111,0
JOR,Jordan,1992,Middle East & North Africa,Lower middle income,3.9958356055719,14.3497760596886,131.644698648349,116.192305561711,0.766783016836771,0.5,0.4945695400238037,0.1643451750278473,0,1.608604686512155,0,2.1,1,111,1
KAZ,Kazakhstan,1992,Europe & Central Asia,Upper middle income,NA,-5.29999999893468,149.336641791045,NA,0.401326699834163,NA,NA,NA,0,NA,NA,NA,NA,NA,NA
KEN,Kenya,1992,Sub-Saharan Africa,Lower middle income,27.3323644475784,-0.799493958641349,52.9308701038286,36.5177963970306,0.0775129679334538,0.521410346031189,0.4069243967533112,0,1,3.3440047712696903,0,-8.3,0,111,0
KGZ,Kyrgyz Republic,1992,Europe & Central Asia,Lower middle income,NA,-13.8378377984379,83.1916902738432,NA,NA,NA,NA,NA,0,NA,NA,NA,NA,NA,NA
LAO,Lao PDR,1992,East Asia & Pacific,Lower middle income,9.86452966991032,5.55985776817542,44.1307586141721,9.46780588081996,0.691607729252085,0.3542705476284027,1,0,0,2.3855033242219754,0,NA,1,111,1
LSO,Lesotho,1992,Sub-Saharan Africa,Lower middle income,17.2085201793721,6.95636495400254,NA,32.2562407261641,1.00716319020597,0.30127862095832825,1,0.2525267004966736,1,2.9018896262623417,1,4.7,1,199,1
LBR,Liberia,1992,Sub-Saharan Africa,Low income,NA,-35.0856779208949,NA,4.08615206518804,-4.85458612975391,0.7281689643859863,1,0.4168718457221985,0,NA,0.15181988104041455,NA,1,111,1
LBY,Libya,1992,Middle East & North Africa,Upper middle income,9.35975158953135,-2.71227407954309,56.0580651923278,67.3535268839744,0.292421810199419,0.5,0.304593026638031,0.1643451750278473,0,2.3379282586993995,1,0.1,0,111,0
MDG,Madagascar,1992,Sub-Saharan Africa,Low income,14.5123786075771,1.18088494825233,33.1576177671174,17.2203949497803,0.568843652769939,0.3759098351001739,0.399023175239563,0.1643451750278473,0,2.7416383250417407,0,-5,0,132,0
MWI,Malawi,1992,Sub-Saharan Africa,Low income,23.7513530230399,-7.33297833747964,NA,14.732493811274,-0.271112625037052,0.6441813707351685,0.1168811246752739,0.1643451750278473,1,3.2088801551180524,0.3942342873818497,NA,0,111,0
MYS,Malaysia,1992,East Asia & Pacific,Upper middle income,4.76722829992821,8.88511797832156,150.611220981935,102.223025975233,8.76047440214555,0.5732078552246094,0.3673032820224762,1,0,1.752191601144363,1,1.8,0,111,0
MDV,Maldives,1992,South Asia,Upper middle income,16.8559977535548,6.67082544437399,NA,24.9928592779568,2.31679903683284,0.5,0.18425895273685455,0.7167128920555115,0,2.8823394603899093,0.32044557373809845,-12.6,0,111,0
MLI,Mali,1992,Sub-Saharan Africa,Low income,-6.24250599520425,-5.05918121731715,37.9740349488916,16.1398629607087,-0.594290516964257,0.4826274812221527,1,0.4168718457221985,0,0.09531017980432492,1,NA,1,132,1
MRT,Mauritania,1992,Sub-Saharan Africa,Lower middle income,10.141817562151,1.8741257364962,42.3279201206499,NA,0.348815247683938,0.5940470695495605,0.08392540365457535,0,0,2.410705377577566,0,NA,0,111,0
MUS,Mauritius,1992,Sub-Saharan Africa,Upper middle income,4.64351929883709,6.51269858283499,120.232699481499,68.9142096478576,0.450294996999827,0.2525665760040283,0.2592156231403351,0.1643451750278473,0,1.7305078600651949,0,NA,0,112,0
MEX,Mexico,1992,Latin America & Caribbean,Upper middle income,15.5078962533573,3.56861354412243,35.553495904112,27.1384560739971,1.20966687256407,0.46969538927078247,0.6019816398620605,0.4168718457221985,1,2.8038388272423647,0.5953960076337919,2.3,1,111,1
FSM,"Micronesia, Fed. Sts.",1992,East Asia & Pacific,Lower middle income,NA,4.00801603206385,NA,NA,NA,NA,1,NA,0,NA,NA,NA,1,111,1
MDA,Moldova,1992,Europe & Central Asia,Upper middle income,1026.82626424702,-29.0999999176414,NA,43.4573335070349,0.732997655028661,NA,0.00835611298680305,NA,0,6.935201428081625,NA,NA,0,111,0
MNG,Mongolia,1992,East Asia & Pacific,Upper middle income,NA,-9.25646570382904,65.2956469006826,23.2541462381897,0.151789768661953,NA,0.03411327302455902,NA,0,NA,NA,-8.1,0,111,0
MAR,Morocco,1992,Middle East & North Africa,Lower middle income,5.7402466286874,-2.097738754022,50.2633161845725,50.9013961960403,1.25320990888603,NA,0.4094599187374115,0.1643451750278473,0,1.9080965160481351,0.3942342873818497,-1.8,0,132,0
MOZ,Mozambique,1992,Sub-Saharan Africa,Low income,NA,-7.57664724880097,59.3371692453075,21.6169909634163,0.903992265646509,NA,0.1778704971075058,0,0,NA,0,-1.9,0,111,0
MMR,Myanmar,1992,East Asia & Pacific,Lower middle income,21.9132104007913,9.66094245346783,NA,31.2119383451212,7.11403691197276,0.5,0.3203160762786865,0.1643451750278473,1,3.1317136176296994,1,NA,0,111,0
NAM,Namibia,1992,Sub-Saharan Africa,Upper middle income,NA,7.18934252280525,91.9734600107459,28.8467880202439,3.44748458080867,0.01855815388262272,1,NA,0,NA,NA,-2.5,1,199,1
NPL,Nepal,1992,South Asia,Lower middle income,17.1495236243439,4.10640661731669,41.6954131372025,32.0610891965656,NA,0.22992263734340668,0.9392195343971252,0.1643451750278473,0,2.898644313773789,0,NA,1,534,1
NIC,Nicaragua,1992,Latin America & Caribbean,Lower middle income,NA,0.386346578416166,70.5176260597947,19.4188978134761,0.836680053547523,0.5793231129646301,1,0.1643451750278473,0,NA,0.1643451750278473,NA,0,111,1
NER,Niger,1992,Sub-Saharan Africa,Low income,-4.47561790247176,2.00075236142851,28.7066499462238,13.4761265100836,1.66527577730701,0.4826274812221527,1,0.4168718457221985,0,0.09531017980432492,0.8080986016234855,NA,1,132,1
NGA,Nigeria,1992,Sub-Saharan Africa,Lower middle income,44.588842715023,4.63119294607692,NA,14.2473842678947,1.7223830155852,0.6507482528686523,0.05842282250523567,0,0,3.8196630092798385,0,0.9,0,111,0
PAK,Pakistan,1992,South Asia,Lower middle income,9.5090414619015,7.70589781716029,37.6945397210631,42.5300049117333,0.688313624140135,0.5815604329109192,0.6726992726325989,0.1643451750278473,0,2.352235978246454,1,NA,0,111,0
PNG,Papua New Guinea,1992,East Asia & Pacific,Lower middle income,4.30961457009748,13.8490852689481,93.5519772673455,33.902533743784,2.42903575338544,0.37624573707580566,0.6618611216545105,0.4168718457221985,0,1.669519246950356,0.43305520707219824,-4.3,1,111,1
PRY,Paraguay,1992,Latin America & Caribbean,Upper middle income,15.192743764172,1.69642801124701,89.4975575588359,27.8936672057082,1.64165207328915,0.6352244019508362,0.5250236988067627,0.4168718457221985,1,2.7845632261022435,0.5577080091010573,3.1,0,111,0
PER,Peru,1992,Latin America & Caribbean,Upper middle income,73.5282942442641,-0.540509124723926,27.9772921552067,18.1976605118421,-0.219650047241117,0.4348364472389221,0.1910170316696167,0.700158953666687,1,4.311178841797723,0.700158953666687,NA,0,111,0
PHL,Philippines,1992,East Asia & Pacific,Lower middle income,8.65100357865265,0.417629066097945,44.9911427301615,31.8650210529275,0.377343949882479,0.7447121739387512,0.2151284366846085,0.4476322829723358,0,2.267061907731339,0.5287044104467413,-0.4,0,111,0
RWA,Rwanda,1992,Sub-Saharan Africa,Low income,9.56041187600816,5.87272524148186,23.8314470330714,13.8614613878156,0.271065890409571,0.3571072518825531,0.18965303897857663,0.1643451750278473,0,2.3571122809273657,0,-7.3,0,111,0
WSM,Samoa,1992,East Asia & Pacific,Lower middle income,9.03113792907172,-0.199987145070338,NA,36.6456986819993,3.77920261583348,0.24302878975868225,0.39249497652053833,0,0,2.305694048088114,0,-9.9,0,196,1
STP,Sao Tome and Principe,1992,Sub-Saharan Africa,Lower middle income,NA,0.699996987364386,NA,NA,NA,0.5,0.3450825810432434,0.1643451750278473,0,NA,0.1643451750278473,NA,0,111,0
SEN,Senegal,1992,Sub-Saharan Africa,Lower middle income,-0.109942967085665,1.32023303661357,41.4568617276384,18.7178680950542,0.275210567310394,0.4826274812221527,1,0.4168718457221985,0,0.09531017980432492,1,NA,1,132,1
SLB,Solomon Islands,1992,East Asia & Pacific,Lower middle income,10.7511603675285,12.6999982482398,149.791776736118,27.4238277079751,5.26810062249907,0.5038836002349854,0.6326320767402649,0.4168718457221985,0,2.463951990397522,1,3.5,0,111,0
ZAF,South Africa,1992,Sub-Saharan Africa,Upper middle income,13.874703748615,-2.13703284500521,34.3213534993474,44.8176063714297,0.00228504771765059,0.17129376530647278,0.33188122510910034,0,1,2.6996620351738705,0,NA,0,111,0
LKA,Sri Lanka,1992,South Asia,Lower middle income,11.3834370512206,4.39999125181939,72.8037565573982,30.4367168450185,1.26379157039996,0.6043298840522766,0.5631366968154907,0.700158953666687,1,2.5163598580638618,1,-5,0,111,0
LCA,St. Lucia,1992,Latin America & Caribbean,Upper middle income,5.13889779944828,7.9530753604442,NA,46.6780769230769,6.07362637362637,0.5,1,0.4168718457221985,0,1.814645214554427,0.8914160355784175,-0.7,1,111,1
VCT,St. Vincent and the Grenadines,1992,Latin America & Caribbean,Upper middle income,3.46353042727654,6.37794062708292,NA,57.1867338236862,5.00079948832747,0.5,1,0.4168718457221985,0,1.4959400285237658,1,-3.3,1,111,1
SUR,Suriname,1992,Latin America & Caribbean,Upper middle income,43.6661783854171,0.400000008536168,NA,91.1878398418191,-13.4206623826001,0.49905291199684143,1,0.1643451750278473,1,3.799216579553284,1,-6.5,1,111,1
TJK,Tajikistan,1992,Europe & Central Asia,Lower middle income,NA,-29.0000010554471,NA,NA,0.471561051004637,NA,0.03626240044832229,NA,0,NA,NA,NA,0,111,0
TZA,Tanzania,1992,Sub-Saharan Africa,Lower middle income,21.8468468468473,0.584322131924068,35.6677963323106,15.1994451324822,0.182125769825402,0.5,0.16984829306602478,0,1,3.128813114244802,0,-5,0,111,0
THA,Thailand,1992,East Asia & Pacific,Upper middle income,4.13914575077056,8.08338802345332,77.9546456926093,81.0234021492198,1.89589035115006,0.40659475326538086,0.6434640288352966,0.4168718457221985,0,1.6368868693067902,1,NA,1,111,1
TGO,Togo,1992,Sub-Saharan Africa,Low income,1.39378663675938,-3.98068681380465,49.6550131360584,21.3607459661853,-0.548335156060614,0.4826274812221527,1,0.1643451750278473,0,0.8728764790033273,NA,-2.3,1,132,1
TON,Tonga,1992,East Asia & Pacific,Upper middle income,7.93698012192874,0.251973395838817,72.6308207233457,28.4794358813271,0.90767165212935,0.349598228931427,0.46809759736061096,0.4168718457221985,0,2.190197738152487,0.4712955895532587,NA,0,111,0
TUN,Tunisia,1992,Middle East & North Africa,Lower middle income,5.82434514637906,7.80572887722397,86.0000875541741,46.5761137620569,3.39272296944754,0.4209591746330261,0.5406380891799927,0.4168718457221985,0,1.9204963872191103,1,-3.5,0,132,0
TUR,Turkiye,1992,Europe & Central Asia,Upper middle income,70.0761038690374,5.03563493896803,31.737365644504,27.8115693892633,0.530468058329858,0.5975902080535889,0.28652727603912354,0.4168718457221985,1,4.263751188461655,0.8914160355784175,NA,0,111,0
UGA,Uganda,1992,Sub-Saharan Africa,Low income,NA,3.41835689468401,33.0521440510063,9.61176872828566,0.104988428525206,0.4969557523727417,0.1883464157581329,0,0,NA,0,NA,0,111,0
UKR,Ukraine,1992,Europe & Central Asia,Upper middle income,NA,-9.90000000204168,45.9686071925293,50.1059606596463,0.270467973646631,0.6698230504989624,NA,NA,0,NA,NA,NA,1,111,1
VUT,Vanuatu,1992,East Asia & Pacific,Lower middle income,4.0584415584416,2.5854137275348,94.6391665612215,98.0148045046185,12.6515100301481,0.5580728650093079,0.42720717191696167,1,0,1.6210584434571274,1,-2.1,0,111,0
VNM,Viet Nam,1992,East Asia & Pacific,Lower middle income,NA,8.64604745934572,73.5768851264792,22.5075281366482,4.80334781572863,NA,0.5201996564865112,0,0,NA,0,NA,0,111,0
YEM,"Yemen, Rep.",1992,Middle East & North Africa,Low income,29.4117647058824,8.20759813722687,46.1503514733973,43.4536283218664,3.99791369174564,NA,1,NA,0,3.4148295304522147,NA,NA,1,111,1
ZMB,Zambia,1992,Sub-Saharan Africa,Lower middle income,165.70652700999,-1.73092217352566,NA,NA,1.41384462501141,0.5537750124931335,0.0782277062535286,0,1,5.116234943219336,0,NA,0,111,0
ALB,Albania,1993,Europe & Central Asia,Upper middle income,85.0047512387156,9.55941167111243,80.518332770413,NA,4.89321210624299,0.8064560890197754,0.27577051520347595,NA,0,4.45440254168926,NA,NA,0,134,0
DZA,Algeria,1993,Middle East & North Africa,Upper middle income,20.5403261235826,-2.10000075697259,44.9228133698634,50.1014581091891,2.00217899331626e-6,0.6463353037834167,0.4319244921207428,0.1643451750278473,1,3.0699268119842222,1,-7.8,0,132,0
AGO,Angola,1993,Sub-Saharan Africa,Lower middle income,1378.52760736196,-23.9834174420578,NA,NA,5.2368632542517,NA,0.01406990364193916,0,1,7.229496406042782,0,NA,0,111,0
ARM,Armenia,1993,Europe & Central Asia,Upper middle income,NA,-8.7999987932935,107.973146280234,69.1137816170074,0.0665938114123568,NA,0.02159059233963489,NA,0,NA,NA,NA,0,111,0
AZE,Azerbaijan,1993,Europe & Central Asia,Upper middle income,1128.00002429404,-23.0999987188387,133.490445859873,54.8495885350318,6.36783439490446e-4,0.49722394347190857,NA,NA,0,7.029087585667855,NA,NA,0,111,0
BGD,Bangladesh,1993,South Asia,Lower middle income,3.01481859989798,4.71156172453999,23.1215830698982,26.2049500333029,0.0423616549795556,0.4323205053806305,1,0.1643451750278473,0,1.3899921657797896,0.3942342873818497,0.4,1,111,1
BLR,Belarus,1993,Europe & Central Asia,Upper middle income,1190.22923349187,-7.60000201957324,150.964467005076,NA,0.10814083248731,0.8198133111000061,0.02609138749539852,NA,0,7.082741022280782,NA,NA,0,111,0
BLZ,Belize,1993,Latin America & Caribbean,Upper middle income,1.47259694693679,6.13788542592131,75.74810886971,28.242943900085,1.22298930090409,0.4734071493148804,1,0.4168718457221985,0,0.9052689938316932,0.5816441288318706,NA,1,111,1
BEN,Benin,1993,Sub-Saharan Africa,Lower middle income,0.440599214931793,5.83617208501383,55.3817991336605,26.4909358895432,-0.951216875624251,0.4016968309879303,1,0.4168718457221985,0,0.36505914851378846,1,-0.6,1,132,1
BTN,Bhutan,1993,South Asia,Lower middle income,11.1980165874679,1.98636656014881,78.7559933474217,28.1829876399169,NA,0.5,1,0.1643451750278473,1,2.5012733637247826,NA,4.7,1,534,1
BOL,Bolivia,1993,Latin America & Caribbean,Lower middle income,8.52787695688002,4.26929611661518,47.4671256895523,41.8787066387135,2.15878792325071,0.6778363585472107,0.8477784991264343,0.5523677468299866,0,2.2542219181241085,0.7389799036260136,-5.5,0,111,0
BWA,Botswana,1993,Sub-Saharan Africa,Upper middle income,14.3308033365887,1.9161070518754,86.2082050096699,21.037855501396,-6.89760875290975,0.400324672460556,0.5577809810638428,0.1643451750278473,1,2.7298640944193293,0.1643451750278473,NA,1,199,1
BRA,Brazil,1993,Latin America & Caribbean,Upper middle income,1927.38079016026,4.92469000463774,19.5993205474635,93.658846471248,0.350804998676963,0.641537070274353,0.2424040585756302,0,1,7.564435960938737,0,NA,0,111,0
BFA,Burkina Faso,1993,Sub-Saharan Africa,Low income,0.553455723541917,3.46138493945818,29.6250839534616,19.8654620062825,0.0993387646784723,0.4018653929233551,1,0.4168718457221985,0,0.4404819483452947,1,-3.8,1,132,1
BDI,Burundi,1993,Sub-Saharan Africa,Low income,9.67934658067928,-6.24000000139047,NA,17.73312870522,0.0504648856980533,0.5792277455329895,0.2773585021495819,0.1643451750278473,0,2.368311650076042,1,-1.2,0,111,0
CPV,Cabo Verde,1993,Sub-Saharan Africa,Lower middle income,5.78839590443697,8.70831156568961,60.3064320023898,49.7888088541707,0.743054427415921,0.5,0.4220525920391083,0.1643451750278473,0,1.915214669836921,0,NA,0,182,0
KHM,Cambodia,1993,East Asia & Pacific,Lower middle income,NA,4.09837080453724,48.7242577792075,4.89445955475539,2.1361412398871,NA,0.06414821743965149,NA,0,NA,NA,NA,NA,NA,NA
CMR,Cameroon,1993,Sub-Saharan Africa,Lower middle income,-3.20655456915868,-7.93206657447536,26.1588429586065,11.9188114815468,0.0316449867572285,0.1640474945306778,1,0.4168718457221985,0,0.09531017980432492,1,NA,1,132,1
CAF,Central African Republic,1993,Sub-Saharan Africa,Low income,-2.91535849298334,0.335275684646064,39.9886220219109,17.8347044901589,-0.780440922889276,0.1640474945306778,1,0.4168718457221985,0,0.09531017980432492,1,-5.7,1,132,1
TCD,Chad,1993,Sub-Saharan Africa,Low income,-8.427933486518,-15.7098370450575,42.647333333374696,11.5051004426004,1.03611067994266,0.1640474945306778,1,0.4168718457221985,0,0.09531017980432492,1,NA,1,132,1
CHN,China,1993,East Asia & Pacific,Upper middle income,14.6100786356602,13.9290780143689,35.9086416582146,99.6122245579946,6.16158341638819,0.489825963973999,0.7317222952842712,0.1643451750278473,0,2.747916772032923,1,-0.9,0,111,1
COL,Colombia,1993,Latin America & Caribbean,Upper middle income,22.4424828533275,5.38540993901029,36.1774714449627,28.4643572252727,1.44341026306631,0.3612733483314514,0.9764109253883362,0,1,3.154549882876055,0,-0.2,0,111,0
COM,Comoros,1993,Sub-Saharan Africa,Lower middle income,NA,2.5473458344995,35.7569519162497,14.3293538746058,0.0445831475707246,NA,1,0.1643451750278473,0,NA,NA,1.3,1,132,1
COD,"Congo, Dem. Rep.",1993,Sub-Saharan Africa,Low income,1986.90476190475,-13.469050538128,NA,30.6835066864785,0.0641680665385587,0.3503579795360565,0.01684879139065742,0.1643451750278473,1,7.594836479582423,0,NA,0,111,0
COG,"Congo, Rep.",1993,Sub-Saharan Africa,Lower middle income,4.92366412213743,-0.979683208744774,74.1761942770688,16.3452177345086,10.6564766458744,0.1640474945306778,1,0.1643451750278473,0,1.7789551969820716,0,-11.3,1,132,1
CRI,Costa Rica,1993,Latin America & Caribbean,Upper middle income,9.77860078293776,7.09719123999687,79.3523368268699,31.4025330307708,2.57924460482051,0.4870604574680328,0.6005858182907104,0.1643451750278473,0,2.377562759555291,0.1643451750278473,-1.5,0,111,0
CIV,Cote d'Ivoire,1993,Sub-Saharan Africa,Lower middle income,2.16471453976754,-0.192485098607804,55.3485218490843,26.3754859844724,1.58570823040921,0.4018653929233551,1,0.4168718457221985,0,1.1520628587220594,1,NA,1,132,1
DJI,Djibouti,1993,Middle East & North Africa,Lower middle income,NA,NA,NA,70.6270690816718,0.305457425513059,NA,1,1,0,NA,1,-7.1,1,111,1
DMA,Dominica,1993,Latin America & Caribbean,Upper middle income,1.56902604224498,2.16142138921818,NA,52.9347432571049,5.37621432450371,0.5,1,0.4168718457221985,0,0.9435268551900214,0.4712955895532587,-1.4,1,111,1
DOM,Dominican Republic,1993,Latin America & Caribbean,Upper middle income,5.2503388069097,7.36669526975602,78.0028967722022,22.0398765774202,1.45783488936631,NA,0.7308811545372009,0.1643451750278473,0,1.8326356713846017,0.17482937321433858,NA,1,111,1
ECU,Ecuador,1993,Latin America & Caribbean,Upper middle income,44.9550537592163,1.97321813678619,43.1712184234683,18.1993423267319,2.50133095620069,0.34674403071403503,0.5074860453605652,0.4923995435237885,1,3.827663826632396,0.38104703298958775,NA,NA,NA,NA
EGY,"Egypt, Arab Rep.",1993,Middle East & North Africa,Lower middle income,12.0897922868977,2.90079079959442,55.9278350515464,85.8077963917526,1.05842525773196,0.8291295170783997,1,0,1,2.5718327117208672,0,NA,1,111,1
SLV,El Salvador,1993,Latin America & Caribbean,Upper middle income,18.5066883302714,5.81831555719015,53.5272904870361,38.0070532448249,0.245978770106455,0.7304636836051941,0.4317472279071808,0.4168718457221985,1,2.9707573980576023,0.4168718457221985,-1.4,0,111,0
GNQ,Equatorial Guinea,1993,Sub-Saharan Africa,Upper middle income,5.4522847373328,11.0332130375277,NA,8.41041233967392,16.3925166145847,0.16530676186084747,1,0.1643451750278473,0,1.864434290927876,0,-217.9,1,132,1
SWZ,Eswatini,1993,Sub-Saharan Africa,Lower middle income,12.0234238724148,3.10611402629526,NA,24.0333291145665,5.29923176204507,0.22122783958911896,1,0.4168718457221985,0,2.566749572441364,1,-3.2,1,199,1
ETH,Ethiopia,1993,Sub-Saharan Africa,Low income,3.54306596166032,13.1428339363255,NA,26.9223659833398,0.0386695728163876,0.6176709532737732,1,0,0,1.51360210607761,0,-4.1,1,111,1
FJI,Fiji,1993,East Asia & Pacific,Upper middle income,5.20658925195764,2.13003242138259,NA,54.1789098116947,-0.198216055500495,0.4029012620449066,0.45357823371887207,0.4168718457221985,0,1.8256115102712804,1,-1.9,0,111,0
GAB,Gabon,1993,Sub-Saharan Africa,Upper middle income,0.533746556474191,3.94655500790242,83.3430365420292,15.5019466436728,-2.59704974082741,0.1640474945306778,1,0.4168718457221985,0,0.4277134718728622,1,-5.4,1,132,1
GMB,"Gambia, The",1993,Sub-Saharan Africa,Low income,6.46380422753847,3.01210137437499,64.6299221312549,12.0979229760388,1.42260116278372,0.5242326855659485,0.23336343467235565,0.5967764854431152,0,2.0100652343074996,0.5967764854431152,NA,0,111,0
GEO,Georgia,1993,Europe & Central Asia,Upper middle income,NA,-29.3001665068873,118.638889058298,NA,3.70208393049906e-4,NA,NA,NA,0,NA,NA,NA,NA,NA,NA
GHA,Ghana,1993,Sub-Saharan Africa,Lower middle income,24.9598424742497,4.85000055379412,56.6691201156995,19.8354562123912,2.09418016063635,0.4805622100830078,0.2306908816099167,0,1,3.2565508237993623,0,-5.4,0,111,0
GRD,Grenada,1993,Latin America & Caribbean,Upper middle income,2.80859916782245,-1.95881558143746,NA,60.0101925551311,6.53562032624543,0.5,1,0.4168718457221985,0,1.3372614490429622,1,-0.2,1,111,1
GTM,Guatemala,1993,Latin America & Caribbean,Upper middle income,11.8196901746257,3.92713194504024,43.7789281525868,21.6100572281729,1.24999810291311,0.6928651332855225,0.5499218106269836,0.5523677468299866,1,2.5509822838545997,0.5523677468299866,NA,0,111,0
GIN,Guinea,1993,Sub-Saharan Africa,Lower middle income,NA,5.04414454071403,37.4482435133692,6.90944097788192,0.0568898869797263,0.5558629035949707,0.5935109853744507,0.1643451750278473,0,NA,1,-2.3,0,111,0
GNB,Guinea-Bissau,1993,Sub-Saharan Africa,Low income,48.1081660687067,2.09999998911347,41.5863006471537,5.72240454353908,0.53590609937673,0.6269577145576477,0.1956016570329666,0,1,3.894025336016604,0,-0.3,0,132,0
HTI,Haiti,1993,Latin America & Caribbean,Lower middle income,29.7059715065172,-5.42629599215383,48.7522666436404,38.041619894655,-0.149074637768759,NA,0.15023161470890045,0.4168718457221985,1,3.4244571472911587,0.2198675796643537,NA,0,111,0
HND,Honduras,1993,Latin America & Caribbean,Lower middle income,10.748646716372,13.6371742968735,98.2484665384967,25.6468003295798,0.637113869815985,0.4880011677742005,0.2993243634700775,0.4768400490283966,0,2.463738060882517,0.6810454205166073,-5.2,0,111,0
IND,India,1993,South Asia,Lower middle income,6.32689048779867,4.75077621776924,19.6515397864684,44.8834588757366,0.197056426383431,0.35128310322761536,1,0.1643451750278473,0,1.9915512086758824,NA,-8.6,0,111,0
IDN,Indonesia,1993,East Asia & Pacific,Upper middle income,9.6719108926401,6.49640812045304,50.5233858882307,43.6851339607091,1.26830064559013,0.2059391587972641,0.8626700639724731,1,0,2.367615139498239,1,-0.6,1,111,1
IRN,"Iran, Islamic Rep.",1993,Middle East & North Africa,Upper middle income,21.2026307547761,-1.47101148218381,46.0408643243691,39.0887359601226,0.325601196600586,NA,0.01096892170608043,0,1,3.100210784324763,0,-5.1,0,111,0
JAM,Jamaica,1993,Latin America & Caribbean,Upper middle income,22.069949418529198,9.41710256580915,NA,44.4797453618426,1.43196537407347,0.5094555616378784,0.18461614847183228,0.4476322829723358,1,3.1385308796617677,0.339000146327078,2.4,0,111,0
JOR,Jordan,1993,Middle East & North Africa,Lower middle income,3.31666666666706,4.48698977985755,130.485233240655,112.86327360725,-0.598396989551083,0.5,0.5612295269966125,0.1643451750278473,0,1.4624834994775282,0,-1.4,1,111,1
KAZ,Kazakhstan,1993,Europe & Central Asia,Upper middle income,NA,-9.20000000203308,84.634521855277,27.8624618072195,5.43118386573814,NA,NA,NA,0,NA,NA,NA,0,111,0
KEN,Kenya,1993,Sub-Saharan Africa,Lower middle income,45.9788813036218,0.353197256227247,72.8584813635643,37.0652321479991,2.53235257436033,0.6252198815345764,0.0963938981294632,0,1,3.849698166763808,0,-8.6,0,111,0
KGZ,Kyrgyz Republic,1993,Europe & Central Asia,Lower middle income,NA,-15.4593282242512,74.7063327544027,NA,0.493578725232039,0.891692042350769,0.1330130398273468,NA,0,NA,NA,NA,0,111,0
LAO,Lao PDR,1993,East Asia & Pacific,Lower middle income,6.26722241519029,5.91255655432118,52.6288120122103,13.2332285440455,2.25193217872285,0.4862690567970276,1,0,0,1.9833741573571793,0,NA,1,111,1
LSO,Lesotho,1993,Sub-Saharan Africa,Lower middle income,13.1356607683724,3.50976615760111,NA,34.2495674548812,1.87377245483422,0.1886594444513321,1,0.2525267004966736,1,2.6487007370195137,1,7.6,1,199,1
LBR,Liberia,1993,Sub-Saharan Africa,Low income,NA,-32.9753952616656,NA,9.43081626506779,-33.428927680798,NA,1,0.4168718457221985,0,NA,0.15181988104041455,NA,1,111,1
LBY,Libya,1993,Middle East & North Africa,Upper middle income,11.0735532720389,-3.76319264327812,59.7921131590227,72.9557436776682,0.189669816504,0.5,0.30682048201560974,0.1643451750278473,0,2.491017380521196,1,-5.8,0,111,0
MDG,Madagascar,1993,Sub-Saharan Africa,Low income,10.008361204014,2.09992318110865,32.8658889270584,19.0483732003123,0.377944678159083,0.48513689637184143,0.41115736961364746,0.1643451750278473,0,2.398655093517301,0,-6.3,0,132,0
MWI,Malawi,1993,Sub-Saharan Africa,Low income,22.7727102336625,9.69184059512781,NA,14.6551458187167,0.265481499026151,0.5293737649917603,0.3553852438926697,0.1643451750278473,1,3.1685382939579276,0.3942342873818497,NA,0,111,0
MYS,Malaysia,1993,East Asia & Pacific,Upper middle income,3.53658536585389,9.89494333377064,157.940462501597,113.034310138565,7.4828391233144,0.33111336827278137,0.3628152906894684,0.7167128920555115,0,1.5121746070089443,0.660999853672922,3.4,0,111,0
MDV,Maldives,1993,South Asia,Upper middle income,20.1273593149248,5.55676907924001,NA,28.9492456194978,2.1400801086987302,0.5,0.35039523243904114,0.7167128920555115,1,3.05056885055383,0.32044557373809845,-13.9,0,111,0
MLI,Mali,1993,Sub-Saharan Africa,Low income,-0.263767884261804,4.34822769920969,35.7839472513242,16.5657997370379,0.111794456034654,0.4018653929233551,1,0.4168718457221985,0,0.09531017980432492,1,NA,1,132,1
MRT,Mauritania,1993,Sub-Saharan Africa,Lower middle income,9.37034415971461,5.87363742064267,46.0763040408496,NA,0.871080747655171,0.5940470695495605,0.33260542154312134,0.1643451750278473,0,2.3389502097056356,0.3942342873818497,NA,0,111,0
MUS,Mauritius,1993,Sub-Saharan Africa,Upper middle income,10.5178384472896,5.0820629557426,120.896356052865,70.2354990908222,0.445454517512398,0.34025388956069946,0.3274436593055725,0.4168718457221985,0,2.443897002878248,0.30219016649938735,NA,0,112,0
MEX,Mexico,1993,Latin America & Caribbean,Upper middle income,9.75146045357553,2.86699945461075,26.1631235736702,21.5868006582735,0.827862094071089,0.48980945348739624,0.7636659145355225,0.700158953666687,0,2.3750416014926223,1,-1.5,1,111,1
FSM,"Micronesia, Fed. Sts.",1993,East Asia & Pacific,Lower middle income,NA,8.14065510597315,NA,NA,NA,NA,1,NA,0,NA,NA,NA,1,111,1
MDA,Moldova,1993,Europe & Central Asia,Upper middle income,1613.60398876194,-1.1999999330268,NA,19.1786710598572,0.590265678198792,NA,0.05199279636144638,NA,0,7.38684499739137,NA,NA,0,111,0
MNG,Mongolia,1993,East Asia & Pacific,Upper middle income,268.150488882784,-3.16879155027824,129.742059708532,18.7823996633567,1.00208011770717,0.6246558427810669,0.0216708667576313,NA,0,5.595270661400575,NA,-13.3,0,111,0
MAR,Morocco,1993,Middle East & North Africa,Lower middle income,5.18311396030801,-0.740591700332374,49.668456614101,53.7242549714841,1.55254686699352,NA,0.5628693103790283,0.4168718457221985,0,1.821822021638668,1,-2,0,132,1
MOZ,Mozambique,1993,Sub-Saharan Africa,Low income,NA,10.940435029728,55.2402685663295,22.7724981596998,1.10989258107784,NA,0.18363167345523831,0.1643451750278473,0,NA,1,-2.5,0,111,0
MMR,Myanmar,1993,East Asia & Pacific,Lower middle income,31.83160687276,6.03941022663199,NA,27.4290208694643,3.30931299821516,0.5,0.4492383301258087,0.1643451750278473,1,3.4913916755718892,1,NA,0,111,1
NAM,Namibia,1993,Sub-Saharan Africa,Upper middle income,NA,-1.57953915916903,96.0955780096704,31.7123147326645,1.6999175072132,0.00990840792655944,1,NA,0,NA,NA,-2.7,1,199,1
NPL,Nepal,1993,South Asia,Lower middle income,7.50539419087105,3.84985002629573,47.1895811750777,34.8422718320602,NA,0.27242666482925415,0.12389034032821657,0.1643451750278473,0,2.1407005729067703,0,NA,0,534,0
NIC,Nicaragua,1993,Latin America & Caribbean,Lower middle income,NA,-0.392936046663081,68.285966789153,20.2735010930741,2.20899576724499,0.6361393928527832,0.1611264795064926,0.4168718457221985,0,NA,0.4168718457221985,NA,0,111,0
NER,Niger,1993,Sub-Saharan Africa,Low income,-1.21503496503496,0.321655474432788,26.098937648296,13.9835123200637,-1.11892253762664,0.4018653929233551,1,0.4168718457221985,0,0.09531017980432492,0.8080986016234855,NA,1,132,1
NGA,Nigeria,1993,Sub-Saharan Africa,Lower middle income,57.1652528349217,-2.03511877399139,NA,15.7877165842118,2.37190347099572,0.4218409955501557,0.1245194971561432,0,1,4.063288146116013,0,-6.1,0,111,0
PAK,Pakistan,1993,South Asia,Lower middle income,9.97366476029209,1.7577476978468,38.4993168752315,45.3647021643092,0.672760011900901,0.4905398190021515,0.2772562801837921,0.1643451750278473,0,2.3954982896274384,1,-5.5,0,111,0
PNG,Papua New Guinea,1993,East Asia & Pacific,Lower middle income,4.97411430311646,18.2022859527298,89.5892872552444,34.6502640175875,1.24740106098499,0.17431874573230743,0.5636066794395447,0.4168718457221985,0,1.7874358530418204,0.43305520707219824,-4.9,1,111,1
PRY,Paraguay,1993,Latin America & Caribbean,Upper middle income,18.2086614173228,4.93635941475281,113.603763547842,30.3027161528634,1.03454930935037,0.7727291584014893,0.4733139872550965,0.4168718457221985,1,2.9553612927972988,0.5577080091010573,4.3,0,111,0
PER,Peru,1993,Latin America & Caribbean,Upper middle income,48.5799864468885,5.24357700773291,28.7665865706199,20.2927106127518,2.18358771544823,0.5244849920272827,0.3472965359687805,0.7601271867752075,1,3.903587253248566,0.7601271867752075,NA,0,111,0
PHL,Philippines,1993,East Asia & Pacific,Lower middle income,6.71631104109973,2.181889985613,50.4650429209218,37.4140033395081,1.99559842727954,0.7643092274665833,0.2762823700904846,0.4476322829723358,0,2.043336405415525,0.5287044104467413,0.6,0,111,0
RWA,Rwanda,1993,Sub-Saharan Africa,Low income,12.3543887630448,-8.1086918809961,25.6790070069858,13.581287776415,0.296217288211986,0.3571072518825531,0.4492354989051819,0.1643451750278473,0,2.591845077116526,0,-6.7,0,111,1
WSM,Samoa,1993,East Asia & Pacific,Lower middle income,1.71509123658868,4.09999101013889,NA,35.476552362431804,3.755927872144,0.3633924722671509,0.32199084758758545,0.4168718457221985,0,0.99882555745799,1,-13.2,0,196,0
STP,Sao Tome and Principe,1993,Sub-Saharan Africa,Lower middle income,NA,1.09999859547847,NA,NA,-0.381733332346607,0.5,0.3160378634929657,0.1643451750278473,0,NA,0.1643451750278473,NA,0,111,0
SEN,Senegal,1993,Sub-Saharan Africa,Lower middle income,-0.586434615120184,1.36021300651346,38.7742599564223,16.1298266264645,-0.0110241006551291,0.4018653929233551,1,0.4168718457221985,0,0.09531017980432492,1,NA,1,132,1
SLB,Solomon Islands,1993,East Asia & Pacific,Lower middle income,9.16866233321985,3.9999995348559,161.468807053225,26.0569765842067,7.77094629688508,0.4646130800247192,0.7615541219711304,0.4168718457221985,0,2.3193106707527047,1,2.1,0,111,0
ZAF,South Africa,1993,Sub-Saharan Africa,Upper middle income,9.71742729803028,1.23355793864741,35.6981243460429,41.5165489636198,0.00767048159682976,0.203787699341774,0.3753217458724976,0.2525267004966736,0,2.371871135984858,0.6057657841085201,NA,0,111,0
LKA,Sri Lanka,1993,South Asia,Lower middle income,11.7467370174946,6.90006325149474,77.1475183409566,31.9499025359947,1.8810822763682,0.6410620212554932,0.16775348782539368,0.700158953666687,1,2.5452753186547716,1,-5.8,0,534,0
LCA,St. Lucia,1993,Latin America & Caribbean,Upper middle income,0.848181596289603,0.583199758222051,NA,48.7426717144402,4.98864250946457,0.5,1,0.4168718457221985,0,0.6142022347821446,0.8914160355784175,-0.3,1,111,1
VCT,St. Vincent and the Grenadines,1993,Latin America & Caribbean,Upper middle income,4.29137553446651,4.25073077397103,NA,60.819631838350404,10.967232837018,0.5,1,0.4168718457221985,0,1.666078237488458,1,-1.5,1,111,1
SUR,Suriname,1993,Latin America & Caribbean,Upper middle income,143.51155848349,-6.6999981497152,NA,63.0079571957745,-10.8684318836603,0.3585873544216156,1,0,1,4.973359493858618,0,-4.7,1,111,1
TJK,Tajikistan,1993,Europe & Central Asia,Lower middle income,NA,-16.3999998448822,70.196305829774,NA,0.546573133821741,NA,0.08128299564123154,NA,0,NA,NA,NA,0,111,0
TZA,Tanzania,1993,Sub-Saharan Africa,Lower middle income,25.277264325323,1.20580080875436,45.2364974710923,16.7993891390436,0.330877967283849,0.36209315061569214,0.20364078879356384,0.2832871377468109,1,3.2687040909879874,1,-2,0,111,0
THA,Thailand,1993,East Asia & Pacific,Upper middle income,3.31219168428468,8.25191591524627,77.7461171174097,83.6329356939609,1.39968290876163,0.5452475547790527,0.7116159200668335,0.4168718457221985,0,1.4614462863024915,1,NA,1,111,1
TGO,Togo,1993,Sub-Saharan Africa,Low income,-1.00688168855034,-15.0958274819575,42.7125004415732,22.9688599202213,-1.06638883343195,0.4018653929233551,1,0.1643451750278473,0,0.09531017980432492,NA,-8.5,1,132,1
TON,Tonga,1993,East Asia & Pacific,Upper middle income,0.960904460459173,3.73805810585928,67.443522721344,34.2218396201805,0.253672875477542,0.3017602860927582,0.33655115962028503,0.700158953666687,0,0.6734058262207179,1,NA,0,111,1
TUN,Tunisia,1993,Middle East & North Africa,Lower middle income,3.9749563191613,2.18982886145824,88.4109677419355,46.2067994271295,3.84641742685117,0.3773151636123657,0.20545969903469088,0.4168718457221985,0,1.6044165905039307,1,-3.2,0,132,0
TUR,Turkiye,1993,Europe & Central Asia,Upper middle income,66.0938429820004,7.65126520301509,33.0170877754618,25.1969872248245,0.37579865975877,0.528684675693512,0.3340463638305664,0.4168718457221985,1,4.206092280929987,0.8914160355784175,NA,0,111,0
UGA,Uganda,1993,Sub-Saharan Africa,Low income,NA,8.32629251939072,28.2398345380313,10.7194876446332,1.69542100473886,0.6016845703125,0.5307550430297852,0.1643451750278473,0,NA,0.1643451750278473,NA,0,111,0
UKR,Ukraine,1993,Europe & Central Asia,Upper middle income,4734.91434744585,-14.1999999993643,52.0688190027854,32.4709353692176,0.304652532051486,0.6020722389221191,0.03960543125867843,NA,0,8.462930090979237,NA,NA,0,111,0
VUT,Vanuatu,1993,East Asia & Pacific,Lower middle income,3.56585691999116,0.735447995455772,94.9704627502461,100.304397768297,12.9521079762656,0.5580728650093079,0.3773041069507599,1,0,1.518606211653232,1,-3.3,0,111,0
VNM,Viet Nam,1993,East Asia & Pacific,Lower middle income,NA,8.07273065739605,66.2122671512498,20.0745540361334,7.02759252660212,NA,0.6965669393539429,0.1643451750278473,0,NA,0.3942342873818497,NA,1,111,1
YEM,"Yemen, Rep.",1993,Middle East & North Africa,Low income,35.7522980164491,4.00196638126631,58.1404142358624,47.0809280660694,4.15424482588227,NA,1,NA,1,3.6042007547637,NA,NA,1,111,1
ZMB,Zambia,1993,Sub-Saharan Africa,Lower middle income,183.312041464393,6.79727404907118,NA,14.071674661622,9.6043832825919,0.7001301646232605,0.06247638538479805,0,1,5.216630198756289,0,NA,0,111,0
ALB,Albania,1994,Europe & Central Asia,Upper middle income,22.5650526933695,8.30286659699082,53.1025847356112,39.7649557954901,2.81772379080922,0.5615226030349731,0.2183440327644348,NA,1,3.1597647964593176,NA,NA,0,134,0
DZA,Algeria,1994,Middle East & North Africa,Upper middle income,29.0476561173071,-0.899996552970833,48.5844377877809,45.3186722525255,2.35055318981288e-6,0.7264364957809448,0.0967814102768898,0.1643451750278473,1,3.4027846585150465,1,-4.1,0,132,0
AGO,Angola,1994,Sub-Saharan Africa,Lower middle income,949.792531120331,1.33936343648007,NA,NA,3.83703655802979,NA,0.02467759698629379,0,1,6.8572958800916295,0,NA,0,111,0
ARM,Armenia,1994,Europe & Central Asia,Upper middle income,3373.75944336293,5.40000277917656,112.429364602262,13.0974112608503,0.608291636986276,NA,0.05620982870459556,NA,0,8.12407932472576,NA,NA,0,111,0
AZE,Azerbaijan,1994,Europe & Central Asia,Upper middle income,1662.21594875899,-19.7000012399238,55.3493194555644,55.9175834000534,1.84387243127836,0.3514983355998993,NA,NA,0,7.416508325698759,NA,3.2,0,111,0
BGD,Bangladesh,1994,South Asia,Lower middle income,5.31374007936497,3.89012644116818,22.8658645545703,28.9521640750639,0.033012230974896,0.6542949676513672,1,0.4168718457221985,0,1.842728223524287,1,0,1,111,1
BLR,Belarus,1994,Europe & Central Asia,Upper middle income,2221.01656992039,-11.7000038612152,155.375709548699,39.0052992749958,0.0703214382060361,0.5655717849731445,0.06777264177799225,NA,0,7.706170427381667,NA,NA,0,111,0
BLZ,Belize,1994,Latin America & Caribbean,Upper middle income,2.56934304644295,-0.0199863391166843,80.8829702605987,29.833073779731,1.99128573612597,0.6021331548690796,1,0.4168718457221985,0,1.2723815582534632,0.5816441288318706,NA,1,111,1
BEN,Benin,1994,Sub-Saharan Africa,Lower middle income,38.5308661668537,2.02040044761662,64.4004792535565,28.4413709645636,-0.444751623578263,0.5,1,0.4168718457221985,0,3.677081788701568,1,-2.1,1,132,0
BTN,Bhutan,1994,South Asia,Lower middle income,7.0099535500995,4.95150372472288,72.1007793556435,29.4828716861064,NA,0.5,1,0.1643451750278473,0,2.0806849620746273,NA,-0.1,1,534,1
BOL,Bolivia,1994,Latin America & Caribbean,Lower middle income,7.87404421467434,4.6672651026673,48.8608505020702,46.0375691038907,2.17681238557843,0.6620727777481079,0.6976346969604492,0.5523677468299866,0,2.18313063544085,0.7389799036260136,-2.7,0,111,0
BWA,Botswana,1994,Sub-Saharan Africa,Upper middle income,10.5429209938218,3.62791615172975,88.1806097283683,20.9218512234796,-0.332324636827833,0.4063720703125,0.5338271260261536,0.1643451750278473,1,2.4460723480994147,0.1643451750278473,NA,1,199,1
BRA,Brazil,1994,Latin America & Caribbean,Upper middle income,2075.88839757325,5.8528703643893,18.6747597961023,45.4613037988532,0.584730926619457,0.5351385474205017,0.04729264974594116,0,1,7.638626089920794,0,NA,0,111,0
BFA,Burkina Faso,1994,Sub-Saharan Africa,Low income,25.1778762249962,1.31500727210265,39.2292222386411,22.1304757143247,0.969328378478066,0.5,1,0.4168718457221985,0,3.264914635151313,1,-1.9,1,132,0
BDI,Burundi,1994,Sub-Saharan Africa,Low income,14.8528149833969,-3.82999999619828,NA,23.0052066694014,4.27861408178981e-4,0.5076019763946533,0.4430382251739502,0.1643451750278473,0,2.763347086030159,1,-1.8,0,111,0
CPV,Cabo Verde,1994,Sub-Saharan Africa,Lower middle income,3.45205833010708,19.1826416318144,71.5634420456064,66.1964376817888,0.523498435615536,0.5,0.43049997091293335,0.1643451750278473,0,1.4933665353281598,0,-12.8,0,182,0
KHM,Cambodia,1994,East Asia & Pacific,Lower middle income,NA,-34.808638773859,64.4680319495873,6.36232853538865,2.46826428986319,0.5099831223487854,0.2592385709285736,NA,0,NA,NA,NA,NA,NA,NA
CMR,Cameroon,1994,Sub-Saharan Africa,Lower middle income,35.0944618459464,1.87680922580404,36.9611210051921,13.9818480031008,0.0412731557711486,0.21631115674972537,1,0.4168718457221985,0,3.586139442100463,1,NA,1,132,0
CAF,Central African Republic,1994,Sub-Saharan Africa,Low income,24.5710137275604,4.89994941000114,48.4180322318527,24.3958643689057,0.423212351291702,0.21631115674972537,1,0.4168718457221985,0,3.241459433709283,1,-7.6,1,132,0
TCD,Chad,1994,Sub-Saharan Africa,Low income,41.7248972364414,10.1368876316675,50.9883513558935,9.56520099073719,2.29478113190748,0.21631115674972537,1,0.4168718457221985,0,3.754781823766262,1,NA,1,132,0
CHN,China,1994,East Asia & Pacific,Upper middle income,24.2569897243361,13.0727091631599,35.605463524878,96.0257622456623,5.95964712479176,0.5726917386054993,0.7902648448944092,0.1643451750278473,0,3.229102938179356,1,-1.7,0,111,0
COL,Colombia,1994,Latin America & Caribbean,Upper middle income,22.8462417553044,5.81466190724336,35.917537450138,32.1082201432541,1.77042262125538,0.453742653131485,0.2022500038146973,0,1,3.1716266265236253,0,-0.1,0,111,0
COM,Comoros,1994,Sub-Saharan Africa,Lower middle income,NA,-3.98651752857747,35.7572794061551,14.2083339690871,0.0564549352359372,NA,1,0.1643451750278473,0,NA,NA,-3.7,1,132,0
COD,"Congo, Dem. Rep.",1994,Sub-Saharan Africa,Low income,23773.1317741015,-3.89999680312374,42.5167224681773,8.40106010880216,-0.0257715032452164,0.295522540807724,0.04329453408718109,0.1643451750278473,1,10.076353368307302,0,NA,0,111,0
COG,"Congo, Rep.",1994,Sub-Saharan Africa,Lower middle income,42.4396750333452,-5.49307574541402,132.736248422167,16.2127936805245,0.168987137204284,0.21631115674972537,1,0.1643451750278473,0,3.77137319478152,0,-10.6,1,132,0
CRI,Costa Rica,1994,Latin America & Caribbean,Upper middle income,13.5344687273427,4.51902837637206,77.9973079960212,31.6843044985007,2.83701364475497,0.4475556015968323,0.7916678786277771,0.4168718457221985,0,2.676522982076414,0.4168718457221985,-5.5,0,111,0
CIV,Cote d'Ivoire,1994,Sub-Saharan Africa,Lower middle income,26.0815719947161,0.811206679935481,69.8366580166987,26.2343249009021,1.41381796970228,0.5,1,0.4168718457221985,0,3.2988534963856804,1,NA,1,132,0
DJI,Djibouti,1994,Middle East & North Africa,Lower middle income,NA,NA,NA,69.3929632024352,0.289528343451566,NA,1,1,0,NA,1,-5,1,111,1
DMA,Dominica,1994,Latin America & Caribbean,Upper middle income,0.0151367351744227,0.034477526872962,NA,51.6480576063658,8.54849329653549,0.5,1,0.4168718457221985,0,0.09531017980432492,0.4712955895532587,-3.4,1,111,1
DOM,Dominican Republic,1994,Latin America & Caribbean,Upper middle income,8.26076798575834,2.59378305986246,77.157908271893,21.7372363463922,1.42098853745987,NA,0.39568060636520386,0.1643451750278473,0,2.225786981046137,0.17482937321433858,NA,1,111,1
ECU,Ecuador,1994,Latin America & Caribbean,Upper middle income,27.3108817940495,4.25825042741626,43.7777474951998,21.1128285729422,2.537928973021,0.2528340518474579,0.4511177241802216,0.43243134021759033,1,3.343246246432774,0.3079235814853742,NA,NA,NA,NA
EGY,"Egypt, Arab Rep.",1994,Middle East & North Africa,Lower middle income,8.15423128587096,3.97317218034541,50.6285714285714,84.6335428571429,2.42013257142857,0.7039013504981995,1,0.2832871377468109,0,2.214216208011346,0.2832871377468109,NA,1,111,1
SLV,El Salvador,1994,Latin America & Caribbean,Upper middle income,10.5858066526451,4.6920617266787,55.1486486416098,46.4338077116602,NA,0.6913270950317383,1,0.4168718457221985,1,2.4497807845190542,0.4168718457221985,-0.9,1,111,1
GNQ,Equatorial Guinea,1994,Sub-Saharan Africa,Upper middle income,31.8410168416385,16.6688355418416,NA,13.8667233537698,16.8594770837927,0.2175704389810562,1,0.1643451750278473,0,3.4916782476139576,0,-487.3,1,132,0
SWZ,Eswatini,1994,Sub-Saharan Africa,Lower middle income,13.7693248804359,2.40069150379567,NA,23.4494329263085,4.45729356553655,0.06954333186149597,1,0.4168718457221985,0,2.6925523866587904,1,-3.4,1,199,1
ETH,Ethiopia,1994,Sub-Saharan Africa,Low income,7.59387600185336,3.18996458331273,NA,31.2213293751225,0.242366826705661,0.5,0.2560945153236389,0,0,2.1510498567932035,0,-5.4,0,111,0
FJI,Fiji,1994,East Asia & Pacific,Upper middle income,0.816666666667011,5.09999960852183,NA,52.4256107141521,-1.71336650331076,0.5,0.5586861968040466,0.4168718457221985,0,0.5970033200072326,1,-0.2,0,111,0
GAB,Gabon,1994,Sub-Saharan Africa,Upper middle income,36.1162456962985,3.71275484108966,99.9266868001633,14.0101531115392,-2.37669285683173,0.21631115674972537,1,0.4168718457221985,0,3.61405476315591,1,-1.5,1,132,0
GMB,"Gambia, The",1994,Sub-Saharan Africa,Low income,1.71020632305637,0.154345959845131,49.9160789438545,11.1987945979985,1.30160018652941,0.332276850938797,0.3512194752693176,0.9400318264961244,0,0.9970247659627062,0.9400318264961244,NA,1,111,1
GEO,Georgia,1994,Europe & Central Asia,Upper middle income,NA,-10.3982300884956,166.902615538069,NA,0.318234733458938,NA,NA,NA,0,NA,NA,NA,NA,NA,NA
GHA,Ghana,1994,Sub-Saharan Africa,Lower middle income,24.8702554369576,3.29999973947747,62.0211527377522,22.5131258405379,4.27806801152738,0.4323832392692566,0.2566629946231842,0.2525267004966736,1,3.253093870016899,0.6057657841085201,-5,0,111,0
GRD,Grenada,1994,Latin America & Caribbean,Upper middle income,3.77065767284965,1.69355604419043,NA,64.3075618770021,5.93983676727061,0.5,1,0.4168718457221985,0,1.562484172303786,1,-2.8,1,111,1
GTM,Guatemala,1994,Latin America & Caribbean,Upper middle income,10.8553211494391,4.03374149641458,42.3708926972021,19.3039472920773,0.502186153783675,0.6855812072753906,0.32277894020080566,0.7167128920555115,1,2.472776808938646,0.7167128920555115,NA,0,111,0
GIN,Guinea,1994,Sub-Saharan Africa,Lower middle income,NA,3.97009910590064,33.3418125019301,6.32607530563365,0.00425721664523434,0.4729971587657929,0.551371157169342,0.1643451750278473,0,NA,1,-2.6,1,111,1
GNB,Guinea-Bissau,1994,Sub-Saharan Africa,Low income,15.1763474313441,3.20000001913081,50.7637789858982,6.68096672912318,0.0702038426762444,0.5,0.341401070356369,0,1,2.7835501402462817,0,-5.5,0,132,0
HTI,Haiti,1994,Latin America & Caribbean,Lower middle income,39.3316195372753,-11.9506292939561,31.1336399762195,36.2411214368409,-0.129176969241841,0.07487280666828156,0.06612642854452133,0.4168718457221985,1,3.697135765214515,0.2198675796643537,NA,0,111,0
HND,Honduras,1994,Latin America & Caribbean,Lower middle income,21.729346883819,29.0190204112194,114.438113886322,26.0213938749678,0.84760481869082,0.6459752321243286,0.3936226963996887,0.5368082523345947,0,3.123656903787708,0.7666948333994227,-1,0,111,0
IND,India,1994,South Asia,Lower middle income,10.2479355556119,6.65892407028434,20.0781443769255,46.0214654858897,0.297386581392873,0.4422273337841034,1,0.1643451750278473,0,2.420184605643281,NA,-8,0,111,1
IDN,Indonesia,1994,East Asia & Pacific,Upper middle income,8.53199829189143,7.53997109551439,51.877101049475,45.3056187318445,1.1922519299764,0.23575712740421295,0.8728540539741516,1,0,2.2546543800391894,1,0,0,111,0
IRN,"Iran, Islamic Rep.",1994,Middle East & North Africa,Upper middle income,31.4470284237728,-1.69828611909162,41.6091363981328,39.5752881853618,0.00278390774262661,NA,0.6682237386703491,0,1,3.479608864959188,0,-3.4,1,111,1
JAM,Jamaica,1994,Latin America & Caribbean,Upper middle income,35.0633942484772,1.38338980682033,NA,43.0281896642517,1.44886099843129,0.768351674079895,0.6362512707710266,0.4476322829723358,1,3.585278341145683,0.339000146327078,2.4,0,111,1
JOR,Jordan,1994,Middle East & North Africa,Lower middle income,3.51669624132886,4.97147669964757,118.336176072338,103.967732311294,0.045776079316656,0.5,0.5587134957313538,0.1643451750278473,0,1.5077808065318514,0,-1.7,1,111,1
KAZ,Kazakhstan,1994,Europe & Central Asia,Upper middle income,1877.37239517572,-12.5999999983168,84.1817390088715,13.0864422597367,3.10435475765865,NA,0.04659176617860794,NA,0,7.538160933601452,NA,NA,0,111,0
KEN,Kenya,1994,Sub-Saharan Africa,Lower middle income,28.8143894306731,2.632784517837,71.2661252293107,38.0160091374846,0.10397675056386,0.6750466227531433,0.129848912358284,0,1,3.3949911437698104,0,-4.1,0,111,0
KGZ,Kyrgyz Republic,1994,Europe & Central Asia,Lower middle income,NA,-20.0851588393243,73.8302050053248,NA,2.27009363668131,0.8413306474685669,0.11721349507570268,NA,0,NA,NA,NA,0,111,0
LAO,Lao PDR,1994,East Asia & Pacific,Lower middle income,6.7844807862023,8.15901853271809,64.809269997254,14.9876336108285,3.83517469899485,0.6284610033035278,1,0,0,2.052132108932368,0,NA,1,111,1
LSO,Lesotho,1994,Sub-Saharan Africa,Lower middle income,8.21473862195302,5.97987353536386,NA,33.2534795587239,4.92676177966186,0.1929807811975479,1,0.2525267004966736,0,2.220804226308551,1,5.7,1,199,1
LBR,Liberia,1994,Sub-Saharan Africa,Low income,NA,-21.7623463097001,NA,12.7837017639748,13.1467473524962,0.444880336523056,1,0.4168718457221985,0,NA,0.15181988104041455,NA,1,111,1
LBY,Libya,1994,Middle East & North Africa,Upper middle income,5.11259890444314,1.93478674200678,53.1524029296679,77.871275208187,-0.253837511203301,NA,0.13186907768249512,0.1643451750278473,0,1.810352035356079,1,-2.7,0,111,0
MDG,Madagascar,1994,Sub-Saharan Africa,Low income,38.9417908989239,-0.042101302622072,43.5589179379958,20.9152597756668,0.162627160821143,0.5392628312110901,0.06438561528921127,0.1643451750278473,1,3.687423166715095,0,-7.2,0,132,0
MWI,Malawi,1994,Sub-Saharan Africa,Low income,34.6496361508324,-10.2401817116217,NA,17.6693785060507,1.45317343859014,0.2729669511318207,0.05319850519299507,0.1643451750278473,1,3.573738940660463,0.3942342873818497,NA,0,111,0
MYS,Malaysia,1994,East Asia & Pacific,Upper middle income,3.72497055359284,9.21204179334867,179.904942673986,111.038979642998,5.82961425798393,0.40714532136917114,0.37771108746528625,0.7167128920555115,0,1.552861328882443,0.660999853672922,5.4,0,111,0
MDV,Maldives,1994,South Asia,Upper middle income,3.38610098291493,7.74948623307952,NA,30.7433267874027,2.45575828762777,0.5,0.5347084999084473,0.7167128920555115,0,1.478440673651063,0.32044557373809845,-4.8,0,111,0
MLI,Mali,1994,Sub-Saharan Africa,Low income,23.1767911524285,5.59168809130144,44.0605023392665,16.0885024997778,0.655817658018571,0.5,1,0.4168718457221985,0,3.1853931296983053,1,NA,1,132,0
MRT,Mauritania,1994,Sub-Saharan Africa,Lower middle income,4.12825861295442,-3.06073216744799,62.6858836744371,NA,0.106932671881943,0.47637611627578735,0.35550859570503235,0.1643451750278473,0,1.6347661498901152,0.3942342873818497,NA,0,111,0
MUS,Mauritius,1994,Sub-Saharan Africa,Upper middle income,7.32347154412294,4.13614286145543,120.560175858082,71.0479295624092,0.554303218876587,0.5865053534507751,0.4264143109321594,0.4168718457221985,0,2.119079420706725,0.30219016649938735,NA,0,112,0
MEX,Mexico,1994,Latin America & Caribbean,Upper middle income,6.96581237191123,4.39412788764169,29.1584721341582,22.9199335459201,1.98196140419983,0.24287478625774384,0.07463161647319794,0.700158953666687,0,2.075158930868106,1,-2.3,0,111,0
FSM,"Micronesia, Fed. Sts.",1994,East Asia & Pacific,Lower middle income,NA,-0.534521158129408,NA,NA,NA,NA,1,NA,0,NA,NA,NA,1,111,1
MDA,Moldova,1994,Europe & Central Asia,Upper middle income,486.42562379589,-30.9000002261447,NA,15.9011417855695,0.67954549992515,NA,0.4440109431743622,NA,1,6.1891377122259055,NA,NA,0,111,0
MNG,Mongolia,1994,East Asia & Pacific,Upper middle income,87.580009329808,2.13438269473237,99.1572950855527,20.1400548065453,0.745287601406598,0.5282684564590454,0.5908934473991394,NA,0,4.4839062038213955,NA,-9.7,0,111,0
MAR,Morocco,1994,Middle East & North Africa,Lower middle income,5.14167152953361,10.5880004161286,47.3135537325048,53.1768927310237,1.5473605424266,0.29459184408187866,0.5483064651489258,0.4168718457221985,0,1.8150969411899256,1,-2.5,0,132,0
MOZ,Mozambique,1994,Sub-Saharan Africa,Low income,NA,6.44018369521994,58.7422249366162,21.421487385137,1.183188645742,0.16979825496673584,0.4941127896308899,0.1643451750278473,0,NA,1,-4,0,111,0
MMR,Myanmar,1994,East Asia & Pacific,Lower middle income,24.0987860757019,7.47795835834528,NA,27.8453938149319,2.84486783034242,0.5,0.4887838065624237,0.1643451750278473,1,3.222819481450333,1,NA,0,111,0
NAM,Namibia,1994,Sub-Saharan Africa,Upper middle income,NA,1.72987948847074,89.4936808345247,33.8829822542467,2.67224525124674,5.848209184478037e-5,1,0,0,NA,0,-0.6,1,199,1
NPL,Nepal,1994,South Asia,Lower middle income,8.34928672883384,8.21600269296587,50.432072744791,36.2420711389458,NA,0.2968178391456604,0.8528704643249512,0.1643451750278473,0,2.2353000547044743,0,NA,1,534,1
NIC,Nicaragua,1994,Latin America & Caribbean,Lower middle income,NA,3.33772611282539,39.0812162921941,13.9268716552203,1.20884706688643,0.760815441608429,0.9729187488555908,0.4168718457221985,0,NA,0.4168718457221985,NA,0,111,0
NER,Niger,1994,Sub-Saharan Africa,Low income,36.0410583134241,1.85477879101168,33.6425286170597,11.9889797484989,0.210312271568008,0.5,1,0.4168718457221985,0,3.6120269815464785,0.8080986016234855,NA,1,132,0
NGA,Nigeria,1994,Sub-Saharan Africa,Lower middle income,57.0317089119659,-1.81492448525675,NA,15.0919364078861,2.43685234729338,0.2585926651954651,1,0,1,4.060989566536201,0,-3,1,111,1
PAK,Pakistan,1994,South Asia,Lower middle income,12.3681943936948,3.73741555767747,35.0577237131595,45.4102957414578,0.805118941060125,0.5322954058647156,0.8089746832847595,0.1643451750278473,0,2.5928783329060043,1,-3.6,0,111,1
PNG,Papua New Guinea,1994,East Asia & Pacific,Lower middle income,2.85272217387134,5.94210905967769,93.3026653165289,30.1038641665009,1.08514966617677,0.3738555908203125,0.19076192378997803,0.4168718457221985,0,1.3487799566002443,0.43305520707219824,-1,0,111,0
PRY,Paraguay,1994,Latin America & Caribbean,Upper middle income,20.5661948376355,5.31791766023942,123.079329466864,31.7520189687311,1.7418411059262,0.486430823802948,0.6862817406654358,0.4168718457221985,1,3.0711270349009165,0.5577080091010573,4.6,1,111,1
PER,Peru,1994,Latin America & Caribbean,Upper middle income,23.7369050565046,12.3083661848445,28.9229957698901,19.5703953174611,7.32850781495285,0.4620857834815979,0.4638577997684479,0.8200953602790833,1,3.2082962603718457,0.8200953602790833,NA,0,111,0
PHL,Philippines,1994,East Asia & Pacific,Lower middle income,10.3864734299517,4.37366591819077,52.5265038023175,41.2770482508014,2.17470533097175,0.5951550006866455,0.337330162525177,0.4476322829723358,0,2.4324261096707627,0.5287044104467413,-0.4,0,111,0
RWA,Rwanda,1994,Sub-Saharan Africa,Low income,NA,-50.2480671038988,71.0956283073375,22.4275631264093,1.32689986736822e-4,0.5726357102394104,0.4887576401233673,0.4168718457221985,0,NA,0.43305520707219824,-9.7,0,111,0
WSM,Samoa,1994,East Asia & Pacific,Lower middle income,12.0803818909762,-2.54210048090948,NA,24.6358636299325,1.35686372324476,0.5,0.38897860050201416,0.4168718457221985,0,2.571113542160655,1,-9.5,0,196,0
STP,Sao Tome and Principe,1994,Sub-Saharan Africa,Lower middle income,NA,2.20000158236296,NA,NA,NA,0.5,0.11509110033512115,0.1643451750278473,0,NA,0.1643451750278473,NA,0,111,0
SEN,Senegal,1994,Sub-Saharan Africa,Lower middle income,32.2936668569552,-0.0475209486617416,54.7381345984609,16.6970052365714,1.32833576338483,0.5,1,0.4168718457221985,0,3.5053671944232176,1,5.9,1,132,0
SLB,Solomon Islands,1994,East Asia & Pacific,Lower middle income,13.2560325916638,8.10000122622149,136.814712152103,23.5748945154044,0.520408720090099,0.418184757232666,0.8428011536598206,0.4168718457221985,0,2.6571801568975433,1,3.7,0,111,1
ZAF,South Africa,1994,Sub-Saharan Africa,Upper middle income,8.938563723594,3.20000000297172,37.1146091666279,43.3445594540077,0.24389539814991,0.3875136375427246,0.39329856634140015,0.4168718457221985,0,2.2964225156198816,1,NA,0,111,0
LKA,Sri Lanka,1994,South Asia,Lower middle income,8.44871248698348,5.59991872510166,79.4307906970319,32.9834014805227,1.42019594735505,0.432117760181427,0.6355975866317749,0.700158953666687,0,2.2458784874598376,1,-7.4,0,534,1
LCA,St. Lucia,1994,Latin America & Caribbean,Upper middle income,2.81591665153968,1.59856016206341,NA,49.8097772184743,4.55682407887908,0.5,1,0.4168718457221985,0,1.339180911507797,0.8914160355784175,0,1,111,1
VCT,St. Vincent and the Grenadines,1994,Latin America & Caribbean,Upper middle income,1.0089495525225,-1.24762336447148,NA,64.2326099196397,16.208988073911,0.5,1,0.4168718457221985,0,0.6976119747770994,1,0.1,1,111,1
SUR,Suriname,1994,Latin America & Caribbean,Upper middle income,368.478068706267,3.39999889736058,NA,34.592079964504,-4.98767501478998,0.4210769832134247,0.00745118735358119,0.1643451750278473,1,5.912091384651819,1,-1.9,0,111,0
TJK,Tajikistan,1994,Europe & Central Asia,Lower middle income,NA,-21.2999980130949,86.3658415841584,NA,0.788435643564356,NA,0.13902735710144043,NA,0,NA,NA,NA,0,111,0
TZA,Tanzania,1994,Sub-Saharan Africa,Lower middle income,34.0833640722984,1.56766176421846,44.2367675621224,17.0667739503577,0.763316452562527,0.42948484420776367,0.42182034254074097,0.2832871377468109,1,3.557727060064023,1,-3.7,0,111,0
THA,Thailand,1994,East Asia & Pacific,Upper middle income,5.04774897680755,7.99702466720433,81.2489529938277,81.8888800219024,0.93155550985152,0.4524862468242645,0.7229851484298706,0.4168718457221985,0,1.799686132858387,1,NA,1,111,1
TGO,Togo,1994,Sub-Saharan Africa,Low income,39.1627673796795,14.9824143442687,57.5643564343816,21.2181788401275,-0.235321137982799,0.5,1,0.1643451750278473,0,3.6929403818659288,NA,-5.4,1,132,0
TON,Tonga,1994,East Asia & Pacific,Upper middle income,1.01295206694856,4.95252124359504,62.9597680826041,26.4876193877192,1.27004421143699,0.3987410068511963,0.3426567018032074,0.4768400490283966,0,0.6996023346248009,0.5832154499542714,NA,0,111,0
TUN,Tunisia,1994,Middle East & North Africa,Lower middle income,4.73323063996595,3.17841132209441,92.8043860425704,46.3010155686805,2.763408718958,0.4166629016399383,0.5023503303527832,0.4168718457221985,0,1.7462791833570366,1,-2.9,0,132,0
TUR,Turkiye,1994,Europe & Central Asia,Upper middle income,105.214986469202,-4.66814736394839,41.7458523409412,31.6005197044971,0.465363886338255,0.4560489356517792,0.07012805342674255,0.4168718457221985,1,4.665465214381188,0.8914160355784175,NA,0,111,0
UGA,Uganda,1994,Sub-Saharan Africa,Low income,10.0367598792175,6.40363574007452,27.8393598574633,12.8045256313817,2.2102878668809,0.605360746383667,0.22171616554260257,0.4168718457221985,0,2.401231508571252,0.4168718457221985,NA,0,111,0
UKR,Ukraine,1994,Europe & Central Asia,Upper middle income,891.187748133705,-22.8999999992283,73.9440042067872,26.7135489450218,0.302571398665359,0.5054106712341309,0.03264982625842094,NA,0,6.793676590402729,NA,NA,0,111,0
VUT,Vanuatu,1994,East Asia & Pacific,Lower middle income,2.30256079190869,9.08146609289211,92.8723717100426,92.4581311571828,12.7454042254148,0.5,0.4804900288581848,1,0,1.194698165090096,1,-1.3,0,111,0
VNM,Viet Nam,1994,East Asia & Pacific,Lower middle income,NA,8.83898095245374,77.4731979426888,NA,11.9394828586715,NA,1,0.1643451750278473,0,NA,0.3942342873818497,NA,1,111,1
YEM,"Yemen, Rep.",1994,Middle East & North Africa,Low income,49.3941553813254,6.72194912231696,68.9640403073869,48.3869318958498,0.0563893329846604,NA,1,NA,1,3.91987520369666,NA,NA,1,111,1
ZMB,Zambia,1994,Sub-Saharan Africa,Lower middle income,54.6013218413016,-8.62544195231277,66.6505948295585,13.5634130797137,1.09385070431742,0.5506120324134827,0.02482510916888714,0,1,4.0182069750980665,0,NA,0,111,0
ALB,Albania,1995,Europe & Central Asia,Upper middle income,7.79321853789214,13.3223333268813,40.1386989518314,39.9003561002881,2.40956158210409,0.5973902344703674,0.3763470947742462,0.4168718457221985,0,2.1739808037093247,1,NA,0,134,0
DZA,Algeria,1995,Middle East & North Africa,Upper middle income,29.7796264864998,3.79999479063817,55.1910052081435,37.1694457949497,2.39438994406772e-6,0.6660669445991516,0.26918825507164,0.1643451750278473,1,3.426852993395577,1,-1.3,0,132,0
AGO,Angola,1995,Sub-Saharan Africa,Lower middle income,2666.45059288537,15.0000000288633,NA,36.4871300806511,8.52948883994992,0.5228714942932129,0.03369796648621559,0,1,7.888878461124477,0,NA,0,111,0
ARM,Armenia,1995,Europe & Central Asia,Upper middle income,175.951325534583,6.89999841973659,86.1148570667578,7.70715371562187,1.72442275716256,0.28730374574661255,0.5681746006011963,NA,0,5.175874697775469,NA,NA,0,111,1
AZE,Azerbaijan,1995,Europe & Central Asia,Upper middle income,411.759641777267,-11.7999991076818,85.8937107507733,12.3152709813478,13.6534869926891,0.22282081842422485,0.5094858407974243,NA,1,6.022865442375412,NA,-1.3,0,111,0
BGD,Bangladesh,1995,South Asia,Lower middle income,10.2978117947206,5.12127789724337,28.2094960764218,28.827915737296,0.00499837818821925,0.7569454908370972,1,0.4168718457221985,0,2.4246090604814907,1,-0.4,1,111,1
BLR,Belarus,1995,Europe & Central Asia,Upper middle income,709.346032118606,-10.4000003781854,103.718194772782,14.7726667380542,0.105205275981648,0.3932707309722901,0.24866576492786407,NA,1,6.565752220490711,NA,NA,0,111,0
BLZ,Belize,1995,Latin America & Caribbean,Upper middle income,2.88961584372151,0.731558011871286,77.3367628065445,33.2468533555097,2.57149410220803,0.5913090109825134,1,0.4168718457221985,0,1.3583103979264006,0.5816441288318706,NA,1,111,1
BEN,Benin,1995,Sub-Saharan Africa,Lower middle income,14.4625482180894,6.04519865041564,63.800140010475,22.873627302817,-0.356668640063887,0.5,1,0.4168718457221985,0,2.738420856102711,1,-2.6,1,132,1
BTN,Bhutan,1995,South Asia,Lower middle income,9.48754836789369,7.07411745757784,83.8829086495551,34.4891519950029,0.0172122381711195,0.5393293499946594,1,0.1643451750278473,0,2.3501886837391797,NA,-0.9,1,534,1
BOL,Bolivia,1995,Latin America & Caribbean,Lower middle income,10.1932067630745,4.67827659710034,49.737987097898,42.4922259133467,5.847960416432,0.6195695400238037,0.7152169942855835,0.5523677468299866,0,2.415307055270644,0.7389799036260136,-1.6,0,111,0
BWA,Botswana,1995,Sub-Saharan Africa,Upper middle income,10.512546081579,7.03041024834083,94.595171646002,20.4782602064937,1.48846306653149,0.562110424041748,0.6325255632400513,0.4168718457221985,1,2.4434374043164326,0.4168718457221985,NA,1,199,1
BRA,Brazil,1995,Latin America & Caribbean,Upper middle income,66.0070335542481,4.2237936336472,16.9844599991956,32.4485468783574,0.631585790960148,0.4089159369468689,0.40315672755241394,0,1,4.2047975923027305,0,NA,0,111,0
BFA,Burkina Faso,1995,Sub-Saharan Africa,Low income,7.45884497828324,5.71637386269622,40.7474714183407,23.9702848549793,0.412551201629083,0.5,1,0.4168718457221985,0,2.1352126369077316,1,-2.6,1,132,1
BDI,Burundi,1995,Sub-Saharan Africa,Low income,19.2632536382537,-7.92000000374772,NA,19.8036143636716,0.19810737848951,0.5,0.3180871903896332,0.1643451750278473,0,3.008809080114909,1,-3.7,0,111,0
CPV,Cabo Verde,1995,Sub-Saharan Africa,Lower middle income,8.35152497972927,14.2116362469634,77.5155513809747,67.1200964080596,5.37425869038076,0.5,0.4464883804321289,0.1643451750278473,0,2.235539429437614,0,-11.1,0,182,0
KHM,Cambodia,1995,East Asia & Pacific,Lower middle income,-0.798944337811878,9.90346890117173,77.7667280459137,7.69656814918501,4.38218500888824,0.5066554546356201,0.2440852522850037,0.4168718457221985,0,0.09531017980432492,0.4168718457221985,NA,NA,NA,NA
CMR,Cameroon,1995,Sub-Saharan Africa,Lower middle income,9.06969071921509,2.89400137739698,36.682272663701,11.9588597793816,0.139033995720212,0.1905613988637924,1,0.4168718457221985,0,2.3095299931719317,1,NA,1,132,1
CAF,Central African Republic,1995,Sub-Saharan Africa,Low income,19.1894039735098,7.20004555751903,50.4758911171183,21.5930093669454,0.555910651339989,0.1905613988637924,1,0.4168718457221985,0,3.00515791101281,1,-4.8,1,132,1
TCD,Chad,1995,Sub-Saharan Africa,Low income,9.23032599768656,1.23654931823651,55.6965565726313,12.9137178295389,2.25542024301071,0.1905613988637924,1,0.4168718457221985,0,2.325356446287329,1,-3.1,1,132,1
CHN,China,1995,East Asia & Pacific,Upper middle income,16.7912251650916,11.0328121562746,34.1049521589323,98.5305615302014,4.85635899646063,0.546148419380188,1,0.1643451750278473,1,2.8787053674959613,1,-0.9,1,111,1
COL,Colombia,1995,Latin America & Caribbean,Upper middle income,20.8917930194849,5.20243759278655,35.4972303177666,32.9296463798546,1.04680224097574,0.42116641998291016,0.3179832994937897,0,1,3.0861118186181615,0,-1,0,111,0
COM,Comoros,1995,Sub-Saharan Africa,Lower middle income,NA,5.63727928670581,35.7572385369768,11.889443545206,0.226472068292729,NA,1,0.1643451750278473,0,NA,NA,-4.1,1,132,1
COD,"Congo, Dem. Rep.",1995,Sub-Saharan Africa,Low income,541.908883239026,0.699998829794396,52.2085314177979,6.7405046846566,-0.396035086238951,0.30952465534210205,0.05375195294618606,0.1643451750278473,1,6.296941503347122,0,NA,0,111,0
COG,"Congo, Rep.",1995,Sub-Saharan Africa,Lower middle income,9.41800743452227,3.9853243781107,128.312504260557,15.0715773527741,5.3299564486963,0.1905613988637924,1,0.4168718457221985,0,2.343535792945539,1,-6.4,1,132,1
CRI,Costa Rica,1995,Latin America & Caribbean,Upper middle income,23.1864981102567,4.15395304333353,79.7743745489399,26.2682219794938,2.90967964192101,0.3942983150482178,0.8760704398155212,0.4768400490283966,0,3.185794548133922,0.4768400490283966,-3.7,0,111,0
CIV,Cote d'Ivoire,1995,Sub-Saharan Africa,Lower middle income,14.2950690851944,7.12574472834217,76.202343905242,26.041415794334,1.9250729478447,0.5,1,0.4168718457221985,0,2.727530494440943,1,NA,1,132,1
DJI,Djibouti,1995,Middle East & North Africa,Lower middle income,NA,NA,NA,72.1703445780953,0.646649181513972,NA,1,1,0,NA,1,-5.1,1,111,1
DMA,Dominica,1995,Latin America & Caribbean,Upper middle income,1.3175374577496901,3.0308658627128,NA,60.0274947720619,19.7042673466359,0.5,1,0.4168718457221985,0,0.8405051813260409,0.4712955895532587,-2.9,1,111,1
DOM,Dominican Republic,1995,Latin America & Caribbean,Upper middle income,12.5359594558962,5.69998859173715,73.8979593803276,21.8798298927143,2.5088098596536,0.19228829443454745,0.501178503036499,0.4168718457221985,0,2.6053498075798456,0.44346567208904736,NA,1,111,1
ECU,Ecuador,1995,Latin America & Caribbean,Upper middle income,22.9341344145802,2.25254865225104,45.9112707318244,20.9518042357402,1.85193034031665,0.34186071157455444,0.34659823775291443,0.43243134021759033,1,3.175305658187205,0.3079235814853742,-2,NA,NA,NA
EGY,"Egypt, Arab Rep.",1995,Middle East & North Africa,Lower middle income,15.7422305021595,4.64245877240639,50.2450980392157,79.7874019607843,0.994028431372549,0.6323994398117065,1,0.2832871377468109,0,2.817934300041756,0.2832871377468109,NA,1,111,1
SLV,El Salvador,1995,Latin America & Caribbean,Upper middle income,10.0296564501018,4.73408140229732,59.3607543357884,44.7429588348283,0.426333155458645,0.6500476002693176,1,0.4168718457221985,1,2.4005876859174,0.4168718457221985,-0.2,1,111,1
GNQ,Equatorial Guinea,1995,Sub-Saharan Africa,Upper middle income,19.8724349483472,17.4862637323938,NA,16.3263272854262,89.4756175644807,0.18578292429447177,1,0.4168718457221985,0,3.038429386461073,1,-123.4,1,132,1
SWZ,Eswatini,1995,Sub-Saharan Africa,Lower middle income,12.2885912601426,4.82565115428272,NA,19.9180375008406,3.04629095204008,0.05450842902064323,1,0.4168718457221985,1,2.586905867117488,1,0.9,1,199,1
ETH,Ethiopia,1995,Sub-Saharan Africa,Low income,10.0221733553238,6.12751141587474,NA,28.4590896726797,0.180008028148242,0.5,0.388121485710144,0.1643451750278473,0,2.3999090034560115,1,-2.8,0,111,0
FJI,Fiji,1995,East Asia & Pacific,Upper middle income,2.16564721441536,2.49999853846879,NA,52.8466563210509,-1.15125022335583,0.5,0.47283002734184265,0.4168718457221985,0,1.152357525817175,1,0.8,0,111,1
GAB,Gabon,1995,Sub-Saharan Africa,Upper middle income,9.64653104079616,4.97384776335103,95.1346961861668,14.5022624434389,-3.94238849463857,0.1905613988637924,1,0.4168718457221985,0,2.3652341152269876,1,2.6,1,132,1
GMB,"Gambia, The",1995,Sub-Saharan Africa,Low income,6.98097441830556,0.881848240754678,59.2767980339628,12.1960209235368,0.983365191013703,0.4200219213962555,0.34615224599838257,1,0,2.077060511564284,1,NA,1,111,1
GEO,Georgia,1995,Europe & Central Asia,Upper middle income,162.717152150377,2.59657506969336,67.8286788091539,7.73874480486522,NA,NA,0.4671765267848969,NA,0,5.098140256838031,NA,-4.9,1,111,1
GHA,Ghana,1995,Sub-Saharan Africa,Lower middle income,59.4615536991446,4.11241897162861,57.4230942889947,21.6429944399293,1.64748906691435,0.46998274326324463,0.36103498935699463,0.4168718457221985,1,4.102007686989114,1,-4.5,0,111,0
GRD,Grenada,1995,Latin America & Caribbean,Upper middle income,1.86882475298978,2.12947514959858,NA,67.514158766349,5.83851031177903,0.5,1,0.4168718457221985,0,1.053902452174292,1,-0.5,1,111,1
GTM,Guatemala,1995,Latin America & Caribbean,Upper middle income,8.41141312270566,4.94854750210382,44.6894303422515,19.5598248513479,0.513121288070686,0.6638697385787964,0.6377169489860535,0.7167128920555115,0,2.2419231147673453,0.7167128920555115,-0.5,0,111,0
GIN,Guinea,1995,Sub-Saharan Africa,Lower middle income,NA,4.60767320245354,31.3044291693273,6.35037430015957,0.0142785414169761,0.41713422536849976,0.869442880153656,0.1643451750278473,0,NA,1,-1.1,1,111,1
GNB,Guinea-Bissau,1995,Sub-Saharan Africa,Low income,45.3653083621856,4.4000000061065,46.8104328931542,6.32263978698623,0.00605881226648954,0.5,0.30699440836906433,0,1,3.836551514983564,0,2.4,0,132,0
HTI,Haiti,1995,Latin America & Caribbean,Lower middle income,27.6081851727601,9.89770748815705,37.8478190633142,36.1476363502976,0.2630350503705,0.18526910245418549,0.1835552603006363,0.4168718457221985,1,3.3536928717316243,0.2198675796643537,NA,0,111,0
HND,Honduras,1995,Latin America & Caribbean,Lower middle income,29.4645292281585,24.6744629260929,114.537647463165,25.8408134298046,1.07012618338771,0.6022945046424866,0.4000982940196991,0.5967764854431152,1,3.416563030705909,0.8523442888473188,-0.2,0,111,0
IND,India,1995,South Asia,Lower middle income,10.2248861637544,7.57449183788519,22.8674487062499,43.545308881586,0.594986329567616,0.4422953426837921,0.34624552726745605,0.1643451750278473,0,2.4181332922632555,NA,-6.8,0,111,0
IDN,Indonesia,1995,East Asia & Pacific,Upper middle income,9.42030300572996,8.22000739903493,53.9585900635426,48.585731443755,2.15007984011937,0.3057187497615814,0.9241190552711488,1,0,2.3437561151471455,1,0.6,0,111,0
IRN,"Iran, Islamic Rep.",1995,Middle East & North Africa,Upper middle income,49.65598584627461,2.40104455220023,35.1442449159574,36.4496850927307,0.0176313384274561,NA,0.69895172119140625,0,1,3.925057404289897,0,-2.6,1,111,1
JAM,Jamaica,1995,Latin America & Caribbean,Upper middle income,19.9087488364168,2.34995703773234,NA,42.9806647688927,1.54769563682143,0.7065185308456421,0.3113481402397156,0.4476322829723358,1,3.0401676759935414,0.339000146327078,1.5,0,111,0
JOR,Jordan,1995,Middle East & North Africa,Lower middle income,2.35312451301273,6.20087444373819,124.582688188008,101.590620824231,0.197813411584189,0.5,0.5955469012260437,0.4476322829723358,0,1.209892601603061,0.339000146327078,-1.5,1,111,1
KAZ,Kazakhstan,1995,Europe & Central Asia,Upper middle income,176.15529894237,-8.2000000011824,82.522407044045,11.3769609244816,4.73243190920833,NA,0.2414959222078323,NA,0,5.177026743042331,NA,NA,0,111,0
KEN,Kenya,1995,Sub-Saharan Africa,Lower middle income,1.55432816055009,4.40621652482287,71.7457416403035,42.2322687761872,0.467474589272783,0.7197101712226868,0.168990358710289,0,0,0.937789238217007,0,-0.2,0,111,0
KGZ,Kyrgyz Republic,1995,Europe & Central Asia,Lower middle income,NA,-5.4238219222602,71.8242686635574,17.2018878792946,5.78455717412713,0.7748194932937622,0.3693755567073822,NA,0,NA,NA,-13.5,0,111,0
LAO,Lao PDR,1995,East Asia & Pacific,Lower middle income,19.5939189878584,7.03125432419004,60.5544661404946,13.6189131184648,5.39257398643831,0.5136100053787231,0.17165561020374298,0.1643451750278473,0,3.0249958374528294,0.3942342873818497,NA,0,111,0
LSO,Lesotho,1995,Sub-Saharan Africa,Lower middle income,9.27083333333323,3.29093812272822,NA,31.3362061998186,2.41305020942596,0.15279871225357056,1,0.2525267004966736,0,2.329308163134789,1,5.1,1,199,1
LBR,Liberia,1995,Sub-Saharan Africa,Low income,NA,-4.26620499022189,NA,15.1285744778543,3.41246290801187,0.46325355768203735,1,0.4168718457221985,0,NA,0.15181988104041455,NA,1,111,1
LBY,Libya,1995,Middle East & North Africa,Upper middle income,7.23798494499129,-2.2204069560875,51.5917602996255,79.6179775280899,-0.346442001999387,NA,0.33456578850746155,0.1643451750278473,0,2.1087557685044853,1,3.8,0,111,0
MDG,Madagascar,1995,Sub-Saharan Africa,Low income,49.0802100590784,1.67859232120303,45.3744915678324,16.0401054875396,0.252994077483842,0.5477311015129089,0.11372726410627364,0.1643451750278473,1,3.9136259212534616,0,-5.1,0,132,0
MWI,Malawi,1995,Sub-Saharan Africa,Low income,83.3257747543458,16.7288173003423,NA,13.3439452832872,0.277476590586289,0.2678470015525818,0.8299199342727661,0.4168718457221985,1,4.434687568623809,1,NA,1,111,1
MYS,Malaysia,1995,East Asia & Pacific,Upper middle income,3.45057509584895,9.82908519730812,192.113200253514,115.629851712343,4.71024540158831,0.4401367902755738,0.4690931737422943,0.7167128920555115,0,1.4930333228502586,0.660999853672922,3.1,0,111,0
MDV,Maldives,1995,South Asia,Upper middle income,5.48886133171504,12.9857843069314,NA,31.16287983646,1.81225837757684,0.5,1,0.7167128920555115,0,1.8700870656642072,0.32044557373809845,-5.7,1,111,1
MLI,Mali,1995,Sub-Saharan Africa,Low income,13.4417696811974,0.728693727529304,45.0810713232829,15.1180070810593,3.30326476806717,0.5,1,0.4168718457221985,0,2.670124680055083,1,NA,1,132,1
MRT,Mauritania,1995,Sub-Saharan Africa,Lower middle income,6.54379068524171,9.81980039567452,73.416940256179,NA,0.334144059448081,0.5,0.3867614567279816,0.1643451750278473,0,2.020724799087499,0.3942342873818497,NA,0,111,0
MUS,Mauritius,1995,Sub-Saharan Africa,Upper middle income,6.02933188484532,4.28773657145238,118.148720557781,76.6447562428099,0.45650892153957,0.549433708190918,0.47648191452026367,0.4168718457221985,0,1.9500916635886103,0.30219016649938735,NA,0,112,0
MEX,Mexico,1995,Latin America & Caribbean,Upper middle income,34.9992712889592,-5.91029962358286,43.6658317263397,23.1393938068072,2.50587999844817,0.20509712398052216,0.1118307039141655,0.700158953666687,0,3.583498696277883,1,-2.3,0,111,0
FSM,"Micronesia, Fed. Sts.",1995,East Asia & Pacific,Lower middle income,NA,7.01446484549948,90.9380243498818,49.0310545887258,NA,NA,1,NA,0,NA,NA,-0.5,1,111,1
MDA,Moldova,1995,Europe & Central Asia,Upper middle income,29.8656104095718,-1.39999905491376,128.016386523173,19.2171384080936,3.8168867101408,0.31975865364074707,0.4845843315124512,NA,1,3.429642632406233,NA,-2.6,0,111,0
MNG,Mongolia,1995,East Asia & Pacific,Upper middle income,0.0435161009571923,6.3764268864666,82.1036587592106,15.6641032175228,0.674854439037465,0.5949224829673767,0.5909071564674377,0.1643451750278473,0,0.09531017980432492,0,-5,0,111,0
MAR,Morocco,1995,Middle East & North Africa,Lower middle income,6.12358164775523,-5.40544787197402,51.7150253841236,55.9572669488579,0.85771412858708,0.27556148171424866,0.5182446837425232,0.4168718457221985,0,1.9634106393565305,1,-2.5,1,132,1
MOZ,Mozambique,1995,Sub-Saharan Africa,Low income,NA,2.12289380592357,63.7735360253924,20.4552254059054,1.46979753525989,0.263477623462677,0.2640381157398224,0.1643451750278473,0,NA,1,-2.5,0,111,0
MMR,Myanmar,1995,East Asia & Pacific,Lower middle income,25.1947123972847,6.94805143702995,NA,30.2452503518105,5.24087787832261,0.566811740398407,0.33457478880882263,0.1643451750278473,1,3.2655575735017504,1,NA,0,111,0
NAM,Namibia,1995,Sub-Saharan Africa,Upper middle income,NA,3.8990142211043,93.5608471865094,37.4742041272121,3.84604478159912,0.02706411480903625,1,0.1643451750278473,0,NA,1,-1.7,1,199,1
NPL,Nepal,1995,South Asia,Lower middle income,7.62296950698163,3.46845189309603,59.49051839854,38.0349036158321,NA,0.4418084025382995,0.5299145579338074,0.4168718457221985,0,2.154429515721517,1,NA,1,534,1
NIC,Nicaragua,1995,Latin America & Caribbean,Lower middle income,NA,5.91190793658714,44.0397944057464,15.6634192887963,2.14709924235654,0.8231087923049927,0.8239544630050659,0.4168718457221985,0,NA,0.4168718457221985,NA,0,111,0
NER,Niger,1995,Sub-Saharan Africa,Low income,10.5632886691814,2.4572441223155,34.7775356997428,11.6456076178013,0.097014899419516007,0.5,1,0.4768400490283966,0,2.4478353097388994,1,-3.2,1,132,1
NGA,Nigeria,1995,Sub-Saharan Africa,Lower middle income,72.8355022972638,-0.0726647639378371,NA,10.2819127169307,0.238321527429399,0.3016308546066284,1,0,1,4.301839676872243,0,2.5,1,111,1
PAK,Pakistan,1995,South Asia,Lower middle income,12.3435785170513,4.96260914623281,36.132753673519,43.5708459410415,1.19175194004056,0.4932188391685486,0.3011014759540558,0.1643451750278473,0,2.5910352591651535,1,-3.9,0,111,0
PNG,Papua New Guinea,1995,East Asia & Pacific,Lower middle income,17.280932681459,-3.31244877829666,104.739980951459,30.5694868193779,9.8050738668279,0.39323174953460693,0.3388688266277313,0.4168718457221985,0,2.90585858668608,0.43305520707219824,1.1,0,111,0
PRY,Paraguay,1995,Latin America & Caribbean,Upper middle income,13.4254143646407,6.82281030358578,118.064074196549,26.9013499228697,1.04280102601092,0.5093715190887451,0.7382107377052307,0.4168718457221985,1,2.6689915374332904,0.5577080091010573,2.8,1,111,1
PER,Peru,1995,Latin America & Caribbean,Upper middle income,11.1287029707089,7.41139504735119,30.9272178475508,20.7362197849713,4.79618741233796,0.45044755935668945,0.4742620587348938,0.8800635933876038,1,2.4955747898446625,0.8800635933876038,NA,0,111,0
PHL,Philippines,1995,East Asia & Pacific,Lower middle income,6.83199610989534,4.62522511739661,57.3305579762779,45.4014681630375,1.74612997966882,0.4857059121131897,0.41156429052352905,0.700158953666687,0,2.058217408534437,1,0,0,111,0
RWA,Rwanda,1995,Sub-Saharan Africa,Low income,NA,35.2240783089712,30.9721731494864,18.5899425369376,0.154615043337175,0.5726357102394104,0.0537104532122612,0.4168718457221985,0,NA,0.43305520707219824,-2.1,0,111,0
WSM,Samoa,1995,East Asia & Pacific,Lower middle income,-2.90352865746142,6.6736431464967,NA,30.8729376613341,1.52980179721455,0.5,0.2985999882221222,0.4168718457221985,0,0.09531017980432492,1,-5.8,0,196,0
STP,Sao Tome and Principe,1995,Sub-Saharan Africa,Lower middle income,NA,2.00000170678776,NA,13.8067699057663,0.0289309335040707,0.5,0.14252208173274994,0.1643451750278473,0,NA,0.1643451750278473,NA,0,111,0
SEN,Senegal,1995,Sub-Saharan Africa,Lower middle income,7.8640078457011,5.46858485819628,52.7254034277702,15.8771912554011,0.500667561946631,0.5,1,0.4168718457221985,0,2.181999015124245,1,2.4,1,132,1
SLB,Solomon Islands,1995,East Asia & Pacific,Lower middle income,9.62921970116226,10.0886153892407,114.205186316442,21.3503030815511,0.431553004153041,0.4535716772079468,0.7245712280273436,0.4168718457221985,0,2.3636067843126343,1,2.7,0,111,0
ZAF,South Africa,1995,Sub-Saharan Africa,Upper middle income,8.68042421392631,3.10000000054411,39.4780337793026,44.011018589913,0.72694450392697,0.4758056700229645,0.518686056137085,0.4168718457221985,0,2.2701057240809712,1,NA,0,111,0
LKA,Sri Lanka,1995,South Asia,Lower middle income,7.67484873449805,5.5000852341585,81.6350490886111,38.8518386515158,0.42975354803099,0.5856685638427734,0.34694990515708923,0.700158953666687,0,2.160427888735428,1,-7.1,0,534,0
LCA,St. Lucia,1995,Latin America & Caribbean,Upper middle income,5.62965921512378,1.74822586503767,NA,51.6107787378641,4.29271844660194,0.5,1,0.4168718457221985,0,1.8915534024429048,0.8914160355784175,-0.1,1,111,1
VCT,St. Vincent and the Grenadines,1995,Latin America & Caribbean,Upper middle income,1.73837289880567,7.76665024455248,NA,62.2561358149129,9.69620965284451,0.5,1,0.4168718457221985,0,1.0073639114589197,1,1.1,1,111,1
SUR,Suriname,1995,Latin America & Caribbean,Upper middle income,235.558815073605,0,NA,25.8645394084722,-2.97864127216757,0.32894375920295715,0.16887781023979187,0.1643451750278473,1,5.466196866542858,1,1.2,0,111,0
TJK,Tajikistan,1995,Europe & Central Asia,Lower middle income,NA,-12.416322231899,137.515902578797,NA,0.811977077363897,NA,0.03418037667870521,NA,0,NA,NA,NA,0,111,0
TZA,Tanzania,1995,Sub-Saharan Africa,Lower middle income,27.4277854195323,3.56991186849247,45.1619199872127,17.2768110808831,1.57161403336131,0.34983381628990173,0.23306728899478912,0.2832871377468109,1,3.347367026727785,1,-2.1,0,111,0
THA,Thailand,1995,East Asia & Pacific,Upper middle income,5.81818181818192,8.12031534625378,89.7561749368245,84.3357009911291,1.22161487733782,0.4921267330646515,0.6415538191795349,0.4168718457221985,0,1.9195928407379548,1,3.1,1,111,1
TGO,Togo,1995,Sub-Saharan Africa,Low income,16.4335034524163,7.84583232329818,55.6017737303644,21.6564578276359,-0.422544101853013,0.5,1,0.1643451750278473,0,2.858393840619953,NA,-3,1,132,1
TON,Tonga,1995,East Asia & Pacific,Upper middle income,1.46000630350972,6.22816022763234,71.1192857546477,26.9612552033301,0.49238368273342,0.45253631472587585,0.3847609758377075,0.4768400490283966,0,0.9001639123433137,0.5832154499542714,NA,0,111,1
TUN,Tunisia,1995,Middle East & North Africa,Lower middle income,6.24415028747146,2.35166985086541,93.7144465686907,45.7606176474038,1.5305492758972,0.4125029146671295,0.4052495062351227,0.4168718457221985,0,1.9801942862818671,1,-4.5,0,132,0
TUR,Turkiye,1995,Europe & Central Asia,Upper middle income,89.1133172248499,7.87826687618991,35.9924804952774,23.1984012646178,0.377077718996453,0.4560489356517792,0.28290778398513794,0.4168718457221985,1,4.501067958629509,0.8914160355784175,NA,0,111,0
UGA,Uganda,1995,Sub-Saharan Africa,Low income,6.55014018970371,11.5232438119529,32.62314586277,11.9610184042496,2.10569518111373,0.7538278102874756,0.24944962561130524,0.4168718457221985,0,2.0215661312612236,0.4168718457221985,NA,0,111,0
UKR,Ukraine,1995,Europe & Central Asia,Upper middle income,376.746174768209,-12.2000000007385,97.2296964841051,12.7116879098077,0.553782708035487,0.43931519985198975,0.21500076353549957,NA,1,5.934222474743428,NA,-4.9,0,111,0
VUT,Vanuatu,1995,East Asia & Pacific,Lower middle income,2.22970130416487,1.00394504149095,91.9615068150109,101.948234536543,12.4511731408336,0.5,0.5791422128677368,1,0,1.172389657467691,1,-2.3,0,111,1
VNM,Viet Nam,1995,East Asia & Pacific,Lower middle income,NA,9.54048017491264,74.7212659206088,19.5664889991787,8.58596585460392,NA,1,0.1643451750278473,0,NA,0.3942342873818497,NA,1,111,1
YEM,"Yemen, Rep.",1995,Middle East & North Africa,Low income,55.0811068702292,5.66937132228433,87.4446919838225,47.3543565678473,-1.70126695121292,NA,1,0.2832871377468109,1,4.026798979875158,0,NA,1,111,0
ZMB,Zambia,1995,Sub-Saharan Africa,Lower middle income,34.9295874166667,2.89766889341698,69.2267746955964,15.6905365486628,2.81062427616587,0.6719009876251221,0.14844074845314026,0,1,3.581561118083341,0,NA,0,111,0
ALB,Albania,1996,Europe & Central Asia,Upper middle income,12.7254778087102,7.33632894771891,44.4117820054663,45.7254020794631,2.78560468452093,0.3001546561717987,0.2561276853084564,0.4168718457221985,0,2.619253799810415,1,NA,0,134,0
DZA,Algeria,1996,Middle East & North Africa,Upper middle income,18.6790758601749,4.09999847167964,53.7051478767794,33.0058364834078,0.575183341190148,0.6410480737686157,0.4224473834037781,0.1643451750278473,1,2.979555932197085,1,2.7,0,132,0
AGO,Angola,1996,Sub-Saharan Africa,Lower middle income,4145.10598220637,13.5443697551025,NA,27.5775740909858,2.39900196315229,0.3599395751953125,0.02518959529697895,0.1643451750278473,1,8.329924855188635,1,5.2,0,111,0
ARM,Armenia,1996,Europe & Central Asia,Upper middle income,18.681185640036,5.86540074943565,79.2295601199241,8.22291222713919,1.10020924585916,0.32987409830093384,0.45975881814956665,0.4768400490283966,1,2.9796631357461822,0,NA,0,111,0
AZE,Azerbaijan,1996,Europe & Central Asia,Upper middle income,19.7948028061898,1.29999940463827,80.8497401741931,11.260336390251,19.7473805562834,0.5083277225494385,0.6247562170028687,0.1643451750278473,1,3.0347030903987617,0,-2.3,0,111,0
BGD,Bangladesh,1996,South Asia,Lower middle income,2.37712902953223,4.52291921684423,26.0760877233809,25.6338800863882,0.0291349551912919,0.5477926135063171,0.6477288603782654,0.1643451750278473,0,1.21702594900405,0.3942342873818497,-2,0,111,0
BLR,Belarus,1996,Europe & Central Asia,Upper middle income,52.7120767531954,2.80000456599095,96.7748997857579,14.2499401060264,0.720667909896663,0.34293079376220703,0.2933555841445923,0.1643451750278473,1,3.983637869213337,0.3942342873818497,NA,0,111,0
BLZ,Belize,1996,Latin America & Caribbean,Upper middle income,5.96502097537242,1.10530578663676,79.5739076328491,34.4320283519833,1.94981037564896,0.5496640801429749,1,0.1643451750278473,0,1.940900618766706,0.22930405863986925,-1.8,1,111,1
BEN,Benin,1996,Sub-Saharan Africa,Lower middle income,4.91423972637201,4.32428403131786,56.5177914456367,23.1801804966157,-0.620945814843515,0.5,1,0.1643451750278473,0,1.777362956011523,0,-0.1,1,132,1
BTN,Bhutan,1996,South Asia,Lower middle income,8.79001381935162,5.56517288179062,84.629491433895,32.924305240047,0.461424354408845,0.5393293499946594,1,0.1643451750278473,0,2.281362868119729,NA,2.6,1,534,1
BOL,Bolivia,1996,Latin America & Caribbean,Lower middle income,12.4254866180049,4.36134195244541,49.8562913723023,51.0278982209993,6.40939922529255,0.5454062223434448,0.7329662442207336,0.4641861915588379,0,2.597154886889219,0.6210070538536636,-1.7,0,111,0
BWA,Botswana,1996,Sub-Saharan Africa,Upper middle income,10.0828580652107,5.82980001379714,90.955575275056,19.794537974173,1.46835552021692,0.5564204454421997,0.44679686427116394,0,1,2.40539959617995,0,NA,1,199,1
BRA,Brazil,1996,Latin America & Caribbean,Upper middle income,15.7576656002606,2.20886405051482,15.6355914783829,35.118481561031,1.47596541133615,0.27522021532058716,0.9157399535179138,0,1,2.8188558013590232,0,NA,0,111,0
BFA,Burkina Faso,1996,Sub-Saharan Africa,Low income,6.09780439121741,11.014743869558,38.1802977691941,22.6304264307343,0.627288328664118,0.5,1,0.1643451750278473,0,1.9597854955489085,0,-1.7,1,132,1
BDI,Burundi,1996,Sub-Saharan Africa,Low income,26.4367816091951,-7.99999999794093,NA,22.3323071075637,NA,0.4676441550254822,0.244870126247406,0.1643451750278473,1,3.3118845076842356,1,-8.6,0,111,0
CPV,Cabo Verde,1996,Sub-Saharan Africa,Lower middle income,5.96361961777575,11.3465247642174,75.4899678573908,67.7569685050613,5.68310475150467,0.41382724046707153,0.6067072153091431,0.1643451750278473,0,1.940699399187232,0,-11.2,0,182,0
KHM,Cambodia,1996,East Asia & Pacific,Lower middle income,7.15086140872796,5.89750560694478,69.161566797509,9.90682315982157,8.37255420712081,0.4521610736846924,0.6136804819107056,0,0,2.098123615989969,0,-7.5,NA,NA,NA
CMR,Cameroon,1996,Sub-Saharan Africa,Lower middle income,3.92406372749798,4.21507214953058,45.1156121020442,10.2738594743712,0.941242103821204,0.3668772876262665,1,0.1643451750278473,0,1.594134150459818,0,NA,1,132,1
CAF,Central African Republic,1996,Sub-Saharan Africa,Low income,3.72494110325801,-4.00009296364789,47.0844050293092,24.4534835453449,1.08411154913108,0.3668772876262665,1,0.1643451750278473,0,1.5528550959490786,0,-1.1,1,132,1
TCD,Chad,1996,Sub-Saharan Africa,Low income,11.3308789057282,2.21447303231241,46.6100331929446,14.5008505680701,2.45536342628588,0.3668772876262665,1,0.1643451750278473,0,2.5121065965278064,0,-2.9,1,132,1
CHN,China,1996,East Asia & Pacific,Upper middle income,8.31316028893908,9.97619992053447,33.6287512313005,105.379681099451,4.62623979720429,0.5851349234580994,1,0.1643451750278473,0,2.23142848470238,1,-0.7,1,111,1
COL,Colombia,1996,Latin America & Caribbean,Upper middle income,20.7975755127401,2.05585471287195,36.0441071863282,33.41472134795,3.20262771722448,0.6607067584991455,0.3660559058189392,0.1643451750278473,1,3.081798748598273,0.23472552077950623,-2.5,0,111,0
COM,Comoros,1996,Sub-Saharan Africa,Lower middle income,NA,-0.510368828932258,35.7578150774993,12.7425588715783,0.12994022919074,NA,1,0.1643451750278473,0,NA,NA,-3.4,1,132,1
COD,"Congo, Dem. Rep.",1996,Sub-Saharan Africa,Low income,492.441850235414,-1.02317264199921,60.3162567434145,NA,0.429527590786065,0.573591947555542,0.11940603703260422,0.1643451750278473,1,6.201405020594332,0,-0.6,0,111,0
COG,"Congo, Rep.",1996,Sub-Saharan Africa,Lower middle income,10.0311203319502,4.29048155870402,128.407663306917,14.1704239439871,2.4571054845724,0.3668772876262665,1,0.1643451750278473,0,2.4007203994537374,0,9.2,1,132,1
CRI,Costa Rica,1996,Latin America & Caribbean,Upper middle income,17.5114524814591,1.35045949139338,84.0571640061047,33.2407760860418,3.65588697118439,0.5070963501930237,0.9050105810165404,0.5368082523345947,1,2.9183895936018245,0.5368082523345947,-4.3,0,111,0
CIV,Cote d'Ivoire,1996,Sub-Saharan Africa,Lower middle income,2.48080669187551,7.72932741916973,52.8042944211567,16.0747241604524,1.48963672945104,0.5,1,0.1643451750278473,0,1.2472640749332615,0,NA,1,132,1
DJI,Djibouti,1996,Middle East & North Africa,Lower middle income,NA,NA,NA,67.3272965430833,0.660629876416651,0.6158045530319214,1,1,0,NA,1,-1.8,1,111,1
DMA,Dominica,1996,Latin America & Caribbean,Upper middle income,1.67716450485913,3.10419572470771,NA,59.9586460458456,6.08994259791933,0.5,1,0.1643451750278473,0,0.9847582138489464,0,-1.6,1,111,1
DOM,Dominican Republic,1996,Latin America & Caribbean,Upper middle income,5.39929385038922,5.96119319380874,72.6424908698332,23.326262639766,0.735680171267024,0.33784884214401245,0.36197006702423096,0.05996821448206901,0,1.8561876484014912,0.06379381292396727,NA,1,111,0
ECU,Ecuador,1996,Latin America & Caribbean,Upper middle income,24.4114592150674,1.73174762607862,44.2157026832153,22.8149524757757,1.98078257206972,0.46976879239082336,0.4292590916156769,0.3724631071090698,1,3.2352002224863416,0.23480009364109108,-3.4,NA,NA,NA
EGY,"Egypt, Arab Rep.",1996,Middle East & North Africa,Lower middle income,7.18710369719992,4.98873056512208,46.9485614646905,78.6414559721011,0.940414995640802,0.6024947166442871,1,0.5957820415496826,0,2.1025601963944585,0.5957820415496826,NA,1,111,1
SLV,El Salvador,1996,Latin America & Caribbean,Upper middle income,9.78892040179966,0.811461899328009,55.2818567293307,47.3889606397386,NA,0.44851815700531006,1,0.7601271867752075,0,2.37851971882391,0.7601271867752075,-2.7,1,111,1
GNQ,Equatorial Guinea,1996,Sub-Saharan Africa,Upper middle income,4.54072771540235,66.5799972215897,NA,13.8802666069405,161.823760047878,0.3620988130569458,1,0.1643451750278473,0,1.712125848703495,0,-6.4,1,132,1
SWZ,Eswatini,1996,Sub-Saharan Africa,Lower middle income,6.42521330315218,3.84205386908532,NA,20.7221815517375,1.35491846029588,0.08732140064239502,1,0.1643451750278473,0,2.004881411973394,0,-1,1,199,1
ETH,Ethiopia,1996,Sub-Saharan Africa,Low income,-8.48424868948825,12.4261737814951,NA,27.5373929644706,0.250307732741369,0.5,0.7225701212882996,0.1643451750278473,0,0.09531017980432492,1,-3.9,0,111,1
FJI,Fiji,1996,East Asia & Pacific,Upper middle income,3.05016181229797,4.80000043020961,NA,49.4424209962507,-3.3911355115158,0.532256007194519,0.5941393375396729,0.1643451750278473,0,1.3987568339741416,0,-3.5,0,111,0
GAB,Gabon,1996,Sub-Saharan Africa,Upper middle income,0.689693377281638,3.62504902027987,95.6709008514144,14.4457909914859,-5.00720955514632,0.3668772876262665,1,0.1643451750278473,0,0.5245470789127615,0,2.1,1,132,1
GMB,"Gambia, The",1996,Sub-Saharan Africa,Low income,1.09948870771018,2.22354563838627,50.9543943800384,11.6456005227025,1.25614459780092,0.4200219213962555,0.3130398392677307,1,0,0.74169384256617,1,NA,0,111,0
GEO,Georgia,1996,Europe & Central Asia,Upper middle income,39.3574999987146,11.2025463861501,45.6965490500194,6.82298668734652,NA,NA,0.6367073059082031,0.5076004862785339,0,3.697777251017697,0.2967318190493719,-5.9,1,111,1
GHA,Ghana,1996,Sub-Saharan Africa,Lower middle income,46.5610196762282,4.60246115564627,72.2049441293975,20.5961071375025,1.73085450713045,0.6260012984275818,0.4708590507507324,0.1643451750278473,1,3.862013511378879,0.3942342873818497,-5.6,0,111,0
GRD,Grenada,1996,Latin America & Caribbean,Upper middle income,2.03235172127782,4.43823471603358,NA,69.2220884058309,4.62317630583783,0.5,1,0.1643451750278473,0,1.1093384641122574,0.3942342873818497,-3,1,111,1
GTM,Guatemala,1996,Latin America & Caribbean,Upper middle income,11.0569165321987,2.95777988740716,40.392952957301,18.4441410090117,0.490595256545279,0.4865915775299072,0.5422146916389465,0.7167128920555115,0,2.489638481344246,0.7167128920555115,0,0,111,0
GIN,Guinea,1996,Sub-Saharan Africa,Lower middle income,NA,4.46157508517599,29.861424528614,6.20023128057436,0.421431935826052,0.4610869586467743,0.528148889541626,0.1643451750278473,0,NA,1,-2.2,0,111,0
GNB,Guinea-Bissau,1996,Sub-Saharan Africa,Low income,50.7340549612119,11.6000000043869,42.3601714670932,6.03443485654017,0.146522200078246,0.5,0.1299356073141098,0.05996821448206901,1,3.9461162679762207,0.26734123005701826,3.5,0,132,0
HTI,Haiti,1996,Latin America & Caribbean,Lower middle income,20.5835962145112,4.14077332856783,40.223379852938,31.9176806654233,0.141013763586083,0.35222160816192627,0.2948223054409027,0.4168718457221985,1,3.071933591660277,0.2198675796643537,NA,0,111,0
HND,Honduras,1996,Latin America & Caribbean,Lower middle income,23.8378353073358,22.9573908956763,122.725112727964,28.2948069456618,1.89420995385281,0.521755039691925,0.46714261174201965,0.43243134021759033,1,3.212368107830527,0.6176188106328934,0.1,0,111,0
IND,India,1996,South Asia,Lower middle income,8.97715233826453,7.54952224920051,21.9294878713867,44.6894365497978,0.617479351603705,0.5258909463882446,0.3434818387031555,0.1643451750278473,0,2.3002977127598276,NA,-6.7,0,111,0
IDN,Indonesia,1996,East Asia & Pacific,Upper middle income,7.97328096513346,7.81818707670867,52.264743657148,52.693928287092,2.72419788646708,0.384686142206192,0.6627261638641357,0.9400318264961244,0,2.1942513801107184,0.8971612448070773,1,0,111,1
IRN,"Iran, Islamic Rep.",1996,Middle East & North Africa,Upper middle income,28.9373440168137,6.35052601873645,35.2212991546042,35.2372428037102,0.0215939791939169,NA,0.7083948850631714,0,1,3.399106664863237,0,-0.7,1,111,1
JAM,Jamaica,1996,Latin America & Caribbean,Upper middle income,26.4066566074043,-0.113731205844019,NA,44.3047326002521,1.83529866886737,0.6225934624671936,0.27567362785339355,0.7601271867752075,1,3.310785925764495,0.712952278791921,-5.2,0,111,0
JOR,Jordan,1996,Middle East & North Africa,Lower middle income,6.50121802679586,2.08702078168028,131.059123299943,96.6307313299129,0.223959605831094,0.5660385489463806,1,0.4476322829723358,0,2.015065410929014,0.339000146327078,-2.7,1,111,1
KAZ,Kazakhstan,1996,Europe & Central Asia,Upper middle income,39.1825423654111,0.500000002073506,71.2735732877076,9.85004623345497,5.40518494342609,NA,0.46978628635406494,0.1643451750278473,1,3.693432631785523,0,NA,0,111,0
KEN,Kenya,1996,Sub-Saharan Africa,Lower middle income,8.86408741577522,4.14683926876013,57.3121107038102,35.7916911095672,0.902159604566332,0.5851228833198547,0.32385268807411194,0.700158953666687,0,2.288900627924886,1,-0.5,0,111,0
KGZ,Kyrgyz Republic,1996,Europe & Central Asia,Lower middle income,31.9473377218567,7.08450239536558,87.2957738051993,13.625693931015,2.58474284700824,0.7168257236480713,0.13174624741077423,NA,0,3.4949104601684913,NA,-9.1,0,111,0
LAO,Lao PDR,1996,East Asia & Pacific,Lower middle income,13.0244156963462,6.9283237283322,63.7571736099789,14.1931138271973,8.52870931249719,0.38828203082084656,0.6016268134117126,0.4168718457221985,0,2.640799788961299,1,NA,0,111,1
LSO,Lesotho,1996,Sub-Saharan Africa,Lower middle income,9.33031458531928,5.59703605867827,NA,32.7957279107207,3.07295646324888,0.13118301331996918,1,0.1643451750278473,0,2.335082736232153,0,2.1,1,199,1
LBR,Liberia,1996,Sub-Saharan Africa,Low income,NA,12.1212036605122,NA,11.9964143627742,-82.892095357591,0.4786575734615326,1,0.3124949038028717,0,NA,0,NA,1,111,1
LBY,Libya,1996,Middle East & North Africa,Upper middle income,4.02807775377963,2.13412320029278,52.5451559934319,70.5295566502463,-0.400657026152394,NA,0.4905701279640198,0.1643451750278473,0,1.615037754765081,1,11.3,0,111,1
MDG,Madagascar,1996,Sub-Saharan Africa,Low income,19.7563545439776,2.15420447175147,35.8824601668345,15.2027090704126,0.206045785109723,0.3410380482673645,0.20232440531253815,0.1643451750278473,1,3.0328524428771235,0,-4,0,132,0
MWI,Malawi,1996,Sub-Saharan Africa,Low income,37.6020450235016,7.3166817822397,NA,11.4231638066895,0.47589426589626,0.3611778914928436,0.877159595489502,0.1643451750278473,1,3.653305254950862,0.3942342873818497,NA,1,111,1
MYS,Malaysia,1996,East Asia & Pacific,Upper middle income,3.48855945858916,10.0027006861844,181.766982485457,120.125250264058,5.03534293107291,0.5351860523223877,0.5804877281188965,0.656744658946991,0,1.5015318169998,0.5892378877074662,3.3,0,111,1
MDV,Maldives,1996,South Asia,Upper middle income,6.24124591476026,7.85864699857959,NA,34.8215431050745,2.06829872568168,0.5,1,1,0,1.9797932792663089,1,-2,1,111,1
MLI,Mali,1996,Sub-Saharan Africa,Low income,6.80545996788233,6.36569576842297,38.9934967655238,16.5466498173929,0.726919059513141,0.5,1,0.1643451750278473,0,2.0548234846950497,0,NA,1,132,1
MRT,Mauritania,1996,Sub-Saharan Africa,Lower middle income,4.68130623916413,5.81882663043622,70.4558897549272,NA,-0.0204278717567514,0.5,0.5497301816940308,0.4168718457221985,0,1.7371811779774513,1,NA,0,111,0
MUS,Mauritius,1996,Sub-Saharan Africa,Upper middle income,6.55097336065573,5.58784392666244,126.159212478576,72.9566386466403,0.818061230378169,0.7355799078941345,0.3976600170135498,0.4768400490283966,0,2.0216764768923703,0.37395209680140706,NA,0,112,0
MEX,Mexico,1996,Latin America & Caribbean,Upper middle income,34.3783832235168,6.21829715869302,47.7678235339067,21.8388141908833,2.12551917782763,0.4190328121185303,0.3131233751773834,0.700158953666687,0,3.5661009902176306,1,-3.7,0,111,0
FSM,"Micronesia, Fed. Sts.",1996,East Asia & Pacific,Lower middle income,NA,-3.33904592536733,102.980430576115,46.9161293469976,NA,0.40579599142074585,1,0.9400318264961244,0,NA,0.8000001192724856,2.3,1,111,1
MDA,Moldova,1996,Europe & Central Asia,Upper middle income,23.5056772963368,-5.87706028626823,129.237536040111,18.340118360072,1.4004890246464201,0.45149433612823486,0.5638419985771179,0.2243133783340454,1,3.198904817087364,1,-7.4,1,111,1
MNG,Mongolia,1996,East Asia & Pacific,Upper middle income,46.8899521531102,2.23509384338665,77.9740756901741,16.205291552918,1.18152410859671,0.6216980218887329,0.22377046942710876,0.700158953666687,0,3.8689057152542112,0.7981618540657297,-6.9,0,111,0
MAR,Morocco,1996,Middle East & North Africa,Lower middle income,2.98680922773017,12.3728762700496,47.0955434479783,52.8401928772412,0.828037045779585,0.4572882652282715,0.5913016200065613,0.1643451750278473,0,1.3829912186791111,0.3942342873818497,0.9,1,132,1
MOZ,Mozambique,1996,Sub-Saharan Africa,Low income,NA,10.6959109797718,51.0292925616374,14.7925749173721,1.79894221150183,0.4999428987503052,0.5754354596138,0.1643451750278473,0,NA,1,-2.1,0,111,0
MMR,Myanmar,1996,East Asia & Pacific,Lower middle income,16.2753966377374,6.44271534713997,NA,32.1122503093512,5.06955498653302,0.566811740398407,0.4905607998371124,0,1,2.849283329606499,0,NA,0,111,1
NAM,Namibia,1996,Sub-Saharan Africa,Upper middle income,NA,3.19132430111469,96.5442239771745,39.1212253782983,3.2260875510111,0.04220565035939216,1,0.1643451750278473,0,NA,1,-3.7,1,199,1
NPL,Nepal,1996,South Asia,Lower middle income,9.22046662376986,5.32828417508708,58.4577686983002,37.5773463017199,0.423749430010865,0.5531231760978699,0.4942103326320648,0.1643451750278473,0,2.3243922416363856,0,NA,1,534,1
NIC,Nicaragua,1996,Latin America & Caribbean,Lower middle income,NA,6.3442683605154,48.4828382973154,20.4965237599207,2.78528780163945,0.7447952628135681,0.9794521331787108,0.7601271867752075,0,NA,0.7601271867752075,NA,0,111,0
NER,Niger,1996,Sub-Saharan Africa,Low income,5.28885751264882,0.100530504281409,36.539997643493,10.1598199303612,0.358757876839845,0.5,1,0.2243133783340454,0,1.8387794187056907,0.19190139837651451,-0.4,1,132,1
NGA,Nigeria,1996,Sub-Saharan Africa,Lower middle income,29.2682926829271,4.19592404660108,NA,9.06332881813765,0.26881827016538,0.4535485804080963,1,0,1,3.4101007185003085,0,3.4,1,111,1
PAK,Pakistan,1996,South Asia,Lower middle income,10.3738085885002,4.84658128681654,38.3301268339895,46.0412900268044,1.45605449462756,0.6592613458633423,0.29594147205352783,0.1643451750278473,1,2.4313132198789424,1,-4.3,0,111,0
PNG,Papua New Guinea,1996,East Asia & Pacific,Lower middle income,11.6241782908448,7.73369579796399,107.803352613066,36.4372084124391,2.13047333489178,0.5435665249824524,0.439685583114624,0.1643451750278473,0,2.535613887169567,0,2.1,0,111,0
PRY,Paraguay,1996,Latin America & Caribbean,Upper middle income,9.79968339016083,1.57378513175006,103.035267206036,26.1012513243009,1.42822235904122,0.4866280257701874,0.7521405816078186,0.2243133783340454,0,2.3795168179746105,0.3000955063988171,2.4,0,111,0
PER,Peru,1996,Latin America & Caribbean,Upper middle income,11.5379424115177,2.79897307912609,31.6542040912644,25.2393699393832,6.282348119331,0.5352312922477722,0.5314645767211914,0.6875051259994507,1,2.5287594397257154,0.6875051259994507,NA,0,111,0
PHL,Philippines,1996,East Asia & Pacific,Lower middle income,7.4761037778791,5.8603478716379,63.8553035508774,49.2771612967454,1.60277940029249,0.31751325726509094,0.900143027305603,0.4476322829723358,0,2.1372508840638855,0.5287044104467413,0.5,0,111,1
RWA,Rwanda,1996,Sub-Saharan Africa,Low income,7.41137173526642,12.7456957645316,32.2300658207659,16.1448906900326,0.160597843045858,0.5627015829086304,0.37768128514289856,0.1643451750278473,0,2.1295845683259187,0,-5.1,1,111,1
WSM,Samoa,1996,East Asia & Pacific,Lower middle income,5.37461972030278,7.17896881783187,NA,29.2715208632163,0.464171058597735,0.5,0.29953533411026,0.1643451750278473,0,1.8523244375480443,0.3942342873818497,1.2,0,196,0
STP,Sao Tome and Principe,1996,Sub-Saharan Africa,Lower middle income,NA,1.50000107570656,NA,12.5949409367459,0.236707109850635,0.4131801724433899,0.14028747379779816,0,0,NA,0,NA,0,111,0
SEN,Senegal,1996,Sub-Saharan Africa,Lower middle income,2.75430663482407,2.01997720854131,46.272432717398,16.6880878443615,0.212746510943075,0.5,1,0.1643451750278473,0,1.322903616987294,0,0.9,1,132,1
SLB,Solomon Islands,1996,East Asia & Pacific,Lower middle income,11.7743563856637,1.60990763464251,98.795453322306,21.6173677903757,1.16423758458683,0.4145852029323578,0.8395043015480042,0.1643451750278473,0,2.5474397540506497,0,3.1,0,111,0
ZAF,South Africa,1996,Sub-Saharan Africa,Upper middle income,7.35411972085333,4.29999999726792,42.199251732528,44.6406744259231,0.500131495666207,0.7134326696395874,0.2470075786113739,0.1643451750278473,0,2.122754796933911,0.3942342873818497,NA,0,111,0
LKA,Sri Lanka,1996,South Asia,Lower middle income,15.9358310447214,3.79996720568178,78.8739637143809,37.5791404557574,0.862545735590984,0.5977822542190552,0.35996392369270325,0.4476322829723358,0,2.829431557679909,0.5287044104467413,-6.9,0,534,0
LCA,St. Lucia,1996,Latin America & Caribbean,Upper middle income,0.924842609615973,2.92258795742219,NA,52.3666072300469,2.33427230046948,0.5,1,0.1643451750278473,0,0.6548442031586597,0,-0.6,1,111,1
VCT,St. Vincent and the Grenadines,1996,Latin America & Caribbean,Upper middle income,4.40790113846454,1.28791200314089,NA,63.3826069808496,12.8645169940336,0.5,1,0.1643451750278473,0,1.687861057964203,0,1.6,1,111,1
SUR,Suriname,1996,Latin America & Caribbean,Upper middle income,-0.701887251452818,1.00000122281456,NA,31.7121177907859,2.21739064227939,0.5541602373123169,1,0.1643451750278473,0,0.09531017980432492,1,3.4,1,111,1
TJK,Tajikistan,1996,Europe & Central Asia,Lower middle income,NA,-16.6999984353389,156.670590142672,NA,1.72470817120623,NA,0.2533492147922516,NA,0,NA,NA,NA,0,111,0
TZA,Tanzania,1996,Sub-Saharan Africa,Lower middle income,20.9772596430629,4.54436680394173,35.7265066969485,15.0148425190832,1.59077685028243,0.476416528224945,0.23449578881263733,0.1643451750278473,1,3.0900082661830126,0.5801363815350187,1.6,0,111,0
THA,Thailand,1996,East Asia & Pacific,Upper middle income,5.80510554737349,5.65194446499471,84.2741479979753,84.8252864053763,1.27616818910847,0.4234894812107086,0.7309058308601379,0.4168718457221985,0,1.9176731462511096,1,2.7,1,111,1
TGO,Togo,1996,Sub-Saharan Africa,Low income,4.68749999999996,8.83621162979911,59.4098688003353,17.6820370216123,0.108911179677093,0.5,1,0.1643451750278473,0,1.7382707842770615,NA,-3.3,1,132,1
TON,Tonga,1996,East Asia & Pacific,Upper middle income,2.99528023991143,0.0929181768768501,77.8333565419141,27.4497205284831,0.128315740863586,0.5940521359443665,0.42161402106285095,0.2243133783340454,0,1.3851137244204412,0.1119198604010128,NA,0,111,0
TUN,Tunisia,1996,Middle East & North Africa,Lower middle income,3.72514472690715,7.14608096782061,85.7203547620671,46.3890004877716,1.21680620022798,0.3770931363105774,0.5506786704063416,0.1643451750278473,0,1.552898190509875,0,-5.2,0,132,1
TUR,Turkiye,1996,Europe & Central Asia,Upper middle income,80.4121511388042,7.15779847930847,39.6477180344549,26.5199049779534,0.288376703171623,0.3405444324016571,0.4254135489463806,0.1643451750278473,1,4.399524538757295,0,NA,0,111,0
UGA,Uganda,1996,Sub-Saharan Africa,Low income,7.19164660433344,9.07211457909349,35.3854868820104,12.5154665343807,2.00179157800548,0.6830541491508484,0.3211527466773987,0.4168718457221985,0,2.10311492824718,0.4168718457221985,NA,0,111,0
UKR,Ukraine,1996,Europe & Central Asia,Upper middle income,80.3255014551742,-10,93.8566450766079,11.4873830886051,1.16924072792846,0.5408815145492554,0.2997976839542389,0.1643451750278473,1,4.398459638404644,1,-3.2,0,111,0
VUT,Vanuatu,1996,East Asia & Pacific,Lower middle income,0.906344410876219,2.3273354164422,92.9417808219178,107.424006849315,12.523285011715,0.5,0.5733497142791748,1,0,0.6451874871641955,1,-1.6,0,111,0
VNM,Viet Nam,1996,East Asia & Pacific,Lower middle income,5.67499999999994,9.34001749939179,92.7057468018939,20.7100619035716,9.71308063712156,0.5457196235656738,0.8054168224334717,0.1643451750278473,0,1.8983692042863043,0.3942342873818497,NA,1,111,1
YEM,"Yemen, Rep.",1996,Middle East & North Africa,Low income,30.7337332718043,4.63496731668951,85.9391074430978,35.7551434808344,-0.925161426893741,0.770514965057373,0.04647482931613922,0.7601271867752075,1,3.4573802561528684,0.6653153224142168,NA,0,111,0
ZMB,Zambia,1996,Sub-Saharan Africa,Lower middle income,43.0730979982882,6.21854648894293,63.8214821755312,16.0382382551386,3.53328309110399,0.6662023663520813,0.2054326683282852,0.7601271867752075,1,3.785849573598687,0.7601271867752075,NA,0,111,0
ALB,Albania,1997,Europe & Central Asia,Upper middle income,33.1802743753956,-11.7115732812278,44.7293780649181,59.0068723402781,2.07092049927343,0.2659219205379486,0.08382242172956467,0.4168718457221985,0,3.5316487050219783,1,-11.9,0,134,0
DZA,Algeria,1997,Middle East & North Africa,Upper middle income,5.73352275357186,1.09999993684249,52.2439115059386,36.0814341402831,0.539669753188526,0.5736880302429199,0.391284316778183,0.1643451750278473,0,1.907098447061953,1,2.2,0,132,0
AGO,Angola,1997,Sub-Saharan Africa,Lower middle income,219.176721172974,7.27427735460373,NA,22.6154835724704,5.38231611756009,0.3928646147251129,0.11695869266986848,0.1643451750278473,1,5.394430501956183,1,-0.3,0,111,0
ARM,Armenia,1997,Europe & Central Asia,Upper middle income,13.960764121791,3.32107970046953,78.5477450545048,8.73356320859035,3.16805363549908,0.3891361951828003,0.31994691491127014,0.8200953602790833,1,2.705431048901738,0.6561192434803141,NA,0,111,0
AZE,Azerbaijan,1997,Europe & Central Asia,Upper middle income,3.67434809684729,5.80000014795783,82.0789665326283,13.7784694930817,28.1356900500269,0.7557578682899475,0.8417451977729797,0.1643451750278473,0,1.5420897084927148,0,-0.9,0,111,0
BGD,Bangladesh,1997,South Asia,Lower middle income,5.30560105668801,4.4898964976265,26.3255133900833,25.9368786504287,0.288896567530213,0.4724557995796203,0.6006264686584473,0.1643451750278473,0,1.8414382950378845,0.3942342873818497,-1.9,0,111,0
BLR,Belarus,1997,Europe & Central Asia,Upper middle income,63.9373663357478,11.4000054007553,125.516179156558,15.7509625439577,2.48860300411635,0.3791046142578125,0.10774792730808258,0,1,4.173423210505032,0,NA,0,111,0
BLZ,Belize,1997,Latin America & Caribbean,Upper middle income,1.14903756760539,4.2346158780441,85.4507314878676,37.4119023243988,1.36954750688798,0.7312815189361572,1,0.1643451750278473,0,0.7650200989433078,0.22930405863986925,-1.8,1,111,1
BEN,Benin,1997,Sub-Saharan Africa,Lower middle income,3.46629590564776,5.73468837521307,58.7116296113966,22.1286084617254,0.537109663360586,0.5,1,0.1643451750278473,0,1.4965594086452882,0,0.6,1,132,1
BTN,Bhutan,1997,South Asia,Lower middle income,6.50548718269086,5.37383854585261,85.2114372285036,43.9846614800224,-0.198734302841513,0.5393293499946594,1,0.1643451750278473,0,2.0156343773944134,NA,-1.9,1,534,1
BOL,Bolivia,1997,Latin America & Caribbean,Lower middle income,4.70844436028192,4.95420874299724,50.4696628058748,54.7179177861923,9.21807040100919,0.5167436003684998,0.8192983865737915,0.7474732995033264,0,1.7419465452674257,1,-2.9,0,111,1
BWA,Botswana,1997,Sub-Saharan Africa,Upper middle income,8.71993127147746,8.32589088396591,108.604415150755,22.3896812492498,1.99411258650837,0.2790670096874237,0.5391543507575989,0.2525267004966736,0,2.274178547611697,0.2525267004966736,NA,1,199,1
BRA,Brazil,1997,Latin America & Caribbean,Upper middle income,6.92671251629154,3.39484598531597,16.5762092633371,36.9651290494395,2.1504523942889,0.4770898222923279,0.8986855149269104,0,0,2.070238386802971,0,NA,0,111,0
BFA,Burkina Faso,1997,Sub-Saharan Africa,Low income,2.31869062176683,6.31683473483768,37.4164187803511,24.6756491490467,0.398984078044402,0.5,1,0.1643451750278473,0,1.1995703141017116,0,-2.6,1,132,1
BDI,Burundi,1997,Sub-Saharan Africa,Low income,31.1115898319694,-1.58999999685828,NA,18.5863768961494,NA,0.4676441550254822,0.16530223190784454,0.1643451750278473,1,3.4692170189271083,1,-4.5,0,111,0
CPV,Cabo Verde,1997,Sub-Saharan Africa,Lower middle income,8.55606258148633,11.1184260583756,85.979346154719,67.5847029038154,2.35964256897109,0.3489915132522583,0.5335047841072083,0.1643451750278473,0,2.2571757783628317,0,-10.2,0,182,1
KHM,Cambodia,1997,East Asia & Pacific,Lower middle income,7.96021397777456,4.00662107873787,78.9346444583816,10.4764568397308,5.91564174870823,0.4011459946632385,0.280729740858078,0,0,2.1927941081497355,0,-3.7,NA,NA,NA
CMR,Cameroon,1997,Sub-Saharan Africa,Lower middle income,4.78623881860375,4.52731376625037,48.4696352704455,10.9781752730351,1.38667291495375,0.330305814743042,1,0.1643451750278473,0,1.7554824809533969,0,NA,1,132,1
CAF,Central African Republic,1997,Sub-Saharan Africa,Low income,1.6113134776091,5.29993601826074,55.8185083614851,21.2536837854973,0.159683663271446,0.330305814743042,1,0.1643451750278473,0,0.9598533428738236,0,-1.6,1,132,1
TCD,Chad,1997,Sub-Saharan Africa,Low income,5.5722571112533,5.65339233100983,49.313101141288,12.6826222838018,2.86749782361545,0.330305814743042,1,0.1643451750278473,0,1.882857321633337,0,-2.6,1,132,1
CHN,China,1997,East Asia & Pacific,Upper middle income,2.78646505531881,9.2876465280865,34.3135763220021,114.512695543783,4.69530688267996,0.4154469668865204,1,0.1643451750278473,0,1.331432880774054,1,-0.7,1,111,1
COL,Colombia,1997,Latin America & Caribbean,Upper middle income,18.4700217119089,3.43029367788374,35.5970680886793,34.2534486260465,5.21492781259777,0.5717530846595764,0.2736978530883789,0.1643451750278473,1,2.9688759345303226,0.23472552077950623,-3.2,0,111,0
COM,Comoros,1997,Sub-Saharan Africa,Lower middle income,NA,4.41042562590719,35.7570438604224,11.5689262192895,0.00551242380778482,NA,1,0.1643451750278473,0,NA,NA,-1.3,1,132,1
COD,"Congo, Dem. Rep.",1997,Sub-Saharan Africa,Low income,198.516707416462,-5.61704659870092,33.750000421875,NA,-0.728142744101784,0.7303670644760132,0.06317947804927826,0.2243133783340454,1,5.295897979271811,1,-1.1,0,111,0
COG,"Congo, Rep.",1997,Sub-Saharan Africa,Lower middle income,NA,-0.624812152260716,135.758179538246,14.8778490816552,-2.11824149757414,0.330305814743042,1,0.1643451750278473,0,NA,0,3.7,1,132,1
CRI,Costa Rica,1997,Latin America & Caribbean,Upper middle income,13.2480440791191,5.4761657765486,87.6131980978704,14.9844688373708,3.24576223328059,0.7385215759277344,0.9131450653076172,0.5967764854431152,1,2.6566196396882953,0.5967764854431152,-3.4,0,111,0
CIV,Cote d'Ivoire,1997,Sub-Saharan Africa,Lower middle income,4.02083333333305,9.6488400474633,54.0062903380367,15.2620493279509,2.30201825162195,0.5,1,0.1643451750278473,0,1.6135959225827077,0,-0.7,1,132,1
DJI,Djibouti,1997,Middle East & North Africa,Lower middle income,NA,NA,NA,63.1559505686397,0.616772633652726,0.7260472774505615,1,1,0,NA,1,-2.9,1,111,1
DMA,Dominica,1997,Latin America & Caribbean,Upper middle income,2.43629715479673,2.18562742404438,NA,60.6480208295134,6.9688412971995,0.5,1,0.1643451750278473,0,1.2343944831523015,0,-2.2,1,111,1
DOM,Dominican Republic,1997,Latin America & Caribbean,Upper middle income,8.29656754792045,8.89955230035797,74.2332371692166,24.2936595703194,2.0417185963078,0.5490543842315674,0.23133942484855652,0.05996821448206901,0,2.2296452511633342,0.06379381292396727,-0.6,1,111,1
ECU,Ecuador,1997,Latin America & Caribbean,Upper middle income,30.6575675722172,4.32786475767577,45.0171863180765,22.2925736509208,2.57065775466879,0.6960474848747253,0.6338685154914856,0.3124949038028717,1,3.454977221817714,0.1616766421368775,-2.8,NA,NA,NA
EGY,"Egypt, Arab Rep.",1997,Middle East & North Africa,Lower middle income,4.62560578826438,5.49235474302942,43.7382474614517,75.1547574276044,1.13537589319293,0.4826629161834717,1,0.6557502150535583,0,1.7273286379831645,0.6557502150535583,NA,1,111,1
SLV,El Salvador,1997,Latin America & Caribbean,Upper middle income,4.49013627855204,3.13797006665828,63.5570927549383,49.1337718064031,0.577629026954658,0.463974416255951,1,0.8200953602790833,0,1.7029530782647258,0.8200953602790833,-2,1,111,1
GNQ,Equatorial Guinea,1997,Sub-Saharan Africa,Upper middle income,3.01650540694366,149.972963487965,NA,6.98817305200954,12.0838692640296,0.3255273401737213,1,0.1643451750278473,0,1.3904122228137346,0,3.2,1,132,1
SWZ,Eswatini,1997,Sub-Saharan Africa,Lower middle income,7.12532722513057,3.10280509010417,NA,21.554042516268,-0.892048929076706,0.09549473971128464,1,0.1643451750278473,0,2.094986001267055,0,2.1,1,199,1
ETH,Ethiopia,1997,Sub-Saharan Africa,Low income,2.39520958083829,3.1339068517801,NA,31.9280497226382,3.27697722032662,NA,0.4136299192905426,0.1643451750278473,0,1.2223654913109872,1,-1.8,0,111,0
FJI,Fiji,1997,East Asia & Pacific,Upper middle income,3.36814006437943,-2.19999936869252,NA,44.6710630965005,-2.87977200424178,0.5845669507980347,0.4792969226837158,0.1643451750278473,0,1.474337303949432,0,-4.5,0,111,0
GAB,Gabon,1997,Sub-Saharan Africa,Upper middle income,3.973450075453,5.73836739483843,98.5362645138464,15.0597278955325,-2.15348493002674,0.330305814743042,1,0.1643451750278473,0,1.604113779448559,0,1.4,1,132,1
GMB,"Gambia, The",1997,Sub-Saharan Africa,Low income,2.78122790023229,4.89999910999681,48.3174980980993,14.5180162436799,1.4517162767366,0.3820514380931854,0.291517049074173,1,0,1.3300487982132678,1,NA,0,111,0
GEO,Georgia,1997,Europe & Central Asia,Upper middle income,7.08761762948726,10.5208042446244,57.7530659289995,8.27364723704143,6.90780807482052,NA,0.6911032795906067,0.5675687193870544,0,2.0903342043255453,0.3823812744972681,-6.6,1,111,1
GHA,Ghana,1997,Sub-Saharan Africa,Lower middle income,27.8852086407527,4.19635744019571,85.4018379695892,23.8419648702651,1.18697923958791,0.4212287068367005,0.313204824924469,0.1643451750278473,1,3.3633296523593907,0.3942342873818497,-6.1,0,111,0
GRD,Grenada,1997,Latin America & Caribbean,Upper middle income,1.24452782989343,5.01549460936745,NA,71.2722625601725,8.54176531327455,0.5,1,0.1643451750278473,0,0.8084951783135401,0.3942342873818497,-4.9,1,111,1
GTM,Guatemala,1997,Latin America & Caribbean,Upper middle income,9.23290294884935,4.36408994678341,41.5519511569592,20.4651968731267,3.54917970403487,0.555282473564148,0.4528304040431976,0.7167128920555115,0,2.325608307924918,0.7167128920555115,-0.8,0,111,0
GIN,Guinea,1997,Sub-Saharan Africa,Lower middle income,NA,5.18160345773762,29.0897874940253,6.8692443560679,0.313599110237239,0.4900499880313874,0.5155699849128723,0.1643451750278473,0,NA,1,0.1,0,111,0
GNB,Guinea-Bissau,1997,Sub-Saharan Africa,Low income,49.1009235769531,6.49999999321456,69.4903546403129,9.2662709227379,1.64431904316453,0.5,0.3013264834880829,0.2243133783340454,1,3.9140394425906258,1,-2.6,1,132,1
HTI,Haiti,1997,Latin America & Caribbean,Lower middle income,20.5590073395833,2.70471393077787,36.8940488093915,33.1200279598563,0.11979817057364,0.4271893799304962,0.27187612652778625,0.700158953666687,1,3.0707937032175443,0.59886052581069,0.4,0,111,0
HND,Honduras,1997,Latin America & Caribbean,Lower middle income,20.1998667554962,22.4277453268568,121.466190207647,35.3775423562874,2.18165022864844,0.5854156613349915,0.5055995583534241,0.43243134021759033,1,3.0539948965401114,0.6176188106328934,0.1,0,111,1
IND,India,1997,South Asia,Lower middle income,7.16425211462724,4.04982084998183,22.6193868670479,47.4599823040339,0.860208959660141,0.6237460374832153,0.36134883761405945,0.1643451750278473,0,2.099765125733305,NA,-8.3,0,111,0
IDN,Indonesia,1997,East Asia & Pacific,Upper middle income,6.22615154887214,4.69987885390397,55.9938588086777,55.9991002010847,2.16779685196237,0.39263373613357544,0.11274557560682295,0.8800635933876038,0,1.977706605225167,0.7943223873988107,-1,0,111,0
IRN,"Iran, Islamic Rep.",1997,Middle East & North Africa,Upper middle income,17.3492257538708,1.3503992743003,32.6495581116416,37.2216799160372,0.0465242180580812,NA,0.7075110673904419,0,1,2.9095873803608714,0,-1.8,1,111,1
JAM,Jamaica,1997,Latin America & Caribbean,Upper middle income,9.65755261268595,-1.14045987350366,NA,47.5933015914647,1.85356222176268,0.46184101700782776,0.6270471215248108,0.8200953602790833,0,2.366268806326812,0.7847141734305048,-6.4,0,111,0
JOR,Jordan,1997,Middle East & North Africa,Lower middle income,3.0378842030025,3.30847538304737,120.737112880307,99.4453701360637,4.9812158137543,0.6727187633514404,1,0.7601271867752075,0,1.395720842659869,0.712952278791921,-2.7,1,111,1
KAZ,Kazakhstan,1997,Europe & Central Asia,Upper middle income,17.4080410607357,1.69999999949513,72.3595506961877,10.345947011095,5.96140056843242,NA,0.5396103262901306,0.1643451750278473,1,2.9127875833224772,0,NA,0,111,1
KEN,Kenya,1997,Sub-Saharan Africa,Lower middle income,11.3618450505783,0.474901921293579,54.0571168602893,38.4226532591297,0.473451703489222,0.33441463112831116,0.1753382384777069,0.700158953666687,0,2.5146147168257564,1,-0.9,0,111,0
KGZ,Kyrgyz Republic,1997,Europe & Central Asia,Lower middle income,23.4354278497005,9.91525389550945,84.4771343003418,13.7338890753674,4.74131484698084,0.7898536324501038,0.36793002486228943,0.8200953602790833,0,3.196034040276232,1,-9.3,0,111,0
LAO,Lao PDR,1997,East Asia & Pacific,Lower middle income,27.5088624491449,6.87209127120695,65.1569707659458,18.4444848264583,5.20889423950572,0.455810546875,0.08615332841873169,0.2525267004966736,1,3.3502150020634835,0.6057657841085201,NA,0,111,0
LSO,Lesotho,1997,Sub-Saharan Africa,Lower middle income,NA,3.70360343607432,NA,33.2915021306695,3.27452575616452,0.12132421880960464,1,0.1643451750278473,0,NA,0,0.3,1,199,1
LBR,Liberia,1997,Sub-Saharan Africa,Low income,NA,106.279814466616,NA,6.19527451266445,72.2608989523488,0.5069946050643921,1,0.3724631071090698,0,NA,0.08722583096170015,NA,1,111,1
LBY,Libya,1997,Middle East & North Africa,Upper middle income,3.55029585798821,5.21267102136972,48.6324121846067,58.4656159445897,-0.221216991796812,NA,0.41134482622146606,0.1643451750278473,0,1.5151922545825804,1,-2.1,0,111,0
MDG,Madagascar,1997,Sub-Saharan Africa,Low income,4.48638261737399,3.69349261691789,36.8737477819441,16.951880859215,0.328537056882296,NA,0.35856080055236816,0.4168718457221985,0,1.7022691344096723,1,-2,0,132,0
MWI,Malawi,1997,Sub-Saharan Africa,Low income,9.13735243003495,3.79241909354917,NA,9.2970606112417,0.383630956028333,0.5802998542785645,0.15526513755321503,0.1643451750278473,0,2.3162268624956237,0.3942342873818497,NA,0,111,0
MYS,Malaysia,1997,East Asia & Pacific,Upper middle income,2.66251459711946,7.32274185035924,185.66511116237,125.506871598148,5.13624115805327,0.35889655351638794,0.1799098253250122,0.5967764854431152,0,1.2981499598968709,0.5174759930688826,4.8,0,111,0
MDV,Maldives,1997,South Asia,Upper middle income,7.57283467072592,8.39794100450224,NA,38.0544839424201,2.24485508850185,0.5,1,1,0,2.148598444630915,1,-1.5,1,111,1
MLI,Mali,1997,Sub-Saharan Africa,Low income,-0.362999795946695,4.12133954321507,45.0487038446352,17.3113298591067,2.17754659305845,0.5,1,0.1643451750278473,0,0.09531017980432492,0,NA,1,132,1
MRT,Mauritania,1997,Sub-Saharan Africa,Lower middle income,4.62534695318394,-4.04469654678225,62.7495635657126,NA,-0.160710691213042,0.56943678855896,0.4453822374343872,0.1643451750278473,0,1.7272826267543495,0.3942342873818497,NA,0,111,0
MUS,Mauritius,1997,Sub-Saharan Africa,Upper middle income,6.83334334996102,5.68747741886635,126.107505043338,76.43720412486,1.3025692466794,0.6977434158325195,0.35792750120162964,0.8200953602790833,0,2.058389411199614,0.7847141734305048,NA,0,112,0
MEX,Mexico,1997,Latin America & Caribbean,Upper middle income,20.6256287259247,7.19887615284711,46.4918755715735,27.140715415269,2.4510099356897,0.6258823871612549,0.4078441560268402,0.700158953666687,1,3.0738791264265015,1,-3.5,0,111,0
FSM,"Micronesia, Fed. Sts.",1997,East Asia & Pacific,Lower middle income,NA,-6.21107419101304,107.144341919725,51.5961161789778,NA,0.3364989757537842,1,0.8800635933876038,0,NA,0.6000000397574952,2.6,1,111,1
MDA,Moldova,1997,Europe & Central Asia,Upper middle income,11.7728324494467,1.64706456037401,127.560400247842,21.5640034877299,4.07962117197816,0.7229217886924744,0.4894442558288574,0.2243133783340454,1,2.547320450417781,1,-7.5,1,111,1
MNG,Mongolia,1997,East Asia & Pacific,Upper middle income,36.5561148948773,3.89671358377919,99.9914490021753,18.2292552200818,2.11696806984845,0.5664594173431396,0.20950812101364136,0.700158953666687,0,3.625836211686469,0.7981618540657297,-8.1,0,111,0
MAR,Morocco,1997,Middle East & North Africa,Lower middle income,1.03819895051614,-1.56070234550782,51.1501546486104,61.9270329068279,2.75709006484814,0.4818132519721985,0.5498162508010864,0.1643451750278473,0,0.7120665505051211,0.3942342873818497,1.5,0,132,0
MOZ,Mozambique,1997,Sub-Saharan Africa,Low income,NA,11.8149459447588,43.2986819731024,14.827753800236,1.32138783006061,0.6453401446342468,0.48970556259155273,0.1643451750278473,0,NA,1,-1.8,0,111,1
MMR,Myanmar,1997,East Asia & Pacific,Lower middle income,29.6972325791529,5.65158296304853,NA,29.0958178987395,8.19907839931242,0.566811740398407,0.4113377332687378,0,1,3.4241725065284028,0,NA,0,111,0
NAM,Namibia,1997,Sub-Saharan Africa,Upper middle income,NA,4.22010030384476,92.8410903733921,37.8791206480456,2.18948734194013,0.04378138855099678,1,0.1643451750278473,0,NA,1,-2.4,1,199,1
NPL,Nepal,1997,South Asia,Lower middle income,4.00998860523181,5.04861254517328,64.0355348949959,43.1952267250359,0.468752021000606,0.7410949468612671,0.5252618193626404,0.1643451750278473,0,1.6114336406893588,0,NA,1,534,1
NIC,Nicaragua,1997,Latin America & Caribbean,Lower middle income,NA,3.96665092760821,58.0055306487605,27.3947649208827,4.63328538246985,0.5897110104560852,0.9732288122177124,0.8200953602790833,0,NA,0.8200953602790833,NA,0,111,0
NER,Niger,1997,Sub-Saharan Africa,Low income,2.93345253394422,1.52747571050666,33.1743453903346,7.35979275712173,0.827804537088488,0.5,1,0.2243133783340454,0,1.3695175475843708,0.19190139837651451,-2.4,1,132,1
NGA,Nigeria,1997,Sub-Saharan Africa,Lower middle income,8.52987421383634,2.93709941924898,NA,9.72526941888366,0.233794418819082,0.5299684405326843,1,0.05996821448206901,0,2.2544315186111485,0.20000001739390413,1.1,1,111,1
PAK,Pakistan,1997,South Asia,Lower middle income,11.3754928865122,1.01439601077892,36.8522661008964,48.2032374752503,1.14722858022912,0.5367213487625122,1,0.1643451750278473,1,2.515718136874699,1,-3.9,0,111,0
PNG,Papua New Guinea,1997,East Asia & Pacific,Lower middle income,3.96437805228409,-3.90438965639359,99.2079750268377,37.6615345499746,0.573526453442751,0.5559330582618713,0.25518181920051575,0.1643451750278473,0,1.6022880232426058,0,0.7,0,111,0
PRY,Paraguay,1997,Latin America & Caribbean,Upper middle income,6.94956608534118,4.24251610269859,95.9342762479745,25.4754530545459,2.3170574100351,0.5524364113807678,0.4096700251102447,0.5675687193870544,0,2.0731173467164443,0.7593163792796168,3,0,111,0
PER,Peru,1997,Latin America & Caribbean,Upper middle income,8.56218948953653,6.47682442079709,33.4695458506827,28.8961621639069,3.67902174881379,0.5316480398178101,0.5355905294418335,1,0,2.257816726942983,1,NA,0,111,0
PHL,Philippines,1997,East Asia & Pacific,Lower middle income,5.59025939650601,5.18641167406165,77.2286459172662,54.2752763473772,1.29853131183765,0.4004459679126739,0.15938721597194672,0.4476322829723358,0,1.8855927098802645,0.5287044104467413,0.4,0,111,0
RWA,Rwanda,1997,Sub-Saharan Africa,Low income,12.0154225195686,13.8497524857822,33.4674605100182,15.8288015947578,0.139882181600427,0.4719932675361634,0.5115547180175781,0.1643451750278473,0,2.5661350019663445,0,-2.3,1,111,1
WSM,Samoa,1997,East Asia & Pacific,Lower middle income,6.86182355310877,0.643425004323134,NA,29.9463018561577,7.00234996176022,0.5,0.3906074464321137,0.1643451750278473,0,2.062018583744611,0.3942342873818497,1.9,0,196,0
STP,Sao Tome and Principe,1997,Sub-Saharan Africa,Lower middle income,35.81717824448,0.996320930540918,NA,19.40282915571,0.435159711289476,0.30242860317230225,0.2227984368801117,0,0,3.605964536379341,0,NA,0,111,0
SEN,Senegal,1997,Sub-Saharan Africa,Lower middle income,1.75316478097236,3.04560103485423,47.2413224036235,16.4735863365338,2.95970811733686,0.5,1,0.1643451750278473,0,1.0127510794263872,0,1,1,132,1
SLB,Solomon Islands,1997,East Asia & Pacific,Lower middle income,8.08400135486043,-0.914077188158032,100.91097317163,21.4561254161428,6.43275577805472,0.461013525724411,0.1284365355968475,0.1643451750278473,0,2.2065147733913006,0,1.8,0,111,0
ZAF,South Africa,1997,Sub-Saharan Africa,Upper middle income,8.59777611252274,2.60000000146347,42.3013344291831,47.4025072600946,2.25505250994968,0.6961753368377686,0.3740662634372711,0.1643451750278473,0,2.2615314166920912,0.3942342873818497,NA,0,111,0
LKA,Sri Lanka,1997,South Asia,Lower middle income,9.57369626405162,6.40539969571286,80.1375533095503,37.4793433916825,2.84957994822129,0.6117600202560425,0.3675200641155243,0.4476322829723358,0,2.3583694326089044,0.5287044104467413,-5.7,0,534,0
LCA,St. Lucia,1997,Latin America & Caribbean,Upper middle income,-0.0055202870547238,-0.694130142059308,NA,53.4096641544118,5.93428308823529,0.5,1,0.1643451750278473,0,0.09531017980432492,0,-1.1,1,111,1
VCT,St. Vincent and the Grenadines,1997,Latin America & Caribbean,Upper middle income,0.443616029823348,3.50515087270627,NA,67.7043290591919,26.5894907239771,0.5,1,0.1643451750278473,0,0.3671510977864622,0,-2.8,1,111,1
SUR,Suriname,1997,Latin America & Caribbean,Upper middle income,7.14511160883929,5.6999976832949,NA,35.1911249996627,-0.993067417943757,0.4967847466468811,1,0.1643451750278473,0,2.0974179447028267,1,-0.3,1,111,1
TJK,Tajikistan,1997,Europe & Central Asia,Lower middle income,NA,1.68067413588066,181.590119644925,NA,1.95329872636048,0.49831944704055786,0.09457411617040634,0.1643451750278473,0,NA,0.36714325860631464,NA,0,111,0
TZA,Tanzania,1997,Sub-Saharan Africa,Lower middle income,16.0906549283201,3.52527818941036,28.8587832233337,13.5731189280713,1.41496919733439,0.41429370641708374,0.5342584848403931,0.1643451750278473,1,2.838531818705688,0.5801363815350187,0,0,111,0
THA,Thailand,1997,East Asia & Pacific,Upper middle income,5.62579747129104,-2.75357515314082,95.0517906464755,99.8653188431335,2.59338342691776,0.3322303295135498,0.12039849162101746,0.4168718457221985,0,1.890970737653097,1,-1.7,0,111,0
TGO,Togo,1997,Sub-Saharan Africa,Low income,8.25082508250802,14.3773775724317,53.2069014922318,15.9481958794495,0.579188299254937,0.5,1,0.1643451750278473,0,2.224712745655394,NA,-1,1,132,1
TON,Tonga,1997,East Asia & Pacific,Upper middle income,2.12473132408038,-0.600537843483892,71.850198257484,29.586400026211,-0.0048978691415935,0.5396192073822021,0.4350955188274383,0.28428158164024353,0,1.139348303197913,0.2238397208020256,NA,0,111,0
TUN,Tunisia,1997,Middle East & North Africa,Lower middle income,3.65202620723071,5.44094350107467,80.5007104439621,44.9125325801756,1.65189067777703,0.38725799322128296,0.4056291878223419,0.1643451750278473,0,1.537302868181115,0,-3.7,0,132,0
TUR,Turkiye,1997,Europe & Central Asia,Upper middle income,85.6693616499779,7.3578623747848,42.7610666826994,26.6843181029638,0.305135116508485,0.4131801724433899,0.4471780061721802,0.1643451750278473,1,4.4621004378252325,0,NA,0,111,0
UGA,Uganda,1997,Sub-Saharan Africa,Low income,8.16902144106963,5.10000186476283,34.1585669652784,13.7934792849901,2.79136538541262,0.5909506678581238,0.3606131970882416,0.4768400490283966,0,2.2158305674955705,0.4768400490283966,-0.8,0,111,0
UKR,Ukraine,1997,Europe & Central Asia,Upper middle income,15.940599414943,-2.99999999842365,84.2414161623735,13.4319955893536,1.2422352423285,0.5254995226860046,0.5277130603790283,0,1,2.829713073187204,0,-5.6,0,111,1
VUT,Vanuatu,1997,East Asia & Pacific,Lower middle income,2.83070223189979,4.90681267768768,96.196924634563,98.9058090236031,11.0837578711861,0.5590852499008179,0.4652498066425323,1,0,1.343048136751411,1,-0.5,0,111,0
VNM,Viet Nam,1997,East Asia & Pacific,Lower middle income,3.20952606261374,8.1520841433542,94.3444840684516,22.5073100506022,8.2700967582097,0.5038464665412903,0.4312065541744232,0.1643451750278473,0,1.4373500671563273,0.3942342873818497,NA,0,111,0
YEM,"Yemen, Rep.",1997,Middle East & North Africa,Low income,2.17672667372646,5.23111204040379,80.145988654048,33.3467052404908,-2.02535761463574,0.8337894678115845,0.4516771137714386,0.8200953602790833,0,1.1558513187649586,0.748986450228707,NA,0,111,0
ZMB,Zambia,1997,Sub-Saharan Africa,Lower middle income,24.4187215689412,3.81400749718355,58.272862622336,15.406776036074,4.81956998648727,0.8066699504852295,0.4777657091617584,0.6557502150535583,1,3.235485972165418,0.6557502150535583,NA,0,111,0
ALB,Albania,1998,Europe & Central Asia,Upper middle income,20.6428588670596,8.3100252038309,47.1306266993222,60.9371368808022,1.73091617857629,0.3834297060966492,0.30669859051704407,0.4168718457221985,1,3.0746755555602276,1,-9.9,0,134,0
DZA,Algeria,1998,Middle East & North Africa,Upper middle income,4.95016163793114,5.10000361107312,45.0944505585079,42.3768223541164,1.25882531840803,0.5443608164787292,0.4080347716808319,0.1643451750278473,0,1.7834183852273953,1,-3.5,0,132,0
AGO,Angola,1998,Sub-Saharan Africa,Lower middle income,107.284821528298,4.69114645093552,NA,24.4370429180687,17.1216116785351,0.30253416299819946,0.09539508819580078,0.1643451750278473,1,4.684764992091445,1,-5.9,0,111,0
ARM,Armenia,1998,Europe & Central Asia,Upper middle income,8.67248632385157,7.29999998770998,71.8424518815414,10.052218423345,12.2707797402698,0.302793025970459,0.6540448069572449,0.8800635933876038,0,2.269285393670784,0.7707462002975334,NA,0,111,0
AZE,Azerbaijan,1998,Europe & Central Asia,Upper middle income,-0.772697886033166,9.99999961153691,77.2278091030634,10.7290918594431,23.0067972039761,0.6684615612030029,0.8047014474868774,0.1643451750278473,0,0.09531017980432492,0,1.6,0,111,1
BGD,Bangladesh,1998,South Asia,Lower middle income,8.40223795613228,5.1770268731498,27.8800634028394,26.2325061615944,0.380236166897954,0.5410388708114624,0.4951849579811096,0.1643451750278473,0,2.2409477413789123,0.3942342873818497,-2.2,0,111,0
BLR,Belarus,1998,Europe & Central Asia,Upper middle income,72.8697170535354,8.3999913697987,122.957697735989,30.9405445617173,1.33490888841733,0.31256434321403503,0.03402277827262878,0,1,4.3023029612034795,0,NA,0,111,0
BLZ,Belize,1998,Latin America & Caribbean,Upper middle income,2.1952625003759,3.89301999542513,85.2837692818555,37.2198069634798,1.89979624281656,0.7628723978996277,1,0.1643451750278473,0,1.161669244196637,0.22930405863986925,-2.7,1,111,1
BEN,Benin,1998,Sub-Saharan Africa,Lower middle income,5.75331458417064,3.96101213832645,59.5936252981433,19.5070336084605,0.46002921041369,0.5,1,0.1643451750278473,0,1.9100334338658451,0,2.5,1,132,1
BTN,Bhutan,1998,South Asia,Lower middle income,10.5855899892463,5.91403093576604,85.5831350923996,42.7472225708323,NA,0.5,1,0.1643451750278473,0,2.4497620835834004,NA,1.3,1,534,1
BOL,Bolivia,1998,Latin America & Caribbean,Lower middle income,7.67322895675083,5.02935475543048,52.2811629581228,55.1987792417582,11.1715280663643,0.6787521243095398,0.8751564025878906,0.7474732995033264,0,2.1602411501490835,1,-4.6,0,111,0
BWA,Botswana,1998,Sub-Saharan Africa,Upper middle income,6.66139865665752,0.443663586075374,101.841039320292,28.2630557202134,1.98974016992689,0.3380376696586609,0.3496306836605072,0.5957820415496826,0,2.0361945593375035,0.5957820415496826,NA,0,199,0
BRA,Brazil,1998,Latin America & Caribbean,Upper middle income,3.19507629280051,0.338097901952338,16.438584928207,39.3317317429728,3.34088713373843,0.6787657737731934,0.8377010822296143,0.1643451750278473,0,1.4339115263570157,0.306152474953776,NA,0,111,0
BFA,Burkina Faso,1998,Sub-Saharan Africa,Low income,5.08433344145324,7.30771963496896,40.9397835752562,21.5261861392885,0.157122759480677,0.5,1,0.1643451750278473,0,1.8057171791827515,0,-2.6,1,132,1
BDI,Burundi,1998,Sub-Saharan Africa,Low income,12.5004107653378,4.74999999509613,NA,15.7858820589705,NA,0.4676441550254822,0.23150132596492767,0.1643451750278473,1,2.6027201120435492,1,-4.4,0,111,0
CPV,Cabo Verde,1998,Sub-Saharan Africa,Lower middle income,4.39423509983477,12.5172857879884,81.8814137506275,61.4545897527155,1.3017068264142,0.4439513683319092,0.40910953283309937,0.1643451750278473,0,1.6853308092024204,0,-3.2,0,182,0
KHM,Cambodia,1998,East Asia & Pacific,Lower middle income,14.8065035437763,4.68163210426384,75.6194730009492,10.4951672835932,3.71333117712453,0.43860387802124023,0.21261171996593475,0,0,2.760421472036711,0,-5.4,NA,NA,NA
CMR,Cameroon,1998,Sub-Saharan Africa,Lower middle income,3.17075185386906,4.72553484802563,42.2946538344074,11.1785548375879,0.488852764808766,0.60628342628479,1,0.1643451750278473,0,1.4280963202465184,0,NA,1,132,1
CAF,Central African Republic,1998,Sub-Saharan Africa,Low income,-1.8852009615791,4.70014237879329,51.0495318767161,17.0925014412555,0.75470901166624,0.60628342628479,1,0.1643451750278473,0,0.09531017980432492,0,0,1,132,1
TCD,Chad,1998,Sub-Saharan Africa,Low income,4.2588511022514,6.95157991199449,48.0589828951249,10.2511828257405,1.24350917038373,0.60628342628479,1,0.1643451750278473,0,1.6599125812669322,0,-1.7,1,132,1
CHN,China,1998,East Asia & Pacific,Upper middle income,-0.773186011549318,7.92079207933551,32.1717399357488,122.938871865825,4.40097362165008,0.5820825695991516,1,0.1643451750278473,0,0.09531017980432492,1,-1.1,1,111,1
COL,Colombia,1998,Latin America & Caribbean,Upper middle income,18.6769799276671,0.569784088434517,35.9089230535138,33.046013382286,2.87354611202614,0.6799001693725586,0.24629491567611697,0.1643451750278473,1,2.9794494208880713,0.23472552077950623,-3.9,0,111,0
COM,Comoros,1998,Sub-Saharan Africa,Lower middle income,NA,0.0250407992332242,35.7572500543394,9.79537338922528,0.105574621312169,NA,1,0.1643451750278473,0,NA,NA,-2,1,132,1
COD,"Congo, Dem. Rep.",1998,Sub-Saharan Africa,Low income,29.1488069236652,-1.62415404479,62.6793067265869,NA,0.986360812284015,0.6298991441726685,0.09979786723852158,0.2243133783340454,1,3.40614535103584,1,-1.5,0,111,0
COG,"Congo, Rep.",1998,Sub-Saharan Africa,Lower middle income,NA,3.73755276980884,148.901662464134,15.2957134162247,-8.70306930470468,0.60628342628479,1,0.1643451750278473,0,NA,0,-5.2,1,132,1
CRI,Costa Rica,1998,Latin America & Caribbean,Upper middle income,11.6592997742233,7.15530857859194,92.0380212366186,15.0298011122346,4.49056201812519,0.8248300552368164,0.9276326298713684,0.656744658946991,1,2.538392105093424,0.656744658946991,-3,0,111,0
CIV,Cote d'Ivoire,1998,Sub-Saharan Africa,Lower middle income,4.61144759515372,4.26390594437231,53.6538337944761,14.7253686133616,3.87417179081598,0.5,1,0.1643451750278473,0,1.7248087246002572,0,-0.7,1,132,1
DJI,Djibouti,1998,Middle East & North Africa,Lower middle income,NA,NA,NA,59.1961153745998,0.617093489663684,0.5447348952293396,1,1,0,NA,1,-3.6,1,111,1
DMA,Dominica,1998,Latin America & Caribbean,Upper middle income,0.999147457910748,3.77423043853915,NA,58.7956914911948,2.01950580694076,0.5,1,0.4168718457221985,0,0.6927208186359904,0.4712955895532587,-6,1,111,1
DOM,Dominican Republic,1998,Latin America & Caribbean,Upper middle income,4.83166558591895,6.70585570778992,75.9113027135939,25.1631175101779,3.08644032520187,0.69492340087890625,0.3832551538944245,0.11993642896413804,0,1.7633026518275376,0.12758762584793454,-0.3,0,111,0
ECU,Ecuador,1998,Latin America & Caribbean,Upper middle income,36.0984331623885,3.26652934570988,43.395107949805,18.7630942246312,3.10908156656419,0.7392264008522034,0.1872473955154419,0.4768400490283966,1,3.613574735901842,0.3620742461052712,-5.1,NA,NA,NA
EGY,"Egypt, Arab Rep.",1998,Middle East & North Africa,Lower middle income,3.87257546427489,5.575497460986,41.9276270006959,77.0256437021573,1.26843702157272,0.42236101627349854,1,0.7157184481620789,0,1.583622640073362,0.7157184481620789,NA,1,111,1
SLV,El Salvador,1998,Latin America & Caribbean,Upper middle income,2.54705977554151,2.65227730016461,60.8722907509534,50.0436671277026,10.0824491417474,0.5985874533653259,1,0.8800635933876038,0,1.266119028071675,0.8800635933876038,-2.9,1,111,1
GNQ,Equatorial Guinea,1998,Sub-Saharan Africa,Upper middle income,7.93571069814148,23.7744823299607,NA,9.53368104672642,74.1238969100452,0.5868133306503296,1,0.1643451750278473,0,2.190055686370562,0,-7.7,1,132,1
SWZ,Eswatini,1998,Sub-Saharan Africa,Lower middle income,8.10996563573863,2.60403956156969,NA,22.0763054051574,9.68479827643606,0.09262488037347794,1,0.1643451750278473,0,2.209368939117511,0,1,1,199,1
ETH,Ethiopia,1998,Sub-Saharan Africa,Low income,0.894801693964106,-3.4581391346848,NA,32.7592885788845,3.25297744362568,NA,0.4981980621814728,0.1643451750278473,0,0.6391141860738713,1,-3.6,0,111,0
FJI,Fiji,1998,East Asia & Pacific,Upper middle income,5.71168160413118,1.30000045153808,NA,40.8210686558076,1.23001999628593,0.5788087844848633,0.13896407186985016,0.1643451750278473,0,1.9038495312297292,0,5.4,0,111,0
GAB,Gabon,1998,Sub-Saharan Africa,Upper middle income,1.44873854294598,3.47783358718901,95.9747826086956,17.3756143667297,2.9576937639839,0.60628342628479,1,0.1643451750278473,0,0.8955730115299786,0,-13.1,1,132,1
GMB,"Gambia, The",1998,Sub-Saharan Africa,Low income,1.11418841174713,3.49999870205306,53.8709622701508,14.6656020115126,2.82047073744559,0.2416010946035385,0.3758353888988495,1,0,0.7486710091847837,1,NA,0,111,0
GEO,Georgia,1998,Europe & Central Asia,Upper middle income,3.56680781278783,3.1015096961657602,53.5666693215985,7.44493518647578,7.34191772565261,NA,0.17070278525352478,0.6275368928909302,0,1.518814451598074,0.4680306448150028,-4,0,111,0
GHA,Ghana,1998,Sub-Saharan Africa,Lower middle income,14.6241666666675,4.70039078427911,80.5995432469935,22.8573763581591,2.23734900555042,0.2907106578350067,0.6011068820953369,0.1643451750278473,1,2.7488188608669124,0.3942342873818497,-5.3,0,111,1
GRD,Grenada,1998,Latin America & Caribbean,Upper middle income,1.37769330389496,11.7535029919192,NA,70.3832608892289,10.9183209092615,0.5,1,0.1643451750278473,0,0.8661308176611929,0.3942342873818497,-2.4,1,111,1
GTM,Guatemala,1998,Latin America & Caribbean,Upper middle income,6.61346070518058,4.99352780305848,44.4237399632554,21.2672642215164,6.94130368276462,0.40907660126686096,0.447973906993866,0.7167128920555115,0,2.029917826082281,0.7167128920555115,-2.3,0,111,0
GIN,Guinea,1998,Sub-Saharan Africa,Lower middle income,NA,3.64412124205991,33.0646236252079,6.8401762130453,0.340397518598648,0.4246863722801209,0.6002671122550964,0.1643451750278473,0,NA,1,2.5,0,111,0
GNB,Guinea-Bissau,1998,Sub-Saharan Africa,Low income,8.01375518965603,-22.4457270657526,43.5009973080258,9.62149879975614,0.745665889021338,0.5,0.2894093692302704,0.2243133783340454,0,2.198751764997498,1,-6,1,132,1
HTI,Haiti,1998,Latin America & Caribbean,Lower middle income,5.26903547042201,2.18184032957123,36.5207867041288,31.0180167309554,0.288944097337968,0.33308205008506775,0.27160361409187317,0.700158953666687,0,1.8356225103428228,0.59886052581069,0.2,0,111,0
HND,Honduras,1998,Latin America & Caribbean,Lower middle income,13.6681077485869,11.5761659820033,122.69670703096,37.3384252655392,1.60617614424743,0.699321985244751,0.825508177280426,0.3724631071090698,1,2.685675596008858,0.5319693551849972,2.9,0,111,0
IND,India,1998,South Asia,Lower middle income,13.2308389767977,6.18441582172117,23.6994700790647,48.9013068508578,0.625286204187864,0.5564350485801697,0.4128282070159912,0.1643451750278473,0,2.655411368677049,NA,-9.7,0,111,0
IDN,Indonesia,1998,East Asia & Pacific,Upper middle income,58.4510413515526,-13.1267254923818,96.1861923602686,59.8604137991647,-0.252290447660406,0.4630671441555023,0.03100456297397613,0.6557502150535583,0,4.085153139409832,0.4096498644062357,-1.9,0,111,0
IRN,"Iran, Islamic Rep.",1998,Middle East & North Africa,Upper middle income,17.8661342130398,2.08001178027133,29.2282196463134,40.1311523716424,0.0217633947743042,NA,0.5957856178283691,0,1,2.937368474219096,0,-5,1,111,1
JAM,Jamaica,1998,Latin America & Caribbean,Upper middle income,8.63189613012144,-2.33455353946911,NA,47.8083176615645,3.66556082099311,0.6231739521026611,0.7071645259857178,0.8800635933876038,0,2.265080104675412,0.8564761393959606,-5.7,0,111,1
JOR,Jordan,1998,Middle East & North Africa,Lower middle income,3.09166666666703,3.01217269046565,109.052402937716,96.8203679275554,3.9181432493137,0.8156848549842834,1,0.8200953602790833,0,1.4089523850125634,0.7847141734305048,-5.6,1,111,1
KAZ,Kazakhstan,1998,Europe & Central Asia,Upper middle income,7.14632665452334,-1.89999999942479,65.2041827454395,8.57048988800607,5.20165904469805,NA,0.5699443817138672,0.1643451750278473,0,2.097567108412827,0,NA,0,111,0
KEN,Kenya,1998,Sub-Saharan Africa,Lower middle income,6.72243650753928,3.29021372249065,48.8972419400753,35.8071838047635,0.188365603434476,0.15761302411556244,0.2544763684272766,0.700158953666687,0,2.044129924027274,1,0,0,111,0
KGZ,Kyrgyz Republic,1998,Europe & Central Asia,Lower middle income,10.4573825846721,2.12183528473682,94.5092945286033,14.4905416396052,6.63614159249767,0.8235598206520081,0.1414436101913452,0.8200953602790833,1,2.4386342894474407,1,-12,0,111,0
LAO,Lao PDR,1998,East Asia & Pacific,Lower middle income,90.9807345622878,3.96760809197698,84.2695405093512,20.5078138241168,3.58543935160818,0.5081586241722107,0.07234542071819305,0.2525267004966736,1,4.521579148188693,0.6057657841085201,NA,0,111,0
LSO,Lesotho,1998,Sub-Saharan Africa,Lower middle income,NA,1.53765589433743,NA,34.4614248901987,3.05351437026074,0.06364315748214722,1,0.1643451750278473,0,NA,0,-11.8,1,199,1
LBR,Liberia,1998,Sub-Saharan Africa,Low income,NA,30.2081273744464,NA,12.7949188592302,52.9226918798665,0.6111818552017212,0.00929981842637062,0.5967764854431152,0,NA,0.4134974172740263,NA,0,111,0
LBY,Libya,1998,Middle East & North Africa,Upper middle income,3.70927318295739,-3.55224474739784,40.2527075812274,67.392089153979,-0.469313640294635,0.5,0.4142835736274719,0.1643451750278473,0,1.5495335825236012,1,-2.4,0,111,0
MDG,Madagascar,1998,Sub-Saharan Africa,Low income,6.2080160866332,3.91707460516817,37.3321870147971,16.310236466227,0.37790895322555,0.3509846031665802,0.3084087073802948,0.4168718457221985,0,1.9751937520784075,1,-5.3,0,132,0
MWI,Malawi,1998,Sub-Saharan Africa,Low income,29.7486512828264,3.89525350328424,NA,12.5574131359718,0.475121088003641,0.7129025459289551,0.08461280912160873,0.1643451750278473,0,3.4258461325695246,0.3942342873818497,NA,0,111,0
MYS,Malaysia,1998,East Asia & Pacific,Upper middle income,5.27034200348766,-7.35941518817556,209.492202808189,125.151891142941,2.99775085201455,0.462429404258728,0.09914497286081314,0.5368082523345947,0,1.835830899168041,0.4457140271034268,-0.6,0,111,0
MDV,Maldives,1998,South Asia,Upper middle income,-1.40425233816792,7.4946829140504,NA,44.0441844407208,2.13257608728799,0.5,1,1,0,0.09531017980432492,1,-2.3,1,111,1
MLI,Mali,1998,Sub-Saharan Africa,Low income,4.03658945954986,6.65326037456275,39.830245090196,15.6452201290114,0.245394189320441,0.5,1,0.1643451750278473,0,1.6167291584884311,0,NA,1,132,1
MRT,Mauritania,1998,Sub-Saharan Africa,Lower middle income,8.03166665498858,2.77780479737011,51.3910125506772,NA,0.00652659003650711,0.56943678855896,0.22999729216098783,0.1643451750278473,0,2.2007369190569523,0.3942342873818497,NA,0,111,0
MUS,Mauritius,1998,Sub-Saharan Africa,Upper middle income,6.81079323797193,6.07194017756214,130.442832961932,74.9233080737597,0.288001173687631,0.7165454030036926,0.15077929198741913,0.8800635933876038,0,2.0555065256558547,0.8564761393959606,NA,0,112,0
MEX,Mexico,1998,Latin America & Caribbean,Upper middle income,15.9283950119353,6.18507893082885,48.0318841400179,25.9425768926098,2.28836855124077,0.8186628222465515,0.21776852011680603,0.700158953666687,1,2.828992390229682,1,-4.5,0,111,0
FSM,"Micronesia, Fed. Sts.",1998,East Asia & Pacific,Lower middle income,NA,2.83680953653287,102.530659392703,49.0563020212377,NA,0.25744280219078064,1,0.8200953602790833,0,NA,0.3999999602425048,-3.3,1,111,1
MDA,Moldova,1998,Europe & Central Asia,Upper middle income,7.69576517517208,-6.54219207711182,116.803124451539,19.3369376700332,4.44511814313197,0.868357241153717,0.06357812136411667,0.2243133783340454,0,2.16283614567924,1,-1.5,0,111,0
MNG,Mongolia,1998,East Asia & Pacific,Upper middle income,9.35704217716548,3.33993659935817,107.351210779428,17.6897373480007,1.68083637693881,0.6461626291275024,0.5601471662521362,0.700158953666687,0,2.3376666919326663,0.7981618540657297,-12.3,0,111,0
MAR,Morocco,1998,Middle East & North Africa,Lower middle income,2.75311330764477,7.23855267691987,45.6723595943991,54.8407220042,0.663931270652034,0.532855212688446,0.47764965891838074,0.1643451750278473,0,1.3225857109161017,0.3942342873818497,1.5,0,132,1
MOZ,Mozambique,1998,Sub-Saharan Africa,Low income,NA,10.3692324974977,39.0075460593046,14.9114823560108,4.23157990347201,0.5514594912528992,0.5827963352203369,0.1643451750278473,0,NA,1,-1.1,0,111,0
MMR,Myanmar,1998,East Asia & Pacific,Lower middle income,51.4875497504079,5.86621315328905,NA,27.0466512111002,4.8680682147655,0.5897623896598816,0.41429343819618225,0,1,3.9605759938623586,0,-4.9,0,111,0
NAM,Namibia,1998,Sub-Saharan Africa,Upper middle income,NA,3.29158562064818,92.1305009296504,37.444351618037,2.48462846936643,0.01701586507260799,1,0.1643451750278473,0,NA,1,-2.8,1,199,1
NPL,Nepal,1998,South Asia,Lower middle income,11.2444677818614,3.01638947539399,56.7096012897007,44.7793714371188,0.247611787038703,0.7101256251335144,0.602542519569397,0.1643451750278473,0,2.505074225340421,0,NA,1,534,1
NIC,Nicaragua,1998,Latin America & Caribbean,Lower middle income,NA,3.71168146396694,57.0137150680369,30.6121356162812,4.70730631064372,0.5317298769950867,0.972966194152832,0.8800635933876038,0,NA,0.8800635933876038,NA,0,111,0
NER,Niger,1998,Sub-Saharan Africa,Low income,4.5480157771872,9.97261495642444,35.0196895457842,5.14320048581012,-0.0667540048083058,0.5,1,0.2243133783340454,0,1.713440346209753,0.19190139837651451,-2.2,1,132,1
NGA,Nigeria,1998,Sub-Saharan Africa,Lower middle income,9.99637812386806,2.58125410192937,NA,10.9390346911727,0.137154046877584,0.4590511918067932,1,0.2243133783340454,0,2.3975659571133723,0.7481076426230564,-3.5,1,111,1
PAK,Pakistan,1998,South Asia,Lower middle income,6.22800415424543,2.55023429817393,34.011725180531,47.1502313964154,0.813610045502484,0.5677103996276855,1,0,0,1.9779629474732356,0,-4.5,0,111,0
PNG,Papua New Guinea,1998,East Asia & Pacific,Lower middle income,13.5741917656809,-3.76911321783457,102.860932133887,35.0083166743554,2.88798382712168,0.6002371311187744,0.1571103185415268,0.1643451750278473,0,2.6792522772293776,0,-0.2,0,111,0
PRY,Paraguay,1998,Latin America & Caribbean,Upper middle income,11.5532684355839,0.0680377558080636,101.606320138559,23.5665523922632,3.6779944686054,0.6170246601104736,0.28373533487319946,0.6275368928909302,0,2.529981064785231,0.8395442262725767,4.3,0,111,0
PER,Peru,1998,Latin America & Caribbean,Upper middle income,7.24782175213469,-0.391537555833821,32.9530217853936,32.3013666613362,2.96199214687156,0.5525467991828918,0.5310601592063904,1,0,2.109949135440241,1,NA,0,111,0
PHL,Philippines,1998,East Asia & Pacific,Lower middle income,9.23493432267121,-0.514090599541888,80.077201518421,53.646843314405,3.0701111773194,0.5684004426002502,0.15276695787906647,0.4476322829723358,0,2.3258068021577554,0.5287044104467413,-1.3,0,111,0
RWA,Rwanda,1998,Sub-Saharan Africa,Low income,6.2100670945581,8.85866949392693,28.7944635910011,14.7246091371586,0.356901652992421,0.3919711709022522,0.4752560257911682,0.1643451750278473,0,1.975478257017512,0,-2.6,0,111,0
WSM,Samoa,1998,East Asia & Pacific,Lower middle income,2.21883468834654,2.19488971786478,NA,29.0396918936827,1.11323349425146,0.5,0.2691362202167511,0.1643451750278473,0,1.1690193960263968,0.3942342873818497,1.6,0,196,0
STP,Sao Tome and Principe,1998,Sub-Saharan Africa,Lower middle income,50.4931357486254,2.49998790327494,NA,16.7770737883825,5.81030163317643,0.427404522895813,0.7130252718925476,0,0,3.941448512351806,0,NA,0,111,1
SEN,Senegal,1998,Sub-Saharan Africa,Lower middle income,1.15678070391341,5.89847931769205,48.0986748167655,16.4199461160237,1.0929925848965,0.5,1,0.1643451750278473,0,0.7686166950681449,0,0.9,1,132,1
SLB,Solomon Islands,1998,East Asia & Pacific,Lower middle income,12.3995038128069,1.29151224937236,83.1388019998149,19.5413851296541,1.92417308012615,0.461013525724411,0.49846285581588745,0.1643451750278473,0,2.595217677376272,0,4.3,0,111,1
ZAF,South Africa,1998,Sub-Saharan Africa,Upper middle income,6.88054521037351,0.50000000034143,44.0357453368965,49.6006941482149,0.359738435986599,0.8077137470245361,0.16340115666389465,0.1643451750278473,0,2.0643970906100244,0.3942342873818497,NA,0,111,0
LKA,Sri Lanka,1998,South Asia,Lower middle income,9.36424300683229,4.69842304772052,78.4949891255872,37.1067087366624,1.22725240374875,0.6033676862716675,0.03583907335996628,0.4476322829723358,0,2.3383617096299503,0.5287044104467413,-6.8,0,534,0
LCA,St. Lucia,1998,Latin America & Caribbean,Upper middle income,3.20194341679091,6.28647121511862,NA,54.7288566061629,9.50485436893204,0.5,1,0.1643451750278473,0,1.4355471365517802,0,2.2,1,111,1
VCT,St. Vincent and the Grenadines,1998,Latin America & Caribbean,Upper middle income,2.1424064726839,4.0901949332585,NA,71.3001170732674,23.8082020678648,0.5,1,0.1643451750278473,0,1.144988898965826,0,-1.8,1,111,1
SUR,Suriname,1998,Latin America & Caribbean,Upper middle income,18.9753691994478,2.30000165105389,NA,40.5060219469325,0.819192510239906,0.33506250381469727,1,0.1643451750278473,0,2.9944999745577636,1,-6.4,1,111,1
TJK,Tajikistan,1998,Europe & Central Asia,Lower middle income,NA,5.31286765940042,106.89554276797,7.07926216717058,2.26786922364186,0.5569039583206177,0.19851402938365936,0.1643451750278473,0,NA,0.36714325860631464,-5.1,0,111,0
TZA,Tanzania,1998,Sub-Saharan Africa,Lower middle income,12.7997540479609,3.70851159859504,26.1436420608095,12.6930701174449,1.41550329957581,0.34295719861984253,0.4463690519332886,0.1643451750278473,1,2.6246507693928054,0.5801363815350187,0.1,0,111,0
THA,Thailand,1998,East Asia & Pacific,Upper middle income,7.9947287502746,-7.63403528600102,100.240473732828,110.126107267109,6.43480671140772,0.4111155867576599,0.09340144693851472,0.4168718457221985,0,2.1966387113363117,1,-6.3,0,111,0
TGO,Togo,1998,Sub-Saharan Africa,Low income,0.975338381088674,-2.29987657013699,55.737924512227,14.9094328404952,0.495891967675325,0.5,1,0.1643451750278473,0,0.6807397158741976,NA,-3.3,1,132,1
TON,Tonga,1998,East Asia & Pacific,Upper middle income,3.27444554260464,2.2925765040134,78.2916318575919,32.2986315877523,0.0238688418561464,0.4858238697052002,0.3172464966773987,0.34424978494644165,0,1.4526543963409164,0.33575958120303845,NA,0,111,0
TUN,Tunisia,1998,Middle East & North Africa,Lower middle income,3.12536579655862,4.78376247825665,79.9794582620079,43.7627590373578,2.98459369650589,0.3749031126499176,0.5265027284622192,0.1643451750278473,0,1.417154693808592,0,-2.8,1,132,1
TUR,Turkiye,1998,Europe & Central Asia,Upper middle income,84.6413434846314,1.90857064345151,40.3769887377902,28.1229125357385,0.340536066432393,0.4785437881946564,0.35362014174461365,0.1643451750278473,1,4.450168151181705,0,NA,0,111,0
UGA,Uganda,1998,Sub-Saharan Africa,Low income,0.0688041719983172,4.90526548451564,30.043921931244,14.8589042633995,3.18915524586374,0.40439340472221375,0.31913715600967407,0.8200953602790833,0,0.09531017980432492,0.8200953602790833,-0.7,0,111,0
UKR,Ukraine,1998,Europe & Central Asia,Upper middle income,10.5771611482514,-1.90000000214164,86.0497284415116,15.1630095523769,1.77400963613502,0.5040797591209412,0.07943583279848099,0.1643451750278473,1,2.4490342908167366,1,-2.8,0,111,0
VUT,Vanuatu,1998,East Asia & Pacific,Lower middle income,3.28215987294863,1.17685436113621,94.7409334170479,105.246031034173,7.77121291962937,0.6488476991653442,0.39424097537994385,1,0,1.4544575255164385,1,-6,0,111,0
VNM,Viet Nam,1998,East Asia & Pacific,Lower middle income,7.2661980440096,5.76445545848843,97.0012485118429,24.2079289894936,6.14121440264586,0.6584618091583252,0.2938830852508545,0.1643451750278473,0,2.1121746746713432,0.3942342873818497,-0.1,0,111,0
YEM,"Yemen, Rep.",1998,Middle East & North Africa,Low income,5.9765085214186,6.00669459871877,72.6619985473237,38.3722692479607,-3.47032437981897,0.6994625329971313,0.5468689203262329,0.8800635933876038,0,1.9425485797954616,0.8326576612071084,NA,0,111,0
ZMB,Zambia,1998,Sub-Saharan Africa,Lower middle income,24.4584563516656,-0.38574614579035,56.2503070199594,16.6184075444327,5.59679036097289,0.7030693292617798,0.3043294847011566,0.7157184481620789,1,3.2370479609559593,0.7157184481620789,NA,0,111,0
ALB,Albania,1999,Europe & Central Asia,Upper middle income,0.389437653561628,12.2507281968475,49.8954184095195,64.5783078882982,1.25458994529204,0.6741927862167358,0.33236247301101685,0.4168718457221985,0,0.3288990995007836,1,-8.8,0,134,0
DZA,Algeria,1999,Middle East & North Africa,Upper middle income,2.64551113392798,3.20000155319546,50.9291093379713,42.2077031731846,0.599498299671608,0.5138689279556274,0.5481076240539551,0.1643451750278473,0,1.29349658441631,1,-1.8,0,132,1
AGO,Angola,1999,Sub-Saharan Africa,Lower middle income,248.195902412868,2.18148971840462,NA,22.8493546482441,40.1672485630423,0.35985666513442993,0.03132377564907074,0.1643451750278473,1,5.518239343812092,1,-9.4,0,111,0
ARM,Armenia,1999,Europe & Central Asia,Upper middle income,0.648245760470385,3.30000000058166,70.5604791440404,11.0846117712931,6.61258080861414,0.3197847604751587,0.3133144676685333,0.9400318264961244,0,0.49971154686804903,0.8853731571147526,NA,0,111,0
AZE,Azerbaijan,1999,Europe & Central Asia,Upper middle income,-8.52517000536063,7.40000129958564,69.8259648751026,11.740901202216,11.1392558729835,0.5486275553703308,0.33641859889030457,0.1643451750278473,0,0.09531017980432492,0,-1,0,111,0
BGD,Bangladesh,1999,South Asia,Lower middle income,6.10669589841958,4.67015636882111,28.3879405571158,27.8851595216238,0.350304290993083,0.6463233828544617,0.5003185272216797,0.1643451750278473,0,1.961037423907132,0.3942342873818497,-1.3,0,111,0
BLR,Belarus,1999,Europe & Central Asia,Upper middle income,293.678750889772,3.3999992040046,120.835117829629,16.7029599473111,3.65778714528179,0.25645941495895386,0.5744770765304565,0,1,5.685885782935573,0,NA,0,111,0
BLZ,Belize,1999,Latin America & Caribbean,Upper middle income,2.62139524582746,9.42319471476534,93.3222988336503,40.0425402069124,5.86883406193407,0.6500173211097717,1,0.1643451750278473,0,1.2868593786039244,0.22930405863986925,-6.5,1,111,1
BEN,Benin,1999,Sub-Saharan Africa,Lower middle income,0.326722893396866,5.34144937204417,54.3917891538957,16.8262822433061,0.253298446675962,0.5,0.6349594593048096,0.1643451750278473,0,0.28271191168758353,0,1.9,1,132,1
BTN,Bhutan,1999,South Asia,Lower middle income,6.77699393553632,7.98397179406629,85.866205982457,49.2347989630324,0.263020421489478,0.5,1,0.1643451750278473,0,2.051169879917764,NA,-1.3,1,534,1
BOL,Bolivia,1999,Latin America & Caribbean,Lower middle income,2.15951626835597,0.426885422588768,44.1682564870165,55.4037082624968,12.196646241927,0.5160848498344421,0.8723424673080444,0.7474732995033264,0,1.150418936246751,1,-3.4,0,111,0
BWA,Botswana,1999,Sub-Saharan Africa,Upper middle income,7.74929619202848,9.66724070276106,98.9290812021418,28.5009502629981,0.668732762510087,0.4179860949516296,0.5545942783355713,0.6557502150535583,0,2.168973261937694,0.6557502150535583,5.9,0,199,1
BRA,Brazil,1999,Latin America & Caribbean,Upper middle income,4.85844749902666,0.467937566679467,20.982166473881,42.811054211001,4.73376982673849,0.8386863470077515,0.0588965080678463,0.1643451750278473,0,1.7678846365815506,0.306152474953776,NA,0,111,0
BFA,Burkina Faso,1999,Sub-Saharan Africa,Low income,-1.07261362759533,7.39523780111931,35.2548157814824,17.5109436038408,0.233833721885331,0.5,0.6349594593048096,0.1643451750278473,0,0.09531017980432492,0,-3.3,1,132,1
BDI,Burundi,1999,Sub-Saharan Africa,Low income,3.38542427340454,-1.00999999649815,NA,20.4737373737374,-0.0588051848971754,0.3800772726535797,0.20506662130355835,0,0,1.4782863767660952,0,-5.3,0,111,0
CPV,Cabo Verde,1999,Sub-Saharan Africa,Lower middle income,4.35643374510452,11.2226484455351,80.9690199640443,59.9585947710986,9.10423779012784,0.3758048117160797,0.6349645853042603,0.1643451750278473,0,1.678298407579201,0,-10.9,0,182,1
KHM,Cambodia,1999,East Asia & Pacific,Lower middle income,4.00820702088782,12.7053811380498,94.1768880770207,10.7842038899928,2.90641952247495,0.4853113293647766,0.5579858422279358,0,0,1.6110779709801095,0,-3.8,NA,NA,NA
CMR,Cameroon,1999,Sub-Saharan Africa,Lower middle income,1.87174500672008,4.51130422140731,37.2383798464814,11.8588183863838,0.302700390243536,0.5653219819068909,0.6349594593048096,0.1643451750278473,0,1.0549198612832962,0,NA,1,132,1
CAF,Central African Republic,1999,Sub-Saharan Africa,Low income,-1.41420220082551,3.59997490432274,43.212343897896,17.6049688095486,0.598007452503247,0.5653219819068909,0.6349594593048096,0.1643451750278473,0,0.09531017980432492,0,-0.5,1,132,1
TCD,Chad,1999,Sub-Saharan Africa,Low income,-8.02505962727454,-0.682850218939151,50.5078677642823,10.7905924626226,1.5980577412484,0.5653219819068909,0.6349594593048096,0.1643451750278473,0,0.09531017980432492,0,-4.1,1,132,1
CHN,China,1999,East Asia & Pacific,Upper middle income,-1.40147268276464,7.7370030581299,33.2255380760054,132.461717092239,3.71556393762674,0.5430960655212402,1,0.1643451750278473,0,0.09531017980432492,1,-2.3,1,111,1
COL,Colombia,1999,Latin America & Caribbean,Upper middle income,10.873687085747,-4.20401524244947,36.1492793141794,34.2740263359738,1.74959315214541,0.4469697177410126,0.21337904036045072,0.1643451750278473,1,2.4743247826081123,0.23472552077950623,-5.4,0,111,0
COM,Comoros,1999,Sub-Saharan Africa,Lower middle income,NA,2.69768646408839,35.7571570476989,10.887134339482,0.072864796790572,0.13054326176643372,0.6349713802337646,0.1643451750278473,0,NA,NA,-0.5,1,132,1
COD,"Congo, Dem. Rep.",1999,Sub-Saharan Africa,Low income,284.894975914086,-4.27014083113345,41.1776608191529,NA,0.236879334969256,0.49184998869895935,0.072134830057621,0.2243133783340454,1,5.655624526295533,1,-1.3,0,111,0
COG,"Congo, Rep.",1999,Sub-Saharan Africa,Lower middle income,4.14267137284048,-2.58219935813743,131.394190298765,14.5499896501759,-2.90043469110616,0.5653219819068909,0.6349594593048096,0.1643451750278473,0,1.6375726668006991,0,-4.7,1,132,1
CRI,Costa Rica,1999,Latin America & Caribbean,Upper middle income,10.0452817292494,4.21481117123987,87.5386137677373,16.9052409898701,4.34566834672367,0.6713616847991943,0.882712185382843,0.7167128920555115,1,2.402003343948257,0.7167128920555115,-2.9,0,111,0
CIV,Cote d'Ivoire,1999,Sub-Saharan Africa,Lower middle income,0.70237580595596,1.16685998202273,55.8935626908747,14.4225121856694,1.24714569492904,0.5,0.6349594593048096,0.1643451750278473,0,0.5320248083372036,0,-1.3,1,132,1
DJI,Djibouti,1999,Middle East & North Africa,Lower middle income,NA,NA,NA,54.6022102868923,0.599332232633272,0.3682462871074677,1,1,0,NA,1,-5.2,1,111,1
DMA,Dominica,1999,Latin America & Caribbean,Upper middle income,1.17947787394174,0.354077659205259,NA,62.0914055260955,5.41222439296677,0.5,1,0.1643451750278473,0,0.7790853407483534,0,-9.2,1,111,1
DOM,Dominican Republic,1999,Latin America & Caribbean,Upper middle income,6.47054186846928,5.95651024999543,76.3027532814337,27.8846877218989,6.07546439711917,0.5168206691741943,0.5501711964607239,0.11993642896413804,0,2.010967535800262,0.12758762584793454,-0.8,0,111,1
ECU,Ecuador,1999,Latin America & Caribbean,Upper middle income,52.2420051858225,-4.73938585363382,49.2012507989376,13.1456625643925,3.30059048812225,0.8052815794944763,0.07978034019470215,0.4768400490283966,1,3.974847655962347,0.3620742461052712,-4.8,NA,NA,NA
EGY,"Egypt, Arab Rep.",1999,Middle East & North Africa,Lower middle income,3.07949912638332,6.05343878467555,38.3615084525358,76.0433680104031,1.1743928153446,0.29446330666542053,1,0.7756866216659546,0,1.405974217738716,0.7756866216659546,2.1,1,111,1
SLV,El Salvador,1999,Latin America & Caribbean,Upper middle income,0.514827130192979,2.16203373722973,60.9904896201298,52.7717526755983,1.91240900881117,0.6845617890357971,1,0.9400318264961244,0,0.4153013269676244,0.9400318264961244,-3.1,1,111,1
GNQ,Equatorial Guinea,1999,Sub-Saharan Africa,Upper middle income,0.372266170311928,25.6640154410418,NA,9.19456136167528,24.8416884395355,0.6368083953857422,0.6349594593048096,0.1643451750278473,0,0.3164635121728787,0,-0.2,1,132,1
SWZ,Eswatini,1999,Sub-Saharan Africa,Lower middle income,6.08886063431493,2.95087531226599,NA,23.5312156331952,6.34868014150224,0.19355113804340365,1,0.1643451750278473,0,1.9585246272516343,0,-1.2,1,199,1
ETH,Ethiopia,1999,Sub-Saharan Africa,Low income,7.94144864137325,5.16214582255112,NA,34.6504198185551,0.886611360320082,NA,0.4632365703582764,0.1643451750278473,0,2.1906976164803553,1,-8.5,0,111,0
FJI,Fiji,1999,East Asia & Pacific,Upper middle income,1.96867366000919,8.79999871927237,NA,39.948401982119,-7.59550090453841,0.4168055057525635,0.4349121153354645,0.1643451750278473,0,1.0881152739469702,0,1.2,0,111,1
GAB,Gabon,1999,Sub-Saharan Africa,Upper middle income,-1.9366039760362601,-8.93262280230105,97.7314524555904,15.5283873214908,1.91835587390645,0.5653219819068909,0.6349594593048096,0.1643451750278473,0,0.09531017980432492,0,1.1,1,132,1
GMB,"Gambia, The",1999,Sub-Saharan Africa,Low income,3.8123720536602,6.39999905009302,52.4132975230667,15.8371705771847,6.07322210375252,0.16762115061283112,0.2979200780391693,1,0,1.5711901130080561,1,NA,0,111,0
GEO,Georgia,1999,Europe & Central Asia,Upper middle income,19.1926758218895,2.86729567454968,57.1518743274472,7.95279730802477,2.93925854428705,NA,0.11406374722719193,0.6875051259994507,0,3.0053199555832455,0.5536801002628989,-4.7,0,111,0
GHA,Ghana,1999,Sub-Saharan Africa,Lower middle income,4.86539785077528,4.39999682545296,81.7051040340528,24.0928291330063,3.15750877559549,0.13925020396709442,0.18909399211406708,0.1643451750278473,0,1.7690703145490598,0.3942342873818497,-5.6,0,111,0
GRD,Grenada,1999,Latin America & Caribbean,Upper middle income,0.577427638677119,6.89836243368677,NA,74.1122629166653,8.62054856317914,0.5,1,0.1643451750278473,0,0.4557954434949929,0.3942342873818497,-1.7,1,111,1
GTM,Guatemala,1999,Latin America & Caribbean,Upper middle income,5.21361058601122,3.8470621889051,46.3605068544295,21.1941327387257,5.04738067531559,0.5035897493362427,0.3656318187713623,0.7167128920555115,0,1.8267421418059004,0.7167128920555115,-3,0,111,0
GIN,Guinea,1999,Sub-Saharan Africa,Lower middle income,NA,3.81200403347202,32.6958994059117,NA,1.25727870580315,0.3807336390018463,0.18536941707134247,0.1643451750278473,0,NA,1,-1.3,0,111,0
GNB,Guinea-Bissau,1999,Sub-Saharan Africa,Low income,-2.08630513223527,16.8150212692905,49.0994892293696,11.4305261095372,0.126151737824337,0.5,0.3438654839992523,0.2243133783340454,0,0.09531017980432492,1,-4.1,1,132,1
HTI,Haiti,1999,Latin America & Caribbean,Lower middle income,3.00439421550734,2.71024801048499,41.9484795102088,34.8953851041095,0.722243133970601,0.2992520034313202,0.43923860788345337,0.700158953666687,0,1.3873923120279708,0.59886052581069,-1.5,0,111,0
HND,Honduras,1999,Latin America & Caribbean,Lower middle income,11.66374097913,11.5758601477966,121.502105602734,40.5526335301215,3.71123925401503,0.8676586151123047,0.9052796363830566,0.4768400490283966,1,2.538742869047524,0.6810454205166073,1.4,0,111,0
IND,India,1999,South Asia,Lower middle income,4.66982038037594,8.84575555939531,24.8155980442929,51.0649259553469,0.472644191458928,0.5090292096138,0.6820821166038513,0.1643451750278473,0,1.73515743829183,NA,-8.7,0,111,1
IDN,Indonesia,1999,East Asia & Pacific,Upper middle income,20.4778324428892,0.79112608199847,62.9439128601924,58.3876102132557,-1.33257354110795,0.404230922460556,0.08916974812746048,0.7601271867752075,0,3.06702135406884,0.5886447747976213,-1,0,111,0
IRN,"Iran, Islamic Rep.",1999,Middle East & North Africa,Upper middle income,20.0707078146866,2.00269623253435,34.8854141345934,36.2937699221459,0.0307426231739111,NA,0.6741170883178711,0,1,3.0478838207348393,0,-0.5,1,111,1
JAM,Jamaica,1999,Latin America & Caribbean,Upper middle income,5.95423949113006,1.04767386709968,NA,48.3065680640494,5.34147521194183,0.731829047203064,0.6365844011306763,0.9400318264961244,0,1.939351472326854,0.9282381053614164,-3.4,0,111,0
JOR,Jordan,1999,Middle East & North Africa,Lower middle income,0.606256567779427,3.38953079405088,104.470373639306,108.567294879117,1.93828634719554,0.6318151950836182,1,0.8800635933876038,0,0.4739063585429491,0.8564761393959606,-1.1,1,111,1
KAZ,Kazakhstan,1999,Europe & Central Asia,Upper middle income,8.29602765342564,2.69999999784199,82.579151355772,13.5822561589854,9.40677610871111,NA,0.11200537532567978,0.1643451750278473,0,2.229587174871228,0,NA,0,111,0
KEN,Kenya,1999,Sub-Saharan Africa,Lower middle income,5.74200109520484,2.30538859522412,48.1922749889095,35.770797830914,0.402864561234926,0.305252343416214,0.29869112372398376,0.700158953666687,0,1.908356779256952,1,0.8,0,111,0
KGZ,Kyrgyz Republic,1999,Europe & Central Asia,Lower middle income,37.0309258369344,3.655789399748,99.1994912194321,13.5833128179879,3.5556936517315,0.7927566766738892,0.15136702358722687,0.8200953602790833,1,3.6383996665540224,1,-13.5,0,111,0
LAO,Lao PDR,1999,East Asia & Pacific,Lower middle income,125.27212839928,7.30637607138169,80.0584561654881,14.9525006830313,5.42480319770453,0.6785504817962646,0.05994158983230591,0.2525267004966736,1,4.83843932724644,0.6057657841085201,NA,0,111,0
LSO,Lesotho,1999,Sub-Saharan Africa,Lower middle income,NA,0.476025052201194,NA,30.0873320802108,2.4144158659022,0.05998392030596733,1,0.1643451750278473,0,NA,0,-15.3,1,199,1
LBR,Liberia,1999,Sub-Saharan Africa,Low income,NA,21.7414468042611,NA,11.5121468171453,58.0036215482119,0.5578221678733826,0.1487235128879547,0.9400318264961244,0,NA,0.9127742123868112,NA,0,111,0
LBY,Libya,1999,Middle East & North Africa,Upper middle income,2.64862252295818,0.749659257603952,34.8016301090735,55.2720843821167,-0.355987232621814,0.5,0.48217910528182983,0,0,1.2943497053941446,0,5.7,0,111,0
MDG,Madagascar,1999,Sub-Saharan Africa,Low income,9.92953399348781,4.69922703680521,40.9244120208063,17.3208301207882,1.36481063889053,0.4194415211677551,0.3666561245918274,0.4168718457221985,0,2.391468665734038,1,-2.4,0,132,0
MWI,Malawi,1999,Sub-Saharan Africa,Low income,44.8041642861674,3.04227813671855,NA,11.1658599248016,2.26460373648876,0.7429354786872864,0.4174207150936126,0.1643451750278473,0,3.8243750102656326,0.3942342873818497,NA,0,111,0
MYS,Malaysia,1999,East Asia & Pacific,Upper middle income,2.74456130240604,6.13761201057692,217.570919391949,132.121037092205,4.9214666648934,0.37362414598464966,1,0.4768400490283966,0,1.3203044678928222,0.37395209680140706,-3,1,111,1
MDV,Maldives,1999,South Asia,Upper middle income,2.95370836069129,6.17565592929535,NA,41.794995290722,2.09121158653824,0.5,1,0.9400318264961244,0,1.3746539639834754,0.8561472209763039,-3,1,111,1
MLI,Mali,1999,Sub-Saharan Africa,Low income,-1.20190368637502,4.70587926246569,40.5393029667541,14.4180430297413,0.757651568056077,0.5,0.6349594593048096,0.1643451750278473,0,0.09531017980432492,0,NA,1,132,1
MRT,Mauritania,1999,Sub-Saharan Africa,Lower middle income,4.07417613596754,3.67317831340802,49.016938039756,NA,0.761331718749145,0.7275105118751526,0.533325731754303,0.1643451750278473,0,1.6241641740092676,0.3942342873818497,NA,0,111,0
MUS,Mauritius,1999,Sub-Saharan Africa,Upper middle income,6.90914624866773,2.61093234413026,128.954991253643,78.8834645083162,1.12110460501645,0.5397864580154419,0.3655657470226288,0.9400318264961244,0,2.0680198427897234,0.9282381053614164,NA,0,112,0
MEX,Mexico,1999,Latin America & Caribbean,Upper middle income,16.5856169707538,2.75503039300564,48.0122495761105,25.9976968505543,2.20848433629662,0.74825119972229,0.25590720772743225,0.700158953666687,1,2.867081350368984,1,-4.5,0,111,0
FSM,"Micronesia, Fed. Sts.",1999,East Asia & Pacific,Lower middle income,NA,1.12879197102525,95.7647711669065,50.5605763232508,NA,0.13335128128528595,1,0.7601271867752075,0,NA,0.20000007951499035,-5.2,1,111,1
MDA,Moldova,1999,Europe & Central Asia,Upper middle income,39.2559806891745,-3.36825447657218,117.527935193889,20.4521221105714,3.23458756906799,0.9245520234107972,0.14535871148109436,0.1643451750278473,0,3.6952585813773062,0,-2.6,0,111,0
MNG,Mongolia,1999,East Asia & Pacific,Upper middle income,7.56494150307377,3.07036901086266,112.241338547745,20.375787117931505,2.87495300542926,0.5526694655418396,0.2916903793811798,0.700158953666687,0,2.147677301989044,0.7981618540657297,-9.9,0,111,0
MAR,Morocco,1999,Middle East & North Africa,Lower middle income,0.684782608695643,1.6970614772566,48.578876486646,59.5186783554457,1.7874170345466,0.3783014416694641,0.5601763129234314,0.1643451750278473,0,0.5216365398702009,0.3942342873818497,3.2,0,132,0
MOZ,Mozambique,1999,Sub-Saharan Africa,Low income,NA,11.816986527255,45.5276131355411,16.1330225423189,6.07297785522003,0.32952556014060974,0.6318532228469849,0.1643451750278473,0,NA,1,-0.3,0,111,0
MMR,Myanmar,1999,East Asia & Pacific,Lower middle income,18.4010433741609,10.9451299817104,NA,25.7496164943935,2.982385898279,0.738191545009613,0.482171893119812,0,1,2.9653268467963154,0,-4.5,0,111,0
NAM,Namibia,1999,Sub-Saharan Africa,Upper middle income,NA,3.36927842445498,91.1002051465947,40.5354085757472,1.32098385387931,0.11896120756864548,1,0.1643451750278473,0,NA,1,-1.9,1,199,1
NPL,Nepal,1999,South Asia,Lower middle income,7.45111260957546,4.41257328041399,52.5669812534353,47.9258108337134,0.0864397656827156,0.6765901446342468,0.7631444334983826,0.1643451750278473,0,2.1342981024736227,0,NA,1,534,1
NIC,Nicaragua,1999,Latin America & Caribbean,Lower middle income,NA,7.03597046350201,62.5376445208417,31.1092066171711,6.9460085675925,0.32291385531425476,0.851650059223175,0.9400318264961244,0,NA,0.9400318264961244,NA,0,111,0
NER,Niger,1999,Sub-Saharan Africa,Low income,-2.30212503849648,-0.2195625179166,31.3752367245391,5.92621877124759,0.0632545894461929,0.5,0.6349594593048096,0.2243133783340454,0,0.09531017980432492,0.19190139837651451,-4.3,1,132,1
NGA,Nigeria,1999,Sub-Saharan Africa,Lower middle income,6.61837339479751,0.584126892918889,NA,12.7633944053325,1.69906893526275,0.5966991782188416,0.02497006952762603,0.28428158164024353,0,2.030562881661935,0.9481076227443088,-1.4,0,111,0
PAK,Pakistan,1999,South Asia,Lower middle income,4.14263718082171,3.66013273943236,32.3199628094266,44.8202563386139,0.84479500663461,0.38288596272468567,0.22858010232448575,0.1643451750278473,0,1.6375660180903386,1,-3.1,0,111,0
PNG,Papua New Guinea,1999,East Asia & Pacific,Lower middle income,14.9321817407701,1.85555399408817,116.006802066106,33.7823452119345,8.57120177875045,0.7016881704330444,0.1518637388944626,0.1643451750278473,0,2.7683410725334023,0,-1.9,0,111,0
PRY,Paraguay,1999,Latin America & Caribbean,Upper middle income,6.75226586102725,-1.36607971240079,77.5552756906357,24.3617327758595,0.986752370140912,0.6630304455757141,0.27919965982437134,0.6875051259994507,0,2.0479851697985265,0.9197721530070402,2.7,0,111,0
PER,Peru,1999,Latin America & Caribbean,Upper middle income,3.46965996293019,1.49491064308833,33.2057765558493,35.3984186884416,3.86553540501237,0.4708499312400818,0.31893011927604675,1,0,1.497312334799094,1,NA,0,111,0
PHL,Philippines,1999,East Asia & Pacific,Lower middle income,5.93904901780808,3.34645118398267,77.1614937122172,57.0587378769047,2.13567999418902,0.5321696996688843,0.3404569923877716,0.4476322829723358,0,1.9371647359950812,0.5287044104467413,-2.3,0,111,0
RWA,Rwanda,1999,Sub-Saharan Africa,Low income,-2.40593209742259,4.35188831936337,27.333536421235905,13.7027098042696,0.0806635452643209,0.4011158049106598,0.4082237184047699,0.1643451750278473,0,0.09531017980432492,0,-4.5,0,111,0
WSM,Samoa,1999,East Asia & Pacific,Lower middle income,0.265120132560355,2.18543437397388,NA,32.5215854781804,-0.281322366753033,0.6208054423332214,0.4022166132926941,0.1643451750278473,0,0.2351670841213291,0.3942342873818497,0.3,0,196,0
STP,Sao Tome and Principe,1999,Sub-Saharan Africa,Lower middle income,12.7251770130085,2.50000625631461,NA,16.3391004944112,3.88087213198641,0.5142243504524231,0.554642915725708,0.1643451750278473,1,2.6192318844350866,0.1643451750278473,NA,0,111,0
SEN,Senegal,1999,Sub-Saharan Africa,Lower middle income,0.827250608272497,6.28330825030987,49.4852621662422,17.5713040802802,2.45246449488128,0.5,0.6349594593048096,0.1643451750278473,0,0.6028124372678952,0,-0.6,1,132,1
SLB,Solomon Islands,1999,East Asia & Pacific,Lower middle income,8.02036839296841,-0.485730727999837,69.1617439923623,19.5083976460612,2.02868816012206,0.36898189783096313,0.4447268545627594,0.1643451750278473,0,2.199485175033036,0,-0.3,0,111,0
ZAF,South Africa,1999,Sub-Saharan Africa,Upper middle income,5.18148905111697,2.39999999746338,42.2582960172673,50.2591803301844,0.992187596290552,0.7957620024681091,0.3491901159286499,0.1643451750278473,0,1.8215591892292664,0.3942342873818497,NA,0,111,0
LKA,Sri Lanka,1999,South Asia,Lower middle income,4.69170563048438,4.30054049813373,78.7514783496374,38.7281491333797,1.12277824473328,0.5628486275672913,0.6309878826141357,0.4476322829723358,0,1.7390099625312352,0.5287044104467413,-5.6,0,534,1
LCA,St. Lucia,1999,Latin America & Caribbean,Upper middle income,3.50379784108942,2.67060351127419,NA,56.3412932101245,9.0200883889112,0.5,1,0.4476322829723358,0,1.5049210055248676,1,1.6,1,111,1
VCT,St. Vincent and the Grenadines,1999,Latin America & Caribbean,Upper middle income,1.01355044438875,2.71031071289156,NA,76.9658236487383,14.5363717367812,0.5,1,0.1643451750278473,0,0.6998995540815928,0,-1.9,1,111,1
SUR,Suriname,1999,Latin America & Caribbean,Upper middle income,98.7730914112164,-1.4000004700581,NA,32.5504699731045,-6.93903255008462,0.3570302128791809,0.05588045343756676,0,0,4.602898521823914,0,-4.9,0,111,0
TJK,Tajikistan,1999,Europe & Central Asia,Lower middle income,NA,3.69955071665851,133.60594795539,6.72358096654275,0.616862155895911,0.4610706567764282,0.1900615096092224,0.1643451750278473,0,NA,0.36714325860631464,-4,0,111,0
TZA,Tanzania,1999,Sub-Saharan Africa,Lower middle income,7.89043336058877,4.86386375362282,25.0220548113162,12.8654854234562,4.06712098236526,0.4976884722709656,0.32014867663383484,0.1643451750278473,0,2.1849757953105833,0.5801363815350187,-1.1,0,111,0
THA,Thailand,1999,East Asia & Pacific,Upper middle income,0.284726459223034,4.57230775115542,100.706288704433,112.203284628711,4.81780662046842,0.4659561216831207,0.23976758122444153,0.4168718457221985,0,0.25054582348670695,1,-9,0,111,0
TGO,Togo,1999,Sub-Saharan Africa,Low income,-0.0532136248823534,2.48175143834959,50.108899621779,15.5936126011062,0.677685876867208,0.5,0.6349594593048096,0.1643451750278473,0,0.09531017980432492,NA,-1.8,1,132,1
TON,Tonga,1999,East Asia & Pacific,Upper middle income,4.46435467675891,2.30246259770198,60.7775208771412,32.7940380022645,0.480977947157759,0.4284551739692688,0.4437088370323181,0.34424978494644165,0,1.6982460317209227,0.33575958120303845,1.5,0,111,0
TUN,Tunisia,1999,Middle East & North Africa,Lower middle income,2.6901248581158,6.05463447898158,77.9051139411665,47.4565472997303,1.51382652723785,0.4103128910064697,0.5908793807029724,0.1643451750278473,0,1.305660294367732,0,-3.1,1,132,1
TUR,Turkiye,1999,Europe & Central Asia,Upper middle income,64.8674876350757,-3.05277055759434,37.6665043273244,38.0335652096507,0.305056291376802,0.5653636455535889,0.4069803655147553,0.1643451750278473,1,4.187644960663261,0,NA,0,111,0
UGA,Uganda,1999,Sub-Saharan Africa,Low income,5.77736898687895,8.05394837724197,36.0247101570245,15.6335201512722,2.33722633189323,0.20192232728004456,0.24536508321762085,0.8800635933876038,0,1.9135889716068624,0.8800635933876038,-1.2,0,111,0
UKR,Ukraine,1999,Europe & Central Asia,Upper middle income,22.6836718061345,-0.200000000106499,101.951706965548,16.7651712150611,1.57058250563469,0.4546540975570678,0.21487408876419067,0.1643451750278473,1,3.164785857376022,1,5.1,0,111,0
VUT,Vanuatu,1999,East Asia & Pacific,Lower middle income,1.99897488467452,0.337293221894313,91.232330240222,92.4027404388171,5.00112608347965,0.7816402912139893,0.508508026599884,0.9400318264961244,0,1.0982705251651228,0.5000002484843696,-0.5,0,111,1
VNM,Viet Nam,1999,East Asia & Pacific,Lower middle income,4.11710235771736,4.77358688344989,102.787406603958,36.372758800026,4.92266345680124,0.7877241373062134,0.9290433526039124,0.1643451750278473,0,1.6325883330853388,0.3942342873818497,-1.2,1,111,1
YEM,"Yemen, Rep.",1999,Middle East & North Africa,Low income,8.66021949364346,3.77553049612634,72.0039277408966,31.5255698794057,-4.02653360193704,0.6553977727890015,0.3919034004211426,0.9400318264961244,0,2.2680163698755487,0.9163288721855096,NA,0,111,0
ZMB,Zambia,1999,Sub-Saharan Africa,Lower middle income,26.7876966790029,4.6501897463741,59.7675342029156,17.1955797550204,4.7587086630329,0.7187028527259827,0.11653125286102296,0.9400318264961244,1,3.3245933572320823,0.9400318264961244,NA,0,111,0
ALB,Albania,2000,Europe & Central Asia,Upper middle income,0.0500181363468103,7.46285871776054,61.6092610436407,63.5599468122678,3.9893207113692,0.7766283750534058,0.2864360809326172,0.4168718457221985,0,0.09531017980432492,1,-7.8,0,134,0
DZA,Algeria,2000,Middle East & North Africa,Upper middle income,0.339163189071768,3.80000000158476,62.8583436360347,37.8297248414823,0.511220957154505,0.345504492521286,0.4035564064979553,0.1643451750278473,0,0.2920449331230284,1,8.9,0,132,0
AGO,Angola,2000,Sub-Saharan Africa,Lower middle income,324.99687160132,3.05462423430785,NA,17.2805558862873,9.62386615038711,0.272096186876297,0.12775228917598724,0.1643451750278473,1,5.7868877850056935,1,2,0,111,0
ARM,Armenia,2000,Europe & Central Asia,Upper middle income,-0.790883768934757,5.90000000312092,72.2333302273367,14.7045108640783,5.45043315573561,0.23437653481960297,0.46758660674095154,1,0,0.09531017980432492,1,NA,0,111,0
AZE,Azerbaijan,2000,Europe & Central Asia,Upper middle income,1.80500303704356,11.0999991434346,78.5485682796041,16.2908235115195,2.46437455007312,0.4064233601093292,0.8098132014274597,0.1643451750278473,0,1.0314046216990502,0,0.1,0,111,0
BGD,Bangladesh,2000,South Asia,Lower middle income,2.20825620937535,5.29329471892532,29.3217143619038,30.5539892604712,0.525362089236087,0.5159356594085693,1,0.1643451750278473,0,1.165727552580551,0.3942342873818497,-2.5,1,111,0
BLR,Belarus,2000,Europe & Central Asia,Upper middle income,168.620235850933,5.80000327485702,141.609165955024,17.6675021579189,0.932726194574,0.21892131865024567,0.16087757050991058,0,1,5.133562031399118,0,NA,0,111,0
BLZ,Belize,2000,Latin America & Caribbean,Upper middle income,3.06743966930585,12.2406120663359,96.6018447146265,39.5401489502899,2.59763309185999,0.5,1,0.1643451750278473,0,1.4030137276238823,0.22930405863986925,-6.7,1,111,1
BEN,Benin,2000,Sub-Saharan Africa,Lower middle income,4.16540442290282,5.85771420543269,47.3481515012844,19.1893080035169,-0.363490759310418,0.5,0.612125813961029,0.1643451750278473,0,1.641983400165088,0,-3.7,1,132,1
BTN,Bhutan,2000,South Asia,Lower middle income,4.01212081070342,3.35506838174288,74.0264971104432,47.982963164868,NA,0.36165541410446167,1,0.1643451750278473,0,1.611859141033705,NA,-3.4,1,534,1
BOL,Bolivia,2000,Latin America & Caribbean,Lower middle income,4.60822998872598,2.50781080899505,45.5977750218555,52.1769138021437,8.76830997312938,0.5433042645454407,0.929652452468872,0.7474732995033264,0,1.7242351597198238,1,-3.3,0,111,0
BWA,Botswana,2000,Sub-Saharan Africa,Upper middle income,8.6014851485149,1.98769583378552,91.924729689918,24.8162094619534,0.987700169396241,0.5675837397575378,0.500236451625824,0.7157184481620789,0,2.2619177894788223,0.7157184481620789,8.7,0,199,0
BRA,Brazil,2000,Latin America & Caribbean,Upper middle income,7.04414105947265,4.38794944364869,22.6397613589755,46.4865878068579,5.0339171410898,0.9076375365257264,0.33551204204559326,0.1643451750278473,0,2.0849440077428096,0.306152474953776,NA,0,111,0
BFA,Burkina Faso,2000,Sub-Saharan Africa,Low income,-0.304212168486802,1.88847388906525,35.1229419704263,18.6289597846143,0.778458188099508,0.5,0.612125813961029,0.1643451750278473,0,0.09531017980432492,0,-3,1,132,1
BDI,Burundi,2000,Sub-Saharan Africa,Low income,24.4320242102151,-0.856864058424151,NA,17.1728550609034,1.34215244308902,0.3800772726535797,0.14241904020309448,0.1643451750278473,0,3.2360091755668052,1,-5.7,0,111,0
CPV,Cabo Verde,2000,Sub-Saharan Africa,Lower middle income,-2.47745668519835,14.2848688450919,87.5206083614917,64.3692809635846,6.34282422287075,0.5647440552711487,0.6121074557304382,0.1643451750278473,0,0.09531017980432492,0,-15.5,0,182,0
KHM,Cambodia,2000,East Asia & Pacific,Lower middle income,-0.791992529473567,9.99358032292079,110.397125303731,12.8570985855208,3.20257592365608,0.48668429255485535,0.7549863457679749,0,0,0.09531017980432492,0,-4.7,NA,NA,NA
CMR,Cameroon,2000,Sub-Saharan Africa,Lower middle income,1.22719012976132,3.83241779430614,47.9279442460149,13.401148205749,1.51144473289681,0.4743416905403137,0.612125813961029,0.1643451750278473,0,0.8007407594677017,0,2.1,1,132,1
CAF,Central African Republic,2000,Sub-Saharan Africa,Low income,3.20340091563112,-2.48943244028874,45.6597819937269,17.0347976402063,0.096977752043516,0.4743416905403137,0.612125813961029,0.1643451750278473,0,1.435893939442221,0,-2,1,132,1
TCD,Chad,2000,Sub-Saharan Africa,Low income,3.82260088086306,-0.879681024403922,51.5711720135652,12.3490994800595,8.29469631381898,0.4743416905403137,0.612125813961029,0.1643451750278473,0,1.5733133843685967,0,-4.7,1,132,1
CHN,China,2000,East Asia & Pacific,Upper middle income,0.347811226864586,8.58643201808462,39.0109424774998,134.204035985099,3.43984725315719,0.6299182176589966,1,0.1643451750278473,0,0.29848196326571746,1,-2.8,1,111,1
COL,Colombia,2000,Latin America & Caribbean,Upper middle income,9.22534818585365,2.92486148176778,32.6670854693067,25.8200005700064,2.43950747934181,0.33921918272972107,0.313821941614151,0.1643451750278473,0,2.3248697537553205,0.23472552077950623,-2.9,0,111,0
COM,Comoros,2000,Sub-Saharan Africa,Lower middle income,NA,-1.00701887109655,35.7574785306267,11.8420252268592,0.0275813880015483,0.0871938169002533,0.612123966217041,0.1643451750278473,0,NA,NA,-1.1,1,132,1
COD,"Congo, Dem. Rep.",2000,Sub-Saharan Africa,Low income,513.906843747535,-6.91092731652104,27.0144029227569,3.42308139669861,0.493452281553792,0.5281515121459961,0.02646509557962417,0.2243133783340454,1,6.243985998374788,1,-1.9,0,111,0
COG,"Congo, Rep.",2000,Sub-Saharan Africa,Lower middle income,-0.88199151702543,7.5759803952642,123.909884405671,14.5814612868048,-3.04039258438044,0.4743416905403137,0.612125813961029,0.1643451750278473,0,0.09531017980432492,0,1,1,132,1
CRI,Costa Rica,2000,Latin America & Caribbean,Upper middle income,10.9615496593622,3.86871808953644,86.5249235130705,18.4547634361911,4.81846449896273,0.3897665143013001,0.9514054656028748,0.7167128920555115,1,2.4816973103097806,0.7167128920555115,-3.7,0,111,0
CIV,Cote d'Ivoire,2000,Sub-Saharan Africa,Lower middle income,2.53077516737996,-0.265789462275947,54.9639916295152,13.9827905566811,1.41578193433815,0.5,0.612125813961029,0.1643451750278473,0,1.2615174409965662,0,-0.8,1,132,1
DJI,Djibouti,2000,Middle East & North Africa,Lower middle income,NA,NA,NA,53.7006470658488,0.596129445834392,0.06304825097322464,1,1,0,NA,1,-4,1,111,1
DMA,Dominica,2000,Latin America & Caribbean,Upper middle income,0.856946805358482,2.3402193777688,NA,59.7940964270244,5.2571268374394,0.6298274397850037,1,0.1643451750278473,0,0.6189336364882718,0,-8.7,1,111,1
DOM,Dominican Republic,2000,Latin America & Caribbean,Upper middle income,7.72413566181615,4.65172550299128,79.3003930961432,29.0260433233994,4.0689908919589,0.31401968002319336,0.6096256971359253,0.11993642896413804,0,2.1660933986329822,0.12758762584793454,-0.9,0,111,0
ECU,Ecuador,2000,Latin America & Caribbean,Upper middle income,96.0963756926096,1.09180164720277,65.4042953826391,21.6446761777991,-0.133637950998727,0.6769749522209167,1,0.4168718457221985,1,4.575704049086861,0.2889507946010576,-0.3,NA,NA,NA
EGY,"Egypt, Arab Rep.",2000,Middle East & North Africa,Lower middle income,2.68380535348546,6.37000382991766,39.0179359012055,76.7418994413408,1.23699720670391,0.26981422305107117,0.4521741569042206,0.8356548547744751,0,1.3039462813526537,0.8356548547744751,1.3,0,111,0
SLV,El Salvador,2000,Latin America & Caribbean,Upper middle income,2.27128756828723,1.12790697674419,68.7100889044911,51.3195795218899,1.47137092746017,0.5269953608512878,1,1,0,1.1851836591790723,1,-3.4,1,111,1
GNQ,Equatorial Guinea,2000,Sub-Saharan Africa,Upper middle income,4.80228886901398,18.2137799569674,NA,6.43283449739388,14.7705365281136,0.545828104019165,0.612125813961029,0.1643451750278473,0,1.758252472294031,0,-2.7,1,132,1
SWZ,Eswatini,2000,Sub-Saharan Africa,Lower middle income,12.2085358545844,1.76017342169806,NA,17.6454012479002,5.34174285106622,0.18511036038398743,1,0.1643451750278473,0,2.5808632762509855,0,-1.2,1,199,1
ETH,Ethiopia,2000,Sub-Saharan Africa,Low income,0.662458109266481,6.07321748125295,NA,34.5854779120504,1.63351478937744,NA,1,0.1643451750278473,0,0.5082972957967158,1,-8.9,1,111,1
FJI,Fiji,2000,East Asia & Pacific,Upper middle income,1.09216459977387,-1.69999841605511,NA,41.9930856870924,0.0352382457624236,0.2164611965417862,0.30920711159706116,0.1643451750278473,0,0.7381992236877658,0,-1.3,0,111,0
GAB,Gabon,2000,Sub-Saharan Africa,Upper middle income,0.504920025834859,-1.8829663976089701,101.701928939637,14.6141289285516,5.4731252435535,0.4743416905403137,0.612125813961029,0.1643451750278473,0,0.40873975780875327,0,11.1,1,132,1
GMB,"Gambia, The",2000,Sub-Saharan Africa,Low income,0.8449695667737,5.50000021632955,56.3598198850954,19.8005135837806,5.55872128046551,0.4027309715747833,0.19690750539302823,1,0,0.6124627823828426,1,-0.1,0,111,0
GEO,Georgia,2000,Europe & Central Asia,Upper middle income,4.06396201382596,1.84038117927339,62.6613956413099,10.3824117092221,4.29984428089904,NA,0.456743061542511,0.7474732995033264,0,1.6221491835945383,0.6393294705806337,-1.9,0,111,1
GHA,Ghana,2000,Sub-Saharan Africa,Lower middle income,40.240933123914,3.70000008164408,116.048430162968,28.1661733054676,3.32941946782064,0.15163378417491913,0.21326379477977753,0.1643451750278473,0,3.7194312855638274,0.3942342873818497,-4,0,111,0
GRD,Grenada,2000,Latin America & Caribbean,Upper middle income,2.18181818181821,4.88795213650562,NA,78.1745456477432,11.0547097235546,0.6298274397850037,1,0.1643451750278473,0,1.157452788691052,0.3942342873818497,-2.1,1,111,1
GTM,Guatemala,2000,Latin America & Caribbean,Upper middle income,5.97757734737136,3.6088687174876,49.1455879049537,23.2545726020237,-4.08835554722306,0.40159907937049866,0.5458912253379822,0.7167128920555115,0,1.942701771622558,0.7167128920555115,-1.9,0,111,1
GIN,Guinea,2000,Sub-Saharan Africa,Lower middle income,NA,2.50306056299607,36.6796954912881,8.01144783813217,0.227638091242679,0.5614315271377563,0.1767766773700714,0.1643451750278473,0,NA,1,-2.4,0,111,0
GNB,Guinea-Bissau,2000,Sub-Saharan Africa,Low income,8.63632094930278,1.10027815777423,52.7373461180145,23.5804716142607,0.179450083125325,0.5,0.21624818444252017,0.2243133783340454,0,2.265539391514551,1,-2.8,1,132,1
HTI,Haiti,2000,Latin America & Caribbean,Lower middle income,9.33322197565603,0.870059259424892,27.1535220636918,21.7462788126225,0.194464980712557,0.3125936686992645,0.09000571072101593,0.700158953666687,0,2.3353641392095525,0.59886052581069,-1.4,0,111,0
HND,Honduras,2000,Latin America & Caribbean,Lower middle income,11.0480349344976,9.61221881702615,120.392164584236,40.2660292560068,4.8698431531529,0.6283654570579529,0.8917019367218018,0.4168718457221985,1,2.4889015706630286,0.5953960076337919,1.5,0,111,0
IND,India,2000,South Asia,Lower middle income,4.0094359104519,3.84099115659129,26.9009229104474,54.6451291831448,0.765211694280817,0.23123805224895477,0.5616528987884521,0.1643451750278473,0,1.6113233160335652,NA,-8.4,0,111,0
IDN,Indonesia,2000,East Asia & Pacific,Upper middle income,3.68862037056682,4.9200677470169,71.4368759173731,53.882681212192,-2.75743993350903,0.521679162979126,0.1917625069618225,0.700158953666687,0,1.5451383751252072,0.4858059173893547,-1.9,0,111,0
IRN,"Iran, Islamic Rep.",2000,Middle East & North Africa,Upper middle income,14.4767513188567,5.84552747578209,41.2572474638031,37.1550948519383,0.0355866340456932,NA,0.11687036603689194,0,1,2.739338983014282,0,5.4,0,111,0
JAM,Jamaica,2000,Latin America & Caribbean,Upper middle income,8.17108356120225,0.87870355044231,NA,40.2845908822002,4.65960017463684,0.6661638021469116,0.4855102002620697,1,0,2.2160554429955805,1,-0.8,0,111,0
JOR,Jordan,2000,Middle East & North Africa,Lower middle income,0.66688092559796,4.24571192079179,110.328904595996,112.550502608899,10.7940053678297,0.364587664604187,1,0.9400318264961244,0,0.5109541708622346,0.9282381053614164,-1.9,1,111,1
KAZ,Kazakhstan,2000,Europe & Central Asia,Upper middle income,13.1808905865731,9.80000000214156,105.699692634521,15.2703887716366,7.49246609878753,NA,0.7009395360946655,0.1643451750278473,0,2.651895324954987,0,NA,0,111,0
KEN,Kenya,2000,Sub-Saharan Africa,Lower middle income,9.98002515350979,0.599695390807426,53.3090443862273,35.1647273518432,0.872896453431273,0.3334719240665436,0.3168971538543701,0.700158953666687,0,2.396077726926647,1,0.4,0,111,0
KGZ,Kyrgyz Republic,2000,Europe & Central Asia,Lower middle income,18.7007342838023,5.44333663288322,89.4309316270309,11.3180222070238,-0.172311073962181,0.6365882754325867,0.4008356034755707,0.8200953602790833,1,2.980655908338768,1,-10.7,0,111,0
LAO,Lao PDR,2000,East Asia & Pacific,Lower middle income,25.0846414281315,5.79878232861959,68.8373013678325,16.5386455524761,1.95760389973722,0.4693262279033661,0.5014893412590027,0.2525267004966736,1,3.2613466900939443,0.6057657841085201,-3.6,0,111,0
LSO,Lesotho,2000,Sub-Saharan Africa,Lower middle income,6.13197538722696,3.87554677576694,NA,27.6225431847664,3.65200401728829,0.25701820850372314,1,0.1643451750278473,0,1.964588248961142,0,-0.9,1,199,1
LBR,Liberia,2000,Sub-Saharan Africa,Low income,NA,28.6159342546183,NA,7.05416701574613,2.37986270022883,0.6700461506843567,0.18818844854831696,1,0,NA,1,-0.1,0,111,0
LBY,Libya,2000,Middle East & North Africa,Upper middle income,-2.90000000000024,3.6792704082,45.2810937659422,48.510866238139,0.368425619834711,0.5,0.30471381545066833,0,0,0.09531017980432492,0,13.6,0,111,0
MDG,Madagascar,2000,Sub-Saharan Africa,Low income,11.859684500028,4.45685893956946,42.7771226639725,17.4115759033018,1.79192376325453,0.2772870659828186,0.2612565755844116,0.4168718457221985,0,2.554097185073687,1,-2.4,0,132,0
MWI,Malawi,2000,Sub-Saharan Africa,Low income,29.5814884631684,1.57607762616895,NA,12.2556479411832,1.02470810251001,0.5723302960395813,0.15135766565799713,0.1643451750278473,1,3.4203948737168925,0.3942342873818497,NA,0,111,0
MYS,Malaysia,2000,East Asia & Pacific,Upper middle income,1.53474023697699,8.85886816969386,220.406788982074,122.69875028409,4.03842862393763,0.4313769042491913,1,0.4168718457221985,0,0.9300911611721572,0.30219016649938735,-6.1,1,111,1
MDV,Maldives,2000,South Asia,Upper middle income,-1.17475681175946,3.84581040832157,NA,41.0911245179629,3.57378188906309,0.5,1,0.8800635933876038,0,0.09531017980432492,0.7122942989718684,-3.9,1,111,1
MLI,Mali,2000,Sub-Saharan Africa,Low income,-0.677661659046769,-0.736019991927179,44.6657609790519,16.3313916598188,1.71320201228336,0.5,0.612125813961029,0.1643451750278473,0,0.09531017980432492,0,-2.2,1,132,1
MRT,Mauritania,2000,Sub-Saharan Africa,Lower middle income,3.25406745833358,-3.91802585208993,58.9403747670668,NA,2.25319074953564,0.5276859402656555,0.4412444233894348,0.1643451750278473,0,1.4478755742765694,0.3942342873818497,NA,0,111,0
MUS,Mauritius,2000,Sub-Saharan Africa,Upper middle income,4.19928825622807,8.20279174865273,120.687648773646,77.0113962195879,5.62071802958224,0.3832237422466278,0.29687726497650146,0.7167128920555115,0,1.6485217424170138,0.660999853672922,-4.2,0,112,0
MEX,Mexico,2000,Latin America & Caribbean,Upper middle income,9.49156149435403,5.02928399378261,49.9104091872497,21.357251506457,2.47719212470142,0.4835593104362488,0.26187941431999207,0.700158953666687,0,2.350571266845483,1,-2.7,0,111,0
FSM,"Micronesia, Fed. Sts.",2000,East Asia & Pacific,Lower middle income,2.15851810619419,4.62457361932451,91.8922118499105,47.3689109302332,NA,0.07348699122667313,1,0.700158953666687,0,1.1501029638696123,0,-3.5,1,111,1
MDA,Moldova,2000,Europe & Central Asia,Upper middle income,31.2993015817784,2.10771608200733,126.163100130478,22.2944191905919,9.89887383909094,0.6342241764068604,0.2630563974380493,0.1643451750278473,0,3.4750456071396756,0,-3.5,0,111,0
MNG,Mongolia,2000,East Asia & Pacific,Upper middle income,11.5955387593327,1.14606213709108,121.886609754208,21.1442710138837,4.72312279765318,0.6226456761360168,0.3424249291419983,0.700158953666687,0,2.5333426845413847,0.7981618540657297,-5.8,0,111,0
MAR,Morocco,2000,Middle East & North Africa,Lower middle income,1.89463456763464,2.58218091499747,53.4403058388785,64.0520171265001,0.991581858750169,0.2649655044078827,0.3502975106239319,0.1643451750278473,0,1.062858874261109,0.3942342873818497,-2,0,132,0
MOZ,Mozambique,2000,Sub-Saharan Africa,Low income,NA,0.766234955773442,47.9208808015891,19.8404582377429,2.3488011074454,0.3815811574459076,0.4046127796173096,0.1643451750278473,0,NA,1,-1.3,0,111,0
MMR,Myanmar,2000,East Asia & Pacific,Lower middle income,-0.109165514668565,13.7459305561226,NA,31.4706691750898,2.86117768008645,0.738191545009613,0.2738414704799652,0,0,0.09531017980432492,0,-6,0,111,0
NAM,Namibia,2000,Sub-Saharan Africa,Upper middle income,NA,3.49218336365178,85.1322442947268,39.843268769627,5.00609742133938,0.37210193276405334,1,0.1643451750278473,0,NA,1,-0.8,1,199,1
NPL,Nepal,2000,South Asia,Lower middle income,2.47882020709136,6.19999998192236,55.7105890041319,51.3364742383817,-0.00882425294523833,0.5787391066551208,0.7604173421859741,0.1643451750278473,0,1.24669321535503,0,-1.5,1,534,1
NIC,Nicaragua,2000,Latin America & Caribbean,Lower middle income,7.06991352252517,4.10159025073438,61.2984974600022,30.1061763890098,5.21568567857809,0.3362424075603485,0.9905624985694884,1,0,2.0881427663043883,1,2.2,0,111,0
NER,Niger,2000,Sub-Saharan Africa,Low income,2.90014973599108,-1.20847774100575,34.7127807043604,6.55900248161089,0.703342920154778,0.5,0.612125813961029,0.1643451750278473,0,1.3610149462424426,0,-2.8,1,132,1
NGA,Nigeria,2000,Sub-Saharan Africa,Lower middle income,6.93329215565161,5.01593475931152,NA,14.6696313737072,1.64832098964767,0.6733514666557312,0.32203084230422974,0.17990463972091675,0,2.071068101531766,0.6000000397574952,2.9,0,111,0
PAK,Pakistan,2000,South Asia,Lower middle income,4.36666451291681,4.2600880111325,21.4599638884654,28.6895037123433,0.309595026317044,0.44803503155708313,0.21701402962207791,0.1643451750278473,0,1.680206582002378,1,-3.2,0,111,0
PNG,Papua New Guinea,2000,East Asia & Pacific,Lower middle income,15.5958933107535,-2.49484199260023,115.421837958873,32.1674541383348,2.74030313917345,0.6375219821929932,0.11619840562343596,0.1643451750278473,1,2.8091552738378525,0,0.3,0,111,0
PRY,Paraguay,2000,Latin America & Caribbean,Upper middle income,8.98215976750022,-2.31414056819045,78.6447297611485,22.367229789894,1.21729436901028,0.8358280658721924,0.472351998090744,0.7474732995033264,0,2.30079947647936,1,-0.5,0,111,0
PER,Peru,2000,Latin America & Caribbean,Upper middle income,3.75733833344474,2.69437139806912,35.5380321623178,33.1630853231737,1.56479019339424,0.3935906291007995,0.601847231388092,1,0,1.559688338201378,1,-2.1,0,111,1
PHL,Philippines,2000,East Asia & Pacific,Lower middle income,3.9771250324928,4.38250500083399,85.1533684600039,55.8532415811266,1.77722452613512,0.3823208808898926,0.22550489008426663,0.4476322829723358,0,1.6048524216208997,0.5287044104467413,-3.3,0,111,0
RWA,Rwanda,2000,Sub-Saharan Africa,Low income,3.89952980284712,8.37089593548548,27.4848638250445,14.1564719784408,0.391524366669991,0.555073618888855,0.5026327967643738,0.1643451750278473,0,1.589139241909631,0,-0.2,0,111,0
WSM,Samoa,2000,East Asia & Pacific,Lower middle income,0.966782350024729,5.09304469244418,NA,35.2658366328029,-0.466208760178323,0.4821104109287262,0.32542020082473755,0.1643451750278473,0,0.6763988825600877,0.3942342873818497,-0.6,0,196,0
STP,Sao Tome and Principe,2000,Sub-Saharan Africa,Lower middle income,12.2089456308977,0.448368261692949,NA,18.4703381459423,4.98698169293887,0.5437498092651367,0.2871570289134979,0.4768400490283966,1,2.580894299368277,0.4768400490283966,51.5,0,111,0
SEN,Senegal,2000,Sub-Saharan Africa,Lower middle income,0.731981981981597,3.88721095816793,48.680089723263,18.5016786342501,1.35774452423374,0.5,0.612125813961029,0.1643451750278473,0,0.5492664070731971,0,0.8,1,132,1
SLB,Solomon Islands,2000,East Asia & Pacific,Lower middle income,7.88956186986721,-14.2769995911797,58.5523280892414,21.6802604796966,0.477405088785097,0.3507554531097412,0.9491991400718688,0.1643451750278473,0,2.1848777648318385,0,-2.5,0,111,1
ZAF,South Africa,2000,Sub-Saharan Africa,Upper middle income,5.33895913599828,4.20000000067826,46.2207217354077,47.3643581454259,0.638427514423676,0.6153866648674011,0.30357471108436584,0.1643451750278473,0,1.846714580838323,0.3942342873818497,-1.4,0,111,0
LKA,Sri Lanka,2000,South Asia,Lower middle income,6.17627591012045,6.00003315828934,88.636441704913,38.4388964692487,1.04207418020439,0.5214211940765381,0.3272269368171692,0.4476322829723358,0,1.9707805730307912,0.5287044104467413,-7.8,0,534,0
LCA,St. Lucia,2000,Latin America & Caribbean,Upper middle income,3.7107860871361,0.0487485535201131,NA,59.1158451151708,10.3032379060764,0.6298274397850037,1,0.1643451750278473,0,1.5498547915836165,0,-1.2,1,111,1
VCT,St. Vincent and the Grenadines,2000,Latin America & Caribbean,Upper middle income,0.167679637488279,1.63903190394467,NA,73.6136224513596,12.6913900432479,0.6298274397850037,1,0.1643451750278473,0,0.15501856381121734,0,-0.8,1,111,1
SUR,Suriname,2000,Latin America & Caribbean,Upper middle income,59.401686545079,2.09999886750489,NA,35.8090798389514,-10.2567136211785,0.3033647835254669,0.05207373946905136,0,1,4.101017027482703,0,-7.8,0,111,0
TJK,Tajikistan,2000,Europe & Central Asia,Lower middle income,NA,8.32432449473859,175.351206134214,8.26329769966978,2.73586929115128,0.3651319444179535,0.20365166664123535,0.1643451750278473,0,NA,0.36714325860631464,-4.5,0,111,0
TZA,Tanzania,2000,Sub-Saharan Africa,Lower middle income,5.92396109637479,4.52078463603256,23.9891151549808,13.0593818974723,3.46551698028756,0.45742422342300415,0.8429535031318665,0.1643451750278473,0,1.934988018634803,0.5801363815350187,-0.7,0,111,1
THA,Thailand,2000,East Asia & Pacific,Upper middle income,1.59196917460972,4.45524704335014,121.297955351472,111.20931709607,2.66312868727133,0.6982161998748779,0.3059372007846832,0.4168718457221985,0,0.9524178859076298,1,-1.8,0,111,0
TGO,Togo,2000,Sub-Saharan Africa,Low income,1.86260595463067,-0.783479610048047,48.8080041114183,16.476373040413,2.50698256954936,0.5,0.612125813961029,0.1643451750278473,0,1.0517323829134682,NA,-3.4,1,132,1
TON,Tonga,2000,East Asia & Pacific,Upper middle income,6.32763551411155,3.75409745006452,61.508239295468,36.5203214114466,4.49717744985392,0.5555062890052795,0.27208980917930603,0.34424978494644165,0,1.991652887339993,0.33575958120303845,1.3,0,111,0
TUN,Tunisia,2000,Middle East & North Africa,Lower middle income,2.96230794738605,4.7099729138049,82.639110670191,50.0851889350194,3.49602747137556,0.3175000548362732,0.416734904050827,0.1643451750278473,0,1.3768266704921666,0,-3.2,1,132,1
TUR,Turkiye,2000,Europe & Central Asia,Upper middle income,54.9153705812683,6.98528697817062,42.3746746988077,33.4760905007002,0.357417831801301,0.5653636455535889,0.39413872361183167,0.1643451750278473,1,4.023839308040561,0,-8.4,0,111,0
UGA,Uganda,2000,Sub-Saharan Africa,Low income,3.39202158512998,3.141907338187,32.7490333383822,16.1155361851823,2.59476174980504,0.15003903210163116,0.24640560150146484,0.9400318264961244,0,1.4797896188422337,0.9400318264961244,-0.6,0,111,0
UKR,Ukraine,2000,Europe & Central Asia,Upper middle income,28.2030972388552,5.90000000024899,115.735714934593,17.9473348826535,1.83783307310592,0.5141417384147644,0.40178439021110535,0.1643451750278473,1,3.3742747734730383,1,-3.2,0,111,0
VUT,Vanuatu,2000,East Asia & Pacific,Lower middle income,2.53768844221106,5.92480905652914,87.1557917790657,90.101733393873,7.44669130551293,0.7225549817085266,0.36746183037757874,0.8800635933876038,0,1.2634735314335512,0,-5.7,0,111,0
VNM,Viet Nam,2000,East Asia & Pacific,Lower middle income,-1.71033727851109,6.78731640463151,111.417094419512,44.6045928186828,4.16392407955693,0.8282788991928101,0.7253249883651733,0.1643451750278473,0,0.09531017980432492,0.3942342873818497,-1.6,1,111,1
YEM,"Yemen, Rep.",2000,Middle East & North Africa,Low income,4.58999999999981,6.1819155928913,75.4388386390908,30.1489954247066,0.066115307019514,0.3763047456741333,0.525428831577301,1,0,1.7209792871669738,1,NA,0,111,0
ZMB,Zambia,2000,Sub-Saharan Africa,Lower middle income,26.0304117888121,3.89732294341896,60.3874689884965,21.6860252568239,3.37996207983055,0.715252161026001,0.19726017117500305,1,1,3.296962594682564,1,1.2,0,111,0
ALB,Albania,2001,Europe & Central Asia,Upper middle income,3.10758827031435,8.8637306604876,64.2474462587009,67.4664768586027,5.10708868615592,0.7044861912727356,0.38634562492370605,0.4168718457221985,0,1.4128360607323045,1,-6.8,0,134,0
DZA,Algeria,2001,Middle East & North Africa,Upper middle income,4.22598834854673,2.99999999863043,54.5296491177208,52.3817644227651,1.87349238167778,0.4425988495349884,0.5054004788398743,0.1643451750278473,0,1.6536439375794276,1,3.2,0,132,1
AGO,Angola,2001,Sub-Saharan Africa,Lower middle income,152.561022469298,4.20599855619506,NA,21.1357136613316,24.0090757001341,0.402014434337616,0.1916465014219284,0.1643451750278473,1,5.034098028545556,1,2.8,0,111,0
ARM,Armenia,2001,Europe & Central Asia,Upper middle income,3.1459046468502,9.59999999927597,69.8642663925336,13.4496484249285,3.29806741743693,0.3572392463684082,0.5435689091682434,1,0,1.4221210149189611,1,NA,0,111,1
AZE,Azerbaijan,2001,Europe & Central Asia,Upper middle income,1.54719590152279,9.89999986533643,78.8151854917601,12.9316251296911,14.3593922707314,0.3934544622898102,0.8629110455513,0.1643451750278473,0,0.9349931076539086,0,21.8,0,111,0
BGD,Bangladesh,2001,South Asia,Lower middle income,2.0071737421384,5.07728777526728,32.0980170730117,40.2671476674779,0.145443904569924,0.3696122467517853,1,0.1643451750278473,0,1.1010006815651716,0.3942342873818497,-3.4,1,111,0
BLR,Belarus,2001,Europe & Central Asia,Upper middle income,61.1349331618476,4.72530605111095,137.044930473063,14.9202713314933,0.775405864952368,0.23713354766368863,0.593695878982544,0,1,4.129308361564897,0,-4.7,0,111,0
BLZ,Belize,2001,Latin America & Caribbean,Upper middle income,3.65141786561502,4.99356206143864,93.1624050489864,42.3136429513829,5.21949933984009,0.4237883388996124,1,0.1643451750278473,0,1.537172090457985,0.22930405863986925,-7.2,1,111,1
BEN,Benin,2001,Sub-Saharan Africa,Lower middle income,3.98429547767893,5.33313570603937,48.2571706392197,17.9977975020232,0.456588183737808,0.6576964259147644,0.6425443887710571,0.1643451750278473,0,1.6062920649764327,0,-3.3,1,132,1
BTN,Bhutan,2001,South Asia,Lower middle income,3.41478946111594,7.32837435673082,71.0945747295588,45.7741036067833,NA,0.23123227059841156,1,0.1643451750278473,0,1.4849601457423962,NA,-12.2,1,534,1
BOL,Bolivia,2001,Latin America & Caribbean,Lower middle income,1.58965377879567,1.68379912721821,45.2278224315522,63.478429025317,8.66860569359696,0.38824382424354553,0.7996299862861633,0.7474732995033264,0,0.9515241906353268,1,-6.1,0,111,0
BWA,Botswana,2001,Sub-Saharan Africa,Upper middle income,6.55903767014861,0.250573949689084,87.5250655680957,39.3992277756433,0.558884523880211,0.364385038614273,0.2688940167427063,0.7756866216659546,0,2.022743889780703,0.7756866216659546,-2.9,0,199,0
BRA,Brazil,2001,Latin America & Caribbean,Upper middle income,6.84035902487523,1.3898964044581,26.936285024943,58.6361717166178,4.14759326073982,0.944868505001068,0.1649973839521408,0.1643451750278473,0,2.0592846273029912,0.306152474953776,-3.5,0,111,0
BFA,Burkina Faso,2001,Sub-Saharan Africa,Low income,5.00743290822373,6.61340574539679,31.6581708148511,16.2839927625652,0.196436710369704,0.6576964259147644,0.6425443887710571,0.1643451750278473,0,1.792997520563416,0,-3.6,1,132,1
BDI,Burundi,2001,Sub-Saharan Africa,Low income,9.29618771341888,2.05580710835243,NA,17.2257816352167,-0.0013048564735641,0.4818310141563415,0.1992029994726181,0.1643451750278473,0,2.3317737018116707,1,-7.8,0,111,0
CPV,Cabo Verde,2001,Sub-Saharan Africa,Lower middle income,3.34996472317894,2.23165454528898,92.1637224974152,65.69693247356,1.60013112628632,0.4555869400501251,0.6425116062164307,0.1643451750278473,0,1.4701677354536729,0,-5,1,182,1
KHM,Cambodia,2001,East Asia & Pacific,Lower middle income,-0.600648300123686,7.38971065070517,111.771741244001,13.5619715478379,3.53337669089546,0.3575769364833832,0.75709468126297,0.3124949038028717,0,0.09531017980432492,0.3124949038028717,-5,NA,NA,NA
CMR,Cameroon,2001,Sub-Saharan Africa,Lower middle income,4.41977245881145,4.32426119221549,51.5722691890366,12.7084509376941,-0.10652670822566,0.3264521658420563,0.6425443887710571,0.1643451750278473,0,1.6900538328011905,0,1.2,1,132,1
CAF,Central African Republic,2001,Sub-Saharan Africa,Low income,3.83486060237361,4.46473902640867,39.7304997372329,15.914628060427,0.555825631817538,0.3264521658420563,0.6425443887710571,0.1643451750278473,0,1.5758522975431248,0,-0.9,1,132,1
TCD,Chad,2001,Sub-Saharan Africa,Low income,12.4312865279941,11.6581346546737,64.3219080406854,12.0683047719947,26.8795142899677,0.3264521658420563,0.6425443887710571,0.1643451750278473,0,2.59758680103228,0,-3.5,1,132,1
CHN,China,2001,East Asia & Pacific,Upper middle income,0.719125609120113,8.31263887091522,38.0826469518334,139.457645645892,3.47245235578959,0.48126429319381714,1,0.1643451750278473,0,0.5418157947725225,1,-2.6,1,111,1
COL,Colombia,2001,Latin America & Caribbean,Upper middle income,7.96556090304834,1.67789830787579,33.9011117949445,28.5091471133911,2.58851936306874,0.14248324930667877,0.454653263092041,0.1643451750278473,0,2.193390670972587,0.23472552077950623,-2.7,0,111,0
COM,Comoros,2001,Sub-Saharan Africa,Lower middle income,5.55459394816812,5.41959971808741,35.7572288509346,15.9303655192455,0.307423421152582,0.00210660696029663,0.6425248980522156,0.1643451750278473,0,1.8801661699374157,NA,-2.1,1,132,1
COD,"Congo, Dem. Rep.",2001,Sub-Saharan Africa,Low income,359.936614264585,-2.10017302488848,25.0419375138391,2.85740812895541,1.37428477040761,0.6007163524627686,NA,0.2243133783340454,1,5.888702359161637,1,-1.1,0,111,0
COG,"Congo, Rep.",2001,Sub-Saharan Africa,Lower middle income,0.0559899218140582,3.80260189913561,130.732481081873,11.5470878289313,-4.84426109284501,0.3264521658420563,0.6425443887710571,0.1643451750278473,0,0.09531017980432492,0,-0.7,1,132,1
CRI,Costa Rica,2001,Latin America & Caribbean,Upper middle income,11.2556157091171,3.49116989434005,80.852758718109,41.3444336126812,3.89233617537996,0.38204771280288696,0.907930314540863,0.7167128920555115,1,2.5059842571800397,0.7167128920555115,-3.5,0,111,0
CIV,Cote d'Ivoire,2001,Sub-Saharan Africa,Lower middle income,4.36152914007256,-2.15401249077306,53.1141047180447,13.9805685742207,1.62207726789971,0.6576964259147644,0.6425443887710571,0.1643451750278473,0,1.6792492217229893,0,0.7,1,132,1
DJI,Djibouti,2001,Middle East & North Africa,Lower middle income,1.74665224985434,NA,NA,55.6066709524961,0.592742006829803,0.06282061338424683,1,1,0,1.0103828064000562,1,-3.6,1,111,1
DMA,Dominica,2001,Latin America & Caribbean,Upper middle income,1.3038940346596,-0.0638434428881567,NA,55.6007611244665,3.87696994458447,0.5598524808883667,1,0.1643451750278473,0,0.8346007498747697,0,-6.5,1,111,1
DOM,Dominican Republic,2001,Latin America & Caribbean,Upper middle income,8.8830684881296,2.46937023763239,70.5105678080061,36.7515200987417,4.24930666375932,0.27873706817626953,0.5830216407775879,0.05996821448206901,0,2.29082303926274,0.06379381292396727,-0.7,0,111,1
ECU,Ecuador,2001,Latin America & Caribbean,Upper middle income,37.6767454518094,4.20627185748789,56.128486744205,21.6177136518247,2.32873824691471,0.6163690686225891,1,0.4168718457221985,1,3.655238526709249,0.2889507946010576,0,NA,NA,NA
EGY,"Egypt, Arab Rep.",2001,Middle East & North Africa,Lower middle income,2.26975720475955,3.53525197391507,39.8104265402844,82.3782826874826,0.527384722609423,0.3005487322807312,0.25948381423950195,1,0,1.1847157328435396,1,-1.1,0,111,0
SLV,El Salvador,2001,Latin America & Caribbean,Upper middle income,3.7508205747202,0.879613659882722,65.8907385362251,62.2792942562879,2.2707041485317,0.42015033960342407,1,1,0,1.558317355699216,1,-4.9,1,111,0
GNQ,Equatorial Guinea,2001,Sub-Saharan Africa,Upper middle income,8.82538925854966,63.3798754250602,NA,5.73547327817735,64.3841007471897,0.4174087345600128,0.6425443887710571,0.1643451750278473,0,2.2849697761613106,0,14.9,1,132,1
SWZ,Eswatini,2001,Sub-Saharan Africa,Lower middle income,5.94210982281648,1.41221393287066,NA,17.6258319802963,1.95160425482532,0.19560138881206512,1,0.1643451750278473,0,1.937605737368691,0,-2.2,1,199,1
ETH,Ethiopia,2001,Sub-Saharan Africa,Low income,-8.23784453391136,8.30130632267965,NA,37.1632706542002,4.24475958430851,NA,1,0.1643451750278473,0,0.09531017980432492,1,-3.8,1,111,1
FJI,Fiji,2001,East Asia & Pacific,Upper middle income,4.27267024465105,2.00000014675203,NA,44.4657168176502,2.49941576652652,0.2222193479537964,0.29121264815330505,0.1643451750278473,0,1.6625369220199306,0,-4.5,0,111,0
GAB,Gabon,2001,Sub-Saharan Africa,Upper middle income,2.13762052701465,2.13523342197423,83.6386132424108,14.9309274080002,-2.00298894717111,0.3264521658420563,0.6425443887710571,0.1643451750278473,0,1.1434647187048148,0,4.1,1,132,1
GMB,"Gambia, The",2001,Sub-Saharan Africa,Low income,4.49259609239754,5.80000024323377,46.9292631865623,21.9530369649078,5.16139810385096,0.4599899053573608,0.31382033228874207,1,0,1.70340102032569,1,-2.5,0,111,0
GEO,Georgia,2001,Europe & Central Asia,Upper middle income,4.64604442058634,4.80729867243699,63.3299250824094,11.2276120007492,3.41273251705983,NA,0.4135539531707764,0.7474732995033264,0,1.7309551974210249,0.6393294705806337,-0.7,0,111,0
GHA,Ghana,2001,Sub-Saharan Africa,Lower middle income,41.509496287803,4.00000012807919,110.045854160811,31.4453255740362,1.68056701347756,0.31132563948631287,0.5802849531173706,0.1643451750278473,0,3.749727493036864,0.3942342873818497,-3.6,0,111,0
GRD,Grenada,2001,Latin America & Caribbean,Upper middle income,3.14099305202543,-2.02390004072058,NA,86.7302172012184,17.2109605555303,0.5598524808883667,1,0.1643451750278473,0,1.4209356267125732,0.3942342873818497,-6.1,1,111,1
GTM,Guatemala,2001,Latin America & Caribbean,Upper middle income,7.28587366610138,2.33257486608854,70.6690331769476,32.9553698379889,-5.088199966054,0.4724274277687073,0.4982708990573883,1,0,2.1145520968700646,1,-2,0,111,0
GIN,Guinea,2001,Sub-Saharan Africa,Lower middle income,NA,3.65834646929586,40.1878781394378,8.5716782684984,0.0406493462481599,0.6267951130867004,0.4671656787395478,0.1643451750278473,0,NA,1,-3.2,0,111,0
GNB,Guinea-Bissau,2001,Sub-Saharan Africa,Low income,3.34812265527108,4.7859716500482,47.5832172774612,18.7833196997195,0.0958805556532383,0.6262195110321045,0.2768697738647461,0.1643451750278473,0,1.4697441784450451,0.7326588197655602,-1.8,1,132,1
HTI,Haiti,2001,Latin America & Caribbean,Lower middle income,13.31672224251,-0.342747883252144,27.569933019116,22.2350420565584,0.0694886389960982,0.40396320819854736,0.2834632396697998,0.700158953666687,0,2.661428241652874,0.59886052581069,-1.5,0,111,0
HND,Honduras,2001,Latin America & Caribbean,Lower middle income,9.67415556865377,2.72319327321379,115.943071737954,45.0878877303622,4.04940697578742,0.4079348742961883,0.864626944065094,0.4168718457221985,0,2.3678254523468394,0.5953960076337919,-3.1,0,111,0
IND,India,2001,South Asia,Lower middle income,3.77929312235637,4.82396626555771,25.9932547534365,57.7390677682671,1.05638020993358,0.1806451827287674,0.6652741432189941,0.1643451750278473,0,1.5642926532154675,NA,-11,1,111,1
IDN,Indonesia,2001,East Asia & Pacific,Upper middle income,11.5001160550887,3.64346644721492,69.7932075256238,50.8855192605092,-1.85568619300523,0.2976177930831909,0.10869187116622923,0.700158953666687,0,2.525737928672251,0.4858059173893547,-1.8,0,111,0
IRN,"Iran, Islamic Rep.",2001,Middle East & North Africa,Upper middle income,11.2742471332117,2.39217271207868,40.535566479523,40.8721462622172,0.321660450664957,NA,0.11933189630508424,0.1643451750278473,1,2.5075033384563756,0.36714325860631464,0,0,111,0
JAM,Jamaica,2001,Latin America & Caribbean,Upper middle income,6.8019093078759,1.34492956615135,NA,46.5394672316237,6.26989738675835,0.4661123752593994,0.4929554760456085,1,0,2.0543684868020735,1,-4.8,0,111,0
JOR,Jordan,2001,Middle East & North Africa,Lower middle income,1.77220437351017,5.26995757513571,109.285478573786,114.691625940883,3.04850514227071,0.1109263077378273,1,1,0,1.0196428064274163,1,-1.1,1,111,1
KAZ,Kazakhstan,2001,Europe & Central Asia,Upper middle income,8.35413777161344,13.4999999984358,92.8490685069707,17.1238361009358,12.7154903277303,NA,0.7912210822105408,0.1643451750278473,0,2.2358187878261293,0,NA,1,111,1
KEN,Kenya,2001,Sub-Saharan Africa,Lower middle income,5.73859814341467,3.77990649795343,55.9468360286644,35.240744132139,0.0408333582871574,0.4502998888492584,0.6423770189285278,0.700158953666687,0,1.9078519126998776,1,-0.5,1,111,1
KGZ,Kyrgyz Republic,2001,Europe & Central Asia,Lower middle income,6.9196798942304,5.32162141190466,73.7469123687968,11.1445721981227,0.328285301673471,0.6089397072792053,0.5243242383003235,0.7601271867752075,0,2.069350787614378,0.8882875280468147,-6.7,0,111,1
LAO,Lao PDR,2001,East Asia & Pacific,Lower middle income,7.81180794783471,5.75141287983195,65.8994368798482,16.3356430472939,1.35157901983042,0.5115577578544617,0.3618025779724121,0.2525267004966736,0,2.176092634312526,0.6057657841085201,-3.7,0,111,0
LSO,Lesotho,2001,Sub-Saharan Africa,Lower middle income,-9.61615353858472,3.56158183392093,NA,28.0324218272255,3.59634195549178,0.273977130651474,1,0.1643451750278473,0,0.09531017980432492,0,-2.8,1,199,1
LBR,Liberia,2001,Sub-Saharan Africa,Low income,NA,2.92027476569781,NA,6.45712019566117,0.916114790286976,0.49488741159439087,0.12948495149612427,1,0,NA,1,-0.9,0,111,0
LBY,Libya,2001,Middle East & North Africa,Upper middle income,-8.81393752145546,-1.76283887062603,43.1734496124031,48.0595930232558,-0.389891046511628,0.5,0.1794385462999344,0.1643451750278473,0,0.09531017980432492,1,0.1,0,111,0
MDG,Madagascar,2001,Sub-Saharan Africa,Low income,7.91694484529586,5.98023576982733,41.0351260923859,18.851362911841,1.71117198619575,0.35089850425720215,0.44635868072509766,0.4168718457221985,0,2.1879533817905448,1,-3.6,0,132,0
MWI,Malawi,2001,Sub-Saharan Africa,Low income,22.7,-4.97496361892476,NA,12.7027687609029,0.772615057834218,0.35775285959243774,0.2079787254333496,0.1643451750278473,1,3.1654750481410856,0.3942342873818497,NA,0,111,0
MYS,Malaysia,2001,East Asia & Pacific,Upper middle income,1.41678473206098,0.517675319192861,203.364636010653,138.460702498827,0.59702931825207906,0.4460582435131073,1,0.4168718457221985,0,0.8824380336510471,0.30219016649938735,-4.4,1,111,1
MDV,Maldives,2001,South Asia,Upper middle income,0.67257737006247,-3.94363452271253,NA,30.5538561368886,2.36095464157791,0.5700072646141052,1,0.8200953602790833,0,0.5143657720773172,0.5684413769674328,-4,1,111,0
MLI,Mali,2001,Sub-Saharan Africa,Low income,5.18701191944068,15.8060317406145,49.3239069915403,16.2783277563227,5.06751221772987,0.6576964259147644,0.6425443887710571,0.1643451750278473,0,1.8224522430769263,0,-2.4,1,132,1
MRT,Mauritania,2001,Sub-Saharan Africa,Lower middle income,4.7148963468961,-0.799493830035985,60.7012124604715,NA,4.39273814893831,0.5276859402656555,0.5709954500198364,0.1643451750278473,0,1.743076160056242,0.3942342873818497,NA,0,111,0
MUS,Mauritius,2001,Sub-Saharan Africa,Upper middle income,5.38934426229508,3.34754072731407,128.05457898019,77.9606367777741,-0.591895011199452,0.4706633687019348,0.396746039390564,0.7167128920555115,0,1.8546316437645745,0.660999853672922,-5.3,0,112,0
MEX,Mexico,2001,Latin America & Caribbean,Upper middle income,6.36773806235037,-0.450845253215945,44.7401090123173,23.9467187449556,3.77607805696573,0.3818329870700836,0.3349296450614929,0.700158953666687,0,1.9971107476085737,1,-2.6,0,111,0
FSM,"Micronesia, Fed. Sts.",2001,East Asia & Pacific,Lower middle income,0.502497351294027,1.82014181387615,97.2977821855715,48.758879890039,NA,0.06903298944234848,1,0.7601271867752075,0,0.4071286245597995,0.20000007951499035,-5.5,1,111,1
MDA,Moldova,2001,Europe & Central Asia,Upper middle income,9.7646628575763,6.10000039929173,124.500739599353,25.1413858602755,6.98600963880541,0.5574567317962646,0.5593005418777466,0.1643451750278473,0,2.3762688119400432,0,-0.3,0,111,0
MNG,Mongolia,2001,East Asia & Pacific,Upper middle income,6.27736020484006,2.95271054338117,115.81832687888,23.7854353739816,4.9684623527528,0.4091467261314392,0.8161189556121826,0.700158953666687,0,1.984768187224706,0.7981618540657297,-4.3,1,111,1
MAR,Morocco,2001,Middle East & North Africa,Lower middle income,0.619801875297975,7.72182519577728,53.4915710187871,69.802524311417,6.44412928365454,0.29763177037239075,0.3378371596336365,0.1643451750278473,0,0.48230384256635506,0.3942342873818497,-3.8,0,132,0
MOZ,Mozambique,2001,Sub-Saharan Africa,Low income,NA,12.8516820207736,50.4153095777265,17.5986750354926,4.52085884679156,0.4523817300796509,0.32958295941352844,0.1643451750278473,0,NA,1,-4.4,0,111,0
MMR,Myanmar,2001,East Asia & Pacific,Lower middle income,21.101305376923,11.3439970699605,NA,32.5198546010872,3.21565753506977,0.6484290957450867,0.45676177740097046,0,0,3.0956366736084258,0,-6.3,0,111,0
NAM,Namibia,2001,Sub-Saharan Africa,Upper middle income,NA,1.17794869467917,88.5841018380245,37.596314562864,10.663479926284399,0.3882104456424713,1,0.1643451750278473,0,NA,1,-2,1,199,1
NPL,Nepal,2001,South Asia,Lower middle income,2.6883037354563,4.79989214255407,55.7999210803706,51.5259488569941,0.347091875363344,0.4551216959953308,0.6838061213493347,0.1643451750278473,0,1.305166660073279,0,-2.4,1,534,1
NIC,Nicaragua,2001,Latin America & Caribbean,Lower middle income,5.98604186279518,2.96084349057273,57.9801315472268,28.3852667597253,2.80655753554232,0.32324695587158203,0.9858540296554564,1,0,1.9439141387507657,1,0.3,0,111,0
NER,Niger,2001,Sub-Saharan Africa,Low income,4.00551428352678,7.26813490213235,33.0136670843015,8.65316407136481,0.922420853977935,0.6576964259147644,0.6425443887710571,0.1643451750278473,0,1.6105401614397628,0,-2.6,1,132,1
NGA,Nigeria,2001,Sub-Saharan Africa,Lower middle income,18.8736462093863,5.91768464920371,NA,15.9009677066124,1.61861555824339,0.7146182060241699,0.3590940535068512,0.23987284302711487,0,2.989394542969442,0.8000000198787476,-2.3,0,111,1
PAK,Pakistan,2001,South Asia,Lower middle income,3.14826144590618,3.65135017083765,23.5772074298467,29.8765629925912,0.38910658649849,0.38684239983558655,0.3683995306491852,0.1643451750278473,0,1.422689317770159,1,-2.5,0,111,0
PNG,Papua New Guinea,2001,East Asia & Pacific,Lower middle income,9.29817332783968,-0.121288605564772,117.580367053663,32.0063664576821,2.05072450909515,0.7751685380935669,0.1528230458498001,0.1643451750278473,0,2.331966532696103,0,-1.3,0,111,0
PRY,Paraguay,2001,Latin America & Caribbean,Upper middle income,7.26806028584825,-0.834054716746095,72.6056990118238,27.6300335001424,1.16763488895181,0.6658273935317993,0.3492380380630493,0.7474732995033264,0,2.1123999332598298,1,0.1,0,111,0
PER,Peru,2001,Latin America & Caribbean,Upper middle income,1.97709878502053,0.617892325624297,35.0644014310212,32.9950773700798,2.19922450158059,0.4386499226093292,0.4600508213043213,1,0,1.0909492642242968,1,-2.2,0,111,0
PHL,Philippines,2001,East Asia & Pacific,Lower middle income,5.34550195567142,3.04923134463486,84.9003886237531,56.4414724546187,0.96298544393499,0.2310863882303238,0.289125919342041,0.4476322829723358,0,1.8477462084661935,0.5287044104467413,-3.5,0,111,0
RWA,Rwanda,2001,Sub-Saharan Africa,Low income,3.34285506749409,8.4845603416011,29.1989094376925,13.6638227776705,0.940709512317624,0.586357057094574,0.6497699022293091,0.1643451750278473,0,1.4685319814770983,0,-1.8,0,111,0
WSM,Samoa,2001,East Asia & Pacific,Lower middle income,3.83828463867725,7.39012906172989,NA,33.7077654420783,0.531202467169116,0.5568149089813232,0.29673829674720764,0.1643451750278473,0,1.576560244412798,0.3942342873818497,-2,0,196,0
STP,Sao Tome and Principe,2001,Sub-Saharan Africa,Lower middle income,9.22203707560889,3.06448295788719,NA,22.7924751350645,3.94990814037949,0.418773889541626,0.11907124519348145,0.5368082523345947,0,2.324545887380098,0.5368082523345947,-13.5,0,111,0
SEN,Senegal,2001,Sub-Saharan Africa,Lower middle income,2.97450083919566,4.31085146618369,49.7205780648314,15.1480350117526,0.692757272925303,0.6576964259147644,0.6425443887710571,0.1643451750278473,0,1.3798991651759722,0,-1.4,1,132,1
SLB,Solomon Islands,2001,East Asia & Pacific,Lower middle income,6.92583732057426,-7.95660610016238,45.1100685673042,19.2589072722057,-2.10427182649691,0.3357894718647003,0.6553598046302795,0.1643451750278473,0,2.070127969775152,0,-2,0,111,0
ZAF,South Africa,2001,Sub-Saharan Africa,Upper middle income,5.70189483049608,2.70000000019104,49.170945185829,51.4195683669222,5.36834529785161,0.5538513660430908,0.16801254451274872,0.1643451750278473,0,1.902390296935366,0.3942342873818497,-1,0,111,0
LKA,Sri Lanka,2001,South Asia,Lower middle income,14.15845579912,-1.54540813366026,80.8986015327576,39.0173000103738,1.09074720867871,0.27801188826560974,0.22229023277759552,0.4476322829723358,0,2.718558514809762,0.5287044104467413,-8.5,0,534,0
LCA,St. Lucia,2001,Latin America & Caribbean,Upper middle income,5.30722081028547,-3.40806396189404,NA,64.5323349792531,11.743549263599,0.559852659702301,1,0.1643451750278473,0,1.8416951374199375,0,-3.1,1,111,1
VCT,St. Vincent and the Grenadines,2001,Latin America & Caribbean,Upper middle income,0.9008584858665,1.74823102028898,NA,71.6013611144575,3.86141465002383,0.5598494410514832,1,0.1643451750278473,0,0.6423056187924283,0,-1.6,1,111,1
SUR,Suriname,2001,Latin America & Caribbean,Upper middle income,38.5862878872611,4.20000042083539,NA,31.5658195848221,-3.21235324229173,0.38928458094596863,1,0,1,3.678482792823498,0,3.5,1,111,1
TJK,Tajikistan,2001,Europe & Central Asia,Lower middle income,38.59188944886,9.58083617842951,146.657305562056,7.8654432873079,0.878575236633123,0.336896151304245,0.32311657071113586,0.1643451750278473,0,3.6786242853861393,0.36714325860631464,-2.1,0,111,0
TZA,Tanzania,2001,Sub-Saharan Africa,Lower middle income,5.14746800222618,6.07080828734129,28.0301432282533,15.7669071850892,4.04947475303632,0.6530546545982361,0.39546918869018555,0.1643451750278473,0,1.8160402900887564,0.5801363815350187,-0.4,0,111,0
THA,Thailand,2001,East Asia & Pacific,Upper middle income,1.62690887314091,3.44424900968372,120.267966273533,122.759135124577,4.21223509530842,0.5040823221206665,0.33878275752067566,0.4168718457221985,0,0.965807821537184,1,-1.8,0,111,0
TGO,Togo,2001,Sub-Saharan Africa,Low income,3.91959133653146,0.823438752111855,51.3941520650307,14.6216761361513,3.46872208576776,0.6576964259147644,0.6425443887710571,0.1643451750278473,0,1.5932254653738067,NA,-0.7,1,132,1
TON,Tonga,2001,East Asia & Pacific,Upper middle income,8.2902831885033,1.49248125545273,62.4065643935194,39.5780565506693,4.21200124520251,0.636475145816803,0.23507125675678253,0.34424978494644165,0,2.2289690355154295,0.33575958120303845,2.2,0,111,0
TUN,Tunisia,2001,Middle East & North Africa,Lower middle income,1.98333333333337,3.79627166202512,89.5522011944661,54.9650706464449,2.04621697501891,0.36993640661239624,0.5971156358718872,0.1643451750278473,0,1.0930412436186665,0,-2.9,1,132,1
TUR,Turkiye,2001,Europe & Central Asia,Upper middle income,54.4001887619074,-5.45940838563062,49.9447830679013,44.1754866584863,1.65780492583561,0.450857549905777,0.0946473777294159,0.1643451750278473,1,4.014583001002079,0,-11.6,0,111,0
UGA,Uganda,2001,Sub-Saharan Africa,Low income,1.86512524084773,5.18366112490236,35.3299767819725,16.0914425659075,2.59388837097761,0.401137113571167,0.391821801662445,1,0,1.0526120632942475,1,-1,0,111,0
UKR,Ukraine,2001,Europe & Central Asia,Upper middle income,11.9588085390459,8.80000000367222,99.9261276192731,21.6669614988611,2.01477599147626,0.5940269231796265,1,0.1643451750278473,1,2.5617757529823715,1,-2.9,1,111,1
VUT,Vanuatu,2001,East Asia & Pacific,Lower middle income,3.57755452095074,-3.39758248938256,87.7721451440768,94.9354509071505,6.98039768364935,0.632792592048645,0.31239792704582214,NA,0,1.5211649081347542,NA,-3,0,111,0
VNM,Viet Nam,2001,East Asia & Pacific,Lower middle income,-0.43154451172818,6.19289331233377,111.955937998525,52.1189083618155,3.97733545270572,0.6670328974723816,0.7315269112586975,0.1643451750278473,0,0.09531017980432492,0.3942342873818497,-2.2,1,111,1
YEM,"Yemen, Rep.",2001,Middle East & North Africa,Low income,11.9115912929855,3.80364587188127,70.8923979770182,33.5710826237395,1.57455746010621,0.3867509961128235,0.5766907930374146,NA,0,2.558125457757217,NA,NA,0,111,0
ZMB,Zambia,2001,Sub-Saharan Africa,Lower middle income,21.3937821792546,5.31686827418419,64.668282708979,17.860977968843,3.54138670780308,0.7213606834411621,0.10525967180728912,1,1,3.1087833390449022,1,-5.9,0,111,0
ALB,Albania,2002,Europe & Central Asia,Upper middle income,7.7705258343155,4.62839587394552,65.9914650336802,64.3805252433391,2.99003115858884,0.41319170594215393,0.30000072717666626,0.4168718457221985,0,2.171396762889458,1,-6.2,0,134,0
DZA,Algeria,2002,Middle East & North Africa,Upper middle income,1.4183019234505,5.40000000000001,56.5896052814114,57.8750799363848,1.73118897497205,0.21000857651233673,0.28845810890197754,0.1643451750278473,0,0.8830656093482009,1,0.2,0,132,0
AGO,Angola,2002,Sub-Saharan Africa,Lower middle income,108.897436089429,13.6656887608562,90.5708209731095,14.1716078329291,10.0713557339551,0.5,0.34234341979026794,0.1643451750278473,1,4.699547531650897,1,-2.2,0,111,0
ARM,Armenia,2002,Europe & Central Asia,Upper middle income,1.06004929341666,13.1999999979356,73.9845018432309,15.5515985078589,4.65949974895044,0.2579065263271332,0.38471800088882446,1,0,0.7227299113582384,1,NA,0,111,0
AZE,Azerbaijan,2002,Europe & Central Asia,Upper middle income,2.7711647199827,9.43891626906561,92.8181443298969,12.9799509806046,32.4654989629361,0.27234259247779846,0.8448697328567505,0.4168718457221985,0,1.3273838980389518,0.735681757623047,19.4,1,111,1
BGD,Bangladesh,2002,South Asia,Lower middle income,3.33256493271912,3.83312393993225,28.9673807211649,42.740177242997,0.0955793676464671,0.2854222059249878,1,0.1643451750278473,0,1.4661597298511415,0.3942342873818497,-2.3,1,111,1
BLR,Belarus,2002,Europe & Central Asia,Upper middle income,42.5375481348794,5.04526758311702,131.002058282291,14.6089847426956,1.69305705420781,0.10488087683916092,0.5640448331832886,0.1643451750278473,1,3.77362374128736,0.3942342873818497,-7.8,0,111,0
BLZ,Belize,2002,Latin America & Caribbean,Upper middle income,4.24026660688645,5.39907320663811,93.0794584713606,41.0399593765492,2.04686311047792,0.4237883388996124,1,0,0,1.6563723762154527,0,-5.4,1,111,1
BEN,Benin,2002,Sub-Saharan Africa,Lower middle income,2.48916235491541,4.64303087074482,43.7684225364311,14.6410436093978,-0.462423415216639,0.5641812682151794,0.5889487266540527,0.1643451750278473,0,1.2496616944884051,0,-3.3,1,132,1
BTN,Bhutan,2002,South Asia,Lower middle income,2.45535714285714,10.4437797168913,70.2833172005966,56.4021545693294,0.433615900118682,0.12309718132019044,1,0.1643451750278473,0,1.2399258217346865,NA,-4.3,1,534,1
BOL,Bolivia,2002,Latin America & Caribbean,Lower middle income,0.928258851611069,2.48556573783827,49.3502603725957,56.7448767192623,8.55789350643914,0.4228105843067169,0.8035364151000977,0.7474732995033264,0,0.6566174463107748,1,-7.8,0,111,0
BWA,Botswana,2002,Sub-Saharan Africa,Upper middle income,8.03279662527485,6.06953087648317,91.8357740585774,45.2485422384937,7.50151858437683,0.21677236258983612,0.413687139749527,0.8356548547744751,0,2.2008620232762377,0.8356548547744751,-3.9,0,199,0
BRA,Brazil,2002,Latin America & Caribbean,Upper middle income,8.45016437708331,3.05346185683619,27.6183574077173,55.0049821725667,3.25358063263725,0.6724791526794434,0.08500943332910538,0.4168718457221985,0,2.246032135754721,0.7765749574623912,-4.1,0,111,0
BFA,Burkina Faso,2002,Sub-Saharan Africa,Low income,2.17569480664608,4.35296382988099,31.3125228527966,14.6847701654749,0.414815789165315,0.5641812682151794,0.5889487266540527,0.1643451750278473,0,1.1555264451423115,0,-4.4,1,132,1
BDI,Burundi,2002,Sub-Saharan Africa,Low income,-1.36568005328059,4.44651941224797,NA,21.2523406830438,NA,0.5408647656440735,0.11220524460077286,0.1643451750278473,0,0.09531017980432492,1,-4.9,0,111,0
CPV,Cabo Verde,2002,Sub-Saharan Africa,Lower middle income,1.88453410076764,5.25089116960211,101.089702293616,71.5558713257736,2.37854487715663,0.5626286864280701,0.588945209980011,0.1643451750278473,0,1.0593633967172584,0,-6.1,1,182,1
KHM,Cambodia,2002,East Asia & Pacific,Lower middle income,0.211466568022607,6.26507280509637,118.269562072288,16.4032649680924,2.90934773211661,0.12492991238832474,0.795225203037262,0.3724631071090698,0,0.19183166536962448,0.3724631071090698,-6.1,NA,NA,NA
CMR,Cameroon,2002,Sub-Saharan Africa,Lower middle income,2.83442260128066,4.47702683369155,48.4817227279603,14.341494680962,4.06898458469026,0.2842574417591095,0.5889487266540527,0.1643451750278473,0,1.344018863192006,0,1.6,1,132,1
CAF,Central African Republic,2002,Sub-Saharan Africa,Low income,2.33181703516234,3.61654219150596,36.1085647794782,14.9328716787466,0.566657013276163,0.2842574417591095,0.5889487266540527,0.1643451750278473,0,1.203517811381045,0,-1.2,1,132,1
TCD,Chad,2002,Sub-Saharan Africa,Low income,5.19181895195446,8.49120981920397,126.350807849912,13.2549244704387,46.275241273497,0.2842574417591095,0.5889487266540527,0.1643451750278473,0,1.8232288968345147,0,-4.1,1,132,1
CHN,China,2002,East Asia & Pacific,Upper middle income,-0.731970902350243,9.24339326638321,42.1944423387413,143.510188392199,3.56241418263928,0.48126429319381714,1,0.1643451750278473,0,0.09531017980432492,1,-2.8,1,111,1
COL,Colombia,2002,Latin America & Caribbean,Upper middle income,6.35150728778872,2.50398046659659,32.9826392144234,27.455592548075,2.17844751407948,0.4142334759235382,0.24202600121498108,0.1643451750278473,0,1.9949053653686508,0.23472552077950623,-3.5,0,111,0
COM,Comoros,2002,Sub-Saharan Africa,Lower middle income,3.53304214308077,4.59768263263243,35.7571190335913,16.3213081515995,0.100716007387665,0.00208101677708327,0.5889345407485962,0.1643451750278473,0,1.5113932688669125,NA,-2.1,1,132,1
COD,"Congo, Dem. Rep.",2002,Sub-Saharan Africa,Low income,31.5225826025495,2.94776518359767,29.3168456429821,2.91725803901463,2.1493797198493,0.4555110037326813,0.20937111973762512,0.1643451750278473,1,3.481934697348896,0,0.9,0,111,0
COG,"Congo, Rep.",2002,Sub-Saharan Africa,Lower middle income,4.37875971780872,4.58187006108889,135.45607107226,12.6619791914105,6.59456506726084,0.2842574417591095,0.5889487266540527,0.1643451750278473,0,1.682457811872962,0,-7.3,1,132,1
CRI,Costa Rica,2002,Latin America & Caribbean,Upper middle income,9.16752048509118,3.41687639041064,80.4139443360039,43.4368770924739,4.36202694033196,0.2245473116636276,0.9556698203086852,0.7167128920555115,0,2.3191983735590695,0.7167128920555115,-5,0,111,0
CIV,Cote d'Ivoire,2002,Sub-Saharan Africa,Lower middle income,3.07726485157427,-2.73052647441901,55.9019482275388,17.8358800206156,1.17744492416162,0.5641812682151794,0.5889487266540527,0.1643451750278473,0,1.4054263840951369,0,-0.6,1,132,1
DJI,Djibouti,2002,Middle East & North Africa,Lower middle income,0.637619553666319,NA,NA,62.2932983547634,0.580649337298248,0.10336586833000184,1,1,0,0.4932436957347401,1,-4.6,1,111,1
DMA,Dominica,2002,Latin America & Caribbean,Upper middle income,0.170055330197681,-3.08742052359268,NA,61.2207228737266,5.34525004766951,0.4505652189254761,1,0.1643451750278473,0,0.1570510384587404,0,-4.1,1,111,1
DOM,Dominican Republic,2002,Latin America & Caribbean,Upper middle income,5.22336769759446,4.48650367045651,68.7232829028777,34.6981132101001,3.41225986375611,0.553421139717102,0.27998238801956177,0.05996821448206901,0,1.8283111907119145,0.06379381292396727,-2.3,0,111,0
ECU,Ecuador,2002,Latin America & Caribbean,Upper middle income,12.4835980082094,4.92809549611376,54.7966439366136,25.1549978028211,2.8951552675912,0.3642047941684723,1,0.4168718457221985,1,2.601473984424402,0.2889507946010576,0.7,NA,NA,NA
EGY,"Egypt, Arab Rep.",2002,Middle East & North Africa,Lower middle income,2.73723855000334,2.39020402573726,40.9870678279229,87.8365003958828,0.759753233043019,0.23965975642204285,0.9396528005599976,1,0,1.3183469830936034,1,-6.8,0,111,1
SLV,El Salvador,2002,Latin America & Caribbean,Upper middle income,1.86552503610077,1.57291844759789,65.9190907767708,59.1339464525532,3.71125187529755,0.4821634888648987,1,1,0,1.0527515920507995,1,-5.5,1,111,1
GNQ,Equatorial Guinea,2002,Sub-Saharan Africa,Upper middle income,7.5924784983324,19.4628340359251,NA,7.53193274211684,17.899145375458,0.2842574417591095,0.5889487266540527,0.1643451750278473,0,2.1508872273625093,0,17.6,1,132,1
SWZ,Eswatini,2002,Sub-Saharan Africa,Lower middle income,12.0197154699232,4.0886479398829,NA,17.5758388294673,6.66778898222294,0.03098473884165287,1,0.1643451750278473,0,2.566464783233126,0,-3.7,1,199,1
ETH,Ethiopia,2002,Sub-Saharan Africa,Low income,0.6750891021708,1.51472570667433,NA,44.036796941287,3.2480726995032,NA,1,0.1643451750278473,0,0.5158663591880593,1,-5.8,1,111,1
FJI,Fiji,2002,East Asia & Pacific,Upper middle income,0.762032085561206,3.19999911373272,NA,50.5143273942432,1.67309841241214,0.35196664929389954,0.38475656509399414,0.1643451750278473,0,0.5664677370878101,0,-3.7,0,111,0
GAB,Gabon,2002,Sub-Saharan Africa,Upper middle income,0.0366828893971394,-0.249033168543434,84.7590815376223,15.5400858029116,0.0217546424549428,0.2842574417591095,0.5889487266540527,0.1643451750278473,0,0.09531017980432492,0,3.7,1,132,1
GMB,"Gambia, The",2002,Sub-Saharan Africa,Low income,8.60912474386327,-3.25000014970206,59.642950918834,27.8064606875408,7.4065003138309,0.6458472013473511,0.2694244682788849,1,0,2.2627131411926813,1,0.1,0,111,0
GEO,Georgia,2002,Europe & Central Asia,Upper middle income,5.58783730000794,5.47402488700408,71.6291255364807,11.9408294796137,4.72348885200524,NA,0.3027860224246979,0.7474732995033264,0,1.8852251155939084,0.6393294705806337,-0.2,0,111,0
GHA,Ghana,2002,Sub-Saharan Africa,Lower middle income,9.36093239560313,4.49999955900331,97.4892431746551,34.1082281365568,0.955694277966518,0.35006779432296753,0.6016643643379211,0.1643451750278473,0,2.33804223235721,0.3942342873818497,-2.7,0,111,0
GRD,Grenada,2002,Latin America & Caribbean,Upper middle income,1.06721547992874,3.43732352954147,NA,92.3404264156993,14.4083748207884,0.4505652189254761,1,0.1643451750278473,0,0.7262025229337293,0.3942342873818497,-13.9,1,111,1
GTM,Guatemala,2002,Latin America & Caribbean,Upper middle income,8.13263054281054,3.83928708556792,67.1048115244645,32.2797015809976,-4.97449876130187,0.3097738027572632,0.4555281102657318,1,0,2.211853773897817,1,-1,0,111,0
GIN,Guinea,2002,Sub-Saharan Africa,Lower middle income,NA,5.16460946696631,38.0284032674396,9.71290979930097,0.697413496345229,0.6267951130867004,1,0.1643451750278473,0,NA,1,-3.4,1,111,1
GNB,Guinea-Bissau,2002,Sub-Saharan Africa,Low income,3.30012175283752,3.65393603642713,39.6760635550924,22.0397577912881,0.759522998746594,0.5228003859519958,0.27250850200653076,0.1643451750278473,0,1.4586433369120424,0.7326588197655602,-3.7,1,132,1
HTI,Haiti,2002,Latin America & Caribbean,Lower middle income,7.03287406224601,1.05182013450109,24.9396784759828,24.57148553064,0.0918488613041635,0.5146995782852173,0.19220441579818728,0.700158953666687,0,2.083542379519423,0.59886052581069,-1.8,0,111,0
HND,Honduras,2002,Latin America & Caribbean,Lower middle income,7.69050972034271,3.75433786119939,117.997454450299,46.615434093083,3.6562173778393,0.11474429816007614,0.9264711141586304,0.4168718457221985,0,2.1622315935228964,0.5953960076337919,-5,0,111,0
IND,India,2002,South Asia,Lower middle income,4.29715203929563,3.80397532112175,29.5086629350614,62.6195245160236,1.01156946489919,0.14171452820301056,0.710623025894165,0.1643451750278473,0,1.66716932505695,NA,-11.1,1,111,1
IDN,Indonesia,2002,East Asia & Pacific,Upper middle income,11.9001200338414,4.49947539085764,59.0794617663723,48.1711623796117,0.0741516383181159,0.2983781695365906,0.24767856299877167,0.700158953666687,0,2.557236616273282,0.4858059173893547,-0.6,0,111,0
IRN,"Iran, Islamic Rep.",2002,Middle East & North Africa,Upper middle income,14.3359337378404,8.07882927975243,48.1726865520657,37.8563477022753,2.73611498145264,NA,0.02241661213338375,0.4476322829723358,1,2.730198685040243,1,-2.9,0,111,0
JAM,Jamaica,2002,Latin America & Caribbean,Upper middle income,7.07635009310985,1.99729094191295,NA,47.8397539076197,4.56630894573429,0.2441897839307785,0.6759668588638306,1,0,2.0889400493264993,1,-6.6,0,111,0
JOR,Jordan,2002,Middle East & North Africa,Lower middle income,1.83299389002049,5.78380792679296,114.03885781572,116.65646158375,2.48601734100151,0.0821293368935585,1,1,0,1.041334064128966,1,-3.2,1,111,1
KAZ,Kazakhstan,2002,Europe & Central Asia,Upper middle income,5.83692452105643,9.79999999960842,94.03168564978,19.1703227341657,10.5066901062522,NA,0.8048478364944458,0.1643451750278473,0,1.922337999095441,0,1.9,1,111,1
KEN,Kenya,2002,Sub-Saharan Africa,Lower middle income,1.96130821739162,0.546859530175595,55.1726722640053,38.1589103711513,0.210062364887451,0.19206203520298004,0.4493336081504822,0.700158953666687,0,1.0856311360330644,1,-1.3,1,111,1
KGZ,Kyrgyz Republic,2002,Europe & Central Asia,Lower middle income,2.13420986310243,-0.0173246130360667,82.9207290212667,14.6265305147625,0.290348679041994,0.5237549543380737,0.4649629294872284,0.700158953666687,0,1.142377105030248,0.7765749450583616,-5.9,0,111,0
LAO,Lao PDR,2002,East Asia & Pacific,Lower middle income,10.6313446323333,5.91874368370564,67.2549028523532,19.9604313602254,0.253176893420544,0.3313737213611603,0.3717678189277649,0.2525267004966736,0,2.4537035774168783,0.6057657841085201,-2.8,0,111,0
LSO,Lesotho,2002,Sub-Saharan Africa,Lower middle income,33.812578338126,0.723836067167127,NA,26.5146995973571,3.65971744859451,0.25624823570251465,1,0.1643451750278473,0,3.5499787679722528,0,-2.4,1,199,1
LBR,Liberia,2002,Sub-Saharan Africa,Low income,14.1596470116325,3.76301761700071,NA,5.21006042504633,0.302049622437972,0.4697839319705963,0.10580889135599136,1,0,2.718637095750038,1,-1.6,0,111,0
LBY,Libya,2002,Middle East & North Africa,Upper middle income,-9.79764705882357,-0.958897332849631,78.8597570352145,40.4628632938644,0.707942488082424,0.5,0.04585213214159012,0.1643451750278473,0,0.09531017980432492,1,7,0,111,0
MDG,Madagascar,2002,Sub-Saharan Africa,Low income,16.4985255315846,-12.4079711055149,50.1816919379298,19.9438116842437,0.273965160881608,0.4355265200138092,0.26121222972869873,0.4168718457221985,0,2.862116622041765,1,-4.1,0,132,0
MWI,Malawi,2002,Sub-Saharan Africa,Low income,14.7446346101603,1.70000003078317,NA,7.20127640881102,0.115974414290585,0.3771032691001892,0.29709818959236145,0.1643451750278473,1,2.756499647561593,0.3942342873818497,-4.5,0,111,0
MYS,Malaysia,2002,East Asia & Pacific,Upper middle income,1.80787246281536,5.39098830692797,199.356232695655,133.104466943551,3.16612432250471,0.4203863739967346,1,0.4168718457221985,0,1.0324270659067811,0.30219016649938735,-4,1,111,1
MDV,Maldives,2002,South Asia,Upper middle income,4.1786723990479,7.26838656139654,NA,34.4601861816757,2.75560074067064,0.5700072646141052,1,0.8200953602790833,0,1.6445487298024726,0.5684413769674328,-4,1,111,1
MLI,Mali,2002,Sub-Saharan Africa,Low income,5.03282275711194,3.03627540842406,46.3529227419891,19.1631551064427,-0.26620339911262,0.5641812682151794,0.5889487266540527,0.1643451750278473,0,1.7972150201296488,0,-2.6,1,132,1
MRT,Mauritania,2002,Sub-Saharan Africa,Lower middle income,3.8957052575849,1.38148396045266,56.7855296001806,NA,3.78943003870853,0.3696122467517853,0.5100257992744446,0.1643451750278473,0,1.5883583427412138,0.3942342873818497,NA,0,111,0
MUS,Mauritius,2002,Sub-Saharan Africa,Upper middle income,6.41933372221149,1.61491865862433,118.230470380251,81.3582187835091,0.653687020805774,0.4267641007900238,0.35666945576667786,0.7167128920555115,0,2.0040892582972867,0.660999853672922,-4.9,0,112,0
MEX,Mexico,2002,Latin America & Caribbean,Upper middle income,5.03072733151295,-0.236588001922641,45.209829259652,23.9055137436454,2.48685750053046,0.23791104555130005,0.32350340485572815,0.4476322829723358,0,1.79686762228993,0.6393295131457144,-2.2,0,111,0
FSM,"Micronesia, Fed. Sts.",2002,East Asia & Pacific,Lower middle income,-0.111442426432945,0.443232388562762,91.7298643988442,42.6935194105501,NA,0.17404450476169586,1,0.8200953602790833,0,0.09531017980432492,0.3999999602425048,7.2,1,111,1
MDA,Moldova,2002,Europe & Central Asia,Upper middle income,5.30124390261587,7.79999965773833,129.839525501535,28.9870306684853,5.05771338869042,0.5490245819091797,0.4681790769100189,0.1643451750278473,0,1.840747058767478,0,-1.2,0,111,0
MNG,Mongolia,2002,East Asia & Pacific,Upper middle income,0.91707468718427,4.73297846590111,118.517253113943,30.3299171873272,5.56733962619427,0.47106683254241943,0.8378475308418274,0.700158953666687,0,0.6508004237554138,0.7981618540657297,-4.7,1,111,1
MAR,Morocco,2002,Middle East & North Africa,Lower middle income,2.79561966936936,3.73019737485745,54.31012791421,73.5286389536301,1.02035757811393,0.27632853388786316,0.5652904510498047,0.1643451750278473,0,1.3338476832542552,0.3942342873818497,-4.4,0,132,0
MOZ,Mozambique,2002,Sub-Saharan Africa,Low income,NA,9.66850534669427,73.309162757423,20.0405623151165,5.83542740620485,0.5511384010314941,0.6773712038993835,0.1643451750278473,0,NA,1,-3.4,1,111,1
MMR,Myanmar,2002,East Asia & Pacific,Lower middle income,57.0745112621703,12.0255134340315,NA,27.8140472466073,2.22070502562137,0.5,0.4311483800411224,0,0,4.061726862989039,0,-4,0,111,0
NAM,Namibia,2002,Sub-Saharan Africa,Upper middle income,NA,4.7886612188211,94.4152228948906,37.626257752807,4.40514414376661,0.2737118601799011,1,0.1643451750278473,0,NA,1,-1.4,1,199,1
NPL,Nepal,2002,South Asia,Lower middle income,3.02939948714892,0.120143177369414,46.2307185004451,50.8324503801342,-0.0983748686510898,0.36110126972198486,0.6380754709243774,0.1643451750278473,0,1.393617354222382,0,-2.5,1,534,1
NIC,Nicaragua,2002,Latin America & Caribbean,Lower middle income,3.75017465778466,0.753938876079573,58.0912844080785,30.9156401588122,3.90334311480045,0.3047665059566498,0.9857493042945862,1,0,1.5581813874304762,1,2.1,0,111,0
NER,Niger,2002,Sub-Saharan Africa,Low income,2.62886597938136,4.91847057594622,30.8343857497549,6.55623913237211,0.281340736477619,0.5641812682151794,0.5889487266540527,0.1643451750278473,0,1.2889201970946913,0,-2.2,1,132,1
NGA,Nigeria,2002,Sub-Saharan Africa,Lower middle income,12.8765792031099,15.3291557409559,NA,13.5269974309959,1.97158413526786,0.6474108695983887,0.40792977809906006,0.23987284302711487,0,2.630202469596252,0.8000000198787476,1,0,111,0
PAK,Pakistan,2002,South Asia,Lower middle income,3.29034472613153,2.59481668445784,23.1290159545291,32.9585711899888,0.843517300073237,0.3975796401500702,0.6940984725952148,0.1643451750278473,0,1.4563670854531914,1,-2.6,1,111,1
PNG,Papua New Guinea,2002,East Asia & Pacific,Lower middle income,11.7994470972606,-0.158900533082658,118.919110291279,30.6224003614603,0.672123736108209,0.5661841034889221,0.23390692472457889,0.1643451750278473,0,2.549401974466102,0,-1.7,0,111,0
PRY,Paraguay,2002,Latin America & Caribbean,Upper middle income,10.5102420856612,-0.0214043949985694,79.4415656482927,23.772960304324,1.25620797120523,0.6118342280387878,0.18058523535728457,0.7474732995033264,0,2.443237255150419,1,-1.9,0,111,0
PER,Peru,2002,Latin America & Caribbean,Upper middle income,0.193135003853722,5.45352893818767,35.2491813317695,32.6078828069552,3.93562084538866,0.269916296005249,0.4440993368625641,1,0,0.17658430004415746,1,-1.4,0,111,0
PHL,Philippines,2002,East Asia & Pacific,Lower middle income,2.72277227722765,3.71625500158383,83.8448040937789,57.4145978774769,2.09827504516588,0.17764706909656525,0.4893520772457123,0.4476322829723358,0,1.3144686265486156,0.5287044104467413,-3.7,0,111,0
RWA,Rwanda,2002,Sub-Saharan Africa,Low income,1.99258542453993,13.1920736254262,27.6094381162173,14.6344590405009,0.0762969152415173,0.7067983746528625,0.5675323009490967,0.1643451750278473,0,1.0961377042547296,0,-2.1,0,111,0
WSM,Samoa,2002,East Asia & Pacific,Lower middle income,8.0503144654087,5.65195919890348,87.9199711386734,34.6499439943095,0.567585520505441,0.3854012787342071,0.5148041248321533,0.1643451750278473,0,2.2027995046671247,0.3942342873818497,-1.8,0,196,0
STP,Sao Tome and Principe,2002,Sub-Saharan Africa,Lower middle income,10.128724672229,3.360188168222,NA,24.7939700985347,4.22678714274198,0.3723331391811371,0.6152486205101013,0.5967764854431152,0,2.4095295740167337,0.5967764854431152,-10.4,1,111,1
SEN,Senegal,2002,Sub-Saharan Africa,Lower middle income,2.33730187454299,0.0686965747419066,53.1442994641329,15.9389697692296,1.18024440779397,0.5641812682151794,0.5889487266540527,0.1643451750278473,0,1.2051626585314776,0,0.2,1,132,1
SLB,Solomon Islands,2002,East Asia & Pacific,Lower middle income,10.9296341872692,-2.79998288464981,45.1275100252581,18.9395826479548,0.04208946552377,0.3350239396095276,0.09425088763237,0.1643451750278473,0,2.479025572376428,0,-3.7,0,111,0
ZAF,South Africa,2002,Sub-Saharan Africa,Upper middle income,9.494713780996,3.70037440406668,53.4655016294369,52.117445159726,1.14635726911695,0.29862701892852783,0.18261593580245972,0.1643451750278473,0,2.3508716809613106,0.3942342873818497,-1,0,111,0
LKA,Sri Lanka,2002,South Asia,Lower middle income,9.55103167007251,3.96467568513113,76.3351317826517,39.3504395072967,1.1882779089504,0.15221060812473297,0.6012387871742249,0.4476322829723358,0,2.356223643773544,0.5287044104467413,-6.9,1,111,1
LCA,St. Lucia,2002,Latin America & Caribbean,Upper middle income,-0.255536626916508,0.416450493043214,NA,64.8566646502058,11.1010234731533,0.45077091455459595,1,0.1643451750278473,0,0.09531017980432492,0,-3,1,111,1
VCT,St. Vincent and the Grenadines,2002,Latin America & Caribbean,Upper middle income,1.85550399046655,5.34212707436718,NA,70.9184203740365,5.38789344689429,0.4505622386932373,1,0.1643451750278473,0,1.04924835658864,0,-2,1,111,1
SUR,Suriname,2002,Latin America & Caribbean,Upper middle income,15.5273989185702,2.80000068850687,NA,48.4207098428667,-6.73022296587416,0.3602803647518158,1,0,1,2.8050195442528896,0,-3.3,1,111,0
TJK,Tajikistan,2002,Europe & Central Asia,Lower middle income,12.2499847845885,10.8000037591665,138.6839688324,8.68318478357479,2.95358416825764,0.2594188153743744,0.3865599036216736,0.1643451750278473,0,2.5839964040986283,0.36714325860631464,-2.4,0,111,0
TZA,Tanzania,2002,Sub-Saharan Africa,Lower middle income,5.31783366118203,7.09319498355502,27.4992172734904,17.2382983411597,2.79955328638088,0.6542887091636658,0.4003414511680603,0.1643451750278473,0,1.8433763742685176,0.5801363815350187,-0.7,0,111,0
THA,Thailand,2002,East Asia & Pacific,Upper middle income,0.697308976625449,6.14903605210036,114.969743021067,115.210557860558,2.48815301889834,0.34093695878982544,0.44023653864860535,0.4168718457221985,0,0.5290440419390819,1,-6.7,0,111,0
TGO,Togo,2002,Sub-Saharan Africa,Low income,3.05981857535884,3.82662257675142,51.609565282441,13.0486365456219,2.39840389095673,0.5641812682151794,0.5889487266540527,0.1643451750278473,0,1.401138286742991,NA,-0.3,1,132,1
TON,Tonga,2002,East Asia & Pacific,Upper middle income,10.3590607918507,4.4292235994526,73.8374093817514,38.1508889693799,2.56728501801885,0.4797162115573883,0.40825796127319336,0.28428158164024353,0,2.4300157331013863,0.2238397208020256,2.6,0,111,0
TUN,Tunisia,2002,Middle East & North Africa,Lower middle income,2.72103284850455,1.32255714828946,85.3421759692656,54.6842615960117,3.41507220577273,0.34201836585998535,0.493050217628479,0.1643451750278473,0,1.3140012771955951,0,-2.5,0,132,0
TUR,Turkiye,2002,Europe & Central Asia,Upper middle income,44.964120947985,6.43550883793114,48.1026101234402,38.5764610990871,0.449376588359619,0.3088791072368622,0.13377143442630768,0.1643451750278473,1,3.827861112755275,0,-11.3,0,111,0
UGA,Uganda,2002,Sub-Saharan Africa,Low income,-0.287508511765196,8.73268576440127,36.2777941561831,19.0320883711592,2.98852729237692,0.6246223449707031,0.6785982251167297,1,0,0.09531017980432492,1,-2.1,0,111,0
UKR,Ukraine,2002,Europe & Central Asia,Upper middle income,0.75742084639286,5.33964720719075,95.994669810112,27.8164316512271,1.57657070830023,0.6704601645469666,1,0.1643451750278473,0,0.5638473060741547,1,-1.8,1,111,1
VUT,Vanuatu,2002,East Asia & Pacific,Lower middle income,1.96356754199195,-5.19831875936035,91.6997236888901,95.7704538615162,5.3932717652808,0.5,0.4179506003856659,NA,0,1.0863937932774,NA,-3.3,0,111,0
VNM,Viet Nam,2002,East Asia & Pacific,Lower middle income,3.83082838168467,6.32082099160833,116.696868652499,53.0355456340689,3.99268705133996,0.3808518350124359,0.8597261309623718,0.1643451750278473,0,1.575017960553905,0.3942342873818497,-1.9,1,111,1
YEM,"Yemen, Rep.",2002,Middle East & North Africa,Low income,12.2385339389711,3.9352315052778,74.7304558609206,34.9109934095027,1.06889926368752,0.41007643938064575,0.8266016244888306,1,0,2.5831318146929156,1,NA,1,111,1
ZMB,Zambia,2002,Sub-Saharan Africa,Lower middle income,22.2333446430947,4.50601428032604,64.9164969990648,18.3470905634688,7.11494136195091,0.49648159742355347,0.1938893646001816,1,1,3.145588515888553,1,-4.5,0,111,0
ALB,Albania,2003,Europe & Central Asia,Upper middle income,0.484002611818502,5.33326426009945,64.8232150960777,63.2967127997241,3.06868730168473,0.5831326842308044,0.2526630759239197,0.4168718457221985,0,0.39474290472915335,1,-5,0,134,0
DZA,Algeria,2003,Middle East & North Africa,Upper middle income,4.268953958395,6.50000000062043,57.7691353044878,58.0159636711519,0.868036712018978,0.4759448170661926,0.18925458192825317,0.1643451750278473,0,1.6618318529834284,1,7.2,0,132,0
AGO,Angola,2003,Sub-Saharan Africa,Lower middle income,98.2241436573304,3.48731240097521,90.6807161820483,11.8286814245232,17.5840588571176,0.564120888710022,0.20682767033576965,0.1643451750278473,1,4.597381368320277,1,-4.1,0,111,0
ARM,Armenia,2003,Europe & Central Asia,Upper middle income,4.7215533660534,14.0000000015501,80.0513676022426,14.3919593551431,4.37657009672654,0.5254585146903992,0.4623017013072967,1,0,1.744240336015783,1,NA,0,111,0
AZE,Azerbaijan,2003,Europe & Central Asia,Upper middle income,2.23386492967049,10.2082994004776,107.551948506262,14.2847604413775,55.0728766554257,0.3818619847297669,1,0.4168718457221985,0,1.173677994565477,0.735681757623047,1.6,1,111,1
BGD,Bangladesh,2003,South Asia,Lower middle income,5.66870773441476,4.73956739963045,27.657884900158,43.9885771769768,0.44596078329809,0.4158099889755249,0.7566282749176025,0.1643451750278473,0,1.8974260981906368,0.3942342873818497,-2,1,111,1
BLR,Belarus,2003,Europe & Central Asia,Upper middle income,28.3978399133473,7.04319246586394,134.141852273225,16.1186162169628,0.963790820679998,0.3658355474472046,0.777734100818634,0.1643451750278473,1,3.380921199310286,0.3942342873818497,-6.7,0,111,0
BLZ,Belize,2003,Latin America & Caribbean,Upper middle income,2.31808274663101,9.66522679614125,94.3631228859413,40.9447440638197,-0.83504705917142,0.4237883388996124,1,0,0,1.1993871301646453,0,-8.4,1,111,1
BEN,Benin,2003,Sub-Saharan Africa,Lower middle income,1.48724246145441,3.44357677591658,41.6162305574334,16.7880036917867,0.198870349303422,0.5084296464920044,0.5498226881027222,0.1643451750278473,0,0.9111746516070368,0,-1.1,1,132,1
BTN,Bhutan,2003,South Asia,Lower middle income,2.57230861693339,7.78656040877364,72.8499006593611,53.0632167439965,0.516969908871867,0.26144176721572876,1,0.1643451750278473,0,1.2732120581996036,NA,-10.2,1,534,1
BOL,Bolivia,2003,Latin America & Caribbean,Lower middle income,3.33727499671533,2.7113398370071,51.967836443987,59.3469065277089,2.442343967183,0.5133050680160522,0.8579809069633484,0.7474732995033264,0,1.467246269971357,1,-7,0,111,0
BWA,Botswana,2003,Sub-Saharan Africa,Upper middle income,9.18990265632739,4.62589474959299,85.8340425151264,47.8783144545501,5.56528127484831,0.21677236258983612,0.2790091931819916,0.8356548547744751,0,2.3213972943261383,0.8356548547744751,-0.2,0,199,0
BRA,Brazil,2003,Latin America & Caribbean,Upper middle income,14.7149197228147,1.14082899877101,28.1403847215489,56.5263637979904,1.81340059419325,0.3931472599506378,0.16682885587215424,0.4168718457221985,0,2.7546105619205243,0.7765749574623912,-5.4,0,111,0
BFA,Burkina Faso,2003,Sub-Saharan Africa,Low income,2.03456574053815,7.80249388870359,30.3682364077323,22.69470571933,0.614299394603336,0.5084296464920044,0.5498226881027222,0.1643451750278473,0,1.1100683304315373,0,-1.8,1,132,1
BDI,Burundi,2003,Sub-Saharan Africa,Low income,10.6474645658305,-1.22372796023444,NA,24.0243463141909,NA,0.5408647656440735,0.31559306383132935,0.1643451750278473,0,2.4550885224917383,1,-13.7,0,111,0
CPV,Cabo Verde,2003,Sub-Saharan Africa,Lower middle income,1.18817038620528,4.17625932578332,98.7683808076547,71.0955943818955,4.82213415181345,0.5225383639335632,0.5498411655426025,0.1643451750278473,0,0.7830657545649352,0,-3.6,0,182,0
KHM,Cambodia,2003,East Asia & Pacific,Lower middle income,0.94174611779921,10.2836813071691,120.074969093599,16.6250073622518,1.61651685032136,0.3381345868110657,0.6652091145515442,0.43243134021759033,0,0.6635876289847134,0.43243134021759033,-5.7,NA,NA,NA
CMR,Cameroon,2003,Sub-Saharan Africa,Lower middle income,0.623163557374316,5.45315368881347,40.2431925894529,13.59913981428,2.09694383064128,0.4341941177845001,0.5498226881027222,0.1643451750278473,0,0.4843770581773372,0,3.5,1,132,1
CAF,Central African Republic,2003,Sub-Saharan Africa,Low income,4.13470905150995,-5.39748521855877,36.2312260023474,14.3866672329731,0.989218808380309,0.4341941177845001,0.5498226881027222,0.1643451750278473,0,1.6360231818940727,0,-3.1,1,132,1
TCD,Chad,2003,Sub-Saharan Africa,Low income,-1.75256941248655,14.7216670128899,83.3789149599315,11.6119479068705,25.9829201533053,0.4341941177845001,0.5498226881027222,0.1643451750278473,0,0.09531017980432492,0,-4.3,1,132,1
CHN,China,2003,East Asia & Pacific,Upper middle income,1.12760348729637,10.1181928640117,51.0774801301803,151.396834348204,3.43849537731211,0.33864378929138184,1,0.1643451750278473,0,0.7549962229598702,1,-2.4,1,111,1
COL,Colombia,2003,Latin America & Caribbean,Upper middle income,7.1297886294186,3.91827190322513,36.51618351723,27.3345394310413,1.81783931129221,0.6434433460235596,0.38080140948295593,0.1643451750278473,0,2.095534924380243,0.23472552077950623,-2.7,0,111,0
COM,Comoros,2003,Sub-Saharan Africa,Lower middle income,3.799081366719,1.93442812313498,35.7569591176854,14.9434969932178,0.145062208685244,0.00542616844177246,0.5498154163360596,0.1643451750278473,0,1.5684245176644445,NA,-2,1,132,1
COD,"Congo, Dem. Rep.",2003,Sub-Saharan Africa,Low income,12.8739657187404,5.57782231144439,54.0313561776419,3.16074494763066,4.37764234247167,0.22590480744838717,0.15018944442272186,0.1643451750278473,1,2.6300141140605615,0,-3.9,0,111,0
COG,"Congo, Rep.",2003,Sub-Saharan Africa,Lower middle income,-0.631844987363156,0.813264076303781,156.861777335368,12.8882271877153,6.28014568176251,0.4341941177845001,0.5498226881027222,0.1643451750278473,0,0.09531017980432492,0,0.4,1,132,1
CRI,Costa Rica,2003,Latin America & Caribbean,Upper middle income,9.44758091616983,4.31717986636224,83.3277075355642,46.9184453602134,4.48353970316272,0.3960292339324951,0.950733244419098,0.7167128920555115,0,2.3463704603369644,0.7167128920555115,-3.4,0,111,0
CIV,Cote d'Ivoire,2003,Sub-Saharan Africa,Lower middle income,3.29680746974208,-4.72586658630681,53.260060681877,13.1091219082305,0.778244315036861,0.5084296464920044,0.5498226881027222,0.1643451750278473,0,1.4578722980506476,0,-1.3,1,132,1
DJI,Djibouti,2003,Middle East & North Africa,Lower middle income,1.98196734627544,NA,NA,69.7072167988537,2.28673980374562,0.25971969962120056,1,1,0,1.0925832660060797,1,-4.1,1,111,1
DMA,Dominica,2003,Latin America & Caribbean,Upper middle income,1.4533680043725,5.80495468629533,NA,66.7030015079963,8.39561947401853,0.42066431045532227,1,0.1643451750278473,0,0.8974617761898679,0,0.8,1,111,1
DOM,Dominican Republic,2003,Latin America & Caribbean,Upper middle income,27.4497127394394,-1.34935744782766,84.4495031861592,49.332979426785,2.88055489904245,0.8505972027778625,0.0958194062113762,0.4476322829723358,0,3.3481380634893574,0.4761884335776597,-4.2,0,111,0
ECU,Ecuador,2003,Latin America & Caribbean,Upper middle income,7.92936487461555,2.88450036512064,52.3575426975979,25.9100625450344,2.81449236195545,0.4490699768066406,1,0.4768400490283966,0,2.189345269695639,0.3620742461052712,1,NA,NA,NA
EGY,"Egypt, Arab Rep.",2003,Middle East & North Africa,Lower middle income,4.50777636319303,3.19345473739745,46.1796407185629,96.6788502994012,0.295683832335329,0.37803396582603455,0.16770769655704498,0.7167128920555115,0,1.7061609778622029,0.7167128920555115,-5.7,0,111,0
SLV,El Salvador,2003,Latin America & Caribbean,Upper middle income,2.1203909173333,1.56539303147618,68.23698247861,57.6626968905578,1.06615183714648,0.6813637018203735,1,1,0,1.1379582879898344,1,-4.2,1,111,1
GNQ,Equatorial Guinea,2003,Sub-Saharan Africa,Upper middle income,7.32354399351809,13.9552503163825,NA,10.534956307168,27.7605754478919,0.4341941177845001,0.5498226881027222,0.1643451750278473,0,2.119088124896973,0,10,1,132,1
SWZ,Eswatini,2003,Sub-Saharan Africa,Lower middle income,7.28999999999999,4.53865525672528,NA,18.174441216725,-2.8000452332194,0.02502842806279659,1,0.1643451750278473,0,2.1150499691472024,0,-2.1,1,199,1
ETH,Ethiopia,2003,Sub-Saharan Africa,Low income,13.6740452028271,-2.16135972256865,NA,44.8778804423559,5.39212251252315,NA,1,0.1643451750278473,0,2.6860803007577614,1,-5.6,1,111,1
FJI,Fiji,2003,East Asia & Pacific,Upper middle income,4.17274777763034,0.999999344757256,NA,53.9988320664037,1.75225501277583,0.3784724771976471,0.3582598567008972,0.1643451750278473,0,1.6434040323670729,0,-3.5,0,111,0
GAB,Gabon,2003,Sub-Saharan Africa,Upper middle income,2.23535313551536,2.2473300115045,80.3026082056312,14.9614060138191,1.53052262034086,0.4341941177845001,0.5498226881027222,0.1643451750278473,0,1.1741380828964396,0,7.8,1,132,1
GMB,"Gambia, The",2003,Sub-Saharan Africa,Low income,17.0328665431988,6.86999962173842,68.8587930342232,32.8986293120564,3.75180060709964,0.5286859273910522,0.1857117265462875,1,0,2.892196011998964,1,-1.7,0,111,0
GEO,Georgia,2003,Europe & Central Asia,Upper middle income,0.837734531536568,11.0570310020104,77.6333765369391,12.7932612300183,8.39036166616402,NA,0.2783452272415161,0.7474732995033264,0,0.6085335801704237,0.6393294705806337,-0.5,0,111,0
GHA,Ghana,2003,Sub-Saharan Africa,Lower middle income,29.7729797160384,5.200000133101,97.2871457139532,31.0459269884883,1.7916409392104,0.37370607256889343,0.72331702709198,0.1643451750278473,0,3.4266370229957093,0.3942342873818497,-2,0,111,0
GRD,Grenada,2003,Latin America & Caribbean,Upper middle income,2.15492809908679,9.46397343076491,NA,89.5681048224543,16.7656355887062,0.42066431045532227,1,0.1643451750278473,0,1.1489657062205882,0.3942342873818497,-2.8,1,111,1
GTM,Guatemala,2003,Latin America & Caribbean,Upper middle income,5.60347675434469,2.56037766801896,67.0023391862425,43.7282994717282,0.0903239703402523,0.2849891781806946,0.5712467432022095,1,0,1.8875962912933135,1,-2.5,0,111,0
GIN,Guinea,2003,Sub-Saharan Africa,Lower middle income,NA,1.24860125923698,35.0751269891585,11.021339930126,1.57141015760488,0.35800325870513916,1,0,0,NA,0,-4.7,1,111,1
GNB,Guinea-Bissau,2003,Sub-Saharan Africa,Low income,-3.50258551103421,-0.285931052286514,38.0334709318917,9.43269346242573,0.723518172893491,0.4586794972419739,0.22838060557842255,0.1643451750278473,0,0.09531017980432492,0.7326588197655602,-5.6,1,132,1
HTI,Haiti,2003,Latin America & Caribbean,Lower middle income,28.6995777887374,3.48077973188326,37.1973434444641,27.953171489868,0.272084819262136,0.6921676397323608,0.17732740938663483,0.7601271867752075,0,3.39113282984018,0.6790884525451534,-2.2,0,111,0
HND,Honduras,2003,Latin America & Caribbean,Lower middle income,7.67416639397937,4.54703805165397,122.248277175534,47.2788130535388,4.74055553954205,0.39403387904167175,0.933680534362793,0.4168718457221985,0,2.160349228302662,0.5953960076337919,-5.1,0,111,0
IND,India,2003,South Asia,Lower middle income,3.80585899528851,7.8603814759073,30.592436132908,63.1792536038838,0.605887857091792,0.12288341671228407,0.6008760929107666,0.1643451750278473,0,1.5698357975764452,NA,-11.4,0,111,0
IDN,Indonesia,2003,East Asia & Pacific,Upper middle income,6.75731256333564,4.78036912167654,53.6164937473016,47.0413453097139,-0.254256320381005,0.281185507774353,0.3454066812992096,0.700158953666687,0,2.0486359550550204,0.4858059173893547,-1.1,0,111,0
IRN,"Iran, Islamic Rep.",2003,Middle East & North Africa,Upper middle income,16.4680116244792,8.6392983972006,50.6791057753261,39.1969107529773,1.89418626211609,0.35988450050354004,0.5488536953926086,0.4476322829723358,1,2.860371301095912,1,-2.8,0,111,0
JAM,Jamaica,2003,Latin America & Caribbean,Upper middle income,10.0869565217391,3.66631759041991,NA,45.8921410075113,7.2479637433656,0.43977588415145874,0.3686130940914154,1,0,2.405769329229274,1,-5.4,0,111,0
JOR,Jordan,2003,Middle East & North Africa,Lower middle income,1.62999999999998,4.16166755544407,115.706835253918,127.85788592693,5.36472671434697,0.1415282040834427,1,1,0,0.9669838461896656,1,-1.6,1,111,1
KAZ,Kazakhstan,2003,Europe & Central Asia,Upper middle income,6.4382181011894,9.30000000033759,91.4633324250457,21.0701361287739,8.05370034022495,NA,0.4901414215564728,0.1643451750278473,0,2.0066313176313835,0,4,0,111,0
KEN,Kenya,2003,Sub-Saharan Africa,Lower middle income,9.81569062979654,2.93247554570904,54.132265895729,39.0231642223237,0.548412532071825,0.16705475747585297,0.36106687784194946,0.700158953666687,0,2.380997915877161,1,-0.7,0,111,0
KGZ,Kyrgyz Republic,2003,Europe & Central Asia,Lower middle income,2.97461295184355,7.03029319731168,83.9327828079655,17.5286045064229,2.37334214616148,0.5072298645973206,0.22217655181884768,0.700158953666687,0,1.3799273727600738,0.7765749450583616,-5.2,0,111,0
LAO,Lao PDR,2003,East Asia & Pacific,Lower middle income,15.4893529233525,6.06700230344272,60.572095882788,19.9175839494556,0.962969691363706,0.5500868558883667,0.6223017573356628,0.1643451750278473,0,2.8027148952529113,0.3942342873818497,-3.9,0,111,1
LSO,Lesotho,2003,Sub-Saharan Africa,Lower middle income,6.62916357146762,4.55977716384528,NA,26.2351811215662,3.79574836270242,0.04418030381202698,1,0.1643451750278473,0,2.0319782156263906,0,0.9,1,199,1
LBR,Liberia,2003,Sub-Saharan Africa,Low income,10.3302881236823,-30.145132727942,NA,7.35163236919231,49.7620320855615,0.3668743669986725,0.08526873588562012,1,0,2.4274795048738818,1,0.4,0,111,0
LBY,Libya,2003,Middle East & North Africa,Upper middle income,-2.19115191986644,13.0160372478013,90.6127305175491,33.3414634146341,0.544437834622249,0.5,0.15476904809474945,0.1643451750278473,0,0.09531017980432492,1,6.2,0,111,0
MDG,Madagascar,2003,Sub-Saharan Africa,Low income,-1.70400479616298,9.78489212474175,34.030602917475,20.1101034832062,0.202025723705933,0.4799448549747467,0.28399986028671265,0.4168718457221985,0,0.09531017980432492,1,-3.3,0,132,0
MWI,Malawi,2003,Sub-Saharan Africa,Low income,9.57679786919214,5.70563940467414,NA,7.87008728039517,1.41089085148224,0.5476935505867004,0.20688532292842865,0.1643451750278473,0,2.3586627217531877,0.3942342873818497,-2.6,0,111,0
MYS,Malaysia,2003,East Asia & Pacific,Upper middle income,1.08967632577286,5.7884992858875,194.195129056831,132.311271848845,2.92094209456765,0.614466667175293,1,0.4168718457221985,0,0.7370091859321616,0.30219016649938735,-4.6,1,111,1
MDV,Maldives,2003,South Asia,Upper middle income,-1.26065113450354,13.7500496410836,NA,34.4278834157889,3.02003609060425,0.6531859636306763,1,0.8200953602790833,0,0.09531017980432492,0.5684413769674328,-3.4,1,111,1
MLI,Mali,2003,Sub-Saharan Africa,Low income,-1.34672619047621,9.79712256129343,46.8915346664625,23.1088409631996,1.29366756461829,0.5084296464920044,0.5498226881027222,0.1643451750278473,0,0.09531017980432492,0,-1,1,132,1
MRT,Mauritania,2003,Sub-Saharan Africa,Lower middle income,5.15190150769578,6.92826957568474,55.3180243332438,NA,4.97077585567831,0.5,0.6286631226539612,0.1643451750278473,0,1.816761222272808,0.3942342873818497,NA,0,111,1
MUS,Mauritius,2003,Sub-Saharan Africa,Upper middle income,3.92105357558188,5.92544548947731,108.655579313428,90.9341196293989,1.0624597935284,0.4314616322517395,0.2277285009622574,1,0,1.5935226489576553,1,-4.6,0,112,0
MEX,Mexico,2003,Latin America & Caribbean,Upper middle income,4.54690012118718,1.18554486709559,48.700416880838,24.772537825009,2.37188032095091,0.2426407486200333,0.2744278311729431,0.4476322829723358,0,1.7132392349955718,0.6393295131457144,-2.2,0,111,0
FSM,"Micronesia, Fed. Sts.",2003,East Asia & Pacific,Lower middle income,0.126643348208903,1.76276569060707,96.7006160347744,40.532498986284,NA,0.18514077365398407,1,0.8800635933876038,0,0.11924272375663168,0.6000000397574952,2.6,1,111,1
MDA,Moldova,2003,Europe & Central Asia,Upper middle income,11.7460792058234,6.59999995777716,140.056529925052,30.8616399181723,3.72304120351932,0.8273055553436279,0.3572544753551483,0.1643451750278473,0,2.545223711043781,0,0.5,0,111,0
MNG,Mongolia,2003,East Asia & Pacific,Upper middle income,5.12899499422419,7.00463457384886,120.299393514881,38.4529601421914,8.24548473819777,0.39842119812965393,0.6631413102149963,0.700158953666687,0,1.81303078776712,0.7981618540657297,-3.4,0,111,0
MAR,Morocco,2003,Middle East & North Africa,Lower middle income,1.16773367477592,6.17110214953244,52.3318582669923,74.0651919615625,3.98561984754306,0.4600802063941955,0.6056475043296814,0.1643451750278473,0,0.7736822322934453,0.3942342873818497,-3.7,1,132,1
MOZ,Mozambique,2003,Sub-Saharan Africa,Low income,NA,7.21770086569656,70.1683599479183,20.7932834582833,5.1142557345062,0.4849430322647095,0.6598013043403625,0.1643451750278473,0,NA,1,-2.6,1,111,1
MMR,Myanmar,2003,East Asia & Pacific,Lower middle income,36.5897175323924,13.8439968903798,NA,20.4245482624884,2.3777576671811,0.5,0.4116767346858978,0,1,3.6267305431129606,0,-4.2,0,111,0
NAM,Namibia,2003,Sub-Saharan Africa,Upper middle income,7.1361531145863,4.23979429582137,95.9524743817213,36.3894569298212,1.32166219939022,0.02895501255989074,1,0.1643451750278473,0,2.0963174779627725,1,-4.5,1,199,1
NPL,Nepal,2003,South Asia,Lower middle income,5.70700931874738,3.94503776051116,44.2478836156195,52.2943350384271,0.233443620739643,0.4014810025691986,0.5955837368965149,0.1643451750278473,0,1.9031531465228344,0,-0.3,1,534,1
NIC,Nicaragua,2003,Latin America & Caribbean,Lower middle income,5.30238773219936,2.52073289551447,62.1750658877514,32.2488459760359,3.78225034215297,0.4207823872566223,0.9858750700950624,1,0,1.8409285667042017,1,1.3,0,111,0
NER,Niger,2003,Sub-Saharan Africa,Low income,-1.61440769175596,2.1706103837418,33.3827931416238,9.29998206502217,0.5459244666531,0.5084296464920044,0.5498226881027222,0.1643451750278473,0,0.09531017980432492,0,-2.2,1,132,1
NGA,Nigeria,2003,Sub-Saharan Africa,Lower middle income,14.0317836131437,7.34719496799492,NA,13.0265864686541,1.91462056992191,0.5663760304450989,0.4020511209964752,0.299841046333313,1,2.71016686692664,1,-1.6,0,111,0
PAK,Pakistan,2003,South Asia,Lower middle income,2.91413470059479,5.40131087314342,24.6501585248398,35.5893433024332,0.475207711805665,0.2868906855583191,0.7406870126724243,0.1643451750278473,0,1.364594283454461,1,-0.1,1,111,1
PNG,Papua New Guinea,2003,East Asia & Pacific,Lower middle income,14.7090779663557,2.16410250222083,123.449069006746,27.1377824896006,4.76766811241029,0.710374653339386,0.27670055627822876,0.1643451750278473,0,2.7542387596702773,0,0.2,0,111,0
PRY,Paraguay,2003,Latin America & Caribbean,Upper middle income,14.2367970499143,4.32074548551591,81.1273637701163,21.9527692677486,-0.750191694990596,0.6235868334770203,0.27612972259521484,0.7474732995033264,0,2.7237133608417943,1,-0.1,0,111,0
PER,Peru,2003,Latin America & Caribbean,Upper middle income,2.25937753363072,4.16502313666112,37.6246103251002,30.0923422660092,2.27308642513175,0.23372696340084076,0.6845552921295166,1,0,1.1815362365430646,1,-1.6,0,111,1
PHL,Philippines,2003,East Asia & Pacific,Lower middle income,2.28915662650607,5.08691113513073,87.5746443636636,55.215173601888,0.565263243432102,0.33329591155052185,0.4343415498733521,0.4476322829723358,0,1.1906311873883757,0.5287044104467413,-3.5,0,111,0
RWA,Rwanda,2003,Sub-Saharan Africa,Low income,7.44970014007366,2.20238751139603,29.3106242354101,13.983088097597,0.219807223769547,0.48789724707603455,0.6289042830467224,0.1643451750278473,0,2.1341309543576106,0,-1.3,0,111,0
WSM,Samoa,2003,East Asia & Pacific,Lower middle income,0.115830115830107,5.21262892634149,76.272148769255,36.5983961383042,0.817062394804595,0.4470267593860626,0.4157104194164276,0.1643451750278473,0,0.10959862641288644,0.3942342873818497,-0.5,0,196,0
STP,Sao Tome and Principe,2003,Sub-Saharan Africa,Lower middle income,9.79241974934509,8.29151946119818,NA,30.9375311761466,3.3305327757187,0.4535592496395111,0.5912172198295593,0.656744658946991,0,2.3788440126399184,0.656744658946991,-15.9,1,111,1
SEN,Senegal,2003,Sub-Saharan Africa,Lower middle income,-0.0519970242714495,5.59395094456143,50.8212198933376,20.2692369214428,0.986458285223565,0.5084296464920044,0.5498226881027222,0.1643451750278473,0,0.09531017980432492,0,-0.5,1,132,1
SLB,Solomon Islands,2003,East Asia & Pacific,Lower middle income,8.26946349334406,6.52346685055134,55.9586091334969,17.4872870099685,-0.24166681936572,0.3532504141330719,0.8257972002029419,0.1643451750278473,0,2.2267255023197428,0,8.9,1,111,1
ZAF,South Africa,2003,Sub-Saharan Africa,Upper middle income,5.67942414068799,2.94907546754213,45.723862568979,53.933693311777,0.397492744432543,0.5832555890083313,0.1545485258102417,0.1643451750278473,0,1.899031777348728,0.3942342873818497,-1.6,0,111,0
LKA,Sri Lanka,2003,South Asia,Lower middle income,6.31463787051174,5.9402690780223,75.336247330543,39.3880680483827,1.21132740876657,0.14574167132377625,0.5039922595024109,0.4476322829723358,0,1.989877528190177,0.5287044104467413,-6.2,1,111,1
LCA,St. Lucia,2003,Latin America & Caribbean,Upper middle income,1.03425372426221,4.26461148738223,NA,65.447780420105,16.5934320723105,0.42087000608444214,1,0.1643451750278473,0,0.710129031371968,0,-3.2,1,111,1
VCT,St. Vincent and the Grenadines,2003,Latin America & Caribbean,Upper middle income,0.205981708824254,6.69133665352797,NA,69.4807227902403,6.85125115746727,0.4206613302230835,1,0.1643451750278473,0,0.18729393137758335,0,-2.5,1,111,1
SUR,Suriname,2003,Latin America & Caribbean,Upper middle income,23.0022321778219,6.29999943314137,NA,45.0076719694379,-5.97242023566089,0.6718755960464478,0.47244757413864136,0,1,3.1781468334322707,0,-0.1,0,111,0
TJK,Tajikistan,2003,Europe & Central Asia,Lower middle income,16.3034912049491,10.9999990780572,137.669592976856,9.663484311337,2.03493399294115,0.4633742868900299,0.4733542799949646,0.1643451750278473,1,2.8509082848983778,0.36714325860631464,-1.7,0,111,0
TZA,Tanzania,2003,Sub-Saharan Africa,Lower middle income,5.30356621509782,6.67278983053497,30.4488358249326,17.5834285915061,2.09316343526651,0.5334604978561401,0.4385600984096527,0.1643451750278473,0,1.8411155391311709,0.5801363815350187,-1.8,0,111,0
THA,Thailand,2003,East Asia & Pacific,Upper middle income,1.80434994635721,7.18924330340971,116.692819704865,111.793292169142,3.43593984811892,0.07190752029418945,0.45211800932884216,0.4168718457221985,0,1.031171763937653,1,2,0,111,0
TGO,Togo,2003,Sub-Saharan Africa,Low income,-0.930000884072214,6.72017142336034,55.389978417259,14.2615594235253,1.53192291487705,0.5084296464920044,0.5498226881027222,0.1643451750278473,0,0.09531017980432492,NA,1.4,1,132,1
TON,Tonga,2003,East Asia & Pacific,Upper middle income,11.6386219580735,0.0518054450729011,73.2160568173731,39.1839774593431,0.0901243029612134,0.5428346991539001,0.3792663812637329,0.2243133783340454,0,2.5367573604710363,0.1119198604010128,2.4,0,111,0
TUN,Tunisia,2003,Middle East & North Africa,Lower middle income,2.71259247474352,4.70239953285241,82.390340709916,53.2734534335118,1.96504647635127,0.4246663451194763,0.46708226203918457,0.1643451750278473,0,1.311730412840417,0,-2.6,0,132,0
TUR,Turkiye,2003,Europe & Central Asia,Upper middle income,21.6024384490573,5.79909321038525,46.3681553387846,33.8441860628853,0.539644361182156,0.4304066300392151,0.17401035130023956,0.1643451750278473,1,3.1180577964338747,0,-7.6,0,111,0
UGA,Uganda,2003,Sub-Saharan Africa,Low income,8.68047651566884,6.47325867166543,36.5857264641268,19.5539584255384,3.06033199910157,0.7655088305473328,0.43413496017456055,1,0,2.2701111269021785,1,-1,0,111,0
UKR,Ukraine,2003,Europe & Central Asia,Upper middle income,5.17967781908315,9.51660986436364,102.590182257396,34.3725993455427,2.73791628490563,0.4824014902114868,1,0.1643451750278473,0,1.8212661372761945,1,-0.9,1,111,1
VUT,Vanuatu,2003,East Asia & Pacific,Lower middle income,3.01624129930394,4.28833511695458,91.5679895901106,90.3224437215355,5.72730354776944,0.5,0.37452590465545654,NA,0,1.3903464650724604,NA,-1.2,0,111,0
VNM,Viet Nam,2003,East Asia & Pacific,Lower middle income,3.23464817293927,6.89906349055258,124.327954439125,61.6291652199145,3.66601229989583,0.3572610020637512,0.8632879257202148,0.1643451750278473,0,1.443300248605614,0.3942342873818497,-2.6,1,111,1
YEM,"Yemen, Rep.",2003,Middle East & North Africa,Low income,10.8323607023242,3.74739818489111,74.3826165968098,36.3074977043499,-0.756584613746177,0.3897746205329895,1,1,1,2.4708382102653488,1,NA,1,111,1
ZMB,Zambia,2003,Sub-Saharan Africa,Lower middle income,21.4015783901995,6.94497398221223,62.3128446757629,18.2306925769917,7.07893144253237,0.2798086404800415,0.2722679376602173,1,1,3.109131420226726,1,-5.3,0,111,0
ALB,Albania,2004,Europe & Central Asia,Upper middle income,2.28001916938098,5.26626173860785,65.0379383187697,66.1759603765893,4.60782278585291,0.5098518133163452,0.34791651368141174,0.4168718457221985,0,1.1878492667024438,1,-5.2,0,134,0
DZA,Algeria,2004,Middle East & North Africa,Upper middle income,3.96180030257187,4.49999999976698,61.3579975707176,55.0218644144851,0.962586875552012,0.387099415063858,0.32606256008148193,0.1643451750278473,0,1.6017686391094552,1,6.4,0,132,0
AGO,Angola,2004,Sub-Saharan Africa,Lower middle income,43.5421067519686,11.4198633904585,90.3860384733605,11.823711826558,8.13849032848245,0.564120888710022,0.4674972891807556,0.1643451750278473,1,3.7964349609344135,1,1,0,111,0
ARM,Armenia,2004,Europe & Central Asia,Upper middle income,6.96126135875795,10.4999999988202,73.0706339919371,14.9869807725944,6.90990201303095,0.5268255472183228,0.4546133577823639,1,0,2.074587449458012,1,NA,0,111,0
AZE,Azerbaijan,2004,Europe & Central Asia,Upper middle income,6.70893042797784,9.25380179728907,121.507115894117,17.6535586582497,54.3650509070362,0.3037090599536896,1,0.1643451750278473,0,2.0423794526572916,0,1.8,1,111,1
BGD,Bangladesh,2004,South Asia,Lower middle income,7.58753638504689,5.23953291029852,26.8582341492431,45.6229943594212,0.689472335587339,0.4158099889755249,0.5067242383956909,0.1643451750278473,0,2.1503118945172957,0.3942342873818497,-2.2,1,111,1
BLR,Belarus,2004,Europe & Central Asia,Upper middle income,18.1082424937646,11.4497432088167,142.136510387704,17.6818998315724,0.707817258030317,0.614986002445221,1,0.1643451750278473,1,2.9501197861403337,0.3942342873818497,-7.1,1,111,1
BLZ,Belize,2004,Latin America & Caribbean,Upper middle income,6.39443099742398,4.78066505273344,86.3853536846826,43.2887183420678,7.9628629551609,0.5,1,0.1643451750278473,0,2.000727148973058,0.22930405863986925,-4.5,1,111,1
BEN,Benin,2004,Sub-Saharan Africa,Lower middle income,0.873890830868499,4.42968455385082,39.9029743365096,14.0338387215602,-0.658688596039682,0.35073322057724,0.6804147362709045,0.1643451750278473,0,0.6280169275134413,0,-0.7,1,132,1
BTN,Bhutan,2004,South Asia,Lower middle income,4.10593698272957,5.15725736177561,89.0605518004294,56.1803374038809,1.20485866433723,0.3918648958206177,1,0.1643451750278473,0,1.63040397693537,NA,1.8,1,534,1
BOL,Bolivia,2004,Latin America & Caribbean,Lower middle income,4.43738080101724,4.17329558916195,57.4642660901316,50.0696742124679,0.745772608696722,0.54048091173172,0.9050220251083374,0.7474732995033264,0,1.6932974745225178,1,-5,1,111,1
BWA,Botswana,2004,Sub-Saharan Africa,Upper middle income,6.94570363654674,2.70582170611173,90.9978228872631,46.884142062216704,4.36383657370126,0.35759979486465454,0.2047555148601532,0.8356548547744751,0,2.0726313595091757,0.8356548547744751,1.3,0,199,0
BRA,Brazil,2004,Latin America & Caribbean,Upper middle income,6.59718509985963,5.75996463685998,29.6782524803495,56.3320651091779,2.71353208011572,0.2057059109210968,0.26042303442955017,0.4168718457221985,0,2.0277777970866633,0.7765749574623912,-3,0,111,0
BFA,Burkina Faso,2004,Sub-Saharan Africa,Low income,-0.400228702115451,4.47845213670386,35.4809436017462,20.7600330070757,0.263190384062024,0.35073322057724,0.6804147362709045,0.1643451750278473,0,0.09531017980432492,0,-4.2,1,132,1
BDI,Burundi,2004,Sub-Saharan Africa,Low income,8.17642937482053,4.83365776809453,NA,22.3254125001561,0.00488285714415741,0.4391110241413117,0.8016404509544373,0.1643451750278473,0,2.216638171977781,1,-14.9,0,111,1
CPV,Cabo Verde,2004,Sub-Saharan Africa,Lower middle income,-1.8908217230618,10.197072633926,101.567169989502,76.1676911801539,7.312720061603,0.6192780137062073,0.6804043650627136,0.1643451750278473,0,0.09531017980432492,0,-3,1,182,1
KHM,Cambodia,2004,East Asia & Pacific,Lower middle income,4.31933677434786,9.45769481103929,131.351481056276,18.1337209886301,2.2337173477841,0.3182220160961151,0.7227151393890381,0.4923995435237885,0,1.671348629106076,0.4923995435237885,-3.2,NA,NA,NA
CMR,Cameroon,2004,Sub-Saharan Africa,Lower middle income,0.233647380067583,7.04886281858374,41.8377424272557,13.6311761091468,0.361118040793554,0.5450572371482849,0.6804147362709045,0.1643451750278473,0,0.20997513105594903,0,2.1,1,132,1
CAF,Central African Republic,2004,Sub-Saharan Africa,Low income,-2.06640601136302,5.99488422798696,33.2439549188203,16.0606210396852,1.1867705571186,0.5450572371482849,0.6804147362709045,0.1643451750278473,0,0.09531017980432492,0,-1.7,1,132,1
TCD,Chad,2004,Sub-Saharan Africa,Low income,-5.35540028884816,33.6293718505196,101.768590921564,8.16223192158948,10.5541199124918,0.5450572371482849,0.6804147362709045,0.1643451750278473,0,0.09531017980432492,0,-1.8,1,132,1
CHN,China,2004,East Asia & Pacific,Upper middle income,3.82463743108159,10.1314073631003,58.640334040843904,147.615589302677,3.43299015092913,0.3573794960975647,1,0.1643451750278473,0,1.5737355881502242,1,-1.5,1,111,1
COL,Colombia,2004,Latin America & Caribbean,Upper middle income,5.90402005546502,5.33302206759905,35.8634269337995,28.8546460581021,2.66083488771203,0.8413490653038025,0.34002453088760376,0.4168718457221985,0,1.932103858682038,0.5953960076337919,-1.3,0,111,0
COM,Comoros,2004,Sub-Saharan Africa,Lower middle income,4.47499289078106,3.10041210399676,35.7570631253248,14.0137067397024,0.108010654825932,0.003811776638031,0.6804000735282898,0.1643451750278473,0,1.7001909772142438,NA,-1,1,132,1
COD,"Congo, Dem. Rep.",2004,Sub-Saharan Africa,Low income,3.9943840081597,6.73837393324293,49.3364146254994,5.06281053286604,3.97216281770058,NA,0.27758899331092834,0.1643451750278473,0,1.6083140828060225,0,-0.2,0,111,0
COG,"Congo, Rep.",2004,Sub-Saharan Africa,Lower middle income,2.42976607961799,3.47663162118089,131.368198717322,12.7938350028504,1.90162065209621,0.5450572371482849,0.6804147362709045,0.1643451750278473,0,1.2324920604901324,0,3.3,1,132,1
CRI,Costa Rica,2004,Latin America & Caribbean,Upper middle income,12.3148150178852,4.42459959654504,85.2564771965872,48.6738621812112,5.8231265333186,0.2656303346157074,0.9541889429092408,0.7167128920555115,0,2.588877326408234,0.7167128920555115,-3.4,0,111,0
CIV,Cote d'Ivoire,2004,Sub-Saharan Africa,Lower middle income,1.45798835600741,3.18503822575397,58.1182963035946,14.0168363578859,1.20362782194335,0.35073322057724,0.6804147362709045,0.1643451750278473,0,0.8993432739509343,0,-1,1,132,1
DJI,Djibouti,2004,Middle East & North Africa,Lower middle income,3.12226204699352,NA,NA,74.1357186906019,5.78669482576557,0.29471254348754883,1,1,0,1.4164020532262354,1,-3.7,1,111,1
DMA,Dominica,2004,Latin America & Caribbean,Upper middle income,2.39410982050298,4.09783662273917,NA,66.8822771491523,6.49739806247027,0.3731496632099152,1,0.1643451750278473,0,1.222041523537513,0,-0.7,1,111,1
DOM,Dominican Republic,2004,Latin America & Caribbean,Upper middle income,51.4608598338065,2.58556667449577,81.3514229381911,38.3195380058697,4.18629057899448,0.8765374422073364,0.06912501156330109,0.4476322829723358,0,3.9600673645790274,0.4761884335776597,-3.6,0,111,0
ECU,Ecuador,2004,Latin America & Caribbean,Upper middle income,2.74323198926704,6.83239736646514,56.0745467239942,28.3514751194255,2.37801066697343,0.4671580195426941,1,0.8200953602790833,0,1.319949406501252,0.7806296091472897,1.9,NA,NA,NA
EGY,"Egypt, Arab Rep.",2004,Middle East & North Africa,Lower middle income,11.2706193320519,4.0920716112534,57.8199052132701,96.6786258633835,1.59083618380383,0.5769091248512268,0.6705562472343445,1,0,2.507207732758838,1,-5.8,0,111,1
SLV,El Salvador,2004,Latin America & Caribbean,Upper middle income,4.45194392395045,0.889404485692197,69.7822641767691,57.6504243832176,2.64681242347754,0.5608945488929749,1,1,0,1.6959722283724494,1,-2.8,1,111,1
GNQ,Equatorial Guinea,2004,Sub-Saharan Africa,Upper middle income,4.21968787094834,37.9987268556423,NA,8.67977980444367,7.72914723671237,0.5450572371482849,0.6804147362709045,0.1643451750278473,0,1.652437605269282,0,9.2,1,132,1
SWZ,Eswatini,2004,Sub-Saharan Africa,Lower middle income,3.44533507316614,3.61711931922247,NA,18.0640405657428,2.56728759984033,0.0320875234901905,1,0.1643451750278473,0,1.4918552481644112,0,-4,1,199,1
ETH,Ethiopia,2004,Sub-Saharan Africa,Low income,3.32737047894847,13.5726031401471,NA,45.3530821708908,5.38041579859625,NA,1,0.1643451750278473,0,1.4649600778568268,1,-2.7,1,111,1
FJI,Fiji,2004,East Asia & Pacific,Upper middle income,2.827485193912,5.29999970460942,NA,54.9281536807228,9.25370794256615,0.25213876366615295,0.3469802141189575,0.1643451750278473,0,1.3422079801978697,0,-1,0,111,0
GAB,Gabon,2004,Sub-Saharan Africa,Upper middle income,0.40820530743925,0.689543058464849,81.7675371418698,15.1275938784615,4.04069424179394,0.5450572371482849,0.6804147362709045,0.1643451750278473,0,0.3423160620485344,0,7,1,132,1
GMB,"Gambia, The",2004,Sub-Saharan Africa,Low income,14.2067432845569,7.05000000064635,49.9342995615683,19.3787214454149,5.77256282742027,0.6678159832954407,0.33024096488952637,1,0,2.7217389666162703,1,-1.8,0,111,0
GEO,Georgia,2004,Europe & Central Asia,Upper middle income,5.65632636191132,5.79268292682926,79.0407459055607,15.6164600520453,9.61361623129554,NA,0.2735235095024109,0.7474732995033264,0,1.8955677350559224,0.6393294705806337,3.6,0,111,0
GHA,Ghana,2004,Sub-Saharan Africa,Lower middle income,18.0427388232565,5.59999999077445,99.6703343472122,32.7225904303127,1.56810546990152,0.4609721899032593,0.7396260499954224,0.1643451750278473,0,2.94668586477768,0.3942342873818497,-2,1,111,1
GRD,Grenada,2004,Latin America & Caribbean,Upper middle income,2.3129167822611,-0.647450316084857,NA,106.225125279716,21.0923990279235,0.3731496632099152,1,0.1643451750278473,0,1.1978290044574895,0.3942342873818497,-0.6,1,111,1
GTM,Guatemala,2004,Latin America & Caribbean,Upper middle income,7.57862247309729,3.13791683609193,70.2148723581872,44.3120632713663,1.36317570702825,0.3574581444263458,0.6118895411491394,1,0,2.1492733496891305,1,-1,0,111,0
GIN,Guinea,2004,Sub-Saharan Africa,Lower middle income,NA,2.34011731288737,34.5950959210535,12.6123382606261,1.8469021984972,0.21292364597320557,0.1294342875480652,0,0,NA,0,-3.8,0,111,0
GNB,Guinea-Bissau,2004,Sub-Saharan Africa,Low income,0.883302696930943,1.17189152277038,43.192131633446,14.0017049770923,0.329050599325975,0.3324599862098694,0.3153862953186035,0.1643451750278473,0,0.6330269892416155,0.7326588197655602,-5.9,1,132,1
HTI,Haiti,2004,Latin America & Caribbean,Lower middle income,21.0318339277222,-1.3178567596495,33.7809703531059,25.0326304034486,0.0969221359795515,0.6819323301315308,0.21156200766563416,0.8200953602790833,0,3.0924884041820273,0.7593162995381133,-1.3,0,111,0
HND,Honduras,2004,Latin America & Caribbean,Lower middle income,8.1137909709338,6.23230296069102,135.461758741854,49.3627784118764,6.67606399673031,0.6708895564079285,0.9278308749198914,0.4168718457221985,0,2.209788757636153,0.5953960076337919,-2.5,0,111,0
IND,India,2004,South Asia,Lower middle income,3.76725173477515,7.92293661199932,37.503814059447,64.6357080581913,0.765596855110284,0.10297951102256776,0.34225866198539734,0.1643451750278473,0,1.5617699826268432,NA,-9.2,0,111,0
IDN,Indonesia,2004,East Asia & Pacific,Upper middle income,6.06406189133648,5.03087394501685,59.761294836691,45.0328853927183,0.738243979887563,0.2240605503320694,0.29612991213798523,0.700158953666687,0,1.9550202247775013,0.4858059173893547,-0.3,0,111,0
IRN,"Iran, Islamic Rep.",2004,Middle East & North Africa,Upper middle income,14.7615086970672,4.33666597851041,51.3138573265888,38.7646215000619,1.61769687939769,0.4989036023616791,0.6414621472358704,0.4476322829723358,1,2.757570809357296,1,-2.4,0,111,0
JAM,Jamaica,2004,Latin America & Caribbean,Upper middle income,13.5545023696682,1.32372510450574,NA,46.668281938326,5.49763452709418,0.44282403588294983,0.687629222869873,1,0,2.677900386964753,1,-4.6,0,111,1
JOR,Jordan,2004,Middle East & North Africa,Lower middle income,3.36186821476601,8.56721424236899,134.621611934395,126.183366498165,8.2092227069918,0.09435739368200302,1,1,0,1.472900455210711,1,0.6,1,111,1
KAZ,Kazakhstan,2004,Europe & Central Asia,Upper middle income,6.88205438981899,9.60000000136854,96.4091997009336,28.1103523106262,13.0128589220718,NA,0.48773151636123657,0.1643451750278473,0,2.0645885792588983,0,3.3,0,111,0
KEN,Kenya,2004,Sub-Saharan Africa,Lower middle income,11.6240355442426,5.10429977629738,59.4770033484289,39.3270274406413,0.286194263505208,0.3016689121723175,0.3675552010536194,0.700158953666687,0,2.5356025797081254,1,0.5,0,111,0
KGZ,Kyrgyz Republic,2004,Europe & Central Asia,Lower middle income,4.11065084723381,7.02681242497607,93.8157321567302,20.5788149955432,7.93380357994973,0.5949916839599609,0.315164715051651,0.700158953666687,0,1.6313267634698168,0.7765749450583616,-4.9,0,111,0
LAO,Lao PDR,2004,East Asia & Pacific,Lower middle income,10.4622667314208,6.35769548008234,66.0797516222837,20.5788426752205,0.714895049062071,0.6672631502151489,0.4361180067062378,0.1643451750278473,1,2.439060486790626,0.3942342873818497,-1.8,0,111,0
LSO,Lesotho,2004,Sub-Saharan Africa,Lower middle income,5.02342068616285,1.69237417358596,NA,24.3346836769651,3.68383275611256,0.05355118587613106,1,0.1643451750278473,0,1.79565531823754,0,6.1,1,199,1
LBR,Liberia,2004,Sub-Saharan Africa,Low income,7.82908704883235,2.61984689477413,NA,9.66067993495299,8.4004160144418,0.4970378279685974,0.2168713212013245,1,0,2.178051617292333,1,-0.6,0,111,0
LBY,Libya,2004,Middle East & North Africa,Upper middle income,-2.197567740559,4.46163899648637,96.1293320792401,29.6172693281312,1.07782345154323,0.5,0.45610764622688293,0.1643451750278473,0,0.09531017980432492,1,11.3,0,111,0
MDG,Madagascar,2004,Sub-Saharan Africa,Low income,13.9558018033211,5.25700362208742,48.7753818852156,20.9949050371571,1.0446898563867,0.4283551275730133,0.10236112773418428,0.4168718457221985,0,2.7050993050426446,1,-4.2,0,132,0
MWI,Malawi,2004,Sub-Saharan Africa,Low income,11.4298060822124,5.42049754993828,NA,8.43104002415425,2.13119600751874,0.7330523729324341,0.9445859789848328,0.1643451750278473,0,2.5200973046135084,0.3942342873818497,-2.6,0,111,1
MYS,Malaysia,2004,East Asia & Pacific,Upper middle income,1.42127115937402,6.78343772370305,210.374265897124,131.711368873289,3.50787262049412,0.4079599678516388,1,0.4168718457221985,0,0.8842926747299056,0.30219016649938735,-3.4,1,111,1
MDV,Maldives,2004,South Asia,Upper middle income,-1.68541212459466,5.92489251113133,NA,38.7865414573683,4.31467445406402,0.583178699016571,1,0.8800635933876038,0,0.09531017980432492,0.7122942989718684,-2.3,1,111,1
MLI,Mali,2004,Sub-Saharan Africa,Low income,-3.09978128063957,1.47732490222614,44.0120986422566,21.17330975387,1.3104512944739,0.35073322057724,0.6804147362709045,0.1643451750278473,0,0.09531017980432492,0,-2,1,132,1
MRT,Mauritania,2004,Sub-Saharan Africa,Lower middle income,10.3676233473073,4.73275787510946,75.2188046787959,NA,17.1048404222648,0.3606513738632202,0.6615421772003174,0.1643451750278473,0,2.4307692575319035,0.3942342873818497,-3.1,0,111,0
MUS,Mauritius,2004,Sub-Saharan Africa,Upper middle income,4.71037060105883,4.33001985464357,107.027698267505,96.9550759069732,0.208397536162955,0.41038641333580017,0.3250144124031067,1,0,1.742283925424947,1,-4.2,0,112,0
MEX,Mexico,2004,Latin America & Caribbean,Upper middle income,4.68840884843143,3.56544100946846,52.0406200335632,25.0101031828348,3.06821035154364,0.2804928123950958,0.4104005694389343,0.700158953666687,0,1.7384305690372093,1,-1.3,0,111,0
FSM,"Micronesia, Fed. Sts.",2004,East Asia & Pacific,Lower middle income,2.27669698247304,-3.19038314015573,95.5259430197585,41.4404277612115,NA,0.17886875569820404,1,0.9400318264961244,0,1.186835897474526,0.8000001192724856,-15.6,1,111,1
MDA,Moldova,2004,Europe & Central Asia,Upper middle income,12.5242768428228,7.39999973358189,132.69906968032,36.753849409965,5.81198983204296,0.7658535838127136,0.31873947381973267,0.1643451750278473,0,2.604486355119914,0,0.6,0,111,0
MNG,Mongolia,2004,East Asia & Pacific,Upper middle income,8.24115449417619,10.6254059599309,131.329318233554,35.8736188467401,4.66450219552693,0.5837863683700562,0.5975903868675232,0.700158953666687,0,2.2236668231057477,0.7981618540657297,-1.6,0,111,0
MAR,Morocco,2004,Middle East & North Africa,Lower middle income,1.49344403381774,4.57138016516208,55.5516384744536,76.0495624581098,1.35118647717804,0.4979383051395416,0.6989971995353699,0.1643451750278473,0,0.9136649009226906,0.3942342873818497,-3.3,1,132,1
MOZ,Mozambique,2004,Sub-Saharan Africa,Low income,NA,8.20470494788577,72.0520001612374,19.2377040471454,5.99090663119619,0.39776015281677246,0.34642812609672546,0.1643451750278473,0,NA,1,-3.2,0,111,0
MMR,Myanmar,2004,East Asia & Pacific,Lower middle income,4.53421374129692,13.5646616163416,NA,22.9306905545076,2.0001628964787,0.5,0.4561070501804352,0,0,1.710949503910692,0,-4.6,0,111,0
NAM,Namibia,2004,Sub-Saharan Africa,Upper middle income,4.13663213144748,12.2695481036769,81.8622605916543,38.9165769115541,3.38257441805413,0.03275661543011665,1,0.1643451750278473,0,1.6363976373669746,1,-2.7,1,199,1
NPL,Nepal,2004,South Asia,Lower middle income,2.8418113124898,4.68260325152944,46.1472867206087,54.2322547459651,-0.00573755737053384,0.5542310476303101,0.317972868680954,0.1643451750278473,0,1.3459439513469524,0,-0.1,0,534,0
NIC,Nicaragua,2004,Latin America & Caribbean,Lower middle income,8.47021063584077,5.31217056950739,67.195316780004,32.9150337596973,4.31560328721207,0.3256901800632477,0.9910587668418884,1,0,2.2481511493836552,1,1.7,0,111,0
NER,Niger,2004,Sub-Saharan Africa,Low income,0.262543757292838,0.363801578722132,36.9641044464896,10.0499920012607,0.649159742962507,0.35073322057724,0.6804147362709045,0.1643451750278473,0,0.23312854080861203,0,-2.8,1,132,1
NGA,Nigeria,2004,Sub-Saharan Africa,Lower middle income,14.9980338183251,9.2505582291798,NA,11.7587859589613,1.38037387490881,0.7908981442451477,0.6766178011894226,0.299841046333313,1,2.7724658283339534,1,3.9,1,111,1
PAK,Pakistan,2004,South Asia,Lower middle income,7.44462469342739,7.83125556961251,24.8083348519064,36.5879118313579,0.845585701616171,0.2130327671766281,0.6649444103240967,0.1643451750278473,0,2.1335301079966005,1,-1.3,0,111,0
PNG,Papua New Guinea,2004,East Asia & Pacific,Lower middle income,2.15893131266946,2.72117574098235,131.082911016249,30.9418719053073,0.828665064000147,0.6990461945533752,0.7034624814987183,0.1643451750278473,0,1.1502337782057357,0,2,0,111,0
PRY,Paraguay,2004,Latin America & Caribbean,Upper middle income,4.32326492967491,4.05741836363771,80.1044466155542,21.7123661167254,0.976461922292792,0.5103251338005066,0.30438005924224854,0.7474732995033264,0,1.6720868236969617,1,1.3,0,111,0
PER,Peru,2004,Latin America & Caribbean,Upper middle income,3.66247320092233,4.95820320611745,41.9360782679273,27.8563224398,2.39489207548148,0.08265944570302963,0.5497192740440369,1,0,1.5395460371619578,1,-1,0,111,0
PHL,Philippines,2004,East Asia & Pacific,Lower middle income,4.82921083627795,6.56922851180626,87.1252848232048,54.1760903652699,0.623144777963454,0.20730473101139069,0.683645486831665,0.4476322829723358,0,1.7628816286405349,0.5287044104467413,-2.8,0,111,1
RWA,Rwanda,2004,Sub-Saharan Africa,Low income,12.2507102894391,7.44766737034072,33.4616731030871,13.7813518200786,0.324006427230548,0.4676150679588318,0.7637894153594971,0.1643451750278473,0,2.5840511577455616,0,2.3,1,111,1
WSM,Samoa,2004,East Asia & Pacific,Lower middle income,16.3131507905901,3.0872602379675,72.5293703149674,35.9162413205492,0.60844907406956,0.46805068850517273,0.3558942675590515,0.1643451750278473,0,2.851466374033249,0.3942342873818497,-0.7,0,196,0
STP,Sao Tome and Principe,2004,Sub-Saharan Africa,Lower middle income,13.2858860871796,3.5379059435684,NA,26.2842304047951,3.05544616526837,0.31576117873191833,0.6210225224494934,0.7167128920555115,0,2.659272062963037,0.7167128920555115,-25.1,0,111,0
SEN,Senegal,2004,Sub-Saharan Africa,Lower middle income,0.514781781023016,4.64329393683312,53.6592031275529,22.2623574933595,1.36534663159615,0.35073322057724,0.6804147362709045,0.1643451750278473,0,0.4152713896580274,0,0.2,1,132,1
SLB,Solomon Islands,2004,East Asia & Pacific,Lower middle income,6.98584202682567,7.68364102152745,62.8118976683083,18.4255895844685,-0.642148336511867,0.5176775455474854,0.8216238617897034,0.1643451750278473,0,2.0776702271813745,0,14.5,1,111,1
ZAF,South Africa,2004,Sub-Saharan Africa,Upper middle income,-0.692039437857687,4.55455990721774,45.6435752240041,55.0433217131858,0.274199790569949,0.605236828327179,0.1677018702030182,0.1643451750278473,0,0.09531017980432492,0.3942342873818497,-1,0,111,0
LKA,Sri Lanka,2004,South Asia,Lower middle income,7.57592582995856,5.44506127885352,79.4829449011187,41.0665812943213,1.12667735136244,0.16791997849941254,0.4032844603061676,0.4476322829723358,0,2.1489589557321107,0.5287044104467413,-6.3,0,111,0
LCA,St. Lucia,2004,Latin America & Caribbean,Upper middle income,1.46036814425245,7.2674088699471,NA,65.4257234722222,11.3957277281637,0.3733551800251007,1,0.4476322829723358,0,0.90031099088265,1,-2.6,1,111,1
VCT,St. Vincent and the Grenadines,2004,Latin America & Caribbean,Upper middle income,2.96003946719286,4.11469880444737,NA,67.3652288411937,15.120110354189,0.37314972281455994,1,0.1643451750278473,0,1.3762539916795675,0,-2.7,1,111,1
SUR,Suriname,2004,Latin America & Caribbean,Upper middle income,9.98632511974878,8.50000018479413,NA,48.6781429879761,-2.51332036478539,0.8756100535392761,1,0,0,2.396651328488431,0,-1.2,0,111,0
TJK,Tajikistan,2004,Europe & Central Asia,Lower middle income,7.14196508692253,10.2999989410117,128.338170674363,10.5714842475638,13.102212244431101,0.513420581817627,0.5471158623695374,0.1643451750278473,0,2.0970315620493056,0.36714325860631464,-2.3,0,111,0
TZA,Tanzania,2004,Sub-Saharan Africa,Lower middle income,4.73580143949058,7.50381465859829,33.609786736665,17.3671663874052,2.65421873789577,0.34273648262023926,0.38171136379241943,0.1643451750278473,0,1.7467274861518802,0.5801363815350187,-2.4,0,111,0
THA,Thailand,2004,East Asia & Pacific,Upper middle income,2.7591492623108,6.28934214285795,127.411873720393,107.436353601997,3.38947495269123,0.01383441686630249,0.40769702196121216,0.4168718457221985,0,1.3241926717774188,1,1.1,0,111,0
TGO,Togo,2004,Sub-Saharan Africa,Low income,0.393078681031669,-0.978665332738743,57.8710938708872,17.424819777661,2.50559738999836,0.35073322057724,0.6804147362709045,0.1643451750278473,0,0.3315161763552251,NA,0.6,1,132,1
TON,Tonga,2004,East Asia & Pacific,Upper middle income,10.9734053679554,-1.96794740326561,73.9737151214869,41.9885757261039,2.39886931834874,0.40287694334983826,0.3429405391216278,0.1643451750278473,1,2.4826879710024183,0,4.2,0,111,0
TUN,Tunisia,2004,Middle East & North Africa,Lower middle income,3.63228004956625,6.23579072222647,86.9253446966283,52.4772543961687,1.89888949723214,0.4720819592475891,0.5547404885292053,0.1643451750278473,0,1.5330491981939944,0,-2.1,0,132,0
TUR,Turkiye,2004,Europe & Central Asia,Upper middle income,8.59826168115262,9.92540551918624,48.9934575435266,33.0972625961229,0.679008638958041,0.6226475238800049,0.2025536447763443,0.1643451750278473,0,2.26158200719782,0,-4.1,0,111,0
UGA,Uganda,2004,Sub-Saharan Africa,Low income,3.72128743978228,6.80723334361883,35.4600862456436,17.2284785590111,3.72085072270846,0.7718462944030762,0.3647734522819519,1,0,1.5520815250702285,1,0.3,0,111,0
UKR,Ukraine,2004,Europe & Central Asia,Upper middle income,9.04806786050888,11.7953525281136,109.981708544962,35.157886098676,2.55131815944331,0.3952401280403137,1,0.1643451750278473,0,2.3073803633364847,1,-4.3,1,111,1
VUT,Vanuatu,2004,East Asia & Pacific,Lower middle income,1.41891891891893,3.98739280216962,98.7059775016543,93.485513320099,5.4358941630547,0.5,0.3458015024662018,NA,0,0.8833207126365898,NA,0.7,0,111,0
VNM,Viet Nam,2004,East Asia & Pacific,Lower middle income,7.75494748709601,7.53641060890386,133.016497868747,69.263585984759,3.54408107288199,0.22977235913276672,0.8353155851364136,0.1643451750278473,0,2.169618967672541,0.3942342873818497,-0.1,1,111,1
YEM,"Yemen, Rep.",2004,Middle East & North Africa,Low income,12.5150951495207,3.972696401183,71.8466740069203,35.0608213802277,1.03534601615477,0.3218304216861725,1,1,1,2.6038072199937283,1,NA,1,111,1
ZMB,Zambia,2004,Sub-Saharan Africa,Lower middle income,17.9677891087286,7.03239511515218,70.8130749317722,18.7743104593352,5.85168864010044,0.38861119747161865,0.4305145740509033,1,1,2.9427422304351953,1,-2.5,0,111,0
ALB,Albania,2005,Europe & Central Asia,Upper middle income,2.36658195679795,5.13082193056189,69.1162926602322,69.6480677719623,3.17899814544722,0.7316428422927856,0.32576680183410645,0.4168718457221985,0,1.2138979735154083,1,-3.5,0,134,0
DZA,Algeria,2005,Middle East & North Africa,Upper middle income,1.38244656662118,5.39999999969525,66.8404602203906,51.8925610676587,1.07990333031143,0.47099071741104126,0.3399057686328888,0.1643451750278473,0,0.8681279288534537,1,11.4,0,132,0
AGO,Angola,2005,Sub-Saharan Africa,Lower middle income,22.9535138513939,14.1547775343954,95.3414592884703,11.8779284746281,-3.14962046173322,0.6443625688552856,0.2828828692436218,0.1643451750278473,1,3.176115029228522,1,6.4,0,111,0
ARM,Armenia,2005,Europe & Central Asia,Upper middle income,0.638928002410097,13.8999999991133,70.1397385835334,16.29839156809,5.96010687349519,0.5021330118179321,0.2705223560333252,1,0,0.4940423710421713,1,-2,0,111,0
AZE,Azerbaijan,2005,Europe & Central Asia,Upper middle income,9.67950731917056,27.9615381082131,115.841884607706,14.6833526495037,33.7957978256418,0.36580613255500793,0.6733364462852478,0.1643451750278473,0,2.3683267013041687,0,2.7,0,111,0
BGD,Bangladesh,2005,South Asia,Lower middle income,7.04661816222038,6.53594493875502,34.396934864465,47.4210681471904,1.17065167448603,0.5,0.5306498408317566,0.1643451750278473,0,2.0852518990900317,0.3942342873818497,-2.4,0,111,0
BLR,Belarus,2005,Europe & Central Asia,Upper middle income,10.3388794457932,9.40000151584914,118.88435169233,19.3194242558835,1.01489264466989,0.699910581111908,1,0.1643451750278473,1,2.4282374791132004,0.3942342873818497,-6.7,1,111,1
BLZ,Belize,2005,Latin America & Caribbean,Upper middle income,-1.10431044411909,2.2191905367057,92.9971266332515,43.8156549583178,8.6080583090955,0.5,1,0,0,0.09531017980432492,0,-3.7,1,111,1
BEN,Benin,2005,Sub-Saharan Africa,Lower middle income,5.36452085832342,1.71316456361184,39.0959311879142,15.4599715800366,-0.133820369489742,0.5600268244743347,0.6619555950164795,0.1643451750278473,0,1.850738951614744,0,-1.5,1,132,1
BTN,Bhutan,2005,South Asia,Lower middle income,5.3126310463775,6.93507146766659,97.7434135429344,55.7488991800477,0.721867150911614,0.5,1,0.1643451750278473,0,1.8425525542081744,NA,-7,1,534,1
BOL,Bolivia,2005,Latin America & Caribbean,Lower middle income,5.39323106890663,4.42143312687995,67.6419413613743,51.5273082664293,-2.49886824544741,0.6524067521095276,1,0.7474732995033264,0,1.855239785180624,1,-2,1,111,1
BWA,Botswana,2005,Sub-Saharan Africa,Upper middle income,8.61022528546439,4.55664565323181,88.5053520573505,44.4258385493897,4.24294905100869,0.44811969995498657,0.2556408941745758,0.8356548547744751,0,2.2628276655236963,0.8356548547744751,10.3,0,199,0
BRA,Brazil,2005,Latin America & Caribbean,Upper middle income,6.86953720898964,3.20213206216255,27.0867952052479,60.1330444582565,1.73389357182998,0.4992442429065704,0.21961092948913577,0.4768400490283966,0,2.062999256251678,0.8882874787311956,-3.4,0,111,0
BFA,Burkina Faso,2005,Sub-Saharan Africa,Low income,6.41504018369684,8.66187322841225,34.1721697681049,17.9641579126181,0.848145874654018,0.5600268244743347,0.6619555950164795,0.1643451750278473,0,2.003510394819559,0,-4.9,1,132,1
BDI,Burundi,2005,Sub-Saharan Africa,Low income,13.2520699188223,0.900000000901912,NA,23.2228639248364,0.0523404213217611,0.6136183738708496,0.41299566626548767,0.1643451750278473,0,2.6569021536270303,1,-10.6,0,111,0
CPV,Cabo Verde,2005,Sub-Saharan Africa,Lower middle income,0.41889161285517,6.91245795720201,104.343839857053,83.9926726482993,8.2812271109681,0.540081262588501,0.6619608402252197,0.1643451750278473,0,0.34987601249468103,0,-4.7,1,182,1
KHM,Cambodia,2005,East Asia & Pacific,Lower middle income,6.61525912001587,13.3033338358455,133.551965265648,17.1602588319069,5.36603852621255,0.32365119457244873,0.4662245810031891,0.5523677468299866,0,2.0301540133474347,0.5523677468299866,-0.3,NA,NA,NA
CMR,Cameroon,2005,Sub-Saharan Africa,Lower middle income,2.01353950175986,2.22827020924117,44.9976813478478,13.8993501294851,1.24860831295214,0.6868473887443542,0.6619555950164795,0.1643451750278473,0,1.1031153021211384,0,3.4,1,132,1
CAF,Central African Republic,2005,Sub-Saharan Africa,Low income,2.88352073359021,0.908210514871953,35.0709368656226,18.0693378091793,0.754917589946925,0.6868473887443542,0.6619555950164795,0.1643451750278473,0,1.3567421477561186,0,-4.4,1,132,1
TCD,Chad,2005,Sub-Saharan Africa,Low income,7.89036567462993,17.3325337353466,77.577493649797,5.5448073534234,-1.1476866334562,0.6868473887443542,0.6619555950164795,0.1643451750278473,0,2.1849681819340745,0,-0.1,1,132,1
CHN,China,2005,East Asia & Pacific,Upper middle income,1.7764140766757,11.458238455067,61.3600749408237,149.026378631702,4.49218509012467,0.3573794960975647,1,0.1643451750278473,0,1.0211601945884692,1,-1.4,1,111,1
COL,Colombia,2005,Latin America & Caribbean,Upper middle income,5.05101962689695,4.82876110773741,37.422697494955,30.90999647801,7.02979401438219,0.5792403221130371,0.4770257174968719,0.4168718457221985,0,1.8002267912139935,0.5953960076337919,0,0,111,0
COM,Comoros,2005,Sub-Saharan Africa,Lower middle income,3.0133239505812,5.66520240193151,35.7574093238258,14.2565481779877,0.0852741893191707,0.00364829110912978,0.6619253158569336,0.1643451750278473,0,1.3896198133147826,NA,-1.4,1,132,1
COD,"Congo, Dem. Rep.",2005,Sub-Saharan Africa,Low income,21.316816722934,6.13515115548968,51.0276749145565,4.2985310260745,1.42746926673699,NA,0.12086070328950882,0.1643451750278473,0,3.1053405074016864,0,1.4,0,111,0
COG,"Congo, Rep.",2005,Sub-Saharan Africa,Lower middle income,3.09449011456181,7.75575897806648,119.552892262402,12.0267440975008,12.0498455846018,0.6868473887443542,0.6619555950164795,0.1643451750278473,0,1.4096421954039824,0,13.4,1,132,1
CRI,Costa Rica,2005,Latin America & Caribbean,Upper middle income,13.7982949108987,3.97666636818026,89.2226638923224,52.8860359402535,7.62843539507747,0.5799565315246582,0.9542447328567504,0.7167128920555115,0,2.694511965409974,0.7167128920555115,-2.1,0,111,0
CIV,Cote d'Ivoire,2005,Sub-Saharan Africa,Lower middle income,3.88583039886481,0.996065564854788,62.8209360402806,13.6877356540705,1.45218108383072,0.5600268244743347,0.6619555950164795,0.1643451750278473,0,1.5863392605803657,0,-1,1,132,1
DJI,Djibouti,2005,Middle East & North Africa,Lower middle income,3.10496640148299,NA,NA,77.592867975766,3.13326292887826,0.24790115654468536,1,1,0,1.4121975580920874,1,-1.2,1,111,1
DMA,Dominica,2005,Latin America & Caribbean,Upper middle income,1.68190079877552,0.915286472779144,NA,71.4849117727759,4.83084578819671,0.35213345289230347,1,0.4168718457221985,0,0.9865257963959738,0.4712955895532587,0.9,1,111,1
DOM,Dominican Republic,2005,Latin America & Caribbean,Upper middle income,4.19020260472056,9.43178931977285,61.6535587358027,35.5662519266632,3.12598170087694,0.8747928738594055,0.2208909243345261,0.700158953666687,0,1.6467727339342657,0.7448247324523685,-0.7,0,111,0
ECU,Ecuador,2005,Latin America & Caribbean,Upper middle income,2.1682770118372,5.39862243994342,61.9581507902572,29.6186201100235,1.22499487397379,0.5536324977874756,1,0.8800635933876038,0,1.1531879107346492,0.8537530969915728,0.7,NA,NA,NA
EGY,"Egypt, Arab Rep.",2005,Middle East & North Africa,Lower middle income,4.86939696871988,4.47174447174434,62.9526462395543,97.137842448468,5.99551598885794,0.7654864192008972,0.3961261808872223,1,0,1.7697518975099775,1,-6.7,0,111,0
SLV,El Salvador,2005,Latin America & Caribbean,Upper middle income,4.69094870903769,2.68083009363194,69.7158116750578,55.9072224232325,3.47761600217717,0.3505261242389679,1,1,0,1.7388769669354402,1,-3.5,1,111,1
GNQ,Equatorial Guinea,2005,Sub-Saharan Africa,Upper middle income,5.63163351357613,16.7487006053541,131.02447181321,6.38958093436903,9.36000539014064,0.6868473887443542,0.6619555950164795,0.1643451750278473,0,1.891851155988856,0,18.5,1,132,1
SWZ,Eswatini,2005,Sub-Saharan Africa,Lower middle income,4.77400404553712,5.99228289096037,NA,17.6130038764151,-1.48002383468155,0.03336507081985473,1,0.1643451750278473,0,1.7533657818877304,0,-1.7,1,199,1
ETH,Ethiopia,2005,Sub-Saharan Africa,Low income,9.96997123512891,11.8187659491625,NA,43.777021964339,2.13780093729558,NA,1,0.1643451750278473,0,2.3951616521441306,1,-4.1,1,111,1
FJI,Fiji,2005,East Asia & Pacific,Upper middle income,2.36576453830433,0.700000402432295,NA,58.9053852775794,5.80296958864135,0.09212970733642578,0.5145358443260193,0.1643451750278473,0,1.2136551403521922,0,-1.2,0,111,0
GAB,Gabon,2005,Sub-Saharan Africa,Upper middle income,3.70833333333304,2.67620333310926,83.9495998399241,16.276362896511,3.40362339596918,0.6868473887443542,0.6619555950164795,0.1643451750278473,0,1.549333988364333,0,8,1,132,1
GMB,"Gambia, The",2005,Sub-Saharan Africa,Low income,4.83862177543157,-2.35172936176019,50.0187233950976,20.5956797970838,5.22041688120703,NA,0.31360262632369995,1,0,1.7644947716307695,1,-3.3,0,111,0
GEO,Georgia,2005,Europe & Central Asia,Upper middle income,8.24709043114158,9.59113832853026,84.5295975354749,16.8791113508153,7.06775086735302,NA,0.6646853089332581,0.7474732995033264,0,2.224308954059046,0.6393294705806337,2.1,0,111,1
GHA,Ghana,2005,Sub-Saharan Africa,Lower middle income,15.4389920155908,5.90000381855104,98.1715141146279,32.1100295243883,1.34923986570129,0.4329782724380493,1,0.1643451750278473,1,2.7996560748280523,0.3942342873818497,-1.9,1,111,1
GRD,Grenada,2005,Latin America & Caribbean,Upper middle income,3.475806937554,13.2761883306272,NA,85.7807415867945,11.7331857542313,0.35213345289230347,1,0.4168718457221985,0,1.4986866567120152,1,0.9,1,111,1
GTM,Guatemala,2005,Latin America & Caribbean,Upper middle income,9.1086498571922,3.27602692588886,67.1036996082037,46.175454092022,2.01617500337249,0.3731496036052704,0.5905255675315857,1,0,2.313391478831744,1,-1.7,1,111,1
GIN,Guinea,2005,Sub-Saharan Africa,Lower middle income,31.3733025877534,2.99727256275818,47.9377003917167,12.8183630257453,2.45185683545098,0.21292364597320557,0.2403484433889389,0.1643451750278473,0,3.477334088923313,1,-1.1,0,111,0
GNB,Guinea-Bissau,2005,Sub-Saharan Africa,Low income,3.32919922802856,6.55977111846077,45.7842315450716,15.1067439123063,1.35867358840187,0.4986096918582916,0.35385286808013916,0.1643451750278473,0,1.4653825891214958,0.7326588197655602,-5,1,132,1
HTI,Haiti,2005,Latin America & Caribbean,Lower middle income,13.973008326384,3.07217337664731,34.9651045038228,25.9957517855092,0.369835650694654,0.5378692150115967,0.37406548857688904,0.8800635933876038,1,2.7062491352486617,0.8395442262725767,-0.8,0,111,0
HND,Honduras,2005,Latin America & Caribbean,Lower middle income,8.80906074819819,6.05059922215973,136.489768018486,50.9055919065266,6.16028277171203,0.9583247900009156,1,0.4168718457221985,0,2.2833065246711866,0.5953960076337919,0,1,111,1
IND,India,2005,South Asia,Lower middle income,4.24634362031922,7.92343062148318,42.0016696148691,65.5481218951747,0.886098378458823,0.1706497073173523,0.4671079516410827,0.1643451750278473,0,1.6575313806947594,NA,-6.6,0,111,0
IDN,Indonesia,2005,East Asia & Pacific,Upper middle income,10.4532001873347,5.69257130383384,63.9879358688635,43.3540151492028,2.91611483313067,0.4236488044261933,0.3415139317512512,0.700158953666687,0,2.4382691832931815,0.4858059173893547,0.5,0,111,0
IRN,"Iran, Islamic Rep.",2005,Middle East & North Africa,Upper middle income,13.433118008508,3.18980408728824,54.4404952635536,41.5308792818645,1.28425430112768,0.7754379510879517,0.8695420622825623,0.4476322829723358,1,2.669525427649929,1,-2.4,1,111,1
JAM,Jamaica,2005,Latin America & Caribbean,Upper middle income,15.0528658875905,0.893797935409893,NA,44.5168816295289,5.67333342894728,0.6296629905700684,0.5324515104293823,1,1,2.775887393610576,1,-3.2,0,111,0
JOR,Jordan,2005,Middle East & North Africa,Lower middle income,3.49368534619531,8.14659481079931,146.908891279018,138.877386394192,15.7636461414358,0.0994815230369568,1,1,0,1.5026731548889338,1,-2.2,1,111,1
KAZ,Kazakhstan,2005,Europe & Central Asia,Upper middle income,7.57999929125766,9.69999999922682,97.7625030243024,27.2093138096755,4.45711144385218,0.06915025413036346,0.5204598903656006,0.1643451750278473,0,2.149433830895865,0,6.1,0,111,0
KEN,Kenya,2005,Sub-Saharan Africa,Lower middle income,10.3127783574683,5.90666607980057,64.4788661639796,38.9067146493246,0.113202068934601,0.5949251651763916,0.4214003384113312,0.700158953666687,0,2.4259329149083606,1,-0.2,0,111,0
KGZ,Kyrgyz Republic,2005,Europe & Central Asia,Lower middle income,4.3386739184431,-0.175515404044219,95.0840046303638,21.1482066260188,1.73012109521201,0.6270847320556641,0.5935181379318237,0.700158953666687,0,1.6749772922535642,0.7765749450583616,-3.8,0,111,1
LAO,Lao PDR,2005,East Asia & Pacific,Lower middle income,7.16541759946639,7.10756836811267,71.7926462737852,19.0763401255551,1.01332132437858,0.7298882603645325,0.5423942804336548,0.1643451750278473,0,2.0999078701808704,0.3942342873818497,-2.5,0,111,0
LSO,Lesotho,2005,Sub-Saharan Africa,Lower middle income,3.43788423057443,3.46612222755311,NA,24.2328456792603,1.6309558178279,0.3033796548843384,1,0.1643451750278473,0,1.490177738224784,0,4.5,1,199,1
LBR,Liberia,2005,Sub-Saharan Africa,Low income,10.8343588481414,5.28121245309295,NA,11.771716432981,8.72519614731938,0.46840667724609375,0.2734309136867523,1,0,2.471007067281437,1,-0.5,0,111,0
LBY,Libya,2005,Middle East & North Africa,Upper middle income,2.65020576131657,11.8707565226151,90.8608896854615,26.5646192598334,2.19289483627204,0.5,0.4821032285690307,0.1643451750278473,0,1.2947835389689482,1,30.4,0,111,0
MDG,Madagascar,2005,Sub-Saharan Africa,Low income,18.3638246468932,4.75584509499119,59.1300849357677,17.3127222071987,1.45800803699285,0.4381739795207978,0.3827923536300659,0.4168718457221985,0,2.9634066164122563,1,-2.5,0,132,0
MWI,Malawi,2005,Sub-Saharan Africa,Low income,15.4103446604296,3.26872602317066,NA,8.5700282579519,2.62567004771803,0.8467305898666382,0.40081748366355896,0.1643451750278473,0,2.79791190795454,0.3942342873818497,-1.6,0,111,0
MYS,Malaysia,2005,East Asia & Pacific,Upper middle income,2.97507092684449,5.33213916141486,203.854644595624,124.964121884925,2.73438734940078,0.3783978521823883,0.7014715075492859,0.4168718457221985,0,1.3800425911784249,0.30219016649938735,-2.8,1,111,1
MDV,Maldives,2005,South Asia,Upper middle income,1.30027500930997,-11.1773097061784,NA,45.2433849297208,4.55499673617996,0.6459092497825623,1,0.9400318264961244,0,0.8330286850524734,0.8561472209763039,-7.8,1,111,1
MLI,Mali,2005,Sub-Saharan Africa,Low income,6.39788293897883,2.53837834867178,44.9124085077551,20.660796726683,2.15749775651619,0.5600268244743347,0.6619555950164795,0.1643451750278473,0,2.0011938699515803,0,-2.3,1,132,1
MRT,Mauritania,2005,Sub-Saharan Africa,Lower middle income,12.1256487185541,8.56628732009419,88.2350995596491,19.7239883983261,27.6520361298831,0.3606513738632202,0.6486004590988159,0.1643451750278473,0,2.5745682334318047,0.3942342873818497,-3.2,0,111,0
MUS,Mauritius,2005,Sub-Saharan Africa,Upper middle income,4.93717004981795,1.77754302034454,121.608743996836,97.664202064291,0.635284471239675,0.34508681297302246,0.31936949491500854,1,0,1.781232597259682,1,-4.2,0,112,0
MEX,Mexico,2005,Latin America & Caribbean,Upper middle income,3.98805714597437,2.11324712586392,52.5626446517886,25.4370831819859,2.74220134218643,0.5552823543548584,0.3597398102283478,0.700158953666687,0,1.607046484443095,1,-1.4,0,111,0
FSM,"Micronesia, Fed. Sts.",2005,East Asia & Pacific,Lower middle income,4.25769978210942,2.31413355373383,94.3453577773088,40.3334537718493,NA,0.06564653664827347,1,1,0,1.6596936273229557,1,-5.6,1,111,1
MDA,Moldova,2005,Europe & Central Asia,Upper middle income,11.9591837222127,7.5000001493726,143.023568469138,42.0344646180814,6.38146310288962,0.4883160293102264,0.6692978739738464,0.1643451750278473,1,2.56180470454336,0,1.4,1,111,1
MNG,Mongolia,2005,East Asia & Pacific,Upper middle income,12.7165674066053,7.25366543796015,122.381459889773,37.4878970198332,7.43499550055971,0.3842801749706268,0.609449565410614,0.700158953666687,0,2.618604401972307,0.7981618540657297,2.4,0,111,1
MAR,Morocco,2005,Middle East & North Africa,Lower middle income,0.982641660015951,3.19224973015831,61.4938276863235,83.3191816194684,2.42635467647837,0.5680975914001465,0.643155574798584,0.1643451750278473,0,0.684430127215399,0.3942342873818497,-5.5,1,132,1
MOZ,Mozambique,2005,Sub-Saharan Africa,Low income,6.42755278070087,6.31202378023193,72.0092609780982,21.4089202422681,1.380320098608,0.3088304102420807,0.1380215287208557,0.1643451750278473,0,2.005196434448646,1,-2.1,0,111,0
MMR,Myanmar,2005,East Asia & Pacific,Lower middle income,9.36861814196704,13.5689500216456,NA,21.5710719112452,1.95966396539679,0.3543231189250946,0.48214849829673767,0,0,2.338783758006997,0,-3.5,0,111,0
NAM,Namibia,2005,Sub-Saharan Africa,Upper middle income,2.28194607024307,2.52926265819022,80.6803802939816,37.7825799802536,5.37845791807398,0.06672882288694382,1,0.1643451750278473,0,1.1884365605533285,1,-0.3,1,199,1
NPL,Nepal,2005,South Asia,Lower middle income,6.83633265892877,3.47918104829496,44.0629474798613,54.1987263230134,0.030156295078659,0.6899611353874207,0.4593639373779297,0.1643451750278473,0,2.058770951826532,0,0.2,1,534,1
NIC,Nicaragua,2005,Latin America & Caribbean,Lower middle income,9.59909986064425,4.28239833770654,71.6457237072991,31.5382349789498,3.81407422484717,0.3368423283100128,0.9881683588027954,1,0,2.360769078705069,1,1.7,0,111,0
NER,Niger,2005,Sub-Saharan Africa,Low income,7.7974978178644,7.33186884258517,38.3477418070736,9.03431721674152,1.13506754317922,0.5600268244743347,0.6619555950164795,0.1643451750278473,0,2.174467342173152,0,-1.5,1,132,1
NGA,Nigeria,2005,Sub-Saharan Africa,Lower middle income,17.8634933661605,6.43851652538348,NA,11.3005138135141,2.83629405374322,0.5907379388809204,0.5727299451828003,0.299841046333313,1,2.937228486254568,1,3.5,1,111,1
PAK,Pakistan,2005,South Asia,Lower middle income,9.06332737030417,7.2765744364722,29.8784940550747,37.6011583909744,1.51575083116461,0.2055239379405975,1,0.1643451750278473,0,2.308897862500363,1,-2.3,1,111,1
PNG,Papua New Guinea,2005,East Asia & Pacific,Lower middle income,1.78080439925826,6.34479592309654,NA,33.584743087399,0.821562762714584,0.7236268520355225,0.6996363997459412,0.4476322829723358,0,1.0227402380994293,0.4858059422177654,2.8,1,111,1
PRY,Paraguay,2005,Latin America & Caribbean,Upper middle income,6.80738203116377,2.13349066459601,85.0219636540457,20.8837257687982,0.067986029076693,0.3391430079936981,0.4557919204235077,0.7474732995033264,0,2.0550697003797107,1,0.7,0,111,0
PER,Peru,2005,Latin America & Caribbean,Upper middle income,1.61630193862544,6.28506032509601,47.3573174768394,29.6506987620287,3.39034816926813,0.0867513045668602,0.5910621881484985,1,0,0.961761846898434,1,-0.4,0,111,0
PHL,Philippines,2005,East Asia & Pacific,Lower middle income,6.51685393258433,4.94250511877678,83.8456745708051,52.0784952024138,1.54906009249231,0.390150934457779,0.42143744230270386,0.4476322829723358,0,2.0171476903960968,0.5287044104467413,-1.6,0,111,0
RWA,Rwanda,2005,Sub-Saharan Africa,Low income,9.01408918092339,9.3778991673686,34.2165383418652,13.7624375262056,0.271318643761601,0.48625484108924866,0.8044384717941284,0.1643451750278473,0,2.303993019492563,0,1.1,1,111,1
WSM,Samoa,2005,East Asia & Pacific,Lower middle income,1.85676392572949,6.63920361300734,76.2247442670718,37.4540761767669,0.78935616966683,0.36911529302597046,0.4539588987827301,0.1643451750278473,0,1.0496894897083942,0.3942342873818497,0.2,0,196,1
STP,Sao Tome and Principe,2005,Sub-Saharan Africa,Lower middle income,17.1522049354354,6.61462475033599,NA,30.0913279635052,11.4796071529221,0.2127995491027832,0.32000014185905457,0.7167128920555115,0,2.898792037378298,0.7167128920555115,26.8,0,111,0
SEN,Senegal,2005,Sub-Saharan Africa,Lower middle income,1.71133325855502,4.31023852639633,54.9032435689485,22.2803429082051,1.52551294776184,0.5600268244743347,0.6619555950164795,0.1643451750278473,0,0.9974404912370184,0,-0.3,1,132,1
SLB,Solomon Islands,2005,East Asia & Pacific,Lower middle income,7.33066341633299,7.35907917681935,66.5710765635257,22.6531711840409,0.099144118861877,0.6664422750473022,1,0.1643451750278473,0,2.1199430948241957,0,11.5,1,111,1
ZAF,South Africa,2005,Sub-Saharan Africa,Upper middle income,2.06285308223427,5.27705197295467,47.4277813970329,59.760936349771,2.25781874505445,0.6228699684143066,0.1847826987504959,0.1643451750278473,0,1.1193468613833444,0.3942342873818497,-0.1,0,111,0
LKA,Sri Lanka,2005,South Asia,Lower middle income,11.6396860971118,6.24174804376447,73.6039729580533,41.6778034206558,1.11612854301768,0.1998426765203476,0.3455001711845398,0.4476322829723358,0,2.536841554321084,0.5287044104467413,-5.9,0,111,0
LCA,St. Lucia,2005,Latin America & Caribbean,Upper middle income,3.89827370759476,-0.410304726290235,NA,69.1118255055447,10.1698606969307,0.35213345289230347,1,0.4476322829723358,0,1.5888828384702474,1,-6,1,111,1
VCT,St. Vincent and the Grenadines,2005,Latin America & Caribbean,Upper middle income,3.7334291646702,2.48855733938132,NA,66.4253488860865,6.88174169420403,0.35213345289230347,1,0.1643451750278473,0,1.5546499217912413,0,-4.3,1,111,1
SUR,Suriname,2005,Latin America & Caribbean,Upper middle income,9.89800489561465,4.50000021086888,NA,44.8081617009594,1.56127119820371,0.9435725212097168,1,0,0,2.3885797353821903,0,-3.4,1,111,1
TJK,Tajikistan,2005,Europe & Central Asia,Lower middle income,7.09193244083773,6.69999851655409,126.994699303416,14.4470561984847,2.35601238535648,0.5923095941543579,0.6474892497062683,0.1643451750278473,0,2.0908675703875192,0.36714325860631464,-2.8,0,111,0
TZA,Tanzania,2005,Sub-Saharan Africa,Lower middle income,5.03457009267163,7.47631925974784,36.9592732894013,20.4644028128005,5.08562696835774,0.2978661060333252,0.30966368317604065,0.1643451750278473,0,1.7975046163321846,0.5801363815350187,-3.3,0,111,0
THA,Thailand,2005,East Asia & Pacific,Upper middle income,4.54036919634535,4.18763842884337,137.853866832247,104.104191381316,4.33958708070528,0.01056139636784792,0.4291990399360657,0.4168718457221985,0,1.7120611404783108,1,2.2,0,111,0
TGO,Togo,2005,Sub-Saharan Africa,Low income,6.78292893028314,-4.66629938413338,61.4542800128481,17.7126352177805,2.97971035930976,0.5600268244743347,0.6619555950164795,0.1643451750278473,0,2.0519327365316204,NA,-1.7,1,132,1
TON,Tonga,2005,East Asia & Pacific,Upper middle income,8.66569221131751,-0.657650703495165,76.2080494394572,47.690107990186,2.29371409620501,0.4139537513256073,0.36324718594551086,0.1643451750278473,0,2.268582730511351,0,4.2,0,111,0
TUN,Tunisia,2005,Middle East & North Africa,Lower middle income,2.01778641357144,3.4865455430439,90.2512478803945,54.113544833436,2.20844919497596,0.3584133982658386,0.5980353355407715,0.1643451750278473,0,1.104523586990202,0,-2.6,0,132,1
TUR,Turkiye,2005,Europe & Central Asia,Upper middle income,8.17916036802008,9.11157745861635,46.3088308846211,38.5264224535963,1.97338571270823,0.7230837941169739,0.29520338773727417,0.1643451750278473,0,2.216935737270747,0,-0.7,0,111,0
UGA,Uganda,2005,Sub-Saharan Africa,Low income,8.44872642299532,6.33256511623156,38.9942854839061,19.3229389303276,4.11082611076276,0.5700743198394775,0.3703073561191559,1,0,2.2458799623699464,1,-0.2,0,111,0
UKR,Ukraine,2005,Europe & Central Asia,Upper middle income,13.5695764909248,3.07123039245209,94.6475701087848,42.4360215156158,8.7495509827803,0.29045310616493225,0.4381343424320221,0.1643451750278473,0,2.6789355525866307,1,-2.2,0,111,0
VUT,Vanuatu,2005,East Asia & Pacific,Lower middle income,1.19920053297801,5.30532647259227,100.173820339297,98.6343955687401,3.35516527658254,0.5,0.5131582021713257,NA,0,0.7880939002197289,NA,1.7,0,111,0
VNM,Viet Nam,2005,East Asia & Pacific,Lower middle income,8.28457243128677,7.54724772895918,130.714846045026,70.9598496062915,3.39040363930871,0.511239230632782,1,0.1643451750278473,0,2.228354144340676,0.3942342873818497,-1,1,111,1
YEM,"Yemen, Rep.",2005,Middle East & North Africa,Low income,11.8112639374949,5.59174807563268,76.773285677642,32.0461206027363,-1.80531053584597,0.0920952782034874,0.5762428641319275,1,1,2.5503247790736614,1,NA,0,111,0
ZMB,Zambia,2005,Sub-Saharan Africa,Lower middle income,18.324439701174,7.23559900655543,62.200282191364,15.4971016315143,4.28403218909524,0.5809316039085388,0.12256601452827454,1,1,2.9613706005822227,1,-2.4,0,111,0
ALB,Albania,2006,Europe & Central Asia,Upper middle income,2.37072831904284,6.0189812403864,72.2019089483674,74.2421409522518,3.55321913781567,0.7277014255523682,0.3652220666408539,0.1643451750278473,0,1.215128839424389,0,-3.3,0,134,1
DZA,Algeria,2006,Middle East & North Africa,Upper middle income,2.31149918514423,2.89999999905852,65.9152919677621,54.4649954975876,1.49572335207526,0.2183903157711029,0.4363505244255066,0.1643451750278473,0,1.1974010128743873,1,12.9,0,132,0
AGO,Angola,2006,Sub-Saharan Africa,Lower middle income,13.3052101780031,11.8418178757044,84.6246041171541,14.53299734122,-0.0643009490167298,0.6758466362953186,0.8587194681167603,0.1643451750278473,1,2.6606238190193108,1,8.4,0,111,1
ARM,Armenia,2006,Europe & Central Asia,Upper middle income,2.89235662459003,13.1999999994661,61.0301379818566,18.2869798220067,7.30731450469503,0.49973130226135254,0.3683338761329651,1,0,1.35901479028785,1,-2,0,111,0
AZE,Azerbaijan,2006,Europe & Central Asia,Upper middle income,8.32892482863209,34.4662096226792,105.262399846369,18.3235363268822,21.380140470442,0.2659200131893158,0.8086334466934204,0.1643451750278473,0,2.2331197701300973,0,0.7,0,111,0
BGD,Bangladesh,2006,South Asia,Lower middle income,6.76526117054757,6.67190498576788,38.1119244325921,50.4759985553139,0.635863899506714,0.5,0.3149983286857605,0.1643451750278473,0,2.049660090361825,0.3942342873818497,-2.1,0,111,0
BLR,Belarus,2006,Europe & Central Asia,Upper middle income,6.99712903535584,9.99999473022963,124.295103889386,22.0846831594484,0.966130137383779,0.4893477261066437,1,0.1643451750278473,0,2.079082606689859,0.3942342873818497,-7.7,1,111,1
BLZ,Belize,2006,Latin America & Caribbean,Upper middle income,-7.11376771265013,4.51145460193301,98.8810743235728,47.3068611066802,6.84256959940517,0.5,1,0.1643451750278473,0,0.09531017980432492,0.22930405863986925,-2.3,1,111,1
BEN,Benin,2006,Sub-Saharan Africa,Lower middle income,3.78217696540374,3.94373882815798,39.7746987128551,18.5348372060989,-0.175764667500161,0.7285933494567871,0.6607239246368408,0.1643451750278473,0,1.5648958749184791,0,-0.1,1,132,1
BTN,Bhutan,2006,South Asia,Lower middle income,5.0004543802254,5.6408051539139,108.157794891125,58.7576532430025,0.649361841531609,0.5,1,0.1643451750278473,0,1.791835196398247,NA,-0.1,1,534,1
BOL,Bolivia,2006,Latin America & Caribbean,Lower middle income,4.28239604802561,4.79700882356046,74.537848431547,53.36272918429,2.45168756123775,0.6146656274795532,1,0.7474732995033264,0,1.66437979175801,1,4,1,111,1
BWA,Botswana,2006,Sub-Saharan Africa,Upper middle income,11.5552187914379,8.36387109282306,86.612433913524,42.4813576164307,4.90881469396689,0.5821418762207031,0.2735726833343506,1,0,2.530136419095532,1,13.3,0,199,0
BRA,Brazil,2006,Latin America & Caribbean,Upper middle income,4.18356812896909,3.96198870899485,26.0416998879446,63.249779479687,1.753125434984,0.5006743669509888,0.1914002895355225,0.5368082523345947,0,1.645493647124595,1,-4.9,0,111,0
BFA,Burkina Faso,2006,Sub-Saharan Africa,Low income,2.33310856372219,6.25316468817478,35.1065423554549,18.7747960550847,1.28064578676022,0.7285933494567871,0.6607239246368408,0.1643451750278473,0,1.2039053711690288,0,14.3,1,132,1
BDI,Burundi,2006,Sub-Saharan Africa,Low income,2.7454200021424,5.41380714491444,NA,26.2748698373922,0.00248110542789525,0.6948579549789429,0.37935447692871094,0,0,1.3205337607856096,0,-9.9,0,111,0
CPV,Cabo Verde,2006,Sub-Saharan Africa,Lower middle income,5.36907687065548,7.98375044795048,117.816697232822,87.7357029893905,11.8764317277784,0.3331741392612457,0.6607181429862976,0.1643451750278473,0,1.85145454081796,0,-4.3,1,182,1
KHM,Cambodia,2006,East Asia & Pacific,Lower middle income,5.81068550464306,10.9433600681694,140.348734318483,20.3554410879328,5.78657071926189,0.33681976795196533,0.6228667497634888,0.7167128920555115,0,1.9184927765701465,0.7167128920555115,-0.1,NA,NA,NA
CMR,Cameroon,2006,Sub-Saharan Africa,Lower middle income,5.11757816019469,3.80958327566137,47.1044341803567,14.1520910010792,0.282739555044298,0.6868473887443542,0.6607239246368408,0.1643451750278473,0,1.8111662927458687,0,6.3,1,132,1
CAF,Central African Republic,2006,Sub-Saharan Africa,Low income,6.69526465773354,4.77108543044105,36.3958702287378,15.9233900693061,2.37163652036171,0.6868473887443542,0.6607239246368408,0.1643451750278473,0,2.0406051601670474,0,8.6,1,132,1
TCD,Chad,2006,Sub-Saharan Africa,Low income,8.03628897951331,-0.542829570704413,77.0815766029615,7.47697747794766,-2.86740171976294,0.6868473887443542,0.6607239246368408,0.1643451750278473,0,2.201248579005546,0,1.7,1,132,1
CHN,China,2006,East Asia & Pacific,Upper middle income,1.64943099455859,12.6746751655235,63.5695798621627,155.272748838162,4.44499743873593,0.5,0.8406675457954407,0.1643451750278473,0,0.9743448979082042,1,-1.1,1,111,1
COL,Colombia,2006,Latin America & Caribbean,Upper middle income,4.29342363628926,6.71686869844402,39.6413559606293,32.2883014174959,4.17238510059526,0.6092467308044434,0.20288127660751343,0.4168718457221985,0,1.6664652267577431,0.5953960076337919,-1,0,111,0
COM,Comoros,2006,Sub-Saharan Africa,Lower middle income,3.37436360121204,-1.75444679449394,35.7572745739842,15.4088043393002,0.11306053010776,2.76138394838199e-4,0.6607354879379272,0.1643451750278473,0,1.4757610466487654,NA,-1.5,1,132,1
COD,"Congo, Dem. Rep.",2006,Sub-Saharan Africa,Low income,13.0526949745101,5.10894433184896,44.7667089929736,5.54535538315526,1.65396062655392,NA,0.24716351926326752,0.1643451750278473,0,2.6428141905183593,0,2.1,0,111,0
COG,"Congo, Rep.",2006,Sub-Saharan Africa,Lower middle income,6.53784395299603,7.98623836334291,125.600762974491,14.7089559157911,18.4459801245354,0.6868473887443542,0.6607239246368408,0.1643451750278473,0,2.019936193250464,0,16,1,132,1
CRI,Costa Rica,2006,Latin America & Caribbean,Upper middle income,11.4705968149052,7.3266954325067,89.8145546136931,53.537093277109,7.92850433097117,0.4658837616443634,0.7218390107154846,0.7167128920555115,1,2.523373618603241,0.7167128920555115,-1,0,111,0
CIV,Cote d'Ivoire,2006,Sub-Saharan Africa,Lower middle income,2.46719148596914,2.81557859252327,63.690377061452,14.8635624822961,1.38823180058485,0.7285933494567871,0.6607239246368408,0.1643451750278473,0,1.2433448962042857,0,-1,1,132,1
DJI,Djibouti,2006,Middle East & North Africa,Lower middle income,3.48340699677866,NA,NA,79.8159317940649,14.0839401368509,0.1350856572389603,1,1,0,1.5003832477530104,1,0.3,1,111,1
DMA,Dominica,2006,Latin America & Caribbean,Upper middle income,2.20239132631669,4.40077479812059,NA,74.673249720005,6.28236832373597,0.1788303107023239,1,0.4168718457221985,0,1.1638978201978956,0.4712955895532587,2.9,1,111,1
DOM,Dominican Republic,2006,Latin America & Caribbean,Upper middle income,7.57280523853073,9.17120650955299,63.7664826351505,32.3700770175984,4.0356569620282,0.6577683091163635,0.3437235951423645,0.7601271867752075,0,2.148595011432114,0.8086185651910388,-1.7,0,111,0
ECU,Ecuador,2006,Latin America & Caribbean,Upper middle income,3.29874846258215,4.34113198577639,65.8423556166562,29.497177002651,0.594056305145447,0.5626161098480225,1,0.9400318264961244,0,1.458323925121274,0.926876584835856,2.9,NA,NA,NA
EGY,"Egypt, Arab Rep.",2006,Middle East & North Africa,Lower middle income,7.64452644526434,6.84383819379117,61.5185365063947,97.3873117113486,9.34856726566294,0.7654864192008972,0.8670451045036316,1,0,2.1569263397591643,1,-7.4,1,111,1
SLV,El Salvador,2006,Latin America & Caribbean,Upper middle income,4.03712359429612,4.3369986028604,73.4555675070266,56.7473533433474,1.50707286112592,0.07671798020601273,1,1,0,1.6168352037458067,1,-3.4,1,111,1
GNQ,Equatorial Guinea,2006,Sub-Saharan Africa,Upper middle income,4.41589984169561,7.70491760658767,118.532782368937,5.92029022328923,4.65478286948259,0.6868473887443542,0.6607239246368408,0.1643451750278473,0,1.6893390423990216,0,21.8,1,132,1
SWZ,Eswatini,2006,Sub-Saharan Africa,Lower middle income,5.30463946338728,6.72880946564094,NA,19.9346681907525,3.764215946629,0.02629543282091617,1,0.1643451750278473,0,1.841285785131184,0,8.7,1,199,1
ETH,Ethiopia,2006,Sub-Saharan Africa,Low income,12.2994763114824,10.8347270679373,NA,42.4864001741599,3.5682352741624,NA,1,0.1643451750278473,0,2.587724659375978,1,-3.8,1,111,1
FJI,Fiji,2006,East Asia & Pacific,Upper middle income,2.49083638787078,1.85248387199492,NA,68.1585877604822,18.9830079707872,0.3636843264102936,0.35667428374290466,0.1643451750278473,0,1.2501413601872555,0,-0.8,0,111,0
GAB,Gabon,2006,Sub-Saharan Africa,Upper middle income,-1.4094013660098,-2.80657835569052,88.6494092562519,17.4254300235645,2.59310046782659,0.6868473887443542,0.6607239246368408,0.1643451750278473,0,0.09531017980432492,0,8.7,1,132,1
GMB,"Gambia, The",2006,Sub-Saharan Africa,Low income,2.0565034236599,-0.555580977246521,50.374468581975,25.8918162855536,7.79879790286452,NA,0.30696967244148254,1,0,1.117271590610308,1,-3.2,0,111,1
GEO,Georgia,2006,Europe & Central Asia,Upper middle income,9.16096508394497,9.42148081189909,89.125374368197,20.3031179639833,15.1240361672901,NA,0.5599945783615112,0.7474732995033264,0,2.3185534262164675,0.6393294705806337,3.3,0,111,0
GHA,Ghana,2006,Sub-Saharan Africa,Lower middle income,11.6791839392492,6.39991260618034,64.5190542439152,22.7692547025883,3.04529018468516,0.5565451383590698,1,0.1643451750278473,1,2.539961588834633,0.3942342873818497,-3.1,1,111,1
GRD,Grenada,2006,Latin America & Caribbean,Upper middle income,4.25195321977967,-3.99532824427482,NA,87.349443713458,14.7018185551416,0.1788303107023239,1,0.1643451750278473,0,1.6586000492759134,0.3942342873818497,-5.2,1,111,1
GTM,Guatemala,2006,Latin America & Caribbean,Upper middle income,6.56085282795384,5.35139778711536,67.9119237396616,47.1752127318754,2.13587522888421,0.3938588500022888,0.7318219542503357,1,0,2.022983991759508,1,-1.9,1,111,1
GIN,Guinea,2006,Sub-Saharan Africa,Lower middle income,34.6952705997072,1.18960211693242,69.3862937148949,17.896869072834,2.96207137841546,0.2823805809020996,0.2912220358848572,0,0,3.575018203811169,0,-2.1,0,111,0
GNB,Guinea-Bissau,2006,Sub-Saharan Africa,Low income,1.95473717628916,2.66650493269572,48.7605033860226,16.0297457248346,2.81783767413937,0.5951516032218933,0.3343215584754944,0.1643451750278473,0,1.083409704868359,0.7326588197655602,-4.6,1,132,1
HTI,Haiti,2006,Latin America & Caribbean,Lower middle income,11.3452152244299,1.76875060288195,37.0570704128996,23.0517100179952,2.10244121995639,0.28890204429626465,0.3077497184276581,0.9400318264961244,1,2.5132685567828696,0.9197721530070402,-0.9,0,111,0
HND,Honduras,2006,Latin America & Caribbean,Lower middle income,5.57775207654298,6.56724355177587,133.13183510432,55.1309689475738,6.57287305327357,0.9400618076324464,1,0.4168718457221985,0,1.88369305726379,0.5953960076337919,-1.4,1,111,1
IND,India,2006,South Asia,Lower middle income,5.79652337561634,8.06073257166651,45.7244804992652,68.0630217874844,2.13016842534495,0.357281357049942,0.33885055780410767,0.1643451750278473,0,1.9164112131481488,NA,-5.1,0,111,0
IDN,Indonesia,2006,East Asia & Pacific,Upper middle income,13.108670985346,5.50095178520348,56.6571268148867,41.4017227442561,1.34794264068931,0.3621798157691955,0.28364622592926025,0.700158953666687,0,2.6467895718712726,0.4858059173893547,0.5,0,111,0
IRN,"Iran, Islamic Rep.",2006,Middle East & North Africa,Upper middle income,10.0158982511924,4.99979526181222,53.1673587143845,47.0675292206663,0.872560020177082,0.882056474685669,1,0.4476322829723358,1,2.3993395249269436,1,-4.9,1,111,1
JAM,Jamaica,2006,Latin America & Caribbean,Upper middle income,8.56106408706157,2.89912534481287,NA,45.8972390659105,7.06060472344707,0.5376024842262268,0.7970246076583862,1,0,2.2576990270472255,1,-4.7,0,111,0
JOR,Jordan,2006,Middle East & North Africa,Lower middle income,6.25172466656443,8.09297527811933,141.747381831126,131.018388069768,23.5372913427131,0.09404972940683363,1,1,0,1.9812393256197924,1,-1.9,1,111,1
KAZ,Kazakhstan,2006,Europe & Central Asia,Upper middle income,8.72169386091726,10.7,91.4535267973373,36.0060480592774,9.39605595950726,0.3296032249927521,0.29985466599464417,0.1643451750278473,0,2.2743598688163416,0,7.7,0,111,0
KEN,Kenya,2006,Sub-Saharan Africa,Lower middle income,14.4537342081708,6.47249430015484,55.2364851257303,34.601568789648,0.196219632064752,0.8019318580627441,0.3979549705982208,0.700158953666687,1,2.7378506704616385,1,-0.4,0,111,0
KGZ,Kyrgyz Republic,2006,Europe & Central Asia,Lower middle income,5.55212333162542,3.10289874199981,120.749981766273,28.1595123378626,6.422443742837,0.7555232644081116,0.6406987309455872,0.700158953666687,0,1.8797891698817617,0.7765749450583616,-2.1,0,111,0
LAO,Lao PDR,2006,East Asia & Pacific,Lower middle income,6.54559439052787,8.6192662083280691,81.9613754162421,20.0852445867198,5.42138961728604,0.5501284599304199,0.4600809812545776,0.1643451750278473,0,2.0209638685108975,0.3942342873818497,-1.5,0,111,0
LSO,Lesotho,2006,Sub-Saharan Africa,Lower middle income,6.07271879734293,4.23009522805209,NA,28.778280171772,1.35116866658488,0.2997007369995117,1,0.1643451750278473,0,1.9562449600661345,0,11.6,1,199,1
LBR,Liberia,2006,Sub-Saharan Africa,Low income,7.34144608278558,8.04390997190059,NA,13.2211341024366,9.63866591009294,0.5670971870422363,0.31103652715682983,1,0,2.1212365925614276,1,4.2,0,111,0
LBY,Libya,2006,Middle East & North Africa,Upper middle income,1.45926876202724,6.50052541959279,97.7381011197381,23.7758446174914,3.43460585952791,0.5,0.4902051985263825,0.1643451750278473,0,0.8998640545479352,1,29.1,0,111,0
MDG,Madagascar,2006,Sub-Saharan Africa,Low income,10.7656371554865,5.3985084485368,62.1028389370244,19.4141162042008,4.60749200280627,0.6920238733291626,0.41179144382476807,0.4168718457221985,1,2.465183177575327,1,-5.7,0,132,0
MWI,Malawi,2006,Sub-Saharan Africa,Low income,13.9742943548388,4.69999976404691,NA,7.94312171216044,0.611208219192404,0.583962619304657,0.40057000517845154,0,1,2.7063350213446005,0,0,0,111,0
MYS,Malaysia,2006,East Asia & Pacific,Upper middle income,3.60923564224389,5.5848470671515,202.577146840398,129.338226236628,4.72716484834358,0.2627841830253601,0.500430166721344,0.4168718457221985,0,1.528062038976017,0.30219016649938735,-2.6,0,111,0
MDV,Maldives,2006,South Asia,Upper middle income,2.73842131602099,23.6302719852686,NA,39.7204023396458,4.05198051459747,0.6791885495185852,1,1,0,1.3186634142979965,1,-4.5,1,111,1
MLI,Mali,2006,Sub-Saharan Africa,Low income,1.54352596927582,3.6896026526873,49.0190773449704,20.7191061746016,1.8062250031959,0.7285933494567871,0.6607239246368408,0.1643451750278473,0,0.9335512952839252,0,23.7,1,132,1
MRT,Mauritania,2006,Sub-Saharan Africa,Lower middle income,6.2410332814282,18.3331986932345,82.7885012130323,16.8995308151377,3.94434472704714,0.21062426269054413,1,0.1643451750278473,0,1.979763914643628,0.3942342873818497,2,0,111,1
MUS,Mauritius,2006,Sub-Saharan Africa,Upper middle income,8.91350105650142,4.8655446077553,124.782280192468,91.6924260404926,1.49569053565725,0.33667126297950745,0.2654532194137573,1,0,2.2938975711684644,1,-3.9,0,112,0
MEX,Mexico,2006,Latin America & Caribbean,Upper middle income,3.62946762439132,4.80501352746852,54.4821160886169,24.4047783192837,2.16893035275929,0.8420151472091675,0.27216652035713196,0.700158953666687,0,1.5324418775542232,1,-1.2,0,111,0
FSM,"Micronesia, Fed. Sts.",2006,East Asia & Pacific,Lower middle income,4.63737008585635,-0.198978337483553,97.351580508194,36.5249452571962,NA,0.3315708339214325,1,1,0,1.7294176599258104,1,-5.4,1,111,1
MDA,Moldova,2006,Europe & Central Asia,Upper middle income,12.7777557830351,4.79999983670831,137.154763819994,43.7013460651562,7.58980668418465,0.4445779025554657,0.5323763489723206,0.1643451750278473,1,2.6230553918749298,0,-0.4,1,111,1
MNG,Mongolia,2006,East Asia & Pacific,Upper middle income,5.09516661663157,8.55623481664365,112.929983096983,38.1519068728688,7.18968945819168,0.6396985054016113,0.42818331718444824,0.700158953666687,0,1.8074960991685496,0.7981618540657297,7.6,0,111,0
MAR,Morocco,2006,Middle East & North Africa,Lower middle income,3.28476166954811,7.7908200104027,64.6721977787154,89.9785545114664,3.24283497739456,0.4099731147289276,0.6840785145759583,0.1643451750278473,0,1.455064930794184,0.3942342873818497,-1.8,1,132,1
MOZ,Mozambique,2006,Sub-Saharan Africa,Low income,13.2450879070999,9.91067756782915,67.3498976872689,22.3569186276126,2.64086218183932,0.0974034145474434,0.2606259286403656,0.1643451750278473,0,2.6564121390154147,1,-3,0,111,0
MMR,Myanmar,2006,East Asia & Pacific,Lower middle income,19.9964873359214,13.0761013792372,NA,20.0218744020637,1.90182128285749,0.3543231189250946,0.4901787340641022,0,0,3.044355154014255,0,-3.4,0,111,0
NAM,Namibia,2006,Sub-Saharan Africa,Upper middle income,4.96116689298916,7.07317531845825,86.8339693259998,41.8252844724341,7.62577614409133,0.08130184561014175,1,0.1643451750278473,0,1.7852662493276923,1,3.4,1,199,1
NPL,Nepal,2006,South Asia,Lower middle income,6.92033580707589,3.36461478056277,44.7619877569242,57.1353356643795,-0.073509433259411,0.6618439555168152,0.41205206513404846,0.1643451750278473,0,2.069433604810804,0,0.2,1,534,1
NIC,Nicaragua,2006,Latin America & Caribbean,Lower middle income,9.1401996677772,4.15294559846254,87.309670832079,30.4357176029613,4.24030000066427,0.3424816131591797,0.9881967902183532,1,0,2.3165076890714578,1,1.4,0,111,0
NER,Niger,2006,Sub-Saharan Africa,Low income,0.0404858299595074,5.93104997350342,36.5313731842429,9.38447095955683,0.847497530197073,0.7285933494567871,0.6607239246368408,0.1643451750278473,0,0.09531017980432492,0,31,1,132,1
NGA,Nigeria,2006,Sub-Saharan Africa,Lower middle income,8.22522152017047,6.05942803202906,NA,11.728970990403,2.03575267319875,0.4550434947013855,0.7048494219779968,0.299841046333313,0,2.221941202664892,1,6.2,1,111,1
PAK,Pakistan,2006,South Asia,Lower middle income,7.92108440058789,6.05163767569996,33.0497193672284,47.8020865795712,2.63975006245443,0.30741557478904724,1,0.1643451750278473,0,2.18841750877557,1,-2.8,1,111,1
PNG,Papua New Guinea,2006,East Asia & Pacific,Lower middle income,2.3684623841683,5.40994409107307,NA,27.5667258439715,1.53859475240196,0.5804591774940491,0.7013354301452637,0.4476322829723358,0,1.214456374417916,0.4858059422177654,5.3,1,111,1
PRY,Paraguay,2006,Latin America & Caribbean,Upper middle income,9.58934941129229,4.80711719268376,84.7335313048126,20.1035070330638,1.39842122336644,0.20819897949695587,0.3868809640407562,0.7474732995033264,0,2.3598487234761345,1,0.9,0,111,0
PER,Peru,2006,Latin America & Caribbean,Upper middle income,2.00225801248819,7.5288990440594,51.7850560338442,27.6742470982913,3.91065680458787,0.3900802433490753,0.4392416775226593,1,0,1.0993646763828702,1,2,0,111,0
PHL,Philippines,2006,East Asia & Pacific,Lower middle income,5.4852320675105,5.31641682136939,80.8505386728775,58.0785237559028,2.12091886479217,0.24331653118133545,0.3931333124637604,0.4476322829723358,0,1.8695276024034573,0.5287044104467413,0,0,111,0
RWA,Rwanda,2006,Sub-Saharan Africa,Low income,8.88282654777923,9.22707576798881,33.2214370724059,15.5353523799413,0.923071050017332,0.5281894207000732,1,0.1643451750278473,0,2.2907985586763617,0,0,1,111,1
WSM,Samoa,2006,East Asia & Pacific,Lower middle income,3.70008680555553,2.13212714677351,82.4691938417408,39.6250110026492,4.3862032048739,0.33890193700790405,0.40801066160202026,0.1643451750278473,0,1.5475809778125922,0.3942342873818497,-0.4,0,196,0
STP,Sao Tome and Principe,2006,Sub-Saharan Africa,Lower middle income,23.0770373451381,8.86610935944026,NA,32.0617916148797,26.6263783885012,0.2127995491027832,0.36924490332603455,0.5523677468299866,1,3.1812585790315566,0.5523677468299866,18,0,111,0
SEN,Senegal,2006,Sub-Saharan Africa,Lower middle income,2.11228583877117,2.33077098330239,54.1362378092613,23.7553734685048,2.47770837743402,0.7285933494567871,0.6607239246368408,0.1643451750278473,0,1.1353574526030203,0,-3.7,1,132,1
SLB,Solomon Islands,2006,East Asia & Pacific,Lower middle income,11.2199870214146,4.13726239664898,69.7893991429226,25.3838081094705,7.17813029275399,0.5368192791938782,1,0.1643451750278473,0,2.50307289166552,0,11.3,1,111,1
ZAF,South Africa,2006,Sub-Saharan Africa,Upper middle income,3.2439076541923,5.60380645895889,53.7681412741145,65.4243148230338,0.205125538574008,0.6414095759391785,0.16712333261966705,0.1643451750278473,0,1.4454844613708704,0.3942342873818497,0.8,0,111,0
LKA,Sri Lanka,2006,South Asia,Lower middle income,10.0201836057035,7.66829190107919,71.2611784883009,40.9892214399826,1.6970072277349,0.355257511138916,0.27699050307273865,0.4476322829723358,0,2.399728464720592,0.5287044104467413,-5.9,0,111,0
LCA,St. Lucia,2006,Latin America & Caribbean,Upper middle income,2.39562082529168,6.19525729141048,NA,72.6638226479852,22.7795189564418,0.1788303107023239,1,0.4476322829723358,0,1.2224866088855098,1,-5,1,111,1
VCT,St. Vincent and the Grenadines,2006,Latin America & Caribbean,Upper middle income,2.74067516070673,6.99692626758825,NA,62.7161164235167,18.6436807370603,0.1788303107023239,1,0.1643451750278473,0,1.3192661193870348,0,-3.1,1,111,1
SUR,Suriname,2006,Latin America & Caribbean,Upper middle income,11.2813043273975,5.79354358463304,98.1681931723564,38.7307061847072,-6.22149014709964,0.660286009311676,1,0,0,2.508078132664636,0,0.6,1,111,1
TJK,Tajikistan,2006,Europe & Central Asia,Lower middle income,10.0108651886461,7.00000321108996,141.153912074728,16.2111941254606,11.9647283955266,0.6424267888069153,0.5773770213127136,0.1643451750278473,0,2.398882529722211,0.36714325860631464,2,0,111,0
TZA,Tanzania,2006,Sub-Saharan Africa,Lower middle income,7.25097262082546,6.53222138847813,42.7681664691467,22.1200250388312,2.16456512450246,0.36400917172431946,0.3258996307849884,0.1643451750278473,0,2.1103310868310943,0.5801363815350187,-3.4,0,111,0
THA,Thailand,2006,East Asia & Pacific,Upper middle income,4.63747436011765,4.96781089246107,134.086946191268,102.056187597046,4.0212567065949,0.07067126035690308,0.35379859805107117,0.4168718457221985,0,1.729436156724024,1,1.9,0,111,0
TGO,Togo,2006,Sub-Saharan Africa,Low income,2.22897779414027,2.65013209943473,61.6128604620733,21.4853785656598,2.75216144371014,0.7285933494567871,0.6607239246368408,0.1643451750278473,0,1.1721656147442132,NA,-1.9,1,132,1
TON,Tonga,2006,East Asia & Pacific,Upper middle income,6.14911606456575,-2.16566342680382,66.3549884749532,44.0087132828634,3.75983551599556,0.3316381275653839,0.33637526631355286,0.1643451750278473,0,1.9669887217299664,0,1.3,0,111,1
TUN,Tunisia,2006,Middle East & North Africa,Lower middle income,3.22525337438917,5.24409983246916,93.9409304094309,55.3457485687972,9.42473369729129,0.46957266330718994,0.5297052264213562,0.1643451750278473,0,1.4410792292806185,0,-2.3,0,132,0
TUR,Turkiye,2006,Europe & Central Asia,Upper middle income,9.59724212288446,7.06762607623939,48.9456766641314,40.2104267814276,3.60660172381881,0.4847198724746704,0.14686644077301023,0.1643451750278473,0,2.3605937901797196,0,-0.2,0,111,0
UGA,Uganda,2006,Sub-Saharan Africa,Low income,7.31067613561864,10.7847443857453,43.6332857896204,19.9141480378524,6.45705802026041,0.4141436517238617,0.4246288537979126,1,0,2.1175409696511776,1,-0.6,0,111,0
UKR,Ukraine,2006,Europe & Central Asia,Upper middle income,9.05252491133248,7.57142076322967,89.181052639031,46.2044318038983,5.00872538573992,0.5138847231864929,1,0.1643451750278473,0,2.307823837909323,1,-1.3,1,111,1
VUT,Vanuatu,2006,East Asia & Pacific,Lower middle income,2.04081632653062,8.46069747205426,89.5414618090556,93.707111559112107,9.88873620776164,0.5,0.3746911585330963,NA,0,1.112126007834835,NA,0.4,0,111,0
VNM,Viet Nam,2006,East Asia & Pacific,Lower middle income,7.41801715108463,6.97795481056711,138.313621869598,79.2236673213605,3.61600090432522,0.6200061440467834,1,0.1643451750278473,0,2.130374307776171,0.3942342873818497,0.2,1,111,1
YEM,"Yemen, Rep.",2006,Middle East & North Africa,Low income,10.8447986914257,3.17040935922364,82.0761626564135,34.4819866888826,5.88029989730047,0.3302677273750305,1,1,1,2.4718888422300007,1,NA,1,111,1
ZMB,Zambia,2006,Sub-Saharan Africa,Lower middle income,9.01957247226486,7.90369444480079,57.8568188739027,18.0615885624267,4.82712872237458,0.7870968580245972,0.14152343571186066,1,0,2.304540427307801,1,16.9,0,111,0
ALB,Albania,2007,Europe & Central Asia,Upper middle income,2.93268248162317,6.50009261158209,79.9119008919954,75.3629870166826,5.86740351847628,0.769562304019928,0.33418211340904236,0.1643451750278473,0,1.3693217583379402,0,-3.2,0,134,0
DZA,Algeria,2007,Middle East & North Africa,Upper middle income,3.67899574741699,3.10000000128674,67.5454733939763,60.7173627576789,1.1838181536619,0.3274249732494354,0.4580133855342865,0.1643451750278473,0,1.5430835030178809,1,4.6,0,132,0
AGO,Angola,2007,Sub-Saharan Africa,Lower middle income,12.2514974459486,13.0026889457975,97.2256306999958,18.2712730929169,-1.22312266225132,0.6758466362953186,0.4064169228076935,0,1,2.5841105608351147,0,3.8,0,111,0
ARM,Armenia,2007,Europe & Central Asia,Upper middle income,4.40736089644516,13.7000000015467,56.9750470853147,21.9523992829099,7.25233231640274,0.6449238061904907,0.32558107376098633,1,0,1.6877611543246822,1,-2.3,0,111,0
AZE,Azerbaijan,2007,Europe & Central Asia,Upper middle income,16.6997549618244,25.4632157314482,96.6418081486575,20.7939232417976,13.9011034961161,0.33787891268730164,0.8607732057571411,0.1643451750278473,0,2.8735507955192316,0,2.3,0,111,1
BGD,Bangladesh,2007,South Asia,Lower middle income,9.10698496905382,7.05859935449848,39.9423826531735,50.2819117580457,0.817756922700044,0.5,0.7772061824798584,0.1643451750278473,0,2.3132267659096466,0.3942342873818497,-1.9,1,111,1
BLR,Belarus,2007,Europe & Central Asia,Upper middle income,8.42675273505309,8.60000659811426,128.153877979073,25.2209559379737,3.99176494489288,0.4629466235637665,1,0.4168718457221985,0,2.2435516826283153,1,-7.8,1,111,1
BLZ,Belize,2007,Latin America & Caribbean,Upper middle income,2.3180827464202,3.33939738340764,95.9555511519831,50.8765052723159,8.22731936335606,0.5,1,0.1643451750278473,0,1.1993871301011114,0.22930405863986925,-0.2,1,111,1
BEN,Benin,2007,Sub-Saharan Africa,Lower middle income,1.29806813334152,5.98634932177609,49.1137841529705,20.7109819579844,1.70386973478894,0.8632785677909851,0.7261795997619629,0.1643451750278473,0,0.8320688279607232,0,0.2,1,132,1
BTN,Bhutan,2007,South Asia,Lower middle income,5.15611138758462,16.1047836542012,106.929022415,54.0336410211856,5.88132297381915,0.5,1,0.1643451750278473,0,1.817445309962484,NA,0.8,1,534,1
BOL,Bolivia,2007,Latin America & Caribbean,Lower middle income,8.70560923578869,4.56438426887904,76.0619114476148,60.333265491656,2.79185385749299,0.7976261973381042,0.7471866607666016,0.6875051259994507,0,2.2727039901054624,0.9197721530070402,-1.4,0,111,0
BWA,Botswana,2007,Sub-Saharan Africa,Upper middle income,7.08099847172692,5.79255577727118,98.4965249407252,49.7863917216888,4.6808134501234004,0.4271206855773926,0.4768615663051605,1,0,2.0895154381319907,1,5.7,0,199,0
BRA,Brazil,2007,Latin America & Caribbean,Upper middle income,3.64127299102652,6.06987060733128,25.2926113757805,68.3591986273479,3.19082655934052,0.674777626991272,0.2386893332004547,0.5368082523345947,0,1.5349886801250054,1,-2.7,0,111,0
BFA,Burkina Faso,2007,Sub-Saharan Africa,Low income,-0.230627306273049,4.11137901761516,33.7797172895073,18.9952949594834,0.284717939080865,0.8632785677909851,0.7261795997619629,0.1643451750278473,0,0.09531017980432492,0,-5,1,132,1
BDI,Burundi,2007,Sub-Saharan Africa,Low income,8.41206285772543,3.44449364663615,NA,24.619613407841,0.036885807330262,0.5970185399055481,0.3899244368076325,0,0,2.2419921493091803,0,-2.5,0,111,0
CPV,Cabo Verde,2007,Sub-Saharan Africa,Lower middle income,4.41099704193488,15.1706879735517,94.2062075477847,71.1488112717832,11.6247473388534,0.2565937936306,0.7261903882026672,0.1643451750278473,0,1.6884333719842115,0,-0.9,1,182,1
KHM,Cambodia,2007,East Asia & Pacific,Lower middle income,8.70882770568049,10.398458101201,133.700023826819,27.4766104246117,8.56334609470361,0.40862685441970825,0.7086747884750366,0.7167128920555115,0,2.2730355443947765,0.7167128920555115,0.6,NA,NA,NA
CMR,Cameroon,2007,Sub-Saharan Africa,Lower middle income,0.921402245650095,4.32758900972871,53.2156908605178,15.5063350261574,0.792290665611713,0.49399086833000183,0.7261795997619629,0.1643451750278473,0,0.6530552557500238,0,3.7,1,132,1
CAF,Central African Republic,2007,Sub-Saharan Africa,Low income,0.959917619457109,4.60753485452025,37.5808990187896,14.0040339877604,3.33860588929027,0.49399086833000183,0.7261795997619629,0.1643451750278473,0,0.6729024414698732,0,1,1,132,1
TCD,Chad,2007,Sub-Saharan Africa,Low income,-8.9747396200927,4.20017418206496,75.1059962731949,7.70608483788778,-2.96036446114529,0.49399086833000183,0.7261795997619629,0.1643451750278473,0,0.09531017980432492,0,2,1,132,1
CHN,China,2007,East Asia & Pacific,Upper middle income,4.81676767378834,14.1499854947127,61.2664640006176,147.145178873564,4.33537500236917,0.3777339458465576,0.7467412948608398,0.1643451750278473,0,1.760744724950759,1,0.1,0,111,0
COL,Colombia,2007,Latin America & Caribbean,Upper middle income,5.54438485815155,6.73819469090975,37.0988970982903,33.7551965296607,4.30867680626701,0.52521812915802,0.16902238130569458,0.4168718457221985,0,1.8786074084133857,0.5953960076337919,-0.8,0,111,0
COM,Comoros,2007,Sub-Saharan Africa,Lower middle income,4.46616710098131,0.803599788247752,33.1561792127495,15.9442378815728,0.966721983950354,1.7981727432925254e-4,0.7262231707572937,0.1643451750278473,0,1.6985776580194405,NA,-1.2,1,132,1
COD,"Congo, Dem. Rep.",2007,Sub-Saharan Africa,Low income,16.9451006541949,8.52992974243585,72.9983031777719,6.3767881694153,9.83955871746128,NA,0.20416131615638733,0.1643451750278473,1,2.887317133622285,0,1.2,0,111,0
COG,"Congo, Rep.",2007,Sub-Saharan Africa,Lower middle income,2.65464645060702,-6.61399480441001,148.586625395069,17.2004506508317,16.216555026587,0.49399086833000183,0.7261795997619629,0.1643451750278473,0,1.2959993581829845,0,9,1,132,1
CRI,Costa Rica,2007,Latin America & Caribbean,Upper middle income,9.35724456417157,8.21513198348715,86.4565958439349,53.9245551115533,8.33742597856098,0.6607893109321594,0.47107166051864624,0.7167128920555115,0,2.337686232746079,0.7167128920555115,0.6,0,111,0
CIV,Cote d'Ivoire,2007,Sub-Saharan Africa,Lower middle income,1.89200629349597,1.10142976793477,61.4309423484426,18.8465266467747,1.54311664780089,0.8632785677909851,0.7261795997619629,0.1643451750278473,0,1.061950480468414,0,-0.4,1,132,1
DJI,Djibouti,2007,Middle East & North Africa,Lower middle income,4.96597654553301,NA,NA,78.3291818465357,23.0388936446947,0.21914061903953552,1,1,0,1.786072754729316,1,-1.9,1,111,1
DMA,Dominica,2007,Latin America & Caribbean,Upper middle income,3.6322212931782,5.3579375575878,NA,77.0831762795153,9.08254423496638,0.370233416557312,1,0.4168718457221985,0,1.5330365139952713,0.4712955895532587,1.8,1,111,1
DOM,Dominican Republic,2007,Latin America & Caribbean,Upper middle income,6.14356655248047,7.41840577774235,61.229259153164,32.794952585776,5.12424998266344,0.7063745856285095,0.3975246846675873,0.8200953602790833,0,1.9662121687884573,0.8724123345226593,0.3,0,111,0
ECU,Ecuador,2007,Latin America & Caribbean,Upper middle income,2.27618478002121,1.90242859700484,68.8505854462677,31.3915215103295,0.388921736574003,0.43004369735717773,1,1,0,1.186679568558047,1,2.7,NA,NA,NA
EGY,"Egypt, Arab Rep.",2007,Middle East & North Africa,Lower middle income,9.31896905799229,7.08782742681038,65.077873254565,96.2064140574651,8.87633606337272,0.6097782850265503,0.6415465474128723,1,0,2.3339838575819636,1,-4.9,1,111,1
SLV,El Salvador,2007,Latin America & Caribbean,Upper middle income,4.57808572377153,1.84760220587859,77.6210560347995,62.6383686717004,9.11434743633077,0.338396817445755,1,1,0,1.71884565727859,1,-2.3,1,111,1
GNQ,Equatorial Guinea,2007,Sub-Saharan Africa,Upper middle income,2.80373831775704,15.2821139194857,134.083789857569,6.99603968549037,9.50702132548057,0.49399086833000183,0.7261795997619629,0.1643451750278473,0,1.3359843509806968,0,17.2,1,132,1
SWZ,Eswatini,2007,Sub-Saharan Africa,Lower middle income,8.07608827861589,4.31772144872362,NA,22.066084451342,1.10564693422697,0.05418915674090385,1,0.1643451750278473,0,2.205643293469663,0,2.4,1,199,1
ETH,Ethiopia,2007,Sub-Saharan Africa,Low income,17.2404008340897,11.4561670019891,NA,39.7427532885857,1.12647092519686,NA,0.6413922905921936,0.1643451750278473,0,2.90363895995789,1,-3.6,0,111,0
FJI,Fiji,2007,East Asia & Pacific,Upper middle income,4.80370641306988,-0.850654310045783,NA,72.2557771542802,13.7414773077002,0.3927280604839325,0.3281733989715576,0.1643451750278473,0,1.7584967501915303,0,0.4,0,111,0
GAB,Gabon,2007,Sub-Saharan Africa,Upper middle income,5.03031883679951,6.00810802487668,85.1324791636578,16.9536460055297,5.25722235465119,0.49399086833000183,0.7261795997619629,0.1643451750278473,0,1.7967998844323851,0,8.1,1,132,1
GMB,"Gambia, The",2007,Sub-Saharan Africa,Low income,5.36913473801957,3.04324950829739,44.2938444656791,25.6959111443614,6.10257365099724,NA,0.12499695271253586,1,0,1.8514636264519355,1,0.3,0,111,0
GEO,Georgia,2007,Europe & Central Asia,Upper middle income,9.24489745592404,12.5755698246405,88.3934140686603,24.1197213823188,18.5993001881899,NA,0.5816570520401001,0.7474732995033264,0,2.326779772458149,0.6393294705806337,0.8,0,111,0
GHA,Ghana,2007,Sub-Saharan Africa,Lower middle income,10.7342665456292,4.34681910440079,65.3543222852532,25.7168116882847,5.57118876952139,0.5450251698493958,0.6366100311279297,0.1643451750278473,1,2.462513325912042,0.3942342873818497,-4.9,0,111,0
GRD,Grenada,2007,Latin America & Caribbean,Upper middle income,3.85882922469653,6.12345094741467,NA,90.2366289719078,21.7777169094036,0.36998486518859863,1,0.1643451750278473,0,1.580797508623068,0.3942342873818497,-5.9,1,111,1
GTM,Guatemala,2007,Latin America & Caribbean,Upper middle income,6.82161753590326,6.33771869016203,69.0013643101763,45.6766463041048,2.55959192771149,NA,0.594483494758606,1,0,2.0568913791909655,1,-1.4,1,111,1
GIN,Guinea,2007,Sub-Saharan Africa,Lower middle income,18.1755656108597,6.81747111070281,71.1210322265015,12.9341619843047,6.14302807033806,NA,NA,0,1,2.9536368441251772,0,1.3,0,111,0
GNB,Guinea-Bissau,2007,Sub-Saharan Africa,Low income,4.61743772241997,2.55982647078751,46.2445284700147,18.6695106273411,2.49217201872461,0.7372608184814453,0.3995582163333893,0.1643451750278473,0,1.725875638664308,0.7326588197655602,-8.8,1,132,1
HTI,Haiti,2007,Latin America & Caribbean,Lower middle income,6.55722772638066,4.70652994008303,34.2825489611293,23.5708047230825,0.807269738778004,0.36369121074676514,0.34779778122901917,1,0,2.0225044200798052,1,-1.5,0,111,0
HND,Honduras,2007,Latin America & Caribbean,Lower middle income,6.93621470895774,6.18832716678008,135.070634917917,56.7870372674305,7.82223281251053,0.9389244914054872,1,0.4168718457221985,0,2.071436424676789,0.5953960076337919,-0.3,1,111,1
IND,India,2007,South Asia,Lower middle income,6.37288135593231,7.6608150670107,45.686268679348,72.2804239219053,2.07339404668754,0.570357620716095,0.3539946675300598,0.1643451750278473,0,1.9978085871829792,NA,-3.7,0,111,0
IDN,Indonesia,2007,East Asia & Pacific,Upper middle income,6.40656087966005,6.34502222667214,54.8292499782075,41.7541476720251,1.6030105718879,0.6494560241699219,0.33917126059532166,0.700158953666687,0,2.0023662127672153,0.4858059173893547,-1,0,111,0
IRN,"Iran, Islamic Rep.",2007,Middle East & North Africa,Upper middle income,17.3410404624277,8.15577352358517,49.8873069225934,47.3968984443766,0.5769461352122,0.9172680974006652,1,0.4476322829723358,1,2.909141197085414,1,-2.4,1,111,1
JAM,Jamaica,2007,Latin America & Caribbean,Upper middle income,9.24482067275562,1.43195403769627,NA,46.5888217679578,6.34318590681939,0.7330893278121948,0.6425314545631409,0.9400318264961244,0,2.3267722776582755,0.9282381053614164,-3.7,0,111,0
JOR,Jordan,2007,Middle East & North Africa,Lower middle income,4.74390639021648,8.17616995204646,145.994246288526,129.620073693668,15.3248262609959,0.2206006795167923,1,1,0,1.748139534645243,1,2.8,1,111,1
KAZ,Kazakhstan,2007,Europe & Central Asia,Upper middle income,10.8468362075557,8.89999999999405,92.1616330969975,36.0303789108957,11.4190297456091,0.3387131690979004,0.35860103368759155,0.1643451750278473,0,2.472060845229685,0,5.1,0,111,0
KEN,Kenya,2007,Sub-Saharan Africa,Lower middle income,9.75888023027529,6.85072976998784,53.8947888046059,36.0648196834475,2.28124317373484,0.849735677242279,0.3814777731895447,0.700158953666687,0,2.3757314814999257,1,-1,0,111,0
KGZ,Kyrgyz Republic,2007,Europe & Central Asia,Lower middle income,10.2301032660484,8.54287477507607,137.058387838563,30.5782720540925,5.46786640053175,0.7182764410972595,0.3472996652126312,0.7601271867752075,0,2.418597964260023,0.8882875280468147,1.3,0,111,0
LAO,Lao PDR,2007,East Asia & Pacific,Lower middle income,4.66197269469701,7.59682880054878,79.2126289035269,24.1018900504253,7.66062749777557,0.30783092975616455,0.6195722818374634,0.1643451750278473,0,1.7337723641236833,0.3942342873818497,-1.1,0,111,1
LSO,Lesotho,2007,Sub-Saharan Africa,Lower middle income,8.01243669043409,4.18791409957151,165.048948833372,34.4391018777085,4.49541724323026,0.27836692333221436,1,0.1643451750278473,0,2.1986054779466264,0,10.8,1,199,1
LBR,Liberia,2007,Sub-Saharan Africa,Low income,11.3918966807102,9.53527536282282,NA,13.4398815964005,9.58759370688019,0.41605451703071594,0.31459757685661316,1,0,2.517042765499935,1,2.3,0,111,0
LBY,Libya,2007,Middle East & North Africa,Upper middle income,6.25098782993553,6.22998278561838,102.732315500893,30.1603580845503,6.89224565927254,NA,0.5430286526679993,0.1643451750278473,0,1.981137711989968,1,28.4,0,111,0
MDG,Madagascar,2007,Sub-Saharan Africa,Low income,10.2879663187671,5.71056419885052,66.7027353570049,20.2004514501872,9.26011530963958,0.812351405620575,0.3576371371746063,0.4168718457221985,1,2.4237372307373355,1,-2.3,0,132,0
MWI,Malawi,2007,Sub-Saharan Africa,Low income,7.9522099086403,9.59999987683469,NA,9.50945013082068,1.92814440747221,0.613274097442627,0.7724570035934448,0,0,2.1919004189742513,0,-2.6,1,111,1
MYS,Malaysia,2007,East Asia & Pacific,Upper middle income,2.02735317779569,6.29878592740947,192.465506357652,125.202378366958,4.68684578287436,0.23685595393180847,0.43568310141563416,0.4168718457221985,0,1.1076886990827377,0.30219016649938735,-2.6,0,111,0
MDV,Maldives,2007,South Asia,Upper middle income,6.79477353930168,7.13338024717898,NA,41.5584009621151,7.08805679103643,0.6791885495185852,1,1,0,2.053453450041753,1,-3.2,1,111,1
MLI,Mali,2007,Sub-Saharan Africa,Low income,1.41200201714577,1.76004607889122,46.8977916240376,18.9081406499771,2.12739780758978,0.8632785677909851,0.7261795997619629,0.1643451750278473,0,0.8804571151605138,0,-2.3,1,132,1
MRT,Mauritania,2007,Sub-Saharan Africa,Lower middle income,7.25410841304887,-1.96942274988409,86.0640556779132,18.8240200681825,3.2067650776131,0.3499729037284851,0.47895148396492,0.1643451750278473,0,2.110711065851458,0.3942342873818497,-1.4,0,111,0
MUS,Mauritius,2007,Sub-Saharan Africa,Upper middle income,8.82729272393294,5.72701615981669,118.624058148821,92.3307058061301,4.11677685025773,0.31024616956710815,0.26316866278648376,1,0,2.2851634866575092,1,-2.9,0,112,0
MEX,Mexico,2007,Latin America & Caribbean,Upper middle income,3.96684905458235,2.07786393438754,55.2585243944498,24.8136087350091,2.81398718018792,0.918556809425354,0.4182325601577759,0.700158953666687,0,1.602785646008184,1,-1.5,0,111,1
FSM,"Micronesia, Fed. Sts.",2007,East Asia & Pacific,Lower middle income,3.30634278002699,-1.72367428324624,100.789149581242,37.6733175212312,NA,0.3856283128261566,1,1,0,1.4600890009821563,1,-3.5,1,111,1
MDA,Moldova,2007,Europe & Central Asia,Upper middle income,12.3671668414302,3.00000022585525,142.720539023021,51.1776850795433,12.1790254892383,0.5934700965881348,0.4042014181613922,0.1643451750278473,1,2.5928014645026884,0,0.1,0,111,0
MNG,Mongolia,2007,East Asia & Pacific,Upper middle income,9.63096309630964,10.2480163590057,117.880426425377,48.4450400461868,8.80188727419921,0.6460661888122559,0.6161450743675232,0.700158953666687,0,2.363770789972218,0.7981618540657297,2.6,0,111,1
MAR,Morocco,2007,Middle East & North Africa,Lower middle income,2.04208512673344,3.44106776690418,71.3496467796657,99.1055847307515,3.24999332315429,0.4828892946243286,0.7241600155830383,0.1643451750278473,0,1.112543177250111,0.3942342873818497,-0.1,1,132,1
MOZ,Mozambique,2007,Sub-Saharan Africa,Low income,8.48948675497455,7.64935393795867,66.1203821840516,24.0179829757093,3.85414645531421,0.06939318031072617,0.37142080068588257,0.1643451750278473,0,2.2501845284379804,1,-2.2,0,111,0
MMR,Myanmar,2007,East Asia & Pacific,Lower middle income,35.0245970717698,11.9914352402146,NA,18.7856651892155,3.5175166973129,0.3543231189250946,0.5466912984848022,0,0,3.584201957139339,0,-3.5,0,111,0
NAM,Namibia,2007,Sub-Saharan Africa,Upper middle income,6.54788141101717,5.37404415167634,104.979303758915,42.1802996007121,7.57033929521728,0.06608492136001587,1,0.1643451750278473,0,2.0212669160708994,1,6,1,199,1
NPL,Nepal,2007,South Asia,Lower middle income,2.26921924439074,3.41156027980276,44.5792750200254,60.8601858820846,0.0556064154566332,0.5753503441810608,0.6421132683753967,0.1643451750278473,0,1.1845511932174353,0,-0.7,1,534,1
NIC,Nicaragua,2007,Latin America & Caribbean,Lower middle income,11.1269347446118,5.0763520180987,93.025730229333,31.2908195480807,5.14186605474194,0.4703061282634735,0.9881096482276917,1,0,2.4954289906600784,1,1.9,0,111,0
NER,Niger,2007,Sub-Saharan Africa,Low income,0.0539592607581562,3.14272408386731,35.5028028471007,12.4275915436328,1.72858641411291,0.8632785677909851,0.7261795997619629,0.1643451750278473,0,0.09531017980432492,0,-0.7,1,132,1
NGA,Nigeria,2007,Sub-Saharan Africa,Lower middle income,5.38800796858626,6.59113036068679,NA,19.2910852561516,2.16919536982392,0.42178893089294434,0.4879662096500397,0.299841046333313,0,1.8544224777825231,1,-0.8,0,111,0
PAK,Pakistan,2007,South Asia,Lower middle income,7.59868441050774,4.4448143398844,30.7878814312746,48.7159412383176,3.03571933817685,0.5287915468215942,0.7637774348258972,0.1643451750278473,0,2.1516092160351574,1,-4.2,1,111,1
PNG,Papua New Guinea,2007,East Asia & Pacific,Lower middle income,0.91135045567524,7.81518922862388,NA,31.7792628674398,1.36861708392094,0.579322338104248,0.45763835310935974,0.5076004862785339,0,0.6478100370762284,0.5886447537742123,6.9,0,111,0
PRY,Paraguay,2007,Latin America & Caribbean,Upper middle income,8.13047417698577,5.42162287218235,79.0011374202968,22.0031148065728,0.588024684579866,0.38915956020355225,0.3263057768344879,0.7474732995033264,0,2.211617629401262,1,1.3,0,111,0
PER,Peru,2007,Latin America & Caribbean,Upper middle income,1.77998644680372,8.5183877690955,55.6881132836815,32.5157292830662,5.37428655925625,0.6471689343452454,0.4958338737487793,1,0,1.0224460524402013,1,3.3,0,111,0
PHL,Philippines,2007,East Asia & Pacific,Lower middle income,2.90000000000003,6.51929155018938,73.6449799920629,57.9283385499564,1.87121245887706,0.4370112717151642,0.3683096468448639,0.4476322829723358,0,1.3609765531356084,0.5287044104467413,-0.3,0,111,0
RWA,Rwanda,2007,Sub-Saharan Africa,Low income,9.08072205873158,7.63329819125276,35.9709731972278,17.0505411887058,2.02144725253631,0.5856881141662598,1,0.1643451750278473,0,2.310624892888388,0,-1.6,1,111,1
WSM,Samoa,2007,East Asia & Pacific,Lower middle income,5.57706393219629,0.485982550017255,83.2022041824641,40.724055468647,1.18938989753826,0.13461901247501373,0.3865930736064911,0.1643451750278473,0,1.883588434843095,0.3942342873818497,0.5,0,196,0
STP,Sao Tome and Principe,2007,Sub-Saharan Africa,Lower middle income,18.5485136325779,3.64147185166024,NA,37.9005828623502,24.156401012097,0.350597620010376,0.5214000940322876,0.5523677468299866,1,2.9728992545168738,0.5523677468299866,125.1,0,111,0
SEN,Senegal,2007,Sub-Saharan Africa,Lower middle income,5.85330428467681,2.82711920133374,59.2713043549794,24.4766407245979,2.51145667497291,0.8632785677909851,0.7261795997619629,0.1643451750278473,0,1.9247309132926744,0,-2.8,1,132,1
SLB,Solomon Islands,2007,East Asia & Pacific,Lower middle income,7.66602013484806,3.63973499569106,83.7476138715,27.2726099023519,12.3665456662597,0.5266529321670532,1,0.1643451750278473,0,2.159409646745443,0,13.7,1,111,1
ZAF,South Africa,2007,Sub-Saharan Africa,Upper middle income,6.17781214809388,5.36047405394162,57.125139137747,71.0936792582327,1.97755772219349,0.6585196852684021,0.2875744700431824,0.1643451750278473,0,1.970994621875004,0.3942342873818497,1.2,0,111,0
LKA,Sri Lanka,2007,South Asia,Lower middle income,15.8421114924843,6.79682611892866,68.6065116601391,39.2326973771293,1.8639738781084,0.4980446398258209,0.3149366080760956,0.4476322829723358,1,2.8238823864935187,0.5287044104467413,-5.8,0,111,0
LCA,St. Lucia,2007,Latin America & Caribbean,Upper middle income,2.82310373736929,1.69161857433913,NA,73.7687537294455,15.193420090713,0.36998486518859863,1,0.4476322829723358,0,1.341062589415258,1,-1.6,1,111,1
VCT,St. Vincent and the Grenadines,2007,Latin America & Caribbean,Upper middle income,7.23614701584807,3.3229685982929,NA,61.066309425752,11.7815895828964,0.370233416557312,1,0.1643451750278473,0,2.108532639400601,0,-3.1,1,111,1
SUR,Suriname,2007,Latin America & Caribbean,Upper middle income,6.42627934470524,5.11148777773458,101.377000372162,44.5890158445339,-8.40083736509118,0.6316679120063782,1,0,0,2.005024972163628,0,5,1,111,1
TJK,Tajikistan,2007,Europe & Central Asia,Lower middle income,13.1491247062982,7.80000011872161,145.528099715723,21.3004154899878,9.67777994325544,0.4488295018672943,0.8797839879989624,0.1643451750278473,0,2.649652763963807,0.36714325860631464,2.1,1,111,1
TZA,Tanzania,2007,Sub-Saharan Africa,Lower middle income,7.02551436974771,6.76853520293716,48.0583947796554,22.8842319180522,2.66011088834969,0.5913146734237671,0.27456411719322205,0.1643451750278473,0,2.082625762880742,0.5801363815350187,-1.4,0,111,0
THA,Thailand,2007,East Asia & Pacific,Upper middle income,2.24154095286803,5.43515169050809,129.873226989717,100.365424196487,3.28356939351343,0.25121045112609863,0.5224776864051819,0.1643451750278473,0,1.17604881947815,0,0.2,0,111,0
TGO,Togo,2007,Sub-Saharan Africa,Low income,0.945673271705214,-1.1751368996605,61.7740721086659,22.9092040747066,1.65977178667302,0.8632785677909851,0.7261795997619629,0.1643451750278473,0,0.6656080722909109,NA,-1.8,1,132,1
TON,Tonga,2007,East Asia & Pacific,Upper middle income,5.84224874901387,-2.46430779100223,68.2299182500325,48.4170088039327,5.89035555053906,0.273122638463974,0.312254935503006,0.1643451750278473,0,1.9231164420789728,0,5.4,0,111,0
TUN,Tunisia,2007,Middle East & North Africa,Lower middle income,2.96694432477349,6.70952097453554,104.059400976647,57.5782977249506,3.89395159860218,0.443033367395401,0.4756925404071808,0.1643451750278473,0,1.3779961068416955,0,-2.5,0,132,0
TUR,Turkiye,2007,Europe & Central Asia,Upper middle income,8.75618090972632,5.10818513903604,48.027468179713,41.4884884910048,3.21746696332257,0.34162142872810364,0.310645192861557,0.1643451750278473,0,2.277901023614129,0,-1.4,0,111,0
UGA,Uganda,2007,Sub-Saharan Africa,Low income,6.1385108328505,8.41242596551071,46.7774166522822,20.8754529821104,6.65659725038112,0.3916880190372467,0.2262175530195236,1,0,1.9655041877707464,1,-0.8,0,111,0
UKR,Ukraine,2007,Europe & Central Asia,Upper middle income,12.8387796190181,8.21584445165715,88.0465606718626,52.7430734756066,6.8531805098082,0.7466077208518982,1,0.1643451750278473,0,2.62747476848502,1,-1.9,1,111,1
VUT,Vanuatu,2007,East Asia & Pacific,Lower middle income,3.93548387096774,2.8758922877538,90.1716511021211,99.8533044727589,6.61419496414564,0.6084851026535034,0.3137623965740204,NA,0,1.5964507169072888,NA,0.2,0,111,0
VNM,Viet Nam,2007,East Asia & Pacific,Lower middle income,8.34444889773837,7.12950448605439,154.605383996554,100.579772836829,8.65471771434805,0.7662010192871094,0.7047843337059021,0.1643451750278473,0,2.234782466213858,0.3942342873818497,-1.7,1,111,1
YEM,"Yemen, Rep.",2007,Middle East & North Africa,Low income,7.9051177898873,3.33842795605096,79.1234205876059,35.2069791411138,4.23684804102557,0.35486912727355957,1,1,0,2.1866261440418246,1,NA,1,111,1
ZMB,Zambia,2007,Sub-Saharan Africa,Lower middle income,10.6573496000153,8.35243624447406,65.7714586909068,18.483666323897,9.41811167277731,0.8676037192344666,0.24730393290519712,1,0,2.4559368480529096,1,-1,0,111,0
ALB,Albania,2008,Europe & Central Asia,Upper middle income,3.32087090389274,6.90706230713707,75.2485472798728,73.3334018869234,9.40665320050491,0.7411898374557495,0.16508126258850098,0.1643451750278473,0,1.4634569800611672,0,-4.9,0,134,1
DZA,Algeria,2008,Middle East & North Africa,Upper middle income,4.85859062814938,2.49999999929371,71.0284922505261,59.7094462183175,1.46277344571787,0.5183272361755371,0.17990243434906006,0.1643451750278473,0,1.7679090675206963,1,7.8,0,132,0
AGO,Angola,2008,Sub-Saharan Africa,Lower middle income,12.4758291326397,10.7866360496581,108.680408741993,28.2495306190181,1.69952793928946,0.7107776999473572,0.943633794784546,0,1,2.600897646081294,0,-3.8,0,111,1
ARM,Armenia,2008,Europe & Central Asia,Upper middle income,8.94995335353387,6.90000000042959,54.5423279613666,19.8358366931835,8.09234920917782,0.7121633291244507,0.6197812557220459,1,0,2.297567863072464,1,-1.8,0,111,1
AZE,Azerbaijan,2008,Europe & Central Asia,Upper middle income,20.8490871772712,10.591437462476,89.2428968637573,21.1629793146757,8.1611083168233,0.30296948552131653,0.6134681105613708,0.5076004862785339,0,3.0841591438849982,1,17.2,0,111,0
BGD,Bangladesh,2008,South Asia,Lower middle income,8.90194489465153,6.01378975738535,42.6209140325589,51.1876270713566,1.4496579161576,0.5,1,0.1643451750278473,0,2.292731191851188,0.3942342873818497,-3.4,1,111,1
BLR,Belarus,2008,Europe & Central Asia,Upper middle income,14.8378764828254,10.1999994860937,129.599478545475,23.8546185862172,3.60135661387402,0.422767698764801,0.5498639941215515,0.1643451750278473,0,2.762404316971688,0.3942342873818497,-10.9,0,111,0
BLZ,Belize,2008,Latin America & Caribbean,Upper middle income,6.39443100250033,-1.62747776449082,105.461874277231,56.5627646901246,9.75973413898317,0.5,1,0.1643451750278473,0,2.000727149659567,0.22930405863986925,1.3,1,111,1
BEN,Benin,2008,Sub-Saharan Africa,Lower middle income,7.94729876067854,4.89657708429647,47.7753592695169,23.2666022946797,0.492562990177947,0.5897770524024963,0.6498876214027405,0.1643451750278473,0,2.1913516722822917,0,0,1,132,1
BTN,Bhutan,2008,South Asia,Lower middle income,8.32716049382712,4.52944877696235,101.954235669521,61.7583180578183,0.23863062320184,NA,1,0.1643451750278473,0,2.2329306270403513,NA,-2.6,1,534,1
BOL,Bolivia,2008,Latin America & Caribbean,Lower middle income,14.0068107702519,6.14849787462195,82.8670208961798,64.207384597071,3.07261074755318,0.6748287677764893,0.25499436259269714,0.6275368928909302,0,2.708504149402214,0.8395442262725767,3.1,0,111,0
BWA,Botswana,2008,Sub-Saharan Africa,Upper middle income,12.7021883920075,3.25207295796832,99.008222007989,53.5475302533667,4.85440497340622,0.3140379786491394,0.256677508354187,1,0,2.6175555567204234,1,-7.6,0,199,0
BRA,Brazil,2008,Latin America & Caribbean,Upper middle income,5.67859390284168,5.09419544811998,27.2575694165953,70.4894529705898,2.99060892561747,0.4357861876487732,0.132905974984169,0.5368082523345947,0,1.8989074718050951,1,-2.4,0,111,0
BFA,Burkina Faso,2008,Sub-Saharan Africa,Low income,10.6597978997424,5.79999174105387,35.3853169801502,20.8826596935394,0.351169723487995,0.5897770524024963,0.6498876214027405,0.1643451750278473,0,2.456146847988461,0,-3.6,1,132,1
BDI,Burundi,2008,Sub-Saharan Africa,Low income,24.4069510353913,4.90874190813545,NA,25.2588848848776,0.237816296916251,0.5433710813522339,0.4545906186103821,0,0,3.235022799396335,0,-2.7,0,111,0
CPV,Cabo Verde,2008,Sub-Saharan Africa,Lower middle income,6.77443546371142,7.03901129565128,90.9663882396256,68.9449933497726,10.7624753520891,0.5384946465492249,0.6498895287513733,0.1643451750278473,0,2.0508408462601753,0,-1.4,1,182,1
KHM,Cambodia,2008,East Asia & Pacific,Lower middle income,24.096851930605,7.47636606631011,130.393510678736,24.1147968902835,6.69590818514056,0.4096084237098694,0.6106622815132141,0.7167128920555115,0,3.222742417180421,0.7167128920555115,0.4,NA,NA,NA
CMR,Cameroon,2008,Sub-Saharan Africa,Lower middle income,5.33780627627498,2.8476778892105,56.9244171562734,16.3715836247368,0.0757546676819469,0.23665493726730347,0.6498876214027405,0.1643451750278473,0,1.8465326953669137,0,1.9,1,132,1
CAF,Central African Republic,2008,Sub-Saharan Africa,Low income,9.25895099417076,2.05413096200485,34.4375218095517,15.1768159629271,5.87486387887319,0.23665493726730347,0.6498876214027405,0.1643451750278473,0,2.328150592231973,0,-1.2,1,132,1
TCD,Chad,2008,Sub-Saharan Africa,Low income,10.2969758221254,3.08119033861925,69.0677746090641,8.48248041674512,3.48233332294757,0.23665493726730347,0.6498876214027405,0.1643451750278473,0,2.424535063539386,0,2.8,1,132,1
CHN,China,2008,East Asia & Pacific,Upper middle income,5.92525137041091,9.67024588602851,56.7111330003209,146.512649012789,3.67520717506325,0.3777339458465576,0.6172259449958801,0.1643451750278473,0,1.9351743503909151,1,0,0,111,0
COL,Colombia,2008,Latin America & Caribbean,Upper middle income,6.9968849555451,3.28344618616541,39.1676494164355,35.9614943047243,4.35627834630067,0.5744515657424927,0.14851345121860504,0.700158953666687,0,2.0790520852946797,1,0,0,111,0
COM,Comoros,2008,Sub-Saharan Africa,Lower middle income,1.7007817628453,3.96461118871815,36.2185263542809,16.5833465307162,0.507893616352291,2.0341078925412148e-4,0.6498721241950989,0.1643451750278473,0,0.9935412728957028,NA,-1.5,1,132,1
COD,"Congo, Dem. Rep.",2008,Sub-Saharan Africa,Low income,17.3013845700156,7.40172337539792,72.9527093196566,7.38692429885377,7.59918523525185,0.8767748475074768,0.268746018409729,0.1643451750278473,1,2.906976716549029,0,-0.3,0,111,0
COG,"Congo, Rep.",2008,Sub-Saharan Africa,Lower middle income,4.95875092023151,6.30637595585259,133.108486659608,18.5039484494991,16.7210018165878,0.23665493726730347,0.6498876214027405,0.1643451750278473,0,1.784860881970536,0,23.9,1,132,1
CRI,Costa Rica,2008,Latin America & Caribbean,Upper middle income,13.4244635507283,4.73817487754022,86.4015127113254,56.6043766075203,7.90900698278232,0.535431981086731,0.25662803649902344,0.7167128920555115,0,2.668925622844984,0.7167128920555115,0.2,0,111,0
CIV,Cote d'Ivoire,2008,Sub-Saharan Africa,Lower middle income,6.30852769152578,4.7826659787672,61.9406212969499,18.4376064652673,1.37441880759786,0.5897770524024963,0.6498876214027405,0.1643451750278473,0,1.9890418432879395,0,-0.2,1,132,1
DJI,Djibouti,2008,Middle East & North Africa,Lower middle income,11.9586206896551,NA,NA,80.4738941721765,22.785843817934,0.453395277261734,1,1,0,2.561761256992886,1,0.6,1,111,1
DMA,Dominica,2008,Latin America & Caribbean,Upper middle income,6.35992183336295,7.12131217762231,NA,75.4106788527866,11.7112903770296,0.5536879301071167,1,0.700158953666687,0,1.9960493122173968,1,0.7,1,111,1
DOM,Dominican Republic,2008,Latin America & Caribbean,Upper middle income,10.6446210953711,3.26808671288212,61.4285058325394,30.3614114002226,5.67335967834237,0.48945561051368713,0.5963733196258545,0.8800635933876038,0,2.45484436483966,0.9362061672613295,-3.4,0,111,0
ECU,Ecuador,2008,Latin America & Caribbean,Upper middle income,8.40009593987462,6.56492068224719,74.5902963648439,31.7120206715018,1.7294958127597,0.4306623935699463,1,1,0,2.240719895593514,1,0.6,NA,NA,NA
EGY,"Egypt, Arab Rep.",2008,Middle East & North Africa,Lower middle income,18.3168316831684,7.15628356605819,71.6806253489671,88.4042515689559,5.8314126186488,0.37602388858795166,0.22918273508548737,1,0,2.960976823781856,1,-6,0,111,0
SLV,El Salvador,2008,Latin America & Caribbean,Upper middle income,6.70792293515939,2.15440298282768,80.6659739399085,58.5581867908332,5.0206011155903,0.3648339807987213,1,1,0,2.042248752468848,1,-3.8,1,111,1
GNQ,Equatorial Guinea,2008,Sub-Saharan Africa,Upper middle income,6.55176691184535,17.7991091333811,128.688006601458,6.4761202007167,-4.01962840224965,0.23665493726730347,0.6498876214027405,0.1643451750278473,0,2.0217815639396255,0,14.6,1,132,1
SWZ,Eswatini,2008,Sub-Saharan Africa,Lower middle income,12.6574601863915,1.44055358727118,NA,22.7547915693139,3.26736558419805,0.05318684503436088,1,0.1643451750278473,0,2.61428590613734,0,1.6,1,199,1
ETH,Ethiopia,2008,Sub-Saharan Africa,Low income,44.3566858766951,10.7885216870332,NA,33.9671207502096,0.400997134132688,NA,0.6125187277793884,0.1643451750278473,1,3.8145575940672,1,-2.9,0,111,0
FJI,Fiji,2008,East Asia & Pacific,Upper middle income,7.73227857918421,1.03279422025963,NA,65.4790014641183,19.2785877551773,0.5353983640670776,0.23045338690280912,0.1643451750278473,0,2.167026341429396,0,1.6,0,111,0
GAB,Gabon,2008,Sub-Saharan Africa,Upper middle income,5.26430145575285,-3.30843064878751,88.9988725945748,16.1294990713945,4.45376516954727,0.23665493726730347,0.6498876214027405,0.1643451750278473,0,1.8348670826507123,0,11,1,132,1
GMB,"Gambia, The",2008,Sub-Saharan Africa,Low income,4.4436549094501,6.25590553394287,39.0890994561344,27.8833287099057,4.53283904240458,NA,0.17748849093914032,1,0,1.6944506936268644,1,-0.5,0,111,0
GEO,Georgia,2008,Europe & Central Asia,Upper middle income,9.99948761552747,2.42161440960641,86.2982243681487,23.1807163672451,12.5221905619449,0.325797438621521,0.1702716201543808,0.7474732995033264,0,2.397848691306876,0.6393294705806337,-1.9,0,111,0
GHA,Ghana,2008,Sub-Saharan Africa,Lower middle income,16.494639613412,9.14979893831817,69.5142256111434,27.461460329864,9.46643908231485,0.6243995428085327,0.4251882135868073,0.1643451750278473,1,2.8618945262026223,0.3942342873818497,-5.6,0,111,0
GRD,Grenada,2008,Latin America & Caribbean,Upper middle income,8.0332732765034,0.947542624907697,NA,87.1066983245366,17.4857564898281,0.5534393787384033,1,0.1643451750278473,0,2.2009147908378877,0.3942342873818497,-3.7,1,111,1
GTM,Guatemala,2008,Latin America & Caribbean,Upper middle income,11.355761126315,3.29352400028485,65.1787305213103,43.8604398640306,1.89952208705823,0.7298645973205566,0.4380280673503876,1,0,2.514122442263032,1,-1.6,0,111,0
GIN,Guinea,2008,Sub-Saharan Africa,Lower middle income,23.065612938798,4.13301615965833,64.1842433909581,14.7319989040666,5.48348837799648,NA,0.2353709191083908,0,1,3.180783972565682,0,0.4,0,111,0
GNB,Guinea-Bissau,2008,Sub-Saharan Africa,Low income,10.4600731354706,4.52457514610252,45.1388893744724,20.5487991421485,0.695948347275502,0.5869183540344238,0.16558347642421722,0.1643451750278473,0,2.4388690930699473,0.7326588197655602,-0.7,1,132,1
HTI,Haiti,2008,Latin America & Caribbean,Lower middle income,15.2817744823772,2.6580323082747,36.1450381454244,22.9951623340376,0.285633151798952,0.474430799484253,0.46935993432998657,1,0,2.790046352323595,1,-1.8,0,111,0
HND,Honduras,2008,Latin America & Caribbean,Lower middle income,11.4034270813932,4.23160011009342,135.748955193053,52.9996944844307,8.65020371949481,0.7398759126663208,1,0.700158953666687,0,2.5179728119574665,1,-0.3,1,111,1
IND,India,2008,South Asia,Lower middle income,8.34926704907581,3.08669805921981,53.3682204392226,77.3729561105341,3.6205232354017,0.5988447666168213,0.263874351978302,0.1643451750278473,0,2.2352979497547265,NA,-8.1,0,111,0
IDN,Indonesia,2008,East Asia & Pacific,Upper middle income,10.2266663272483,6.01370360009123,58.5613996312961,38.3099210918693,1.82632902403998,0.49727723002433777,0.13346603512763977,0.700158953666687,0,2.4182918704727885,0.4858059173893547,0.1,0,111,0
IRN,"Iran, Islamic Rep.",2008,Middle East & North Africa,Upper middle income,25.4105090311987,0.250856553493634,48.2294027741438,44.2912620049814,0.487596567096289,0.6986545920372009,0.34386229515075684,0.4476322829723358,1,3.273762000307268,1,-4.4,0,111,0
JAM,Jamaica,2008,Latin America & Caribbean,Upper middle income,22.0228384991843,-0.811736702186792,NA,43.4984046222144,10.0413036123443,0.6084473133087158,0.3812398612499237,0.8800635933876038,0,3.1364867014777937,0.8564761393959606,-7.3,0,111,0
JOR,Jordan,2008,Middle East & North Africa,Lower middle income,13.9712310012729,7.22038637280139,140.91292596092,118.416732985521,12.4753075049094,0.28221461176872253,1,1,0,2.7061304262646906,1,1.9,1,111,1
KAZ,Kazakhstan,2008,Europe & Central Asia,Upper middle income,17.139899777207,3.30000000021091,94.2948046483658,39.0408803844671,12.6039290016987,0.399011105298996,0.7520281672477722,0.1643451750278473,0,2.898113919710702,0,1.2,0,111,1
KEN,Kenya,2008,Sub-Saharan Africa,Lower middle income,26.2398166445063,0.232282744812977,57.5785986473131,36.1054991412913,0.266291327300955,0.6621603965759277,0.15079134702682495,0.700158953666687,0,3.304679750146554,1,-2,0,111,0
KGZ,Kyrgyz Republic,2008,Europe & Central Asia,Lower middle income,24.5201024234102,8.40161604861429,146.106082230139,24.8692419159336,7.33453630196803,0.598974883556366,0.29814738035202026,0.8200953602790833,0,3.2394664719250477,1,1.9,0,111,0
LAO,Lao PDR,2008,East Asia & Pacific,Lower middle income,7.62880887577516,7.82490276337012,81.8491820941317,24.2925765896944,4.18200303606929,0.32048895955085754,0.4814774096012115,0.1643451750278473,0,2.1551064742224875,0.3942342873818497,-1.9,0,111,0
LSO,Lesotho,2008,Sub-Saharan Africa,Lower middle income,10.7156661309681,5.52341966978646,161.126590593391,33.4564054765705,0.623122767576779,0.02084876038134098,1,0.1643451750278473,0,2.4609269317147957,0,8.1,1,199,1
LBR,Liberia,2008,Sub-Saharan Africa,Low income,17.489448642993,7.14569112811476,NA,14.7209281266767,16.4273509506381,0.5273074507713318,0.5339447259902954,1,0,2.9172002257544865,1,-2.7,0,111,1
LBY,Libya,2008,Middle East & North Africa,Upper middle income,10.3607288954998,-0.162048238799883,103.242158045544,36.4320992308852,4.74139501074499,0.5825761556625366,0.3154498338699341,0.1643451750278473,0,2.4301625745708764,1,27.7,0,111,0
MDG,Madagascar,2008,Sub-Saharan Africa,Low income,9.29650839381057,6.71263253913001,74.357353960806,19.7663952945683,10.5779307609142,0.5976691246032715,0.18170085549354553,0.4168718457221985,0,2.3318048468730117,1,-1.7,0,132,0
MWI,Malawi,2008,Sub-Saharan Africa,Low income,8.71260186609043,7.63973639944591,NA,12.8330454715885,2.5237027903489,0.3686902225017547,1,0,0,2.273424203781925,0,-2.9,1,111,1
MYS,Malaysia,2008,East Asia & Pacific,Upper middle income,5.44078221100769,4.83176988913097,176.668324785148,119.590240517141,3.28081949125174,0.3733973503112793,0.31197306513786316,0.700158953666687,0,1.8626499940770291,0.6411903128264653,-3.4,0,111,0
MDV,Maldives,2008,South Asia,Upper middle income,12.0414583505108,8.97645459033633,NA,41.6488727183431,7.97903444514319,0.6164579391479492,1,1,0,2.5681333869408633,1,-9.9,1,111,1
MLI,Mali,2008,Sub-Saharan Africa,Low income,9.17098813667678,3.63871070955426,53.6430193090625,14.9292811872479,2.33379628946697,0.5897770524024963,0.6498876214027405,0.1643451750278473,0,2.3195393672556763,0,-1.7,1,132,1
MRT,Mauritania,2008,Sub-Saharan Africa,Lower middle income,7.34663541249786,-0.331079223430805,94.1202110004251,19.4028682479444,6.58359348707617,0.2749593257904053,0.2724688649177551,0.1643451750278473,0,2.121858513047735,0.3942342873818497,-3.3,0,111,0
MUS,Mauritius,2008,Sub-Saharan Africa,Upper middle income,9.73228317146887,5.38696254207251,113.492663899724,95.1935982222238,3.72959175354516,0.3019275963306427,0.19963093101978305,1,0,2.3732563179279973,1,-2.6,0,112,0
MEX,Mexico,2008,Latin America & Caribbean,Upper middle income,5.12498274575896,0.943331863036903,56.3652818862573,25.1802636113508,2.56307995916969,0.6938695907592773,0.1514526009559631,0.700158953666687,0,1.8123759394078776,1,-0.7,0,111,0
FSM,"Micronesia, Fed. Sts.",2008,East Asia & Pacific,Lower middle income,8.42372566246186,-2.5834881422762,111.186554275186,37.967690122597,NA,0.5665549039840698,1,1,0,2.24323051596576,1,-1.6,1,111,1
MDA,Moldova,2008,Europe & Central Asia,Upper middle income,12.783047261882,7.80000014541523,134.4216013477,50.3492766552239,12.0005134783383,0.7554978132247925,0.25444769859313965,0.1643451750278473,1,2.6234393777046088,0,-0.9,0,111,0
MNG,Mongolia,2008,East Asia & Pacific,Upper middle income,27.9556650246306,8.90036794067551,121.198013401183,34.5876176377218,15.02161500005,0.6864126324653625,0.29341113567352295,0.7601271867752075,0,3.3657658679370774,0.8874920617444784,-4.5,0,111,0
MAR,Morocco,2008,Middle East & North Africa,Lower middle income,3.71484311494064,5.68453936284732,77.8344716425602,101.361583924074,2.42213508852785,0.3987981677055359,0.5029425024986267,0.1643451750278473,0,1.5507156419243426,0.3942342873818497,0.6,1,132,1
MOZ,Mozambique,2008,Sub-Saharan Africa,Low income,14.5028053002268,6.87802942560995,64.981416499828,25.7104251141459,4.96426075394528,0.1280868500471115,0.43467631936073303,0.1643451750278473,0,2.741020994660416,1,-1.9,0,111,0
MMR,Myanmar,2008,East Asia & Pacific,Lower middle income,26.7995371934022,10.2553053929808,NA,17.229314061422,2.71127181000311,0.5,0.31546470522880554,0,1,3.325019372838671,0,-2.7,0,111,0
NAM,Namibia,2008,Sub-Saharan Africa,Upper middle income,9.0946430719281,2.64981203780268,119.644498184785,41.9584643495958,8.71835372051848,0.0354064516723156,1,0.1643451750278473,0,2.312004894223247,1,3.5,1,199,1
NPL,Nepal,2008,South Asia,Lower middle income,9.9078300530648,6.10463914373472,46.036206351191296,75.4000957899399,0.00793215735192788,0.4454454779624939,0.5500054359436035,0.1643451750278473,0,2.3894808848349096,0,-0.3,1,534,1
NIC,Nicaragua,2008,Latin America & Caribbean,Lower middle income,19.8262031287429,3.43571693608081,96.7939847302055,27.9424396738007,7.38263377911966,0.509339451789856,0.991205871105194,1,0,3.0362119596730692,1,0.3,0,111,0
NER,Niger,2008,Sub-Saharan Africa,Low income,11.3051098827019,7.73141422777337,39.7112440540383,11.4575177298271,3.87903143663185,0.5897770524024963,0.6498876214027405,0.1643451750278473,0,2.510014613726098,0,1.1,1,132,1
NGA,Nigeria,2008,Sub-Saharan Africa,Lower middle income,11.5810751748252,6.76447277780228,NA,23.8118714049568,2.41373918254011,0.5755817294120789,0.2264518439769745,0.299841046333313,0,2.5321937146174323,1,4,0,111,0
PAK,Pakistan,2008,South Asia,Lower middle income,20.2861210929554,2.1204410433083,34.3489608135242,45.8138779202502,2.68936656124595,0.6133125424385071,0.27488085627555847,0.1643451750278473,0,3.0580552684571014,1,-5.9,0,111,0
PNG,Papua New Guinea,2008,East Asia & Pacific,Lower middle income,10.7614182326827,-0.296457845880582,NA,30.7827249968755,0.410070468415145,0.6665579676628113,0.4471802711486816,0.5675687193870544,0,2.464824533216361,0.6914836164383338,2.7,0,111,0
PRY,Paraguay,2008,Latin America & Caribbean,Upper middle income,10.1547846489023,6.49629211973152,80.7775746572591,24.9607301432981,1.83503669212255,0.4454896152019501,0.1525331288576126,0.6875051259994507,0,2.411868522355456,0.9197721530070402,2.3,0,111,0
PER,Peru,2008,Latin America & Caribbean,Upper middle income,5.78587598206755,9.1265683014642,58.4337673899053,36.1800409316858,5.74335697642786,0.6995769739151001,0.23097720742225647,1,0,1.914843390637648,1,2.5,0,111,0
PHL,Philippines,2008,East Asia & Pacific,Lower middle income,8.26044703595725,4.34448730509183,67.6810707730401,56.9987238589589,0.737800589215242,0.34827715158462524,0.2636123299598694,0.4476322829723358,0,2.22575232351414,0.5287044104467413,0,0,111,0
RWA,Rwanda,2008,Sub-Saharan Africa,Low income,15.4382138709255,11.1612473247323,37.6045108548055,15.6995263439751,1.97476605952382,0.3275087773799896,0.7493935823440552,0.1643451750278473,0,2.7996087384048702,0,0.8,1,111,1
WSM,Samoa,2008,East Asia & Pacific,Lower middle income,11.565906838454,3.55610467395,73.8864270586579,38.6950454746052,7.15667986967314,0.29604700207710266,0.19450055062770844,0.1643451750278473,0,2.5309873401743457,0.3942342873818497,-0.4,0,196,0
STP,Sao Tome and Principe,2008,Sub-Saharan Africa,Lower middle income,31.9901039492573,6.2287850696102,NA,37.9044582267528,42.0928084101522,0.3983813524246216,0.450356662273407,0.8356548547744751,1,3.496207636167848,0.8356548547744751,13.6,0,111,0
SEN,Senegal,2008,Sub-Saharan Africa,Lower middle income,7.34720236578406,3.70316906391386,62.7617698176319,23.8672279723791,2.70404739796078,0.5897770524024963,0.6498876214027405,0.1643451750278473,0,2.1219264367084234,0,-3.5,1,132,1
SLB,Solomon Islands,2008,East Asia & Pacific,Lower middle income,17.3200651968774,6.22590636247851,87.3526158028726,26.0542812309102,9.68358178998539,0.4937807321548462,0.553592324256897,0.1643451750278473,0,2.907996918021169,0,1.7,0,111,0
ZAF,South Africa,2008,Sub-Saharan Africa,Upper middle income,9.90998456005467,3.1910438863288,65.9745237996233,73.2952082257562,3.12686614310453,0.7126045227050781,0.1133134514093399,0.1643451750278473,0,2.3896783846335903,0.3942342873818497,-0.5,0,111,0
LKA,Sri Lanka,2008,South Asia,Lower middle income,22.5644955300126,5.95008814473897,63.369043608222,34.5243803776736,1.84752962305149,0.4456275403499603,0.24207395315170288,0.4476322829723358,1,3.159741152551072,0.5287044104467413,-5.9,0,111,0
LCA,St. Lucia,2008,Latin America & Caribbean,Upper middle income,5.54954769383937,4.94932194028057,NA,73.8247503654163,13.6063864155208,0.5534393787384033,1,0.4476322829723358,0,1.8793959928871289,1,-0.7,1,111,1
VCT,St. Vincent and the Grenadines,2008,Latin America & Caribbean,Upper middle income,10.0662418245849,0.404640808638888,NA,61.898836401423,21.4509743987017,0.5536879301071167,1,0.1643451750278473,0,2.4038991971727053,0,-1.3,1,111,1
SUR,Suriname,2008,Latin America & Caribbean,Upper middle income,14.6671427437912,4.14340681165626,109.166838523407,44.7968786250779,-6.54973190348526,0.38456082344055176,1,0,0,2.751565700481812,0,2.4,1,111,1
TJK,Tajikistan,2008,Europe & Central Asia,Lower middle income,20.4705219109964,7.89999827154939,114.480149093579,15.0855801381567,9.42813566158299,0.39713361859321594,0.6730324029922485,0.4476322829723358,1,3.0666809204446244,1,1.9,1,111,1
TZA,Tanzania,2008,Sub-Saharan Africa,Lower middle income,10.2783937621135,5.68641685905224,49.0265445510865,22.2978434928101,4.94943766923668,0.41948142647743225,0.22102344036102295,0.1643451750278473,0,2.4228888389547474,0.5801363815350187,-1.9,0,111,0
THA,Thailand,2008,East Asia & Pacific,Upper middle income,5.46848949649845,1.72569884866334,140.437011540931,102.445696265008,2.93824905393328,0.3634938895702362,0.32343435287475586,0.4168718457221985,0,1.8669426185820377,1,0.8,0,111,0
TGO,Togo,2008,Sub-Saharan Africa,Low income,8.69482814363902,4.03561315398862,62.3076674472105,25.2118931519205,1.11146694137374,0.5897770524024963,0.6498876214027405,0.1643451750278473,0,2.271592562249624,NA,-0.6,1,132,1
TON,Tonga,2008,East Asia & Pacific,Upper middle income,10.4469875128222,4.86284132376997,72.6563791156237,45.7449455028012,6.24719241143554,0.35843804478645325,0.17730450630187988,0.4476322829723358,0,2.437726596066713,0.5287044104467413,2.1,0,111,0
TUN,Tunisia,2008,Middle East & North Africa,Lower middle income,4.34502807623045,4.23778147502819,114.343660218696,58.8689381757723,5.79738619600755,0.44286954402923584,0.3955685496330261,0.1643451750278473,0,1.676166797265916,0,-0.6,0,132,0
TUR,Turkiye,2008,Europe & Central Asia,Upper middle income,10.4441283764885,0.920118221365883,50.7612500066681,45.8136833548705,2.56004537243285,0.29867956042289734,0.1118483990430832,0.4476322829723358,0,2.4374767929236603,1,-2.1,0,111,0
UGA,Uganda,2008,Sub-Saharan Africa,Low income,12.0508555482886,8.70875190154499,56.2582682050634,23.6176766205558,5.04737190164171,0.44471603631973267,0.2016497254371643,1,0,2.5688536908756197,1,-2,0,111,0
UKR,Ukraine,2008,Europe & Central Asia,Upper middle income,25.226461707384,2.24349159628288,94.1718921417534,52.0505883486641,5.68814936936009,0.6502645015716553,0.1210346519947052,0.1643451750278473,0,3.266768889902944,1,-3,0,111,0
VUT,Vanuatu,2008,East Asia & Pacific,Lower middle income,4.84171322160149,5.60099182147214,105.774852580058,100.016065015118,6.38080367466041,0.5374839901924133,0.2132667601108551,NA,0,1.7650241136818137,NA,0,0,111,0
VNM,Viet Nam,2008,East Asia & Pacific,Lower middle income,23.1154483474477,5.66177120891362,154.317479627758,93.6571699337952,9.6630390545572,0.7365866899490356,0.4660422205924988,0.4168718457221985,0,3.1828526454048207,1,-0.4,0,111,0
YEM,"Yemen, Rep.",2008,Middle East & North Africa,Low income,18.9762574318076,3.64756947012633,81.244718850294,31.949362486555,5.7769623200871,0.41705307364463806,1,1,0,2.9945444399492804,1,NA,1,111,1
ZMB,Zambia,2008,Sub-Saharan Africa,Lower middle income,12.4455793463192,7.77389581542363,59.4548891205874,19.101743578019,5.24050811284723,0.6689693927764893,0.10029275715351103,1,0,2.5986503788868758,1,-0.7,0,111,0
ALB,Albania,2009,Europe & Central Asia,Upper middle income,2.26692209450826,2.69075152362146,73.3213575646169,74.3824850094564,10.9068201480963,0.7081844806671143,0.19342292845249176,0.1643451750278473,0,1.1838482861479722,0,-6.6,0,134,0
DZA,Algeria,2009,Middle East & North Africa,Upper middle income,5.73706036145627,1.19999999969519,64.2847547238993,66.7819216878756,1.82742164668261,0.6934331059455872,0.2181861996650696,0.1643451750278473,0,1.9076236816320573,1,-6.5,0,132,0
AGO,Angola,2009,Sub-Saharan Africa,Lower middle income,13.7302839288408,1.99558909788963,102.263183257986,39.2457687887471,2.69909240017807,0.6568659543991089,0.2852572500705719,0,1,2.6899055058380417,0,-6.8,0,111,0
ARM,Armenia,2009,Europe & Central Asia,Upper middle income,3.40676682683801,-14.1000000006998,57.2742357441995,25.9414625160401,8.78869421378729,0.6251790523529053,0.15382935106754303,1,0,1.4831412747341923,1,-7.7,0,111,0
AZE,Azerbaijan,2009,Europe & Central Asia,Upper middle income,1.45704835970321,9.36950260277183,74.7440416836369,23.7888372455655,6.54746236391725,0.27366766333580017,1,0.28428158164024353,0,0.8989607757642346,0.34940874235971875,5.9,1,111,1
BGD,Bangladesh,2009,South Asia,Lower middle income,5.42347236174679,5.04512479919337,40.092796223023,54.8817155926531,0.879517142536145,0.5,1,0.1643451750278473,0,1.859958837802103,0.3942342873818497,-2.7,1,111,1
BLR,Belarus,2009,Europe & Central Asia,Upper middle income,12.9456563410401,0.199995231733979,108.63564482836,26.8187235249449,3.68858496262614,0.6269636154174805,0.13099969923496246,0.1643451750278473,0,2.635168086378468,0.3942342873818497,-7.2,0,111,0
BLZ,Belize,2009,Latin America & Caribbean,Upper middle income,-1.10431044864355,-0.446709636828217,89.5808843860925,62.0010478463507,6.44782371601601,0.5545854568481445,1,0.1643451750278473,0,0.09531017980432492,0.22930405863986925,-2.5,1,111,1
BEN,Benin,2009,Sub-Saharan Africa,Lower middle income,0.896072355749069,2.31929213912838,44.7026290629806,23.9524195587132,-0.193121764606275,0.39942625164985657,0.5850935578346252,0.1643451750278473,0,0.6397845654195773,0,-2.2,1,132,1
BTN,Bhutan,2009,South Asia,Lower middle income,4.36112219119804,7.66749238553135,101.559411565244,69.1265171494716,1.37452904839501,NA,1,0.1643451750278473,0,1.679173317198606,NA,-0.8,1,534,1
BOL,Bolivia,2009,Latin America & Caribbean,Lower middle income,3.34645420142013,3.35699957430558,68.6270739127592,70.1103985691524,2.43967814560444,0.48311126232147217,1,0.5675687193870544,0,1.469360386594348,0.7593163792796168,2.3,1,111,1
BWA,Botswana,2009,Sub-Saharan Africa,Upper middle income,8.02729703109581,-14.1442346163423,88.4807886337378,53.4769363816476,2.06256005196384,0.07876062393188477,0.3261649012565613,1,0,2.200252990515536,1,-13.8,0,199,0
BRA,Brazil,2009,Latin America & Caribbean,Upper middle income,4.88803479876798,-0.12581200299141,22.1059756060711,76.0904194424089,1.88848240446291,0.464124470949173,0.2402886152267456,0.5368082523345947,0,1.7729222915259548,1,-4.2,0,111,0
BFA,Burkina Faso,2009,Sub-Saharan Africa,Low income,2.60817666368314,2.96195085866692,40.2959836735924,24.450580568313,0.599468939611006,0.39942625164985657,0.5850935578346252,0.1643451750278473,0,1.2832025654371184,0,-4.2,1,132,1
BDI,Burundi,2009,Sub-Saharan Africa,Low income,10.5554355299529,3.7870758305051,NA,25.8770374379,0.0196229518082158,0.3970562517642975,0.8238575458526611,0,0,2.4471559349202106,0,-5.1,1,111,1
CPV,Cabo Verde,2009,Sub-Saharan Africa,Lower middle income,0.991103480568084,-1.50358672385678,80.4609561325344,71.0321628337926,6.80241863090143,0.5983937978744507,0.5850681066513062,0.1643451750278473,0,0.688688997899246,0,-5.3,0,182,0
KHM,Cambodia,2009,East Asia & Pacific,Lower middle income,-1.24171754189637,4.07477850599065,102.2879490147,31.1811886246228,7.42542554520067,0.4481560885906219,0.616305410861969,0.7167128920555115,0,0.09531017980432492,0.7167128920555115,-3.9,NA,NA,NA
CMR,Cameroon,2009,Sub-Saharan Africa,Lower middle income,3.04361847939999,2.57925177738754,42.1761073594765,16.6728729156932,2.671669501987,0.3700262308120727,0.5850935578346252,0.1643451750278473,0,1.3971399543239216,0,-0.1,1,132,1
CAF,Central African Republic,2009,Sub-Saharan Africa,Low income,3.52126227238642,8.58726042640994,31.4942464896799,15.5031081709309,2.04509891475672,0.3700262308120727,0.5850935578346252,0.1643451750278473,0,1.5087912186595678,0,-0.5,1,132,1
TCD,Chad,2009,Sub-Saharan Africa,Low income,9.95242290748864,-1.40828262674047,64.8597511917067,8.33574882696176,3.04360891943899,0.3700262308120727,0.5850935578346252,0.1643451750278473,0,2.3935607018761806,0,-8.4,1,132,1
CHN,China,2009,East Asia & Pacific,Upper middle income,-0.728165250932898,9.40269972778044,44.4197644331119,172.126190075826,2.52538984334254,0.3684023916721344,0.9419641494750975,0.1643451750278473,0,0.09531017980432492,1,-1.7,1,111,1
COL,Colombia,2009,Latin America & Caribbean,Upper middle income,4.20251661216481,1.13964864548062,35.1561285074585,36.920133331889,3.45627065154005,0.5438893437385559,0.14898799359798431,0.4168718457221985,0,1.6491424723924832,0.5953960076337919,-2.7,0,111,0
COM,Comoros,2009,Sub-Saharan Africa,Lower middle income,4.36234829325719,3.24060198483924,37.8969223253542,18.0285610620514,1.52866108214525,1.5499193978030237e-4,0.5850578546524048,0.1643451750278473,0,1.6794019935522675,NA,0.4,1,132,1
COD,"Congo, Dem. Rep.",2009,Sub-Saharan Africa,Low income,2.79999999999981,0.565481557604713,63.0860045505312,9.73296477064675,-1.30701676006767,0.8760098814964294,0.1773531585931778,0.1643451750278473,0,1.3350010667322902,0,1,0,111,0
COG,"Congo, Rep.",2009,Sub-Saharan Africa,Lower middle income,4.41500374795223,11.6372888615758,135.552365681975,22.0572760170784,12.2288862499697,0.3700262308120727,0.5850935578346252,0.1643451750278473,0,1.689173572595324,0,4.8,1,132,1
CRI,Costa Rica,2009,Latin America & Caribbean,Upper middle income,7.84270167700653,-0.873455942787785,69.7593177251535,56.863634661028,5.25151067245965,0.6705554723739624,0.3539910316467285,0.7167128920555115,0,2.1795924495282786,0.7167128920555115,-3.3,0,111,0
CIV,Cote d'Ivoire,2009,Sub-Saharan Africa,Lower middle income,1.01950457731137,3.60332156667053,66.6729037469185,21.3064601936745,1.17339078576713,0.39942625164985657,0.5850935578346252,0.1643451750278473,0,0.7028522225755184,0,-1,1,132,1
DJI,Djibouti,2009,Middle East & North Africa,Lower middle income,1.67549587285962,NA,NA,89.6739655348111,9.2325515288363,0.6104588508605957,1,0.9400318264961244,0,0.984134736200146,0.8000001192724856,-3.9,1,111,1
DMA,Dominica,2009,Latin America & Caribbean,Upper middle income,0.00626357107066859,-1.13575145648322,NA,77.2843305774439,11.0100917882515,0.5767993330955505,1,0.4168718457221985,0,0.09531017980432492,0.4712955895532587,-0.3,1,111,1
DOM,Dominican Republic,2009,Latin America & Caribbean,Upper middle income,1.44215131834353,1.00345293018719,50.6509376792025,32.9966527807618,3.51548540591409,0.5027541518211365,0.7643117904663086,0.8800635933876038,0,0.8928793386924069,0.9362061672613295,-2.9,1,111,1
ECU,Ecuador,2009,Latin America & Caribbean,Upper middle income,5.15996829181047,1.0910129698311,57.3473460627608,34.5502787587342,0.513570185696715,NA,1,0.9400318264961244,0,1.8180716300988151,0.926876584835856,-3.7,NA,NA,NA
EGY,"Egypt, Arab Rep.",2009,Middle East & North Africa,Lower middle income,11.7634954386443,4.67359979952391,56.5534446363462,83.1559011993859,3.54835118019574,0.448238730430603,0.6401581168174744,0.9400318264961244,0,2.54658917760053,0.9400318264961244,-6.2,0,111,1
SLV,El Salvador,2009,Latin America & Caribbean,Upper middle income,1.05595029731201,-2.10876837627522,66.0711911744487,61.1531119466845,2.09486399547314,0.6062905788421631,1,0.9400318264961244,0,0.7207381728415726,0.9400318264961244,-6.6,1,111,1
GNQ,Equatorial Guinea,2009,Sub-Saharan Africa,Upper middle income,4.69106567747375,1.34335628806095,122.212077110801,10.0057511930449,10.8879553596521,0.3700262308120727,0.5850935578346252,0.1643451750278473,0,1.7388975201401882,0,-6.5,1,132,1
SWZ,Eswatini,2009,Sub-Saharan Africa,Lower middle income,7.44823423445754,1.43311134247756,NA,25.8213598843848,1.86388312281576,0.07037633657455444,1,0.1643451750278473,0,2.1339574531961896,0,-3,1,199,1
ETH,Ethiopia,2009,Sub-Saharan Africa,Low income,8.48364404530282,8.8025531990487,NA,NA,0.682729366934427,NA,0.21042025089263916,0.1643451750278473,0,2.2495686353713142,1,-0.9,0,111,0
FJI,Fiji,2009,East Asia & Pacific,Upper middle income,3.13103559015967,-1.38603770763578,NA,70.1263571777471,10.7423905992561,0.302839994430542,0.13196341693401337,0.1643451750278473,0,1.4185281237635403,0,-2.8,0,111,0
GAB,Gabon,2009,Sub-Saharan Africa,Upper middle income,1.88570754577918,0.130331119816617,83.5045774235636,20.3295668434207,5.24757097949021,0.3700262308120727,0.5850935578346252,0.1643451750278473,0,1.059770119728042,0,6.8,1,132,1
GMB,"Gambia, The",2009,Sub-Saharan Africa,Low income,4.56150687670983,6.6657243078367,41.7773944257977,28.7203048605845,2.72023911271176,NA,0.23141655325889587,1,0,1.715869092533913,1,-1.6,0,111,1
GEO,Georgia,2009,Europe & Central Asia,Upper middle income,1.7275146113791,-3.65075229596822,78.1930390303569,26.4850823519605,6.13732507746039,0.2990638017654419,0.574356198310852,0.5831281542778015,0,1.003390795769988,0.40460399236620814,-6.4,0,111,1
GHA,Ghana,2009,Sub-Saharan Africa,Lower middle income,19.2469482220857,4.84448705175076,71.5947385281523,28.247021571746,9.10808669100415,0.7219858169555664,0.30234697461128235,0.1643451750278473,1,3.0080040771132084,0.3942342873818497,-5,0,111,0
GRD,Grenada,2009,Latin America & Caribbean,Upper middle income,-0.308654779585642,-6.61328134799545,NA,96.3978312982246,14.0935303304599,0.5665733814239502,1,0.1643451750278473,0,0.09531017980432492,0.3942342873818497,-4.4,1,111,1
GTM,Guatemala,2009,Latin America & Caribbean,Upper middle income,1.85910254733028,0.476898106596394,58.0406869738673,46.9158515674456,1.34627822535543,0.753192126750946,0.5946686863899231,1,0,1.050507780948159,1,-3.1,0,111,0
GIN,Guinea,2009,Sub-Saharan Africa,Lower middle income,4.68438868976504,-1.12264204848687,69.8153454158123,17.3685682276753,1.3552372021911,NA,0.16667473316192627,0,0,1.737723591036355,0,-4.9,0,111,0
GNB,Guinea-Bissau,2009,Sub-Saharan Africa,Low income,-1.65139733620775,2.44795106098685,43.5957474099206,22.3638014224458,2.12209420424558,0.4861816167831421,0.20788779854774475,0.1643451750278473,0,0.09531017980432492,0.7326588197655602,2.7,1,132,1
HTI,Haiti,2009,Latin America & Caribbean,Lower middle income,0.393886040173341,5.89037894844316,33.0964998246108,22.1033380328828,0.478313239983432,0.5867149233818054,0.6436834931373596,1,0,0.3320955587622675,1,-2,0,111,0
HND,Honduras,2009,Latin America & Caribbean,Lower middle income,5.49634273772208,-2.43162787988011,96.9050060188904,50.7444750641409,3.38987200238321,0.7070862054824829,1,0.4168718457221985,0,1.871239362816388,0.5953960076337919,-4.9,1,111,1
IND,India,2009,South Asia,Lower middle income,10.8823529411764,7.86188883286074,46.2728696428837,79.0751963448471,2.65159033235479,0.5061044096946716,0.2932743728160858,0.1643451750278473,0,2.4750543533449827,NA,-9.3,0,111,0
IDN,Indonesia,2009,East Asia & Pacific,Upper middle income,4.38641311792074,4.62887118256153,45.5121213687054,38.1966839102142,0.90391941965406,0.6146088242530823,0.2207425981760025,0.700158953666687,0,1.683879693624095,0.4858059173893547,-1.6,0,111,0
IRN,"Iran, Islamic Rep.",2009,Middle East & North Africa,Upper middle income,13.5515548281506,1.00738545790475,43.6995802243585,53.2547045266019,0.720530462050838,0.7107713222503662,0.28370407223701477,0.4476322829723358,1,2.6776978489495455,1,-3.3,0,111,0
JAM,Jamaica,2009,Latin America & Caribbean,Upper middle income,9.59224598930482,-4.34530185828071,NA,44.7619429709654,4.00285728105842,0.7412745952606201,0.33511269092559814,0.8200953602790833,0,2.3601222229907655,0.7847141734305048,-10.8,0,111,0
JOR,Jordan,2009,Middle East & North Africa,Lower middle income,-0.739069743144777,5.02371007272669,112.151998187109,135.844660269964,9.83417874476547,0.5101049542427063,1,1,0,0.09531017980432492,1,-2.3,1,111,1
KAZ,Kazakhstan,2009,Europe & Central Asia,Upper middle income,7.31607858288578,1.19999999942873,75.7660674636533,44.0231721156941,12.3805834457831,0.2821747064590454,0.13971418142318726,0.1643451750278473,0,2.118190819552584,0,-1.3,0,111,0
KEN,Kenya,2009,Sub-Saharan Africa,Lower middle income,9.23412592394652,3.30693981631089,45.9451918127805,31.8735611625184,0.274534230856511,0.7210021615028381,0.4357018172740936,0.700158953666687,0,2.3257278147772533,1,-3.1,0,111,0
KGZ,Kyrgyz Republic,2009,Europe & Central Asia,Lower middle income,6.83656248105368,2.88629457537731,133.379153167955,28.3973532233806,4.03784480909439,0.4379444718360901,0.4579847753047943,0.8200953602790833,0,2.0588002791617654,1,0.4,0,111,0
LAO,Lao PDR,2009,East Asia & Pacific,Lower middle income,0.141187674980385,7.50177491225853,76.930826218652,30.8241747256511,5.45905949594973,NA,0.8112408518791199,0.1643451750278473,0,0.1320695402466481,0.3942342873818497,-3.1,0,111,1
LSO,Lesotho,2009,Sub-Saharan Africa,Lower middle income,-16.8596910540644,-1.25375779920832,158.894737585637,35.7497316275754,5.24720669313801,0.02035637758672237,1,0.1643451750278473,0,0.09531017980432492,0,-4.2,1,199,1
LBR,Liberia,2009,Sub-Saharan Africa,Low income,7.42764305914919,5.30054050291531,NA,18.05911133277,7.22870048206176,0.5297331213951111,0.01322174631059169,1,0,2.13151714325927,1,-1.4,0,111,0
LBY,Libya,2009,Middle East & North Africa,Upper middle income,2.45990025609948,-4.4001817631021,107.620930501039,59.5385277387125,2.25461670882223,0.555050790309906,0.3530524969100952,0.1643451750278473,0,1.241239760937193,1,-5.5,0,111,0
MDG,Madagascar,2009,Sub-Saharan Africa,Low income,8.95421802392949,-3.9787086116544,62.4116975958196,21.1984002551658,13.4485427881281,0.49717089533805847,0.2197764366865158,0.4168718457221985,0,2.297996383343919,1,-2.3,0,132,0
MWI,Malawi,2009,Sub-Saharan Africa,Low income,8.42204427696655,8.3281098524038,NA,13.6828765896372,0.545293920588433,0.5663191676139832,1,0,0,2.2430520795839963,0,-3,1,111,1
MYS,Malaysia,2009,East Asia & Pacific,Upper middle income,0.583308405623702,-1.51352871598714,162.558970452699,139.16562087384,0.056692316075743,0.2585514485836029,0.34767386317253113,0.4168718457221985,0,0.4595165854378957,0.30219016649938735,-5.9,0,111,0
MDV,Maldives,2009,South Asia,Upper middle income,4.53017659132801,-8.34069861571051,NA,46.1538291596222,6.73534012537353,0.3905779719352722,1,0.8356548547744751,0,1.710219748356756,0.6057657841085201,-17.9,1,111,1
MLI,Mali,2009,Sub-Saharan Africa,Low income,2.46375188572299,5.45473562577585,40.5413815805662,18.9761159067928,5.34101259306611,0.39942625164985657,0.5850935578346252,0.1643451750278473,0,1.2423523616115004,0,-3.2,1,132,1
MRT,Mauritania,2009,Sub-Saharan Africa,Lower middle income,2.22092032381779,0.0978759143320076,82.0086176018151,22.4774629456975,-0.0651602023733604,NA,0.4992169439792633,0.1643451750278473,0,1.169667133569279,0.3942342873818497,-3.6,0,111,1
MUS,Mauritius,2009,Sub-Saharan Africa,Upper middle income,2.51609128145113,3.31507699790781,102.458019804655,94.8443556854603,2.77057948666431,0.5206313133239746,0.2088191956281662,0.9400318264961244,0,1.2573499412183338,0.9282381053614164,-3.3,0,112,0
MEX,Mexico,2009,Latin America & Caribbean,Upper middle income,5.29735584228856,-6.29525055780502,54.5917421313503,28.4756399557864,2.08311648626813,0.5703222155570984,0.23542974889278412,0.700158953666687,0,1.840129837722367,1,-3.9,0,111,0
FSM,"Micronesia, Fed. Sts.",2009,East Asia & Pacific,Lower middle income,6.39360257735201,1.09846663749369,111.048565106106,41.4928412348264,NA,0.4976195991039276,1,1,0,2.0006151097261013,1,1.8,1,111,1
MDA,Moldova,2009,Europe & Central Asia,Upper middle income,-0.0627185967108899,-6.00000026352828,110.363326850495,54.0866637338368,4.85271053589236,0.6256512999534607,0.22925332188606265,0.1643451750278473,0,0.09531017980432492,0,-6.4,0,111,0
MNG,Mongolia,2009,East Asia & Pacific,Upper middle income,7.6195059351941,-1.26859893608282,107.813757166177,43.6897019915392,13.6044846187851,0.4343157708644867,0.2045791298151016,0.6557502150535583,0,2.1540277669301986,0.7320094657523513,-5.2,0,111,0
MAR,Morocco,2009,Middle East & North Africa,Lower middle income,0.971862998667636,3.74576940136258,62.3709560152269,105.023134070947,1.94782744330848,0.5713337659835815,0.5025743246078491,0.1643451750278473,0,0.6789787804747889,0.3942342873818497,-1.6,1,132,1
MOZ,Mozambique,2009,Sub-Saharan Africa,Low income,3.78861330914625,5.92897187460815,67.898572768141,31.7276619014597,7.58405403589617,0.18199780583381653,0.30572885274887085,0.1643451750278473,0,1.5662408724637529,1,-4.3,0,111,0
MMR,Myanmar,2009,East Asia & Pacific,Lower middle income,1.47234311385647,10.5500090961932,NA,19.4128736931799,2.92355415980151,0.5,0.3530617356300354,0,0,0.9051663300673513,0,-3.6,0,111,0
NAM,Namibia,2009,Sub-Saharan Africa,Upper middle income,9.45172651521705,0.295970914001089,123.762844292976,62.4297629721557,9.27473594549885,0.01531942654401064,1,0.1643451750278473,0,2.3467671815312148,1,-0.4,1,199,1
NPL,Nepal,2009,South Asia,Lower middle income,11.0948237386987,4.5330787246486,47.0794477633688,80.6631121175555,0.297715388957693,0.504956841468811,0.5362710356712341,0.1643451750278473,0,2.4927775708841775,0,-2.2,0,534,0
NIC,Nicaragua,2009,Latin America & Caribbean,Lower middle income,3.68700160498797,-3.2926651586197,86.9936104453444,31.1562030830581,5.22852820149836,0.5465198755264282,0.98818039894104,1,0,1.5447930613744705,1,-0.9,0,111,0
NER,Niger,2009,Sub-Saharan Africa,Low income,0.582906590801122,1.96260090694645,49.5122567031625,13.0168749118406,8.62089060209857,0.39942625164985657,0.5850935578346252,0.1643451750278473,0,0.459262771451675,0,-3.9,1,132,1
NGA,Nigeria,2009,Sub-Saharan Africa,Lower middle income,12.5378277304689,8.03692510099023,NA,25.1441564158627,2.90024873175983,0.7889940142631531,0.25834590196609497,0.299841046333313,0,2.605487821117649,1,-3.8,0,111,0
PAK,Pakistan,2009,South Asia,Lower middle income,13.6477650639761,3.47255059567348,33.3268872863988,46.339153856902,1.24801305527951,0.6236708760261536,0.5971764922142029,0.1643451750278473,0,2.684287768465331,1,-4.5,0,111,0
PNG,Papua New Guinea,2009,East Asia & Pacific,Lower middle income,6.91832532601224,6.80042148322096,NA,36.9302095200758,3.61496051286185,0.6665579676628113,0.2627353370189667,0.6275368928909302,0,2.0691797347320704,0.7943223768871062,-5.5,0,111,0
PRY,Paraguay,2009,Latin America & Caribbean,Upper middle income,2.59194673430567,-0.261137328115808,70.8419818624334,29.2534643264482,0.860674450934396,0.4124285876750946,0.4082438945770264,0.6275368928909302,0,1.2786943213505122,0.8395442262725767,0.6,0,111,0
PER,Peru,2009,Latin America & Caribbean,Upper middle income,2.936231535967,1.0958236592427,48.1119296153519,36.6668529193717,5.32237544034606,0.46836602687835693,0.3262372612953186,1,0,1.3702238026547409,1,-1.5,0,111,0
PHL,Philippines,2009,East Asia & Pacific,Lower middle income,4.21903052064628,1.44832306275669,60.8865907869758,59.4116189042727,1.17324821246427,0.4482925534248352,0.3710067868232727,0.4476322829723358,0,1.6523116606315844,0.5287044104467413,-2.6,0,111,0
RWA,Rwanda,2009,Sub-Saharan Africa,Low income,12.9443978401712,6.24825750620508,36.8056280084816,14.3347317746841,2.0912940636988,0.4320824444293976,0.7227713465690613,0.1643451750278473,0,2.635077839090917,0,0.3,1,111,1
WSM,Samoa,2009,East Asia & Pacific,Lower middle income,6.32495336235228,-0.541677601834593,75.9793921615973,41.6765624323052,1.57134083023162,0.5517067909240723,0.3471684455871582,0.1643451750278473,0,1.9912867879684977,0.3942342873818497,-3,0,196,0
STP,Sao Tome and Principe,2009,Sub-Saharan Africa,Lower middle income,16.9574758025945,3.30239966645061,NA,34.843260389528,7.72419866486855,0.4663892090320587,0.2194696813821793,0.5523677468299866,1,2.888006507484052,0.5523677468299866,-18,0,134,0
SEN,Senegal,2009,Sub-Saharan Africa,Lower middle income,-2.2480214785534,2.75210448455053,52.3072908773365,26.7483586125725,2.05299535843601,0.39942625164985657,0.5850935578346252,0.1643451750278473,0,0.09531017980432492,0,-3.7,1,132,1
SLB,Solomon Islands,2009,East Asia & Pacific,Lower middle income,7.09271716876286,2.86486309630651,71.8849530192377,28.2140039577131,6.03099456453907,0.678393542766571,1,0.1643451750278473,0,2.090964542264535,0,2.1,1,111,1
ZAF,South Africa,2009,Sub-Saharan Africa,Upper middle income,7.23809523809527,-1.53808913525583,49.5875353278801,69.7119446561274,2.31217470344994,0.6580520272254944,0.15924134850502014,0.1643451750278473,0,2.10876915677436,0.3942342873818497,-4.7,0,111,0
LKA,Sri Lanka,2009,South Asia,Lower middle income,3.46496322106074,3.53891205317842,49.1491415308235,37.353420524259,0.960390452698523,0.5066326856613159,0.3081589341163635,0.4476322829723358,0,1.496260977130089,0.5287044104467413,-8.3,0,111,0
LCA,St. Lucia,2009,Latin America & Caribbean,Upper middle income,-0.156936087168669,-2.82889954830628,NA,78.0258814890724,9.63093050790719,0.5665733814239502,1,0.4476322829723358,0,0.09531017980432492,1,-2.6,1,111,1
VCT,St. Vincent and the Grenadines,2009,Latin America & Caribbean,Upper middle income,0.421539125687215,-1.3781936056056,NA,62.2123964157204,15.3014273138421,0.5668219327926636,1,0.1643451750278473,0,0.3517401759561019,0,-2.9,1,111,1
SUR,Suriname,2009,Latin America & Caribbean,Upper middle income,-0.133636646714877,3.01369898266211,87.9206617785298,46.9185229595789,-2.41006768189509,0.5771859884262085,1,0,0,0.09531017980432492,0,2,1,111,1
TJK,Tajikistan,2009,Europe & Central Asia,Lower middle income,6.44823481066697,3.90000114826496,85.9781370434108,18.2243976796289,2.993500899093,0.17044585943222046,0.23276349902153015,0.1643451750278473,0,2.007977066151679,0.36714325860631464,-0.2,0,111,0
TZA,Tanzania,2009,Sub-Saharan Africa,Lower middle income,12.1422278742988,5.26910524873463,43.5326006456317,22.8666913151105,3.24017488387777,0.6282438039779663,0.6163021326065063,0.1643451750278473,0,2.575830547718046,0.5801363815350187,-4.5,0,111,1
THA,Thailand,2009,East Asia & Pacific,Upper middle income,-0.845716092316721,-0.690618232300579,119.269418854589,109.922073097665,2.27590224065624,0.3943750262260437,0.4165518879890442,0.1643451750278473,0,0.09531017980432492,0,-2.2,0,111,0
TGO,Togo,2009,Sub-Saharan Africa,Low income,3.71360592035809,5.45381096920332,62.210419994299,26.5245076810789,0.980635149082811,0.39942625164985657,0.5850935578346252,0.1643451750278473,0,1.5504532033016127,NA,-2.6,1,132,1
TON,Tonga,2009,East Asia & Pacific,Upper middle income,1.42685972070534,-5.12917819150532,74.3406648891028,44.8577674702127,0.0790635732994994,0.5111183524131775,0.29388415813446045,0.4476322829723358,0,0.886598125611852,0.5287044104467413,6.9,0,111,0
TUN,Tunisia,2009,Middle East & North Africa,Lower middle income,3.66490330642919,3.04345012371552,93.0168787876722,62.5817426630804,3.50988118042442,0.2069633901119232,0.43595120310783386,0.1643451750278473,0,1.5400671066309408,0,-2.6,0,132,0
TUR,Turkiye,2009,Europe & Central Asia,Upper middle income,6.25097663090626,-4.88269401706633,47.0391385732199,51.3950065544163,1.31290302296241,0.42484748363494873,0.23261643946170807,0.4476322829723358,0,1.9811361675055228,1,-5.1,0,111,0
UGA,Uganda,2009,Sub-Saharan Africa,Low income,13.0172561889185,6.80151734860395,47.0638780748379,14.0172749693774,3.3491615513943,0.5566607713699341,0.19184504449367523,1,0,2.640289155528844,1,-1.6,0,111,0
UKR,Ukraine,2009,Europe & Central Asia,Upper middle income,15.8811924594476,-15.1364679101502,87.4761626200316,51.4547649146859,3.9234187670663,0.6615766882896423,0.463495820760727,0,1,2.826200130004892,0,-6,0,111,0
VUT,Vanuatu,2009,East Asia & Pacific,Lower middle income,4.29706572955357,3.03730354099602,108.489179063187,95.0814647975718,5.42349577313271,0.5374839901924133,0.27141672372817993,NA,0,1.6671530313118252,NA,-0.8,0,111,0
VNM,Viet Nam,2009,East Asia & Pacific,Lower middle income,6.71698269988629,5.39789754014181,134.706317721758,105.606938068672,7.16881988884276,0.7062336206436157,0.3904033303260803,0.4168718457221985,0,2.0434234456544083,1,-4.8,0,111,0
YEM,"Yemen, Rep.",2009,Middle East & North Africa,Low income,5.40776098077522,3.86622951587742,68.0713910145084,38.0089240195966,0.51412085018398,0.17024335265159607,0.7332949638366699,1,0,1.85750990894168,1,NA,1,111,1
ZMB,Zambia,2009,Sub-Saharan Africa,Lower middle income,13.3952546325895,9.2203484058663,56.1213809555165,17.8373653191483,4.53277977632725,0.6387265920639038,0.1706903576850891,1,1,2.666898612868407,1,-2.1,0,111,0
ALB,Albania,2010,Europe & Central Asia,Upper middle income,3.62710091517479,2.97315442681247,75.5325329687378,78.0331538048733,9.01744998049889,0.5912914276123047,0.18867936730384827,0.4168718457221985,0,1.5319305197528983,1,-3.5,1,134,1
DZA,Algeria,2010,Middle East & North Africa,Upper middle income,3.91106195534028,4.80000000093564,63.4912159928425,62.615639276869,1.29390467487817,0.6598241329193115,0.21531596779823303,0.1643451750278473,0,1.5914902026037336,1,-1.3,0,132,0
AGO,Angola,2010,Sub-Saharan Africa,Lower middle income,14.4696564932576,5.29366572819954,90.9940631355109,30.4992141555069,-3.37761927933748,0.5006134510040283,0.42202770709991455,0,1,2.7388804596362877,0,3,0,111,0
ARM,Armenia,2010,Europe & Central Asia,Upper middle income,8.17636138473951,2.2000000002151,64.642975973633,26.3390937683362,5.7160373406455,0.6153687834739685,0.3103228211402893,1,0,2.21663076274156,1,-5,0,111,0
AZE,Azerbaijan,2010,Europe & Central Asia,Upper middle income,5.72687224669605,4.78883248761557,74.9859884610856,24.790979277664,6.337255132933,0.44966065883636475,1,0.34424978494644165,0,1.906110287737232,0.5241131135395781,13.8,1,111,1
BGD,Bangladesh,2010,South Asia,Lower middle income,8.12667639169917,5.57178818533122,37.8028426708321,58.7459016095395,1.06896766308322,0.5,0.7033246755599976,0.1643451750278473,0,2.211201596753989,0.3942342873818497,-2.2,1,111,1
BLR,Belarus,2010,Europe & Central Asia,Upper middle income,7.735748043125,7.75001707500896,115.917972989303,29.4840203724149,2.43465600372626,0.6108307242393494,0.5082924962043762,0.1643451750278473,0,2.1674235773692567,0.3942342873818497,-4.2,0,111,0
BLZ,Belize,2010,Latin America & Caribbean,Upper middle income,0.917977378808887,1.41741099233461,94.8581591507411,59.7710241371527,5.51460930694585,0.3992860019207001,1,0.1643451750278473,0,0.6512711822357444,0.22930405863986925,-1.9,1,111,1
BEN,Benin,2010,Sub-Saharan Africa,Lower middle income,2.20783532536523,2.11406472648392,51.4308599492924,25.5234386493141,0.561144747750256,0.2726765275001526,0.6151725053787231,0.1643451750278473,0,1.1655963561945752,0,-0.3,1,132,1
BTN,Bhutan,2010,South Asia,Lower middle income,7.03638316073018,11.9318738376229,105.010666693593,66.4991290563516,4.40487201345335,0.38346660137176514,1,0.1643451750278473,0,2.0839791263449,NA,1.9,1,534,1
BOL,Bolivia,2010,Latin America & Caribbean,Lower middle income,2.5032760584424,4.12672259105658,75.5116262512877,69.7187384776906,3.16542867647895,0.3998840451240539,1,0.5076004862785339,0,1.253698547402732,0.6790884525451534,1.4,1,111,1
BWA,Botswana,2010,Sub-Saharan Africa,Upper middle income,6.94887658743103,10.119723322694,94.6390020873926,49.9227194246318,1.7280613479871,0.2371823787689209,0.47417864203453064,1,0,2.073030608923973,1,-8,0,199,0
BRA,Brazil,2010,Latin America & Caribbean,Upper middle income,5.03872690108074,7.52822581812151,22.7721781132208,74.2193801449518,3.73001226987179,0.3982497751712799,0.23399360477924347,0.4768400490283966,0,1.7981932117631612,0.8882874787311956,-3.6,0,111,0
BFA,Burkina Faso,2010,Sub-Saharan Africa,Low income,-0.764230734676768,8.44628157707625,49.0732385398039,25.6262389906549,0.384492219825665,0.2726765275001526,0.6151725053787231,0.1643451750278473,0,0.09531017980432492,0,-4.1,1,132,1
BDI,Burundi,2010,Sub-Saharan Africa,Low income,6.49326591473993,5.09373697323055,NA,28.2427285653968,0.0384119130803942,0.6214925050735474,0.9758405089378356,0,0,2.014004739173658,0,-3.6,1,111,1
CPV,Cabo Verde,2010,Sub-Saharan Africa,Lower middle income,2.07866470906423,1.83641914989978,85.5484498816191,73.0436006292437,6.36802137795552,0.6663399934768677,0.6151955127716064,0.1643451750278473,0,1.124495966963466,0,-9.6,1,182,1
KHM,Cambodia,2010,East Asia & Pacific,Lower middle income,3.99639528107218,5.07691843229247,109.998400607758,33.8731484201671,10.169807189939,0.6233962178230286,0.46926504373550415,0.7167128920555115,0,1.608716708643592,0.7167128920555115,-3.1,NA,NA,NA
CMR,Cameroon,2010,Sub-Saharan Africa,Lower middle income,1.27538046242338,2.89902472122014,47.2385853965951,18.314405045246,1.94952386693621,0.4756307899951935,0.6151725053787231,0.1643451750278473,0,0.8221472746505514,0,-0.6,1,132,1
CAF,Central African Republic,2010,Sub-Saharan Africa,Low income,1.49102370047802,4.63081843223307,34.4304819543042,16.5114673317348,2.8712892233531,0.4756307899951935,0.6151725053787231,0.1643451750278473,0,0.9126937506779847,0,-1.3,1,132,1
TCD,Chad,2010,Sub-Saharan Africa,Low income,-2.07786574641866,13.6738272741836,63.7311691270791,8.70140951220497,2.22641001271938,0.4756307899951935,0.6151725053787231,0.1643451750278473,0,0.09531017980432492,0,-3.2,1,132,1
CHN,China,2010,East Asia & Pacific,Upper middle income,3.17532475269199,10.5962719761682,49.8540722338977,173.1296534949,3.93541996731512,0.4906684458255768,0.6501929759979248,0.1643451750278473,0,1.4291921403536425,1,-0.4,1,111,1
COL,Colombia,2010,Latin America & Caribbean,Upper middle income,2.27200227892008,4.49465897070922,34.2646031687681,37.9368625133083,2.24433595561184,0.6383157968521118,0.27237847447395325,0.4168718457221985,0,1.1854021152317251,0.5953960076337919,-3.3,0,111,0
COM,Comoros,2010,Sub-Saharan Africa,Lower middle income,3.35475770328919,3.77788070743117,39.5501058029898,20.4028166767333,0.91966985988271,8.227626676671207e-4,0.6151846051216125,0.1643451750278473,0,1.471268972313347,NA,4.2,1,132,1
COD,"Congo, Dem. Rep.",2010,Sub-Saharan Africa,Low income,7.10000000000037,7.84300782191249,80.9975153909582,9.02941039225899,11.3498081290486,0.6691750288009644,0.4958602786064148,0.1643451750278473,0,2.091864061678439,0,-0.8,0,111,1
COG,"Congo, Rep.",2010,Sub-Saharan Africa,Lower middle income,0.391525011227612,9.93126543095578,124.064754399607,20.4565775726738,11.5772952217296,0.4756307899951935,0.6151725053787231,0.1643451750278473,0,0.3304002761144841,0,15.5,1,132,1
CRI,Costa Rica,2010,Latin America & Caribbean,Upper middle income,5.66275708420021,5.36034352634111,67.512089684107,51.0918426788015,5.06371170213526,0.4889637529850006,0.27200496196746826,0.7167128920555115,0,1.896533375494262,0.7167128920555115,-5,0,111,0
CIV,Cote d'Ivoire,2010,Sub-Saharan Africa,Lower middle income,1.22645612135479,6.84804939907013,67.472940081257,23.3989011667238,1.02606239201511,0.2726765275001526,0.6151725053787231,0.1643451750278473,0,0.8004111381319291,0,-1.3,1,132,1
DJI,Djibouti,2010,Middle East & North Africa,Lower middle income,3.95007875923886,NA,NA,93.5269233579306,3.23415329697175,0.7990567088127136,1,0.8800635933876038,0,1.5994034874113665,0.6000000397574952,-1,1,111,1
DMA,Dominica,2010,Latin America & Caribbean,Upper middle income,2.99936630549,-0.105610857694984,NA,78.6756046616684,10.9887086593887,0.4113278388977051,1,0.4168718457221985,0,1.3861359249420422,0.4712955895532587,-3.4,1,111,1
DOM,Dominican Republic,2010,Latin America & Caribbean,Upper middle income,6.32993220146146,8.40114541209596,56.0573964175321,32.4586772089038,3.38320513554667,0.5102115273475647,0.7907999157905579,0.9400318264961244,0,1.9919662663962283,1,-3,1,111,1
ECU,Ecuador,2010,Latin America & Caribbean,Upper middle income,3.55437734567842,4.02913787986621,65.7773849135062,35.4739834890087,0.243419054034351,NA,1,0.8800635933876038,0,1.5160888244807662,0.8537530969915728,-1.4,NA,NA,NA
EGY,"Egypt, Arab Rep.",2010,Middle East & North Africa,Lower middle income,11.2651882653185,5.1472348575531,47.9363500745898,80.7455617272054,2.91601657550141,0.4661488234996796,0.6002052426338196,0.8800635933876038,1,2.5067650273943984,0.8800635933876038,-7.4,0,111,0
SLV,El Salvador,2010,Latin America & Caribbean,Upper middle income,1.17933576873673,2.15419536693635,73.5372876725398,58.4320795168941,-0.613406192808089,0.5697591304779053,1,0.8800635933876038,0,0.7790201371325493,0.8800635933876038,-5,1,111,1
GNQ,Equatorial Guinea,2010,Sub-Saharan Africa,Upper middle income,7.78916547991184,-8.92417588851806,144.668225001248,11.2483528533962,16.7581567258275,0.4756307899951935,0.6151725053787231,0.1643451750278473,0,2.1735197674757867,0,-4.5,1,132,1
SWZ,Eswatini,2010,Sub-Saharan Africa,Lower middle income,4.50923691774369,3.82443487429767,NA,26.0690235530477,3.11096766561026,0.18787015974521637,1,0.1643451750278473,0,1.706426123146496,0,-9.3,1,199,1
ETH,Ethiopia,2010,Sub-Saharan Africa,Low income,8.14926402965082,12.5505383347633,NA,NA,0.963030625359937,NA,0.26516562700271606,0.1643451750278473,0,2.2136734421345055,1,-1.3,0,111,0
FJI,Fiji,2010,East Asia & Pacific,Upper middle income,3.6890122967076,2.9546724221223,NA,67.6410823586535,5.67141021084985,0.27105286717414856,0.29470524191856384,0.1643451750278473,0,1.5452219625624453,0,-1.3,0,111,0
GAB,Gabon,2010,Sub-Saharan Africa,Upper middle income,1.46154402720469,7.08988731455126,89.1576627248353,19.6607552438889,3.64540417621404,0.4756307899951935,0.6151725053787231,0.1643451750278473,0,0.900788806387539,0,2.7,1,132,1
GMB,"Gambia, The",2010,Sub-Saharan Africa,Low income,5.04968075857402,5.90833580968288,41.0125150279466,30.2487862417886,2.40659689644853,NA,0.25233176350593567,1,0,1.8000055034726656,1,-2.9,0,111,0
GEO,Georgia,2010,Europe & Central Asia,Upper middle income,7.11017897486099,6.24640865303363,81.6733870603639,27.9877592941675,7.41065931415781,0.34952959418296814,0.3822278380393982,0.299841046333313,0,2.093119936300709,0,-4.5,0,111,0
GHA,Ghana,2010,Sub-Saharan Africa,Lower middle income,10.7333898354915,7.89971194051621,75.3778157916824,29.619193066523,7.84948455261709,0.5028871297836304,0.705861508846283,0.1643451750278473,1,2.462438609449191,0.3942342873818497,-7.1,0,111,1
GRD,Grenada,2010,Latin America & Caribbean,Upper middle income,3.43650905943351,-0.511146187173722,NA,99.472541575558,7.21829642572972,0.4013504385948181,1,0.1643451750278473,0,1.4898678193138255,0.3942342873818497,-4.1,1,111,1
GTM,Guatemala,2010,Latin America & Caribbean,Upper middle income,3.8595090983316,2.88417542800377,63.1251925746222,47.3037841394878,2.71030706792051,0.45092448592185974,0.49169960618019104,1,0,1.580937424236948,1,-3.3,0,111,0
GIN,Guinea,2010,Sub-Saharan Africa,Lower middle income,15.0502688559001,4.81336016967553,73.5465739340387,26.4414189306179,NA,NA,NA,0,0,2.77572560058215,0,-9.7,0,111,0
GNB,Guinea-Bissau,2010,Sub-Saharan Africa,Low income,2.51785140171701,5.60536311358261,43.5145876385454,24.0611595441454,2.79117647230681,0.3835110366344452,0.1809508055448532,0.1643451750278473,0,1.257850406002282,0.7326588197655602,-0.2,1,132,1
HTI,Haiti,2010,Latin America & Caribbean,Lower middle income,4.82734190074673,-5.65151153448299,44.7215241260457,27.5114657776297,1.50093014768549,0.498871773481369,0.25029775500297546,1,0,1.762560961700763,1,-1.5,0,111,0
HND,Honduras,2010,Latin America & Caribbean,Lower middle income,4.69889064976226,3.73114034433009,109.441838241682,51.3496270054707,3.83460574737835,0.403427928686142,1,0.1643451750278473,0,1.7402715330502938,0.23472552077950623,-3.4,1,111,1
IND,India,2010,South Asia,Lower middle income,11.9893899204244,8.49758470221235,49.2552064974161,77.67995244357,1.6350340943491,0.5051814317703247,0.2857654094696045,0.1643451750278473,0,2.564132864254306,NA,-8.5,0,111,0
IDN,Indonesia,2010,East Asia & Pacific,Upper middle income,5.13420639015885,6.22385418062366,46.7012738758737,36.0017184238458,2.02517914569356,0.3788908123970032,0.45440715551376343,0.700158953666687,0,1.8138807120381195,0.4858059173893547,-1.2,0,111,0
IRN,"Iran, Islamic Rep.",2010,Middle East & North Africa,Upper middle income,10.0893629287979,5.79793830169604,43.7706437371399,54.1146898175522,0.74916862626536,0.4318771958351135,0.40956801176071167,0.4476322829723358,1,2.4059863541574735,1,-0.8,0,111,0
JAM,Jamaica,2010,Latin America & Caribbean,Upper middle income,12.6105519975603,-1.45714720850386,NA,43.675982862313,1.4052035043033,0.5022482872009277,0.5098943114280701,0.7601271867752075,0,2.6108453740745854,0.712952278791921,-6.2,0,111,0
JOR,Jordan,2010,Middle East & North Africa,Lower middle income,4.84551875852116,2.31483422063046,114.222677694125,134.178970455283,6.22247566973912,0.6725835800170898,1,1,0,1.7656753435129038,1,0.2,1,111,1
KAZ,Kazakhstan,2010,Europe & Central Asia,Upper middle income,7.40046356341396,7.30000000329814,74.1382658957842,38.884379747538,5.03630628288047,0.5380046963691711,0.7661211490631104,0.1643451750278473,0,2.1282868904472796,0,1.5,1,111,1
KEN,Kenya,2010,Sub-Saharan Africa,Lower middle income,3.96138889115385,8.05847360290906,50.3942873502834,35.5104303989891,0.392164287395035,0.7060565948486328,0.408599317073822,0.700158953666687,0,1.6016857199168,1,-3.7,0,111,0
KGZ,Kyrgyz Republic,2010,Europe & Central Asia,Lower middle income,7.96772225579684,-0.471566596791618,133.232850492333,31.4130510876697,9.86092233978431,0.45700281858444214,0.7053824067115784,0.8200953602790833,0,2.1936317147056084,1,-5.9,0,111,0
LAO,Lao PDR,2010,East Asia & Pacific,Lower middle income,5.98254521550082,8.52690551739717,84.7203378916677,36.1878338307889,3.90935018167503,0.3750001192092895,0.5645440816879272,0.1643451750278473,0,1.9434134943623536,0.3942342873818497,-1.5,0,111,0
LSO,Lesotho,2010,Sub-Saharan Africa,Lower middle income,-2.40524254598706,5.26967078056286,150.102435487333,39.4502317143071,0.425490583298807,0.24421009421348572,1,0.1643451750278473,0,0.09531017980432492,0,-1.5,1,199,1
LBR,Liberia,2010,Sub-Saharan Africa,Low income,7.28992796890218,6.09982524004147,NA,20.5224558062603,103.337387099033,0.666803240776062,0.5135291218757629,1,0,2.115041280195363,1,1.2,0,111,0
LBY,Libya,2010,Middle East & North Africa,Upper middle income,2.79989500109268,5.0272476723775,98.077213074239,47.2537898621449,2.36664960687642,0.4351818859577179,0.3622964918613434,0.1643451750278473,0,1.3349734350591889,1,11.5,0,111,0
MDG,Madagascar,2010,Sub-Saharan Africa,Low income,9.24732173644116,0.619239744622121,57.8748945101807,21.3619688868951,9.13867133828111,0.44400131702423096,0.14189492166042328,0.2525267004966736,0,2.3270163774354504,0.34919687978446406,-0.8,0,132,0
MWI,Malawi,2010,Sub-Saharan Africa,Low income,7.41159092883827,6.87406585416142,NA,15.2023392638353,0.957814621345542,0.4991312026977539,0.4796927273273468,0,0,2.1296106271808584,0,0.6,1,111,1
MYS,Malaysia,2010,East Asia & Pacific,Upper middle income,1.62285235577035,7.42484738326097,157.944764886771,129.644648612903,4.26864663854031,0.5041642189025879,0.3556475043296814,0.1643451750278473,0,0.964262410993342,0,-4.3,0,111,0
MDV,Maldives,2010,South Asia,Upper middle income,6.14988536750173,6.7854678229144,NA,47.9463196785526,8.36376433060736,0.3905779719352722,1,0.8356548547744751,0,1.9670963240601536,0.6057657841085201,-13.6,1,111,1
MLI,Mali,2010,Sub-Saharan Africa,Low income,1.10892690670186,5.57678859838062,48.8166953660615,20.06510953351,2.92612695500016,0.2726765275001526,0.6151725053787231,0.1643451750278473,0,0.7461792430970188,0,-2.2,1,132,1
MRT,Mauritania,2010,Sub-Saharan Africa,Lower middle income,6.2835408742770396,2.62022948104543,93.4207451334608,19.8830644201774,2.31890567703789,0.5,0.5023796558380127,0.1643451750278473,0,1.985617127791584,0.3942342873818497,-0.5,0,111,0
MUS,Mauritius,2010,Sub-Saharan Africa,Upper middle income,2.93236301369857,4.37720322344293,111.508202075575,96.1358785707249,4.23808594970717,0.4117310047149658,0.34777069091796875,0.8800635933876038,0,1.3692405209376055,0.8564761393959606,-3,0,112,0
MEX,Mexico,2010,Latin America & Caribbean,Upper middle income,4.15672722680174,4.9713345832195,59.2733845293851,29.3078846366342,2.76223720216686,0.3312748670578003,0.3132149279117584,0.700158953666687,0,1.6403021198947834,1,-3.8,0,111,0
FSM,"Micronesia, Fed. Sts.",2010,East Asia & Pacific,Lower middle income,3.31370963136217,2.06618820882574,108.037859484793,39.1857445186738,NA,0.48991721868515015,1,1,0,1.4617982372552354,1,0.4,1,111,1
MDA,Moldova,2010,Europe & Central Asia,Upper middle income,7.48385086350851,7.10000010705836,87.9378518951573,43.0444202551816,4.25879212676733,0.5730867981910706,0.30547478795051575,0.1643451750278473,0,2.138164457989293,0,-2.2,0,111,0
MNG,Mongolia,2010,East Asia & Pacific,Upper middle income,10.0462065881651,6.3651616786311,103.350031656557,47.954095016752,23.5263365544641,0.4482432305812836,0.3099997341632843,0.7157184481620789,0,2.4020870738358004,0.8213396734310999,0.4,0,111,0
MAR,Morocco,2010,Middle East & North Africa,Lower middle income,0.993557401226392,3.49955709403216,69.541979610144,105.049032453636,1.2299824583835,0.4581320583820343,0.5946692228317261,0.1643451750278473,0,0.6899206816190554,0.3942342873818497,-3.9,1,132,1
MOZ,Mozambique,2010,Sub-Saharan Africa,Low income,12.4255421735156,6.67972935662864,73.8373532681892,34.4244903094133,11.0275561357338,0.28552865982055664,0.19193768501281736,0.1643451750278473,0,2.597159024943752,1,-3.4,0,111,0
MMR,Myanmar,2010,East Asia & Pacific,Lower middle income,7.71838195873614,9.6344394520444,NA,23.572070336972,1.81897202342465,0.5,0.3622928857803345,0,0,2.1654336655125843,0,-5.4,0,111,0
NAM,Namibia,2010,Sub-Saharan Africa,Upper middle income,4.8749198764395,6.03924947955858,108.072477173606,62.7315869712217,2.51525326747705,0.19713374972343445,1,0.1643451750278473,0,1.7706924218843725,1,-5,1,199,1
NPL,Nepal,2010,South Asia,Lower middle income,9.32650410745395,4.81641464694573,45.9849057742707,73.2421606232785,0.548294665887946,0.6157330870628357,0.5113260746002197,0.1643451750278473,0,2.334713804504066,0,-0.7,0,534,0
NIC,Nicaragua,2010,Latin America & Caribbean,Lower middle income,5.45513425887423,4.41009911716546,100.364058423919,34.2078937736439,5.59335824334059,0.48881056904792786,0.9881893992424012,1,0,1.864875823288228,1,0.7,0,111,0
NER,Niger,2010,Sub-Saharan Africa,Low income,0.804073080882659,8.57816674262253,51.9459863027627,14.205804307023,10.146689915564,0.2726765275001526,0.6151725053787231,0.1643451750278473,0,0.590046931287011,0,-1,1,132,1
NGA,Nigeria,2010,Sub-Saharan Africa,Lower middle income,13.7400521363694,8.00565591628701,NA,21.3558473864794,1.64207369186652,0.767679750919342,0.6099710464477539,0.299841046333313,1,2.690568423822058,1,-3,0,111,1
PAK,Pakistan,2010,South Asia,Lower middle income,12.9388705634889,1.50171752152883,31.9890020462315,47.2954352374351,1.02791108080423,0.4732331335544586,0.6265355348587036,0.1643451750278473,1,2.634681380779454,1,-5.4,0,111,1
PNG,Papua New Guinea,2010,East Asia & Pacific,Lower middle income,6.01360893567856,10.1284540720232,NA,33.63410694841,0.249749808529939,0.6010397672653198,0.383613646030426,0.6875051259994507,0,1.9478523953416385,0.8971612395512276,3.1,0,111,0
PRY,Paraguay,2010,Latin America & Caribbean,Upper middle income,4.65116279069765,11.0952312685449,81.2575233746789,29.9451985399781,2.76173378510708,0.522302508354187,0.38544151186943054,0.5675687193870544,0,1.7318613276469816,0.7593163792796168,1.5,0,111,0
PER,Peru,2010,Latin America & Caribbean,Upper middle income,1.52832059732901,8.33245910749577,51.6728089370033,38.7594373564866,5.73087732837535,0.47751471400260925,0.6078647375106812,1,0,0.9275552868075074,1,0,0,111,1
PHL,Philippines,2010,East Asia & Pacific,Lower middle income,3.78983634797591,7.33449996034538,66.1042785137797,58.8129288699865,0.513698049517659,0.5537064075469971,0.3477086126804352,0.1643451750278473,0,1.5664962454896785,0,-2.3,0,111,0
RWA,Rwanda,2010,Sub-Saharan Africa,Low income,-0.246128693436934,7.33465645006753,37.2788790923351,15.5542868759791,3.52981463633808,0.5471996665000916,0.6848426461219788,0.2243133783340454,0,0.09531017980432492,0.10283881155644692,-0.6,1,111,1
WSM,Samoa,2010,East Asia & Pacific,Lower middle income,0.777007268777692,6.1247199226125,78.5698016774915,44.057148431282,0.0494567694984404,0.7781543731689453,0.3689816296100617,0.1643451750278473,0,0.5749306396411837,0.3942342873818497,-5.5,0,196,1
STP,Sao Tome and Principe,2010,Sub-Saharan Africa,Lower middle income,13.34005235378,1.44845522890635,NA,38.9204012764304,26.6286088078235,0.4663892090320587,0.1963132321834564,0.5523677468299866,1,2.663056486056023,0.5523677468299866,-12.1,1,134,1
SEN,Senegal,2010,Sub-Saharan Africa,Lower middle income,1.22868119673344,3.39088925336209,52.4578551962948,28.3706697951764,1.68778336701059,0.2726765275001526,0.6151725053787231,0.1643451750278473,0,0.8014100189316855,0,-3.9,1,132,1
SLB,Solomon Islands,2010,East Asia & Pacific,Lower middle income,1.05148163321038,9.70817235491481,96.1485545423385,28.6432562917038,18.4740701129879,0.5961996912956238,1,0.1643451750278473,0,0.7185622800013282,0,5.7,1,111,1
ZAF,South Africa,2010,Sub-Saharan Africa,Upper middle income,4.06749555950263,3.03973288127956,50.4060871625999,68.1689583631844,0.884904611686012,0.584597110748291,0.2123540490865707,0.1643451750278473,0,1.6228467230738028,0.3942342873818497,-4.5,0,111,0
LKA,Sri Lanka,2010,South Asia,Lower middle income,6.2176488930462,8.01596737055139,NA,31.5461108559005,0.814446069624814,0.39323940873146057,0.2951960265636444,0.4476322829723358,0,1.9765292617908976,0.5287044104467413,-6.7,1,111,1
LCA,St. Lucia,2010,Latin America & Caribbean,Upper middle income,3.25034409180129,0.330018546071486,NA,75.1123377802653,11.7530170243607,0.4013504385948181,1,0.4476322829723358,0,1.4469999424357909,1,-4.1,1,111,1
VCT,St. Vincent and the Grenadines,2010,Latin America & Caribbean,Upper middle income,0.747109026311474,-4.47046793507802,NA,63.3322187076414,13.3089028738841,0.4013504385948181,1,0.1643451750278473,0,0.5579624369387386,0,-3.7,1,111,1
SUR,Suriname,2010,Latin America & Caribbean,Upper middle income,6.94108221639996,5.16882515225814,90.9613941465855,46.0620697940465,-5.85344056449596,0.599731981754303,1,0,0,2.0720495652658446,0,-0.2,1,111,1
TJK,Tajikistan,2010,Europe & Central Asia,Lower middle income,6.44531440780658,6.49999908585235,73.493044509473,18.0444894537962,1.6649590356128,NA,0.889416515827179,0.1643451750278473,0,2.0075848959771987,0.36714325860631464,-2.7,0,111,1
TZA,Tanzania,2010,Sub-Saharan Africa,Lower middle income,6.20015595647403,6.33652342666889,47.6404394295683,24.6479235326913,5.66396796617806,0.5926064848899841,0.3394719362258911,0.1643451750278473,0,1.974102686408815,0.5801363815350187,-4.7,0,111,0
THA,Thailand,2010,East Asia & Pacific,Upper middle income,3.24758842443723,7.51339053261624,127.250522638251,108.980921332939,4.32320928209171,0.518917441368103,0.43470287322998047,0.1643451750278473,0,1.446351392343075,0,-1.1,0,111,0
TGO,Togo,2010,Sub-Saharan Africa,Low income,1.44594517430864,5.85433399076879,66.7974885937104,28.777086477994,2.63493273204289,0.2726765275001526,0.6151725053787231,0.1643451750278473,0,0.8944316225855806,NA,-1.7,1,132,1
TON,Tonga,2010,East Asia & Pacific,Upper middle income,3.53491239189831,0.824396914081831,70.7976681214649,43.9219840608526,1.27041874988286,0.6286227107048035,0.22842806577682495,0.4476322829723358,0,1.5118057651662362,0.5287044104467413,-1.2,0,111,0
TUN,Tunisia,2010,Middle East & North Africa,Lower middle income,3.33897963601069,2.97113275066512,100.151009836799,62.047134742382,2.88814231758981,0.2359367460012436,0.4113568365573883,0.1643451750278473,0,1.467639213560372,0,-0.5,0,132,0
TUR,Turkiye,2010,Europe & Central Asia,Upper middle income,8.56644420552976,8.54219848467686,46.9433366709891,52.5066224847327,1.16274364749147,0.47182944416999817,0.22102490067481995,0.4476322829723358,0,2.258261580049715,1,-3,0,111,0
UGA,Uganda,2010,Sub-Saharan Africa,Low income,3.97655288478168,5.63761163749757,38.2692490371291,17.3447697728192,2.03900471067451,0.5539981722831726,0.39029866456985474,1,0,1.604737459550295,1,-4.6,0,111,0
UKR,Ukraine,2010,Europe & Central Asia,Upper middle income,9.37293105078978,4.09200436668087,95.72973045329,53.3535207200525,4.56840018285092,0.6307879686355591,1,0,0,2.3391996294392436,0,-5.6,1,111,1
VUT,Vanuatu,2010,East Asia & Pacific,Lower middle income,2.76269469477348,1.25886720329326,103.823312203828,86.9888645378177,9.40930036151551,0.39349836111068726,0.26437219977378845,NA,0,1.3251353748554071,NA,-2.4,0,111,0
VNM,Viet Nam,2010,East Asia & Pacific,Lower middle income,9.20746648778413,6.42324482239482,113.977687539714,90.4544561577953,5.4347392933443,NA,0.4607764184474945,0.4168718457221985,0,2.323119461108887,1,-2.3,0,111,0
YEM,"Yemen, Rep.",2010,Middle East & North Africa,Low income,11.1748338605044,7.70128607527964,64.3856367797178,31.909760083714,0.610357927076417,0.21400979161262512,0.18586313724517825,1,0,2.4993710229210824,1,NA,0,111,0
ZMB,Zambia,2010,Sub-Saharan Africa,Lower middle income,8.50176133365265,10.2982233241213,65.0147025206122,18.4296329419961,8.53319643791576,0.6237633228302002,0.22014889121055603,1,0,2.251477184963767,1,-2.4,0,111,0
ALB,Albania,2011,Europe & Central Asia,Upper middle income,3.42807130141501,2.46351683915714,80.6989985298954,81.7533775274234,8.08329285826067,0.6374032497406006,0.24649418890476227,0.4168718457221985,0,1.4879641171139952,1,-3.5,1,134,1
DZA,Algeria,2011,Middle East & North Africa,Upper middle income,4.5242115050527,2.99999999941909,62.2200899610479,62.3509795811349,1.17767329101171,0.5401945114135742,0.29822710156440735,0.1643451750278473,0,1.7091405232015913,1,-1.1,0,132,0
AGO,Angola,2011,Sub-Saharan Africa,Lower middle income,13.4824679218511,3.59386960240222,89.0369443425845,31.144789456155,-2.40838836782517,0.38544073700904846,0.4729110300540924,0,1,2.672938809026831,0,7.2,1,111,1
ARM,Armenia,2011,Europe & Central Asia,Upper middle income,7.65000807859294,4.69999999867412,69.4355736620453,29.8304506454222,6.44066805582743,0.7554091811180115,0.44762489199638367,1,0,2.157560254884732,1,-2.9,0,111,0
AZE,Azerbaijan,2011,Europe & Central Asia,Upper middle income,7.8583333333334,-1.5729973511111,80.5080450059522,26.6947809784571,6.80050011965746,0.600855827331543,1,0.40421798825263977,0,2.1813586355599095,0.6988174847194375,10.9,1,111,1
BGD,Bangladesh,2011,South Asia,Lower middle income,11.3951651552399,6.46437912497728,47.4208498356898,59.8117683130297,0.983399364184761,0.5,0.35036686062812805,0.1643451750278473,0,2.5173064897420643,0.3942342873818497,-3,0,111,0
BLR,Belarus,2011,Europe & Central Asia,Upper middle income,53.2286983118174,5.54997471638077,157.974255073313,36.1910930690491,6.48031997656593,0.8509957790374756,0.05310723930597305,0.1643451750278473,0,3.993210257463607,0.3942342873818497,-2.8,0,111,0
BLZ,Belize,2011,Latin America & Caribbean,Upper middle income,1.602056156402,-0.13007112300869,106.914960208874,60.0899626275547,5.20581667105349,0.46961769461631775,1,0.1643451750278473,0,0.9563019618720292,0.22930405863986925,-1.1,1,111,1
BEN,Benin,2011,Sub-Saharan Africa,Lower middle income,2.7042390774728,2.96375291904201,47.2170288118403,26.1382333435945,1.50844050539908,0.3526066243648529,0.6466208100318909,0.1643451750278473,0,1.309477860454941,0,-1,1,132,1
BTN,Bhutan,2011,South Asia,Lower middle income,8.848985699468,8.4892584842808,102.795600221106,58.7670397074705,1.57461513860453,0.5246830582618713,1,0.1643451750278473,0,2.287368475208442,NA,-3,1,534,1
BOL,Bolivia,2011,Latin America & Caribbean,Lower middle income,9.88446419823883,5.20409244308591,82.4803954243518,71.1065192908019,3.58442251378885,0.550353467464447,1,0.4476322829723358,0,2.387336469610836,0.5988605656814417,0.7,1,111,1
BWA,Botswana,2011,Sub-Saharan Africa,Upper middle income,8.45987233408583,6.83841052493574,98.9614677801469,43.3206056577116,1.94040749024403,0.3987447917461395,0.2849220335483551,1,0,2.2470588876329596,1,-0.1,0,199,0
BRA,Brazil,2011,Latin America & Caribbean,Upper middle income,6.6364496221309,3.97442307944702,23.9344051765103,76.825275139619,3.91517954138648,0.6135226488113403,0.15256130695343018,0.4168718457221985,0,2.0329327860225006,0.7765749574623912,-2.7,0,111,0
BFA,Burkina Faso,2011,Sub-Saharan Africa,Low income,2.75976724854534,6.62256261306693,57.4972531038508,25.7564537101449,1.19074493368624,0.3526066243648529,0.6466208100318909,0.1643451750278473,0,1.324357053503174,0,-2,1,132,1
BDI,Burundi,2011,Sub-Saharan Africa,Low income,9.5921660597967,4.02442793864228,NA,26.805998695761,0.150057243665302,0.5291396975517273,0.5074629187583923,0,0,2.360114676922653,0,-3.5,0,111,0
CPV,Cabo Verde,2011,Sub-Saharan Africa,Lower middle income,4.47388342165023,3.92471821338283,90.5564501122747,71.5421051455497,4.99538224029443,0.4347783625125885,0.6466116309165955,0.1643451750278473,0,1.6999883136526202,0,-7,1,182,1
KHM,Cambodia,2011,East Asia & Pacific,Lower middle income,5.4784474961745,7.28665813879552,109.790505166814,31.2678877991878,9.59845134883877,0.811564564704895,0.5442137718200684,0.7167128920555115,0,1.868480897735682,0.7167128920555115,-3.7,NA,NA,NA
CMR,Cameroon,2011,Sub-Saharan Africa,Lower middle income,2.93969946305091,3.37921128506045,51.521987603918,19.0180387164544,2.13270391251932,0.6333712935447693,0.6466208100318909,0.1643451750278473,0,1.3711044419870215,0,-1.5,1,132,1
CAF,Central African Republic,2011,Sub-Saharan Africa,Low income,1.1944757244985,4.19461533741989,34.4756183327299,17.3376006183327,1.5138934301082,0.6333712935447693,0.6466208100318909,0.1643451750278473,0,0.7859431681111695,0,-2.1,1,132,1
TCD,Chad,2011,Sub-Saharan Africa,Low income,2.0292405367826,4.49542966941512,57.5437561870898,8.79224929996722,1.68950609671276,0.6333712935447693,0.6466208100318909,0.1643451750278473,0,1.1083119401773016,0,1.7,1,132,1
CHN,China,2011,East Asia & Pacific,Upper middle income,5.55389892257493,9.4613358870736,49.9458272253643,171.792982609304,3.65069190228423,0.4906684458255768,0.7387383580207825,0.1643451750278473,0,1.8800601279079168,1,-0.1,0,111,0
COL,Colombia,2011,Latin America & Caribbean,Upper middle income,3.4150334477625,6.94789198173555,39.4704235545367,39.6524715556766,4.37269536127322,0.7179499864578247,0.19316723942756653,0.4168718457221985,0,1.4850154099643722,0.5953960076337919,-2,0,111,0
COM,Comoros,2011,Sub-Saharan Africa,Lower middle income,1.8426630075619,4.14356479211455,40.00094857244,20.8318022868284,2.25967654324554,8.06828320492059e-4,0.6465821266174316,0.1643451750278473,0,1.0447412915460257,NA,0.9,1,132,1
COD,"Congo, Dem. Rep.",2011,Sub-Saharan Africa,Low income,15.316515913949,7.59331721294959,83.4133637998303,9.89490017567858,6.04729215599495,0.6749309301376343,0.32985374331474304,0.1643451750278473,0,2.792177841079763,0,-0.7,0,111,0
COG,"Congo, Rep.",2011,Sub-Saharan Africa,Lower middle income,1.75958704273803,2.20591936286718,124.591742710141,24.9001094939288,1.90783479461617,0.6333712935447693,0.6466208100318909,0.1643451750278473,0,1.0150810463381752,0,16.1,1,132,1
CRI,Costa Rica,2011,Latin America & Caribbean,Upper middle income,4.87799830970702,4.40315923970431,68.6391465074016,49.3301997156756,6.39172539644787,0.3560694754123688,0.5479581356048584,1,0,1.7712162804340814,1,-3.9,1,111,1
CIV,Cote d'Ivoire,2011,Sub-Saharan Africa,Lower middle income,4.9124339505245,-5.37044724000579,64.7159030611345,25.968099902503,0.822954277239134,0.3526066243648529,0.6466208100318909,0.1643451750278473,0,1.7770575825970063,0,-2.9,1,132,1
DJI,Djibouti,2011,Middle East & North Africa,Lower middle income,5.0687139477798,NA,NA,81.379142401454,6.37538483893525,0.6866191029548645,1,0.8200953602790833,0,1.803146712406246,0.3999999602425048,-1.2,1,111,1
DMA,Dominica,2011,Latin America & Caribbean,Upper middle income,1.1312313652648,0.0427388878891435,NA,78.9022130169585,9.48510899097882,0.29930731654167175,1,0.4168718457221985,0,0.7566999184406964,0.4712955895532587,-4.4,1,111,1
DOM,Dominican Republic,2011,Latin America & Caribbean,Upper middle income,5.79676809206533,3.19196227475523,59.0692578401698,32.7955097605702,3.79217588020774,0.6863323450088501,0.6911848187446594,0.9400318264961244,0,1.9164472186218189,1,-3.1,1,111,1
ECU,Ecuador,2011,Latin America & Caribbean,Upper middle income,4.4745326579584,8.48147656332823,70.0356837525249,35.6943376986956,0.817966548837347,NA,1,0.5675687193870544,0,1.7001069127822497,0.4727061003420545,-0.1,NA,NA,NA
EGY,"Egypt, Arab Rep.",2011,Middle East & North Africa,Lower middle income,10.0649259874818,1.7645719489982,45.2556341623514,75.7939119305135,-0.204542848807527,0.5722148418426514,0.6839209198951721,0.8200953602790833,1,2.4037802845951295,0.8200953602790833,-9.6,0,111,1
SLV,El Salvador,2011,Latin America & Caribbean,Upper middle income,5.1289237668161,3.77358499834686,79.2766437025052,52.043318478755,0.603930846788838,0.5869858264923096,1,0.8200953602790833,0,1.8130191663149828,0.8200953602790833,-4.5,1,111,1
GNQ,Equatorial Guinea,2011,Sub-Saharan Africa,Upper middle income,4.805389221557,6.52392362989873,114.37734663649,9.02170278597333,9.24740468952516,0.6333712935447693,0.6466208100318909,0.1643451750278473,0,1.758786662265971,0,0.8,1,132,1
SWZ,Eswatini,2011,Sub-Saharan Africa,Lower middle income,6.10742714590251,1.83973625916165,NA,25.5977388584321,2.08998856482498,0.1965019702911377,1,0.1643451750278473,0,1.9611403141777863,0,-3.9,1,199,1
ETH,Ethiopia,2011,Sub-Saharan Africa,Low income,33.2499598823344,11.1782962297008,48.232935411689,NA,1.96735663905254,NA,0.8684447407722473,0.1643451750278473,0,3.533685393388845,1,-1.6,0,111,1
FJI,Fiji,2011,East Asia & Pacific,Upper middle income,7.278117827085,2.70514302901054,NA,66.8566291310968,5.74582849158733,0.2883916199207306,0.2376494258642197,0.1643451750278473,0,2.113615626987624,0,-0.7,0,111,0
GAB,Gabon,2011,Sub-Saharan Africa,Upper middle income,1.26331707837421,7.09175334258654,90.4983773331323,20.7023005295064,6.16978545780463,0.6333712935447693,0.6466208100318909,0.1643451750278473,0,0.8168314710096406,0,1.4,1,132,1
GMB,"Gambia, The",2011,Sub-Saharan Africa,Low income,4.7958826618311,-8.13044422315659,42.6397020468894,35.0121722998102,2.55921826982754,NA,0.2998833954334259,1,0,1.7571477795728851,1,-3,0,111,0
GEO,Georgia,2011,Europe & Central Asia,Upper middle income,8.5429333333333,7.9343365253078,85.4659350932986,27.1955909160269,7.56100540937968,0.4857296049594879,0.3500857949256897,0.299841046333313,0,2.255800915487347,0,-0.8,0,111,0
GHA,Ghana,2011,Sub-Saharan Africa,Lower middle income,8.7284593709302,14.0471235803149,86.2954538549695,30.5490058881024,8.2558797134245,0.40854719281196594,0.7274726033210754,0.1643451750278473,0,2.275055545627229,0.3942342873818497,-5.5,0,111,0
GRD,Grenada,2011,Latin America & Caribbean,Upper middle income,3.0334728033474,0.764773550338731,NA,98.852961610179,11.0347999232425,0.2893299162387848,1,0.1643451750278473,0,1.3946277426790643,0.3942342873818497,-4.9,1,111,1
GTM,Guatemala,2011,Latin America & Caribbean,Upper middle income,6.214123930671,4.16390688293349,65.0470510420457,45.5574249270072,1.87038244023626,0.32874202728271484,0.446975290775299,1,0,1.976040761523002,1,-2.8,0,111,0
GIN,Guinea,2011,Sub-Saharan Africa,Lower middle income,21.3169268542577,5.61211177430975,85.9546732708386,27.1582272469189,14.0905035719922,NA,0.3157563805580139,0,0,3.105345442292416,0,-0.9,0,111,0
GNB,Guinea-Bissau,2011,Sub-Saharan Africa,Low income,5.046102263202,8.08504167173554,48.6174602066373,29.8702392273268,2.16270009395862,0.4848708510398865,0.22008919715881348,0.1643451750278473,0,1.7994138104057549,0.7326588197655602,-1.4,1,132,1
HTI,Haiti,2011,Latin America & Caribbean,Lower middle income,6.33279483849042,5.09821354410036,44.1635704019387,26.8098396060004,0.91476918408797,0.42272159457206726,0.7769131064414978,1,0,1.992356730879067,1,-1.4,1,111,1
HND,Honduras,2011,Latin America & Caribbean,Lower middle income,6.7622795731476,3.83569066207505,122.216902597337,51.5591823486487,5.88681418228473,0.34892162680625916,0.809865415096283,0.1643451750278473,0,2.0492760504825123,0.23472552077950623,-2.9,1,111,1
IND,India,2011,South Asia,Lower middle income,8.91179336483371,5.24131619937695,55.6238800135298,78.8373112865613,2.0020634629993,0.5658999085426331,0.25768303871154785,0.1643451750278473,0,2.2937252971395754,NA,-8,0,111,0
IDN,Indonesia,2011,East Asia & Pacific,Upper middle income,5.35604849112582,6.16978420771008,50.1800131841104,36.7380019918479,2.30298429381592,0.4916875958442688,0.3530389964580536,0.4168718457221985,0,1.849406877834452,0,-0.7,0,111,0
IRN,"Iran, Islamic Rep.",2011,Middle East & North Africa,Upper middle income,26.2933856738608,2.6457179180628,41.2194147918578,47.4861795158596,0.679834574763516,0.3820839524269104,0.4249063730239868,0.4476322829723358,1,3.3066443898268822,1,-0.7,0,111,0
JAM,Jamaica,2011,Latin America & Caribbean,Upper middle income,7.555856465809,1.73037627006349,NA,42.5420365244837,1.19599317121359,0.4659262299537658,0.8714845180511475,0.700158953666687,0,2.1466160152272926,0.6411903128264653,-6.2,0,111,1
JOR,Jordan,2011,Middle East & North Africa,Lower middle income,4.1624416292779,2.73717988632104,118.699679501801,126.642330067935,5.03335872688489,0.6037933826446533,1,1,0,1.641409651545826,1,-1.2,1,111,1
KAZ,Kazakhstan,2011,Europe & Central Asia,Upper middle income,8.4529046617679,7.40000000144188,73.1178570509129,34.5296795917064,7.14351039762779,0.762247622013092,0.698028028011322,0.1643451750278473,0,2.2463220658923246,0,5.8,1,111,1
KEN,Kenya,2011,Sub-Saharan Africa,Lower middle income,14.0224913014704,5.1211061197056,58.4022059745625,36.5694357157819,3.09471103381268,0.8807244300842285,0.17498193681240082,0.700158953666687,0,2.709548498192355,1,-3.6,0,111,0
KGZ,Kyrgyz Republic,2011,Europe & Central Asia,Lower middle income,16.6363262731495,5.95627429693504,136.179840420492,27.8139495276393,11.0646449339785,0.6656578183174133,0.4128319919109345,0.8200953602790833,0,2.8699607677299532,1,-4.7,0,111,0
LAO,Lao PDR,2011,East Asia & Pacific,Lower middle income,7.5689885610998,8.03865268023725,91.6986958680216,NA,3.43702755895922,0.3750001192092895,0.8854458332061768,0.1643451750278473,0,2.1481497047695077,0.3942342873818497,-1.4,1,111,1
LSO,Lesotho,2011,Sub-Saharan Africa,Lower middle income,5.0366305210156,4.61641394528752,149.796606699153,35.5631378898331,2.37160157638289,0.29227977991104126,1,0.1643451750278473,0,1.7978459955255093,0,-9.8,1,199,1
LBR,Liberia,2011,Sub-Saharan Africa,Low income,8.488167518494,8.20076822497064,NA,22.2528392533013,86.9894467611897,0.6428125500679016,0.5970019698143005,1,0,2.2500454979272897,1,-4.4,0,111,1
LBY,Libya,2011,Middle East & North Africa,Upper middle income,15.5184815317561,-50.3385151384986,63.0054352895288,94.8898259248896,NA,0.5,0.3869849145412445,0.1643451750278473,0,2.8044798469042926,1,-11.5,0,111,0
MDG,Madagascar,2011,Sub-Saharan Africa,Low income,9.48254048582992,1.57842705366555,56.4830925951893,22.2783183197371,7.05979214971634,0.5454515814781189,0.2850208282470703,0.2525267004966736,0,2.3497110622856985,0.34919687978446406,-2,0,132,0
MWI,Malawi,2011,Sub-Saharan Africa,Low income,7.6228226284852,4.93266999813729,NA,17.2414095700595,6.97752227761724,0.4963117837905884,0.2554720342159271,0,0,2.154412482175562,0,-2.8,0,111,0
MYS,Malaysia,2011,East Asia & Pacific,Upper middle income,3.1744709215131,5.29391283414003,154.937684607226,133.890596574756,5.07446032143377,0.600591778755188,0.2685081958770752,0.1643451750278473,0,1.4289876248863949,0,-3.6,0,111,0
MDV,Maldives,2011,South Asia,Upper middle income,11.2734146055937,8.84342600490342,NA,47.0543787205311,15.2659407539778,0.3905779719352722,0.17839071154594421,0.8356548547744751,0,2.5074355089720703,0.6057657841085201,-8.1,0,111,0
MLI,Mali,2011,Sub-Saharan Africa,Low income,2.95564395229392,2.93537897086446,43.1814699132908,19.5679593031086,3.60372353519049,0.3526066243648529,0.6466208100318909,0.1643451750278473,0,1.3751434077621,0,-2.9,1,132,1
MRT,Mauritania,2011,Sub-Saharan Africa,Lower middle income,5.68631959575954,4.17278327815399,98.485329604158,19.7485480371572,8.70335489423716,0.5,0.34582412242889404,0.1643451750278473,0,1.9000635875972676,0.3942342873818497,0.1,0,111,0
MUS,Mauritius,2011,Sub-Saharan Africa,Upper middle income,6.52249254869341,4.07753806610333,115.552473002804,95.3214813996781,3.71075064331171,0.4673819243907929,0.38399234414100647,0.8200953602790833,0,2.0178975389856353,0.7847141734305048,-3,0,112,0
MEX,Mexico,2011,Latin America & Caribbean,Upper middle income,3.40737824605742,3.44404505794418,62.1623872764498,29.4874262388032,1.9442261568419,0.3719481825828552,0.2092183530330658,0.700158953666687,0,1.483280010644558,1,-3.2,0,111,0
FSM,"Micronesia, Fed. Sts.",2011,East Asia & Pacific,Lower middle income,5.08259403890371,3.7837208928099,108.539986244713,38.5864540288524,NA,0.614851176738739,1,1,0,1.805431256123838,1,-0.6,1,111,1
MDA,Moldova,2011,Europe & Central Asia,Upper middle income,7.6872510335619,5.81816614684824,98.6175965326556,41.5844272333961,4.43147611475958,0.6780125498771667,0.30664190649986267,0.1643451750278473,0,2.1618565524729987,0,-2,0,111,0
MNG,Mongolia,2011,East Asia & Pacific,Upper middle income,8.41121495327101,17.2907775869555,126.999228633482,48.6662884450169,43.9121127615061,0.37841078639030457,0.26846858859062195,0.7756866216659546,0,2.2419020582566542,0.9106697923212512,-4,0,111,0
MAR,Morocco,2011,Middle East & North Africa,Lower middle income,0.9069249096918,5.52464523319847,76.8258714906247,106.596965427501,2.29046840496639,0.500735342502594,0.6450610160827637,0.1643451750278473,0,0.6454919496981865,0.3942342873818497,-6.1,1,132,1
MOZ,Mozambique,2011,Sub-Saharan Africa,Low income,11.1666056127874,7.13405842300445,84.4062119333019,33.8398892077674,25.0623636819297,0.48944735527038574,0.3507757782936096,0.1643451750278473,0,2.4986949537806824,1,-4.3,0,111,0
MMR,Myanmar,2011,East Asia & Pacific,Lower middle income,5.0214601462073,5.59148237823661,NA,26.4435555327651,4.20127651183029,0.5,0.3710777759552002,0,0,1.7953297791142977,0,-4.8,0,111,0
NAM,Namibia,2011,Sub-Saharan Africa,Upper middle income,5.005595180812,5.09133813864338,102.189147754138,64.21826144368,6.41681322346953,0.19698338210582733,1,0.1643451750278473,0,1.792691564827286,1,-7.1,1,199,1
NPL,Nepal,2011,South Asia,Lower middle income,9.2270754612596,3.42180870116162,36.296758890097,66.4894638932494,0.435814930594323,0.5744037628173828,0.29640841484069824,0.1643451750278473,0,2.325038660427689,0,-0.7,0,534,0
NIC,Nicaragua,2011,Latin America & Caribbean,Lower middle income,8.082387980991,6.31668553491842,111.827453935999,32.8780989427692,9.5791738556055,0.6889402866363525,0.9880408644676208,1,0,2.2063371515376846,1,0.6,0,111,0
NER,Niger,2011,Sub-Saharan Africa,Low income,2.9423851401332,2.35775693603874,50.2463951569345,14.2614748664628,12.1645061403035,0.3526066243648529,0.6466208100318909,0.1643451750278473,0,1.3717859056660944,0,-2.2,1,132,1
NGA,Nigeria,2011,Sub-Saharan Africa,Lower middle income,10.8261371880017,5.30792420289453,NA,22.4790459818829,2.133117701613,0.6362106204032898,0.36758092045784,0.299841046333313,1,2.4703120978726765,1,0.3,0,111,0
PAK,Pakistan,2011,South Asia,Lower middle income,11.9160927116277,2.68011685421705,32.3626382751438,44.5540838769731,0.575055145839944,0.5298299789428711,0.5023695826530457,0.1643451750278473,1,2.558474030915149,1,-6.2,0,111,0
PNG,Papua New Guinea,2011,East Asia & Pacific,Lower middle income,4.44083401028971,1.10754362619616,NA,35.8644236623894,0.202496658911332,0.6125097274780273,0.4418909251689911,0.7474732995033264,0,1.6939323598319849,1,2.2,0,111,0
PRY,Paraguay,2011,Latin America & Caribbean,Upper middle income,8.2539682539683,4.28637120706239,78.4921238489902,31.7195000185613,1.95875255092925,0.6764712333679199,0.21984542906284332,0.5076004862785339,0,2.2250524599589645,0.6790884525451534,1.3,0,111,0
PER,Peru,2011,Latin America & Caribbean,Upper middle income,3.36931095333853,6.32719240161117,55.9882802838607,38.1571181507799,4.47262658184166,0.485558420419693,0.46221923828125,1,0,1.4746053200936675,1,2.1,0,111,0
PHL,Philippines,2011,East Asia & Pacific,Lower middle income,4.7184170471842,3.85823282795663,60.7958366999075,57.3844126029505,0.856963002985963,0.7405458688735962,0.4023553133010864,0.1643451750278473,0,1.7436920270893637,0,-0.4,0,111,0
RWA,Rwanda,2011,Sub-Saharan Africa,Low income,3.0801706924026,7.95838869847094,39.71610247751,17.3342732712618,1.62859755954292,0.5535925626754761,0.7290862202644348,0.28428158164024353,0,1.40613882391414,0.20567762311289384,-0.9,1,111,1
WSM,Samoa,2011,East Asia & Pacific,Lower middle income,5.23541591478434,3.84907794660396,81.600955014363,40.1876546706882,2.0416002953816,0.8910877704620361,0.3447713553905487,0.1643451750278473,0,1.8302452833682237,0.3942342873818497,-5.2,0,196,0
STP,Sao Tome and Principe,2011,Sub-Saharan Africa,Lower middle income,14.3271667616801,1.99943210333259,NA,37.6879576464353,14.1981181119688,0.6951266527175903,0.2023276835680008,0.5523677468299866,1,2.7296268592133455,0.5523677468299866,-13,1,134,1
SEN,Senegal,2011,Sub-Saharan Africa,Lower middle income,3.40322829786971,1.33409107961258,57.5768785989578,28.9785549517304,1.90106996405963,0.3526066243648529,0.6466208100318909,0.1643451750278473,0,1.4823379759562725,0,-4.9,1,132,1
SLB,Solomon Islands,2011,East Asia & Pacific,Lower middle income,7.34270706018,7.43023752099302,107.247515572534,32.1040074507949,11.2842365456827,0.7280237078666687,0.39618170261383057,0.1643451750278473,0,2.1213877512550714,0,6.1,0,111,0
ZAF,South Africa,2011,Sub-Saharan Africa,Upper middle income,5.0008533879502,3.16855627858818,54.6363504358971,67.8297284104177,0.903381424332556,0.7291625142097473,0.1535024344921112,0.1643451750278473,0,1.7919016904391725,0.3942342873818497,-3.7,0,111,0
LKA,Sri Lanka,2011,South Asia,Lower middle income,6.7167684358854,8.6694830119314,NA,41.8727394923498,1.41088360121529,0.6272990703582764,0.3060985803604126,0.4476322829723358,0,2.0433956800128583,0.5287044104467413,-6,1,111,1
LCA,St. Lucia,2011,Latin America & Caribbean,Upper middle income,2.76940794144093,4.32694280532142,NA,73.2680704817539,6.19533348387191,0.2893299162387848,1,0.4476322829723358,0,1.326917944416479,1,-5.4,1,111,1
VCT,St. Vincent and the Grenadines,2011,Latin America & Caribbean,Upper middle income,3.1860311155246,-0.60627665148327,NA,65.3039694918973,11.8576076339128,0.2893299162387848,1,0.1643451750278473,0,1.431753057231872,0,-3.5,1,111,1
SUR,Suriname,2011,Latin America & Caribbean,Upper middle income,17.7117796414558,5.84936767173009,NA,46.4261001939743,3.28538383339053,0.5887809991836548,1,0,0,2.9291532528901656,0,2.3,1,111,0
TJK,Tajikistan,2011,Europe & Central Asia,Lower middle income,12.4315490430406,7.40000059956709,79.7842446734572,19.7292831438719,2.23653413214552,0.6562696695327759,0.5833077430725098,0.1643451750278473,0,2.597606345882325,0.36714325860631464,0.6,0,111,0
TZA,Tanzania,2011,Sub-Saharan Africa,Lower middle income,12.6909694699162,7.67215543486064,56.1661241821809,24.1241978132895,3.54720849735785,0.6615143418312073,0.29632943868637085,0.1643451750278473,0,2.61673645271094,0.5801363815350187,-3.5,0,111,0
THA,Thailand,2011,East Asia & Pacific,Upper middle income,3.80879058139634,0.840132083053334,139.675407224576,119.925707350888,0.667087644548593,0.6725913286209106,0.3172438442707062,0.1643451750278473,0,1.5704456141226015,0,0.1,0,111,0
TGO,Togo,2011,Sub-Saharan Africa,Low income,3.5635147290396,5.82325622135289,77.732312664143,31.016051110591,13.4388023170829,0.3526066243648529,0.6466208100318909,0.1643451750278473,0,1.5180931005448246,NA,-4.5,1,132,1
TON,Tonga,2011,East Asia & Pacific,Upper middle income,6.27075302995691,6.70369746238768,78.8578648859134,40.3361398464365,1.8451444721178,0.7437521815299988,0.2841811180114746,0.4476322829723358,0,1.9838598666430909,0.5287044104467413,-6,0,111,0
TUN,Tunisia,2011,Middle East & North Africa,Lower middle income,3.24002842009531,-2.04663389535644,100.106379304237,66.3781219898579,0.899077534980039,0.5279152989387512,0.408799946308136,0.1643451750278473,0,1.44456997207407,0,-3.2,0,132,1
TUR,Turkiye,2011,Europe & Central Asia,Upper middle income,6.471879671151,10.9799625273598,53.651583897618,50.3109063460313,1.91686136260632,0.6369712948799133,0.2107725739479065,0.4476322829723358,0,2.011146596828857,1,-0.4,0,111,0
UGA,Uganda,2011,Sub-Saharan Africa,Low income,16.5643496174515,9.3916554927176,39.7552255606122,16.3928799610343,3.2086060344385,0.6948170065879822,0.1674182116985321,1,0,2.8658712578447636,1,-2,0,111,0
UKR,Ukraine,2011,Europe & Central Asia,Upper middle income,7.95572466274652,5.44528081048476,104.805073904259,50.8097949022938,4.256089748054,0.6305838227272034,1,0,0,2.192292954935039,0,-2.7,1,111,1
VUT,Vanuatu,2011,East Asia & Pacific,Lower middle income,0.8737931047811,3.13980290023412,96.9987664175314,83.1400341121834,7.93578473613464,NA,0.22311411798000336,NA,0,0.6279647747230249,NA,-2,0,111,0
VNM,Viet Nam,2011,East Asia & Pacific,Lower middle income,18.6777322770707,6.41316889681683,125.260577940829,78.372150336306,4.30487434902161,NA,0.2743470370769501,0.4168718457221985,0,2.9794876551609977,1,-0.9,0,111,0
YEM,"Yemen, Rep.",2011,Middle East & North Africa,Low income,19.5435617131144,-12.7148969035133,63.0594579549043,31.0764955080311,-1.58233916831705,0.2886975407600403,1,1,0,3.0225475932220713,1,NA,1,111,1
ZMB,Zambia,2011,Sub-Saharan Africa,Lower middle income,6.4293968107234,5.56925219263019,72.7954324384283,19.1220235564735,4.72516156867912,0.5878913998603821,0.00499267084524035,1,0,2.0054446724897934,1,-1.8,0,111,0
ALB,Albania,2012,Europe & Central Asia,Upper middle income,2.03159268395296,0.984129880204108,76.9683583166821,84.7935078469227,7.49597513325321,0.3931003510951996,0.3155239224433899,0.4168718457221985,0,1.1090881196901785,1,-3.4,1,134,1
DZA,Algeria,2012,Middle East & North Africa,Upper middle income,8.89145091062317,2.40000000034432,60.7576393340605,62.5440245522635,0.660551953898791,NA,0.3429320454597473,0.1643451750278473,0,2.291670839689807,1,-4,0,132,0
AGO,Angola,2012,Sub-Saharan Africa,Lower middle income,10.2779049218839,8.50312283866612,81.9394785486361,28.1107170441561,-1.02012839058611,0.31203004717826843,0.7969968318939209,0,1,2.4228454949437,0,3.7,1,111,1
ARM,Armenia,2012,Europe & Central Asia,Upper middle income,2.55802007757907,7.20000000096486,75.9616759606704,31.5569524364009,4.67672759828402,0.7055118680000305,0.3920620083808899,1,0,1.2692042321673145,1,-1.5,0,111,0
AZE,Azerbaijan,2012,Europe & Central Asia,Upper middle income,1.06621339720302,2.20293891708398,78.263069540422,30.6433467346745,7.59651867931835,0.6619493961334229,1,0.4641861915588379,0,0.7257176553939023,0.8735218558992969,3.7,1,111,1
BGD,Bangladesh,2012,South Asia,Lower middle income,6.21750422069283,6.52145877906443,48.1109227490467,60.7424608294873,1.18850391920183,0.5,0.3979925513267517,0.1643451750278473,0,1.9765092173407648,0.3942342873818497,-2.6,0,111,0
BLR,Belarus,2012,Europe & Central Asia,Upper middle income,59.2197360232518,1.70785253368828,153.085269313372,29.4537701826843,2.22818019245943,0.7164406776428223,0.36648333072662354,0.1643451750278473,0,4.098000139504488,0.3942342873818497,0.4,0,111,0
BLZ,Belize,2012,Latin America & Caribbean,Upper middle income,1.30058074547858,3.94389321816617,111.166652365429,63.7299723736603,10.1300443506209,0.288438081741333,1,0.1643451750278473,0,0.8331615890970058,0.22930405863986925,-0.2,1,111,1
BEN,Benin,2012,Sub-Saharan Africa,Lower middle income,6.74468253340712,4.811223315688,50.7367367791134,24.8831507282871,2.52705777310103,0.48493051528930664,0.6320745348930359,0.1643451750278473,0,2.047006483152303,0,-0.2,1,132,1
BTN,Bhutan,2012,South Asia,Lower middle income,10.919656944683,5.16482012683895,94.0450271469571,54.4166415523476,1.2354733641673,0.5489663481712341,1,0.1643451750278473,0,2.478188881414584,NA,-2.1,1,534,1
BOL,Bolivia,2012,Latin America & Caribbean,Lower middle income,4.51560291399375,5.12227558091767,84.9487611684942,75.3900148041806,3.9135501461408,0.7306007146835327,1,0.4476322829723358,0,1.7075809693038515,0.5988605656814417,1.5,1,111,1
BWA,Botswana,2012,Sub-Saharan Africa,Upper middle income,7.53690261091916,-0.170857099335691,111.875280620952,46.3360841335406,1.05040106491218,0.6598268151283264,0.3858300745487213,1,0,2.144398250082012,1,0.9,0,199,0
BRA,Brazil,2012,Latin America & Caribbean,Upper middle income,5.40349914036997,1.92117598509462,25.1142736103322,79.0528620279344,3.75496210868766,0.8464201092720032,0.19549891352653503,0.4168718457221985,0,1.8568445816402028,0.7765749574623912,-2.4,0,111,0
BFA,Burkina Faso,2012,Sub-Saharan Africa,Low income,3.8181524025238,6.45267237953146,61.2386079818398,26.4211963324223,2.62145990530181,0.48493051528930664,0.6320745348930359,0.1643451750278473,0,1.5723905355985452,0,-2.8,1,132,1
BDI,Burundi,2012,Sub-Saharan Africa,Low income,18.161045306545,4.42303118490126,NA,26.1297784433938,0.0259911934949934,0.49031227827072144,0.5283212065696716,0,0,2.9528793277635805,0,-3.8,0,111,0
CPV,Cabo Verde,2012,Sub-Saharan Africa,Lower middle income,2.54039644167108,1.08364848376166,90.649916554117,74.7307784158382,6.69129799994045,0.6233186721801758,0.6320597529411316,0.1643451750278473,0,1.2642387100479853,0,-9.4,0,182,0
KHM,Cambodia,2012,East Asia & Pacific,Lower middle income,2.93431609293951,7.65025657870362,116.740233418212,39.4519266838103,11.1524912445112,0.8376695513725281,0.5972121357917786,0.7167128920555115,0,1.3697370657323262,0.7167128920555115,-3.6,NA,NA,NA
CMR,Cameroon,2012,Sub-Saharan Africa,Lower middle income,2.73529677529539,4.62597872209571,50.0360127271229,17.8203382055767,1.7488404761216,0.6156036257743835,0.6320745348930359,0.1643451750278473,0,1.3178272733385803,0,-1.2,1,132,1
CAF,Central African Republic,2012,Sub-Saharan Africa,Low income,5.47829594346117,5.05376125356918,33.0594485943314,15.7845783384482,2.79010478789883,0.6156036257743835,0.6320745348930359,0.1643451750278473,0,1.8684575040929747,0,-0.8,1,132,1
TCD,Chad,2012,Sub-Saharan Africa,Low income,7.51662364663833,9.0618039227671,54.3851887421013,8.58548219684348,3.24047414068829,0.6156036257743835,0.6320745348930359,0.1643451750278473,0,2.1420199766935033,0,0.3,1,132,1
CHN,China,2012,East Asia & Pacific,Upper middle income,2.6195243264554,7.85617427055587,47.4802130784317,177.923288760071,2.78099138181613,0.5,0.7283933758735657,0.1643451750278473,0,1.2863426156720843,1,-0.3,1,111,1
COL,Colombia,2012,Latin America & Caribbean,Upper middle income,3.16930188840055,3.91263576716115,38.835151018669,42.7462807925581,4.05728041313345,0.5290305614471436,0.2657228112220764,0.4168718457221985,0,1.427748608942029,0.5953960076337919,0.2,0,111,0
COM,Comoros,2012,Sub-Saharan Africa,Lower middle income,6.31474450315177,3.16835627559691,40.8104424089423,22.4617518584309,1.02133818400059,0.00141299760434776,0.632066011428833,0.1643451750278473,0,1.9898921060632968,NA,2,1,132,1
COD,"Congo, Dem. Rep.",2012,Sub-Saharan Africa,Low income,9.72182806273364,8.66859360531922,66.7056747465748,10.4910922620386,9.62926566877035,0.445988416671753,0.7022639513015747,0.1643451750278473,0,2.3722816693444466,0,1.9,1,111,1
COG,"Congo, Rep.",2012,Sub-Saharan Africa,Lower middle income,5.01018773134471,9.94715314257564,97.444435145443,24.3752178069678,-0.391399397519283,0.6156036257743835,0.6320745348930359,0.1643451750278473,0,1.793455984555891,0,7.2,1,132,1
CRI,Costa Rica,2012,Latin America & Caribbean,Upper middle income,4.49545314354605,4.88259241025739,67.0485392950976,49.3686258314811,5.70866124854743,0.14964929223060608,0.561502993106842,1,0,1.7039210491591157,1,-4.2,1,111,1
CIV,Cote d'Ivoire,2012,Sub-Saharan Africa,Lower middle income,1.30451119915606,7.62041176451649,70.3010893191249,25.4036956022817,0.909737108884904,0.48493051528930664,0.6320745348930359,0.1643451750278473,0,0.8348685928568153,0,-2.3,1,132,1
DJI,Djibouti,2012,Middle East & North Africa,Lower middle income,3.73120950756887,NA,NA,85.7035473731029,8.1261509172004,0.7135565280914307,1,0.7601271867752075,0,1.5541808796610783,0.20000007951499035,-2,1,111,1
DMA,Dominica,2012,Latin America & Caribbean,Upper middle income,1.35677147808859,-0.15739179314221,NA,89.7985862992007,10.823245661111,0.3402022123336792,1,0.4168718457221985,0,0.857292664687873,0.4712955895532587,-5.4,1,111,1
DOM,Dominican Republic,2012,Latin America & Caribbean,Upper middle income,3.69449707884776,2.77567100848816,58.5062536731089,33.422076654772,5.64036946601582,0.7251384258270264,0.7068148255348206,0.8800635933876038,0,1.5463909884663536,0.9362061672613295,-6.3,1,111,1
ECU,Ecuador,2012,Latin America & Caribbean,Upper middle income,5.10172180958665,5.783212336172,67.0029290916898,37.5849613554665,0.646739602691481,NA,1,0.5076004862785339,0,1.8085709952169788,0.39958261249777144,-2.8,NA,NA,NA
EGY,"Egypt, Arab Rep.",2012,Middle East & North Africa,Lower middle income,7.11172943343082,2.22619979863525,40.7117692721084,69.7154590593826,1.00234071774049,0.369953453540802,0.5121403932571411,0.5076004862785339,0,2.0933110924255653,0.5076004862785339,-9.5,0,111,0
SLV,El Salvador,2012,Latin America & Caribbean,Upper middle income,1.72973481581383,2.88770010188691,77.6485716222883,49.9970883395562,2.01123945886672,0.6100274324417114,1,0.7601271867752075,0,1.004204467414227,0.7601271867752075,-3.8,1,111,1
GNQ,Equatorial Guinea,2012,Sub-Saharan Africa,Upper middle income,3.65662048278806,8.31287184445641,116.675422472364,12.6765986227562,4.4007560526439,0.6156036257743835,0.6320745348930359,0.1643451750278473,0,1.5382899667537395,0,-7.2,1,132,1
SWZ,Eswatini,2012,Sub-Saharan Africa,Lower middle income,8.93964682788212,4.09048190124592,NA,24.7767767399158,0.557730516305156,0.3442903757095337,1,0.1643451750278473,0,2.2965314896431104,0,3.4,1,199,1
ETH,Ethiopia,2012,Sub-Saharan Africa,Low income,23.600417677317,8.64781163513926,45.3979041835072,NA,0.643172898229037,NA,0.8673970699310303,0.1643451750278473,0,3.202763421546903,1,-1.2,0,111,0
FJI,Fiji,2012,East Asia & Pacific,Upper middle income,3.42337523401979,1.41131438177968,NA,67.6528843396108,6.9816643965711,0.37092289328575134,0.31174278259277344,0.1643451750278473,0,1.486903032280679,0,-0.7,0,111,0
GAB,Gabon,2012,Sub-Saharan Africa,Upper middle income,2.65241828695626,5.25107691750407,92.3428089420545,22.2869719996744,3.94472371225415,0.6156036257743835,0.6320745348930359,0.1643451750278473,0,1.2953894925803526,0,6.2,1,132,1
GMB,"Gambia, The",2012,Sub-Saharan Africa,Low income,4.25432199813899,5.24156924630741,47.7006731141985,34.3647140810726,2.91048196914862,0.19081953167915344,0.1686733067035675,1,0,1.6590509756699638,1,-2.8,0,111,0
GEO,Georgia,2012,Europe & Central Asia,Upper middle income,-0.943658853270964,6.57883101954195,89.7348800946338,28.3318599540836,5.73087327277528,0.4208301901817322,0.5674184560775757,0.8356548547744751,0,0.09531017980432492,0.7652745217855745,-0.7,0,111,1
GHA,Ghana,2012,Sub-Saharan Africa,Lower middle income,11.1863409441067,9.2927894063005,93.1680351286831,30.3617418407418,7.98251565917851,0.1320457011461258,0.3003220558166504,0,0,2.500315729779467,0,-8.4,0,111,0
GRD,Grenada,2012,Latin America & Caribbean,Upper middle income,2.41077704021862,-1.15483816409801,NA,91.4250651426762,6.22764121735725,0.3402022123336792,1,0.1643451750278473,0,1.2269401363686183,0.3942342873818497,-5.4,1,111,1
GTM,Guatemala,2012,Latin America & Caribbean,Upper middle income,3.78180754679678,2.97470856847661,61.9594193352042,46.8018188069586,2.82256297187213,0.33961984515190125,0.5182067155838013,1,0,1.5648186228889152,1,-2.4,1,111,1
GIN,Guinea,2012,Sub-Saharan Africa,Lower middle income,15.2262941038638,5.91528626133322,86.6743318322581,20.8562594908191,7.92820721970247,NA,0.6389496922492981,0,1,2.7866330192778435,0,23.7,1,111,1
GNB,Guinea-Bissau,2012,Sub-Saharan Africa,Low income,2.13054580274503,-1.71286958446419,44.1280665609795,28.7606814774351,0.631297914892102,0.47983983159065247,0.27979254722595215,0.1643451750278473,0,1.1412073672238192,0.7326588197655602,-2.1,1,132,1
HTI,Haiti,2012,Latin America & Caribbean,Lower middle income,5.01804155429246,0.502424403581585,40.2582414988129,26.4188378578155,1.13794476642421,0.38862788677215576,0.7951827645301819,1,0,1.794761883184423,1,-2.7,1,111,1
HND,Honduras,2012,Latin America & Caribbean,Lower middle income,5.19618615531848,4.12868774866939,121.188215808285,51.1504410333274,5.83610988955542,0.2563670575618744,0.9674949645996094,0.1643451750278473,0,1.8239339665381713,0.23472552077950623,-3.5,0,111,0
IND,India,2012,South Asia,Lower middle income,9.47899691419801,5.45638755166587,55.7937217287511,76.9131885205749,1.31293453035323,0.6248536109924316,0.2038805186748505,0.1643451750278473,0,2.3493729600179076,NA,-7.3,0,111,0
IDN,Indonesia,2012,East Asia & Pacific,Upper middle income,4.2795142691943,6.03005065305615,49.5828982992627,38.3892882677716,2.30978031853073,0.5599192380905151,0.4447340369224548,0.4168718457221985,0,1.6638340990156426,0,-1.6,0,111,0
IRN,"Iran, Islamic Rep.",2012,Middle East & North Africa,Upper middle income,27.2568127242908,-3.74717139864109,44.0893466807452,55.5663119204692,0.723850091355471,0.23859329521656036,0.2697083652019501,0.2832871377468109,1,3.341334586900417,0.6328568079713732,-0.5,0,111,0
JAM,Jamaica,2012,Latin America & Caribbean,Upper middle income,6.87397708674309,-0.613636042132399,NA,43.6592957600717,2.79145695894721,0.383971095085144,0.7099812030792236,0.700158953666687,0,2.063563282527864,0.6411903128264653,-4,0,111,0
JOR,Jordan,2012,Middle East & North Africa,Lower middle income,4.5152295667099,2.42935800100238,117.855587685189,115.780125452734,4.89480688682321,0.3699054718017578,1,1,0,1.7075132777158148,1,-3.3,1,111,1
KAZ,Kazakhstan,2012,Europe & Central Asia,Upper middle income,5.19568369035073,4.79999999528297,73.7237324891671,33.9279351024337,6.56164821145973,0.762247622013092,0.7199317812919617,0.1643451750278473,0,1.823852870630244,0,4.4,1,111,1
KEN,Kenya,2012,Sub-Saharan Africa,Lower middle income,9.37777003547598,4.56867961444982,51.6236920232481,36.5265195457312,2.44725940988928,0.7512206435203552,0.3649503886699677,0.700158953666687,0,2.3396660218520875,1,-5.3,0,111,0
KGZ,Kyrgyz Republic,2012,Europe & Central Asia,Lower middle income,2.76844236540957,-0.0881501998439376,139.675937840309,31.7259312904188,3.95036874399421,0.6608129739761353,0.4864206314086914,0.34325534105300903,0,1.326661750409611,0.11171252747081924,-5.9,1,111,1
LAO,Lao PDR,2012,East Asia & Pacific,Lower middle income,4.2551267783209,8.02609843461283,98.1851264313662,NA,6.06067602678934,NA,0.7751734256744385,0.1643451750278473,0,1.6592041293130522,0.3942342873818497,-2.3,1,111,1
LSO,Lesotho,2012,Sub-Saharan Africa,Lower middle income,6.05143662139967,6.33408374679448,150.208575358438,35.1340198361316,2.28650169667391,0.5090097188949585,1,0.1643451750278473,0,1.9532313721497103,0,4.6,1,199,1
LBR,Liberia,2012,Sub-Saharan Africa,Low income,6.83178703418548,7.99381444555367,NA,19.5361688132934,82.7471577822006,0.5571447610855103,0.45186489820480347,1,0,2.058190713104865,1,-2.9,0,111,0
LBY,Libya,2012,Middle East & North Africa,Upper middle income,6.05980392156864,86.8267484395784,98.2243189168448,53.9535712328016,1.53985903839829,0.5,0.49326053261756897,0.1643451750278473,0,1.954417277970552,1,24.6,1,111,1
MDG,Madagascar,2012,Sub-Saharan Africa,Low income,5.71384434191053,3.01114811621208,52.6517140811255,22.0587116419643,7.03680533355538,0.5,0.2646853029727936,0.2525267004966736,0,1.9041717141828216,0.34919687978446406,-2.2,0,132,0
MWI,Malawi,2012,Sub-Saharan Africa,Low income,21.2712650013779,1.90000000072909,NA,17.682137714717,-0.101285426070357,0.3454132676124573,0.06959325820207596,0,0,3.103297282591744,0,-1.5,0,111,0
MYS,Malaysia,2012,East Asia & Pacific,Upper middle income,1.66357102479206,5.47345419253853,147.841754766013,136.80386813555,2.82905738174529,0.6290357708930969,0.3087562322616577,0.1643451750278473,0,0.9796677129822398,0,-3.1,0,111,0
MDV,Maldives,2012,South Asia,Upper middle income,10.884695658563,2.38928797963442,NA,45.1041063121999,7.89895747225905,0.375639408826828,1,0.8356548547744751,0,2.475251493295646,0.6057657841085201,-6.9,1,111,1
MLI,Mali,2012,Sub-Saharan Africa,Low income,5.32312847064058,-1.07239924132972,49.4252356223808,21.785608575807,2.68901249459022,0.48493051528930664,0.6320745348930359,0.1643451750278473,0,1.844214096858457,0,-0.8,1,132,1
MRT,Mauritania,2012,Sub-Saharan Africa,Lower middle income,4.90242727217997,4.47001319170479,110.788122743421,21.9431750264624,20.6013054045892,0.5,0.5156634449958801,0.1643451750278473,0,1.7753636683734493,0.3942342873818497,1.7,0,111,0
MUS,Mauritius,2012,Sub-Saharan Africa,Upper middle income,3.85216033315983,3.49611836470866,117.447639083027,97.2033478118829,4.97804411127418,0.20383930206298828,0.3393447697162628,0.7601271867752075,0,1.579424035292604,0.712952278791921,-1.7,0,112,0
MEX,Mexico,2012,Latin America & Caribbean,Upper middle income,4.11150981070289,3.55321075993527,64.2579318900113,29.9851073551825,1.45258915052409,0.23679739236831665,0.23728568851947784,0.700158953666687,0,1.631494822552401,1,-3.6,0,111,0
FSM,"Micronesia, Fed. Sts.",2012,East Asia & Pacific,Lower middle income,5.01850353045616,-1.69422024723235,113.059773722122,41.7568463456388,NA,0.5354496836662292,1,1,0,1.7948386454381549,1,0.8,1,111,1
MDA,Moldova,2012,Europe & Central Asia,Upper middle income,4.54633427355302,-0.589733954762579,96.3064098336294,47.0478806280052,2.88432657387508,0.6647332906723022,0.41363298892974854,0.1643451750278473,0,1.7131372182861946,0,-1.9,0,111,0
MNG,Mongolia,2012,East Asia & Pacific,Upper middle income,14.3303348325838,12.3198198494032,109.588564338415,45.6117307064968,34.7559826095308,0.3345784544944763,0.41079410910606384,0.8356548547744751,0,2.7298335343010223,1,-6.2,0,111,0
MAR,Morocco,2012,Middle East & North Africa,Lower middle income,1.28712240079219,3.06234368502997,78.2221018956072,107.529240054408,2.65758712641507,0.4735754132270813,0.6111215353012085,0.1643451750278473,0,0.8272944338499343,0.3942342873818497,-6.6,1,132,1
MOZ,Mozambique,2012,Sub-Saharan Africa,Low income,2.60245456956618,7.9945031610722,105.934588060511,39.2853833266881,33.767102801243,0.7288884520530701,0.39539316296577454,0.1643451750278473,0,1.2816154380045783,1,-3.4,0,111,0
MMR,Myanmar,2012,East Asia & Pacific,Lower middle income,1.46758322674679,7.33267044704149,NA,31.667352962177,2.22540068514517,0.5,0.00688579259440302,0,0,0.903239220934714,0,-2.7,0,111,0
NAM,Namibia,2012,Sub-Saharan Africa,Upper middle income,6.72199777334886,5.0616820696264,100.2134087743,57.2146680961639,7.98613044962652,0.24606825411319733,1,0.1643451750278473,0,2.044073109490392,1,-3.1,1,199,1
NPL,Nepal,2012,South Asia,Lower middle income,9.45980980357125,4.67014192446953,37.921906058758,67.7179781082074,0.42369151125933,0.5292401313781738,0.3025529682636261,0.1643451750278473,0,2.3475402752564745,0,-1.2,0,534,0
NIC,Nicaragua,2012,Latin America & Caribbean,Lower middle income,7.1935505333896,6.4961364710876,115.177288474198,33.5315493907637,7.36516075625111,0.5834953784942627,0.9911051392555236,1,0,2.1033473244824807,1,0.2,0,111,0
NER,Niger,2012,Sub-Saharan Africa,Low income,0.455089820359289,10.5489445763446,45.08596447308,16.1356657877984,8.92367913404553,0.48493051528930664,0.6320745348930359,0.1643451750278473,0,0.3750676309237986,0,-0.8,1,132,1
NGA,Nigeria,2012,Sub-Saharan Africa,Lower middle income,12.2242413020584,4.23006117493223,NA,24.9282309403592,1.52378233769127,0.4062533378601074,0.6950322389602661,0.299841046333313,1,2.5820516076343365,1,-0.1,1,111,1
PAK,Pakistan,2012,South Asia,Lower middle income,9.68235186055684,3.02758391088629,31.3189732760076,46.1863468466881,0.343453048660945,0.4461417198181152,0.5205202102661133,0.1643451750278473,0,2.368593020951645,1,-7.7,0,111,0
PNG,Papua New Guinea,2012,East Asia & Pacific,Lower middle income,4.53720508166972,4.65711959686239,NA,38.2380053852015,0.135226482435046,0.6125097274780273,0.5994824767112732,0.7474732995033264,0,1.7114898755637604,1,-1.2,0,111,1
PRY,Paraguay,2012,Latin America & Caribbean,Upper middle income,3.67591897974496,-0.708043112304196,74.7649574561086,34.0673273674473,2.61172771954696,0.7234125733375549,0.27589982748031616,0.4476322829723358,0,1.542425716630147,0.5988605656814417,-0.6,0,111,0
PER,Peru,2012,Latin America & Caribbean,Upper middle income,3.61121294940163,6.13972470560435,52.6198952632294,40.8564449485581,7.36173683394684,0.6344850659370422,0.4853660762310028,1,0,1.5284909350689555,1,2.1,0,111,0
PHL,Philippines,2012,East Asia & Pacific,Lower middle income,3.02696391124796,6.89695171050985,57.8420055133082,56.3049908825962,1.22763000703119,0.6310349702835083,0.4088976979255676,0.1643451750278473,0,1.3930127201326026,0,-0.2,0,111,0
RWA,Rwanda,2012,Sub-Saharan Africa,Low income,10.2710182318876,8.64150815836322,40.5408629987193,17.2458905705942,3.52219420805752,0.38659584522247314,0.7391087412834167,0.6275368928909302,0,2.422234672851358,0.7943223768871062,-2.4,0,111,0
WSM,Samoa,2012,East Asia & Pacific,Lower middle income,2.0490188352116,-3.73213020890266,82.7339794775292,39.4702117490305,2.69957638721683,0.8805480003356934,0.3969602584838867,0.1643451750278473,0,1.1148198454916616,0.3942342873818497,-7.4,0,196,0
STP,Sao Tome and Principe,2012,Sub-Saharan Africa,Lower middle income,10.6379353431628,2.94294277416023,NA,41.2762616060837,9.95129371315347,0.6271187663078308,0.28949999809265137,0.7167128920555115,1,2.454270050553364,0.7167128920555115,-12.3,1,134,1
SEN,Senegal,2012,Sub-Saharan Africa,Lower middle income,1.41822871177854,4.00299555090457,61.9753040040375,28.6514378487428,1.56368019565039,0.48493051528930664,0.6320745348930359,0.1643451750278473,0,0.8830353348901288,0,-4.2,1,132,1
SLB,Solomon Islands,2012,East Asia & Pacific,Lower middle income,5.91200602491155,2.46591837712438,104.823434628967,35.143919246701,2.01494633587355,0.6050282716751099,0.917982816696167,0.1643451750278473,0,1.933259903161032,0,4.6,1,111,1
ZAF,South Africa,2012,Sub-Saharan Africa,Upper middle income,5.73797139141739,2.39623238465745,55.5826171933345,66.550267601772,1.06492249485696,0.7675836682319641,0.187932088971138,0.1643451750278473,0,1.907758899118623,0.3942342873818497,-4,0,111,0
LKA,Sri Lanka,2012,South Asia,Lower middle income,7.54291373239437,8.63218137662685,NA,41.0453555049277,1.3359173422599,0.5449416637420654,0.20291705429553983,0.4476322829723358,0,2.1451021360726537,0.5287044104467413,-5.4,0,111,0
LCA,St. Lucia,2012,Latin America & Caribbean,Upper middle income,4.17763587102515,-0.108756148262358,NA,74.2579792969772,7.38092558879021,0.3402022123336792,1,0.4476322829723358,0,1.6443485565362506,1,-6.9,1,111,1
VCT,St. Vincent and the Grenadines,2012,Latin America & Caribbean,Upper middle income,2.59844414147101,1.16911218376478,NA,66.974752198668,18.1986473300916,0.3402022123336792,1,0.1643451750278473,0,1.280501569119388,0,-1.8,1,111,1
SUR,Suriname,2012,Latin America & Caribbean,Upper middle income,5.00686319367273,2.69034974668847,NA,49.4573696290769,3.40245351551791,0.6688094139099121,1,0,0,1.792902681124369,0,-0.4,1,111,1
TJK,Tajikistan,2012,Europe & Central Asia,Lower middle income,5.83116601031462,7.49999946321525,83.1759445401528,19.6130523672922,3.16697499395782,0.6572697758674622,1,0.1643451750278473,0,1.9214953779452064,0.36714325860631464,0.4,1,111,1
TZA,Tanzania,2012,Sub-Saharan Africa,Lower middle income,16.0010938506338,4.50015356010131,54.3689490815138,23.5035624756431,4.53878496380622,0.6656304597854614,0.7955611348152161,0.1643451750278473,0,2.833277686141149,0.5801363815350187,-4,1,111,1
THA,Thailand,2012,East Asia & Pacific,Upper middle income,3.01489950334985,7.24279620249642,137.67493851024,121.116547555291,3.24456444314608,0.6080636382102966,0.3834937512874603,0.1643451750278473,0,1.3900123167865457,0,-0.9,0,111,0
TGO,Togo,2012,Sub-Saharan Africa,Low income,2.57718174055848,6.30271426865185,75.7132085684163,31.5797942911627,2.24458540176674,0.48493051528930664,0.6320745348930359,0.1643451750278473,0,1.274575267081938,NA,-4.6,1,132,1
TON,Tonga,2012,East Asia & Pacific,Upper middle income,1.14753853706055,0.919761024923076,77.9722872799652,43.2088709607532,-0.178618753397925,0.49773353338241577,0.3504026532173157,0.4476322829723358,0,0.7643223197958443,0.5287044104467413,-1.7,0,111,0
TUN,Tunisia,2012,Middle East & North Africa,Lower middle income,4.6118443220664,4.21667711535632,101.550723929668,65.7638481241703,3.28518933963283,0.5723076462745667,0.5506460666656494,0.1643451750278473,0,1.7248794216677077,0,-4.9,0,132,0
TUR,Turkiye,2012,Europe & Central Asia,Upper middle income,8.89156996512163,4.80762696633448,53.3277612968607,49.4029495346267,1.55241965245755,0.47269347310066223,0.26239562034606934,0.4476322829723358,0,2.2916828757179957,1,-1.8,0,111,0
UGA,Uganda,2012,Sub-Saharan Africa,Low income,12.6790377224659,3.83745560605229,43.5021371397314,17.5610483784277,4.41438584859015,0.7824125289916992,0.24574550986289975,1,0,2.615864567795288,1,-2.4,0,111,0
UKR,Ukraine,2012,Europe & Central Asia,Upper middle income,0.568727971803862,0.152314967200653,102.622788356626,52.9916215827074,4.47720109403357,0.566601574420929,1,0,0,0.4502650819213526,0,-4.1,1,111,1
VUT,Vanuatu,2012,East Asia & Pacific,Lower middle income,1.34740362877658,1.01004768692042,104.451629665983,82.1765848263518,8.07506480226511,NA,0.3149850368499756,NA,0,0.8533098785532633,NA,-1.5,0,111,0
VNM,Viet Nam,2012,East Asia & Pacific,Lower middle income,9.09470339557192,5.5045447041189,123.224116745985,84.8164706968756,4.27832287681174,0.46060270071029663,1,0.4168718457221985,0,2.312010870012896,1,-5.5,1,111,1
YEM,"Yemen, Rep.",2012,Middle East & North Africa,Low income,9.88538714484871,2.39299021364694,61.3616371825683,34.9687113200826,-0.0402221829314871,0.32519879937171936,1,1,0,2.3874212608752217,1,NA,1,111,1
ZMB,Zambia,2012,Sub-Saharan Africa,Lower middle income,6.57589970757698,7.59738104901994,75.367709855907,19.57691458578,6.78938124085044,0.6359180808067322,0.3038530647754669,1,0,2.0249721176199347,1,-3.2,0,111,0
ALB,Albania,2013,Europe & Central Asia,Upper middle income,1.93762080205223,1.7072283175406,75.7506185619748,84.968214908499,9.80035898039468,0.5826113820075989,0.34926432371139526,0.4168718457221985,0,1.0776000027275914,1,-5.2,1,134,1
DZA,Algeria,2013,Middle East & North Africa,Upper middle income,3.25423910998847,2.60000000061164,59.151008157244,65.5009854719817,0.736559065111634,0.42377981543540955,0.3657208979129791,0.1643451750278473,0,1.4479159234702743,1,-0.8,0,132,0
AGO,Angola,2013,Sub-Saharan Africa,Lower middle income,8.77781429332623,4.88306129688392,77.3498013716078,29.6352671500319,-4.78350487024797,0.5771188139915466,0.7473776936531067,0,0,2.280115971679742,0,-0.3,1,111,1
ARM,Armenia,2013,Europe & Central Asia,Upper middle income,5.7896677854465,3.3,77.5550481598824,33.9221954954342,3.11193185351156,0.44772130250930786,0.4541980028152466,1,0,1.9154020133407224,1,-1.6,0,111,1
AZE,Azerbaijan,2013,Europe & Central Asia,Upper middle income,2.41571745279419,5.84341590483928,74.6758447629851,33.1542970168781,3.53211598676051,0.6079962253570557,1,0.4641861915588379,0,1.2283875596231617,0.8735218558992969,1.6,1,111,1
BGD,Bangladesh,2013,South Asia,Lower middle income,7.53040640913172,6.01360565834344,46.2964027228174,61.399914294208,1.73532012481503,0.5,0.7571405172348022,0.1643451750278473,0,2.143637005049943,0.3942342873818497,-2.9,1,111,1
BLR,Belarus,2013,Europe & Central Asia,Upper middle income,18.3122610377873,0.998719299661161,119.815965235724,28.8221408448184,2.97388136295762,0.7050089836120605,0.6175795793533325,0.1643451750278473,1,2.960740181133506,0.3942342873818497,-1,0,111,0
BLZ,Belize,2013,Latin America & Caribbean,Upper middle income,0.50974776898322,4.06646561608865,108.672614067831,60.8437391816382,4.53263160783493,0.5697034597396851,1,0.1643451750278473,0,0.41194259646556664,0.22930405863986925,-1.2,1,111,1
BEN,Benin,2013,Sub-Saharan Africa,Lower middle income,0.428888888888883,7.19143372144946,59.2001918331875,26.8619707362547,2.87863747120321,0.421647310256958,0.6459012627601624,0.1643451750278473,0,0.3568971414732499,0,-1.4,1,132,1
BTN,Bhutan,2013,South Asia,Lower middle income,8.77638345268212,1.73634039505693,95.0525382780424,52.269871161227,1.05127659163372,0.5808800458908081,1,0.1643451750278473,0,2.279969625543199,NA,-4.5,1,534,1
BOL,Bolivia,2013,Latin America & Caribbean,Lower middle income,5.73640023719606,6.79601142810857,81.2309075267174,78.6599622330564,5.7066221190291,0.6482683420181274,1,0.4476322829723358,0,1.9075256928108624,0.5988605656814417,0.5,1,111,1
BWA,Botswana,2013,Sub-Saharan Africa,Upper middle income,5.88460707056816,11.1029068737822,125.78303991122,44.5408963251605,0.470417841005353,0.6598268151283264,0.3358902931213379,1,0,1.9292880601915725,1,5.8,0,199,0
BRA,Brazil,2013,Latin America & Caribbean,Upper middle income,6.204310666401,3.0048226702888,25.7859573281452,78.6265278073102,3.04150922966082,0.6145147085189819,0.2207998484373093,0.4168718457221985,0,1.974679550537277,0.7765749574623912,-3.4,0,111,0
BFA,Burkina Faso,2013,Sub-Saharan Africa,Low income,0.533738507090536,5.79258484509867,64.0358513024234,28.2873353776802,3.64766773141753,0.421647310256958,0.6459012627601624,0.1643451750278473,0,0.4277082236754051,0,-3.5,1,132,1
BDI,Burundi,2013,Sub-Saharan Africa,Low income,7.93795807492417,4.92392485117456,NA,25.8819425264112,4.7612156740524,0.41571491956710815,0.21233990788459775,0,0,2.1903071598450974,0,-1.9,0,111,0
CPV,Cabo Verde,2013,Sub-Saharan Africa,Lower middle income,1.50654285701407,0.632136727385131,86.1698600308418,81.5743854193041,4.40125011545419,0.6067920923233032,0.6459037661552429,0.1643451750278473,0,0.918904455925164,0,-8.5,1,182,1
KHM,Cambodia,2013,East Asia & Pacific,Lower middle income,2.94162509547349,7.8574997554252,124.887552768657,43.3172830099668,10.4430587644193,0.7021843791007996,0.6502131223678589,0.7167128920555115,0,1.3715930990513512,0.7167128920555115,-2,NA,NA,NA
CMR,Cameroon,2013,Sub-Saharan Africa,Lower middle income,2.0503471800174,4.99552916130783,49.6745363462134,18.3545710209579,1.62296806273401,0.4662741720676422,0.6459012627601624,0.1643451750278473,0,1.1152554136551345,0,-3.5,1,132,1
CAF,Central African Republic,2013,Sub-Saharan Africa,Low income,6.98879341970198,-36.3919770983887,38.3992875721315,25.5729526376708,0.109532467338194,0.4662741720676422,0.6459012627601624,0.1643451750278473,0,2.07803973707345,0,-2.3,1,132,1
TCD,Chad,2013,Sub-Saharan Africa,Low income,0.222671564624551,2.83821524768997,51.5308164549816,9.65711185947141,2.91179134022524,0.4662741720676422,0.6459012627601624,0.1643451750278473,0,0.20103827168145808,0,-1.5,1,132,1
CHN,China,2013,East Asia & Pacific,Upper middle income,2.62105001748114,7.77872409446717,45.9160413795571,183.302565918285,2.98598708261986,0.5,0.780445396900177,0.1643451750278473,0,1.2867640438560513,1,-0.8,1,111,1
COL,Colombia,2013,Latin America & Caribbean,Upper middle income,2.01699224310383,5.13399351995672,37.9866487978457,45.3776099797769,4.24252457969381,0.27137482166290283,0.35626712441444397,0.4168718457221985,0,1.1042603891109175,0.5953960076337919,-1,0,111,0
COM,Comoros,2013,Sub-Saharan Africa,Lower middle income,-4.29487331536756,4.4661636979028,39.2433304149929,21.7333536290114,0.379103082802071,8.685390348546207e-4,0.6458850502967834,0.1643451750278473,0,0.09531017980432492,NA,10.5,1,132,1
COD,"Congo, Dem. Rep.",2013,Sub-Saharan Africa,Low income,0.80822310148711,9.62448879216879,72.5557545139014,10.7235574589915,4.86537109127196,0.5233562588691711,0.8051393032073975,NA,0,0.5923446511974366,NA,3.5,1,111,1
COG,"Congo, Rep.",2013,Sub-Saharan Africa,Lower middle income,4.63161619729461,-0.712434451876447,93.0028633915235,25.0861986194118,10.4621010083708,0.4662741720676422,0.6459012627601624,0.1643451750278473,0,1.7283964697464649,0,-2.8,1,132,1
CRI,Costa Rica,2013,Latin America & Caribbean,Upper middle income,5.23133614174428,2.49476611209954,64.0664105879442,50.4829610730799,6.29127735209415,0.15360796451568604,0.6343896985054016,1,0,1.8295907787839985,1,-5.2,1,111,1
CIV,Cote d'Ivoire,2013,Sub-Saharan Africa,Lower middle income,2.58117037252935,10.7602131311256,58.3526792527234,24.8226316343292,0.953203642314205,0.421647310256958,0.6459012627601624,0.1643451750278473,0,1.275689666686943,0,-1.6,1,132,1
DJI,Djibouti,2013,Middle East & North Africa,Lower middle income,-12.563149225034,NA,347.720317058403,60.6806525568338,13.9893763417185,NA,1,0.700158953666687,0,0.09531017980432492,0,-0.3,1,111,1
DMA,Dominica,2013,Latin America & Caribbean,Upper middle income,-0.0464116468805991,0.0045039972976042,NA,88.2939750915626,7.09315981024728,0.5774991512298584,1,0.4168718457221985,0,0.09531017980432492,0.4712955895532587,-2.9,1,111,1
DOM,Dominican Republic,2013,Latin America & Caribbean,Upper middle income,4.830950967408,4.93473300709881,56.8137658014945,34.079255291321,2.55757225532805,0.5208320617675781,0.5621737837791443,0.8200953602790833,0,1.7631801032538832,0.8724123345226593,-4.4,0,111,0
ECU,Ecuador,2013,Latin America & Caribbean,Upper middle income,2.72177577710371,7.21123653679159,63.4333003342414,38.911990511496,0.752903273859877,0.4975000321865082,1,0.4476322829723358,0,1.3142009138217663,0.3264591609935579,-8.2,NA,NA,NA
EGY,"Egypt, Arab Rep.",2013,Middle East & North Africa,Lower middle income,9.4697198106492,2.18546605362143,40.373038056332,74.6118357615808,1.45343420769727,0.4473878741264343,0.343042254447937,0.1643451750278473,0,2.3484872633638245,0.1643451750278473,-12.3,0,111,0
SLV,El Salvador,2013,Latin America & Caribbean,Upper middle income,0.757669184522973,2.18295232499635,80.4511944908271,49.7941160550517,1.11490857279595,0.38873517513275146,1,0.700158953666687,0,0.5639886043785179,0.700158953666687,-4.5,1,111,1
GNQ,Equatorial Guinea,2013,Sub-Saharan Africa,Upper middle income,2.94887694639662,-4.13319850131583,106.893284926066,14.1967346403369,2.65594378481707,0.4662741720676422,0.6459012627601624,0.1643451750278473,0,1.3734312211192403,0,-4.4,1,132,1
SWZ,Eswatini,2013,Sub-Saharan Africa,Lower middle income,5.62130623468948,4.09458522119226,85.2034551274939,25.98237427577,1.83246466722921,0.21397216618061063,1,0.1643451750278473,0,1.8902926669029432,0,0.6,1,199,1
ETH,Ethiopia,2013,Sub-Saharan Africa,Low income,7.46402192944517,10.5822700502552,41.4717870807625,NA,2.82040845857162,NA,0.958336055278778,0.1643451750278473,0,2.1358244660205705,1,-1.9,0,111,0
FJI,Fiji,2013,East Asia & Pacific,Upper middle income,2.91354193603992,4.73421948956533,NA,74.1727541985571,5.81824859099488,0.5,0.364018589258194,0.1643451750278473,0,1.3644428299431528,0,-0.1,0,111,0
GAB,Gabon,2013,Sub-Saharan Africa,Upper middle income,0.505441058915615,5.63869900338696,90.6350361478645,24.9315584459845,1.84153865698512,0.4662741720676422,0.6459012627601624,0.1643451750278473,0,0.4090859176688432,0,-3.1,1,132,1
GMB,"Gambia, The",2013,Sub-Saharan Africa,Low income,5.69912989637382,2.872768790327,45.4619193623296,36.1417430773726,4.96800325180048,0.35793957114219666,0.17616784572601318,1,0,1.901977651750711,1,-5.1,0,111,0
GEO,Georgia,2013,Europe & Central Asia,Upper middle income,-0.512058410947092,5.13288531209382,93.8139137895532,33.75872949764,5.97432640298838,0.33036401867866516,0.5421004891395569,1,0,0.09531017980432492,1,-1.2,0,111,0
GHA,Ghana,2013,Sub-Saharan Africa,Lower middle income,11.6661923071729,7.31252501678145,60.7593219028775,21.9527563428547,5.13479660884921,0.05633151531219482,0.3712558448314667,0,0,2.53893642092331,0,-9.1,0,111,0
GRD,Grenada,2013,Latin America & Caribbean,Upper middle income,-0.0439997864828058,2.35109801677905,NA,90.0571055821276,15.4729269608086,0.5774991512298584,1,0.1643451750278473,0,0.09531017980432492,0.3942342873818497,-7.2,1,111,1
GTM,Guatemala,2013,Latin America & Caribbean,Upper middle income,4.34337131279521,3.69481894978053,56.6852490208198,47.8364253905363,2.87216286478145,0.5412651300430298,0.6095369458198547,1,0,1.675856785750027,1,-2.2,1,111,1
GIN,Guinea,2013,Sub-Saharan Africa,Lower middle income,11.8875884481828,3.94568708624053,80.4264477180461,21.8122160196576,0.00226821971801587,NA,0.41181308031082153,0,1,2.5562647124180957,0,-3.9,1,111,1
GNB,Guinea-Bissau,2013,Sub-Saharan Africa,Low income,1.20712555668405,3.25607190852087,39.9574617805787,29.5202357738202,1.76984840814073,0.3908882439136505,0.35599204897880554,0.1643451750278473,0,0.7916910158621447,0.7326588197655602,-1.7,1,132,1
HTI,Haiti,2013,Latin America & Caribbean,Lower middle income,4.76502404779142,4.32478411472874,40.3325097562551,25.2039044903606,1.0865204500402,0.3929169774055481,0.7753546237945557,1,0,1.7518093250551532,1,-4,1,111,1
HND,Honduras,2013,Latin America & Caribbean,Lower middle income,5.16189898581494,2.79155975746801,116.306049247436,53.1502477716167,5.77862113948416,0.517250120639801,0.866277813911438,0.1643451750278473,0,1.8183850069558725,0.23472552077950623,-5.5,0,111,1
IND,India,2013,South Asia,Lower middle income,10.0178784746102,6.38610640094825,53.8441319466777,78.1821717320597,1.5162764665975,0.5377048254013062,0.2047654241323471,0.1643451750278473,0,2.399519269275611,NA,-6.8,0,111,0
IDN,Indonesia,2013,East Asia & Pacific,Upper middle income,6.41249457900391,5.5572636889101,48.6373726752893,39.0754741372861,2.55135633401058,0.7127799987792969,0.24929802119731903,0.4168718457221985,0,2.003167032991895,0,-2,0,111,0
IRN,"Iran, Islamic Rep.",2013,Middle East & North Africa,Upper middle income,36.6030355191029,-1.52197920494184,47.0867179194755,51.996003252761,0.609501593960532,0.3349427878856659,0.04689199104905128,0.2832871377468109,1,3.62708477902824,0.6328568079713732,-0.7,0,111,0
JAM,Jamaica,2013,Latin America & Caribbean,Upper middle income,9.34150076569673,0.517686011311724,NA,45.1974396269524,3.81898294324016,0.6020750999450684,0.5293231010437012,0.700158953666687,0,2.3361650002984056,0.6411903128264653,0.1,0,111,0
JOR,Jordan,2013,Middle East & North Africa,Lower middle income,4.82462314269537,2.60994737548631,111.451527997628,121.352089680381,5.64977168714588,0.34317779541015625,1,1,0,1.7620943008258696,1,-8.8,1,111,1
KAZ,Kazakhstan,2013,Europe & Central Asia,Upper middle income,5.94283871648418,5.99999999671084,65.4076093299538,32.2178669241273,4.23069709209016,0.6228766441345215,0.6911032199859619,0.1643451750278473,0,1.9377107278432768,0,4.9,1,111,1
KEN,Kenya,2013,Sub-Saharan Africa,Lower middle income,5.71749357037733,3.7978483925754,47.4646425127304,37.7933919281896,1.81417037253291,0.6525876522064209,0.3931289613246918,0.700158953666687,0,1.9047151043618824,1,-5.2,0,111,0
KGZ,Kyrgyz Republic,2013,Europe & Central Asia,Lower middle income,6.61375202358082,10.9154694528045,134.026785643922,34.0344773190151,8.34375023535304,0.44470056891441345,0.66472327709198,0.2832871377468109,0,2.0299560889483046,0,-3.7,1,111,1
LAO,Lao PDR,2013,East Asia & Pacific,Lower middle income,6.37142717782947,8.02630022699017,98.1791466159604,NA,5.68624628337024,NA,0.4481611251831054,0.1643451750278473,0,1.997611334378044,0.3942342873818497,-4,0,111,0
LSO,Lesotho,2013,Sub-Saharan Africa,Lower middle income,4.86511899496385,1.79252555575545,133.36548975517,37.921760394771,2.13033827559342,0.30686521530151367,1,0.1643451750278473,0,1.7690227708960138,0,-2.6,1,199,1
LBR,Liberia,2013,Sub-Saharan Africa,Low income,7.577306817414,8.68728781639683,NA,21.0523385730968,62.9068538615833,0.4096089899539947,0.5253112316131592,1,0,2.1491199734815707,1,1.3,0,111,0
LBY,Libya,2013,Middle East & North Africa,Upper middle income,2.60581802719517,-17.9979615745681,106.334360918106,69.877190748815,0.931638601844643,0.5,0.535900890827179,0.1643451750278473,0,1.28254865961293,1,-16.3,1,111,1
MDG,Madagascar,2013,Sub-Saharan Africa,Low income,5.8264294445198,2.30037622800727,56.3675817900932,21.1936861069535,4.55464531104897,NA,0.3205850422382355,0.4168718457221985,0,1.9208017615615052,1,-3.4,0,132,0
MWI,Malawi,2013,Sub-Saharan Africa,Low income,27.2833333333334,5.41034999817167,NA,17.8341200997595,5.61985138978348,0.2915787398815155,0.1189512461423874,0.1643451750278473,0,3.342272703012128,0.3942342873818497,-3.7,0,111,0
MYS,Malaysia,2013,East Asia & Pacific,Upper middle income,2.10501231233612,4.69372252557893,142.720991464873,140.092353976818,3.49431175959971,0.4182165265083313,0.34669557213783264,0.1643451750278473,0,1.1330176807032226,0,-3.5,0,111,0
MDV,Maldives,2013,South Asia,Upper middle income,3.8056300091943,6.97496226412528,NA,46.7610399769232,10.9503892160384,0.45385995507240295,1,0.8356548547744751,0,1.5697881491643944,0.6057657841085201,-3.5,1,111,1
MLI,Mali,2013,Sub-Saharan Africa,Low income,-0.606736356351563,3.29068742019345,54.6032439863007,22.8931854315369,1.95552894419919,0.421647310256958,0.6459012627601624,0.1643451750278473,0,0.09531017980432492,0,-2,1,132,1
MRT,Mauritania,2013,Sub-Saharan Africa,Lower middle income,4.12910173783393,4.1508131898954,102.398824183169,24.6843683299957,15.5890028558149,0.5,0.4991607367992401,0.1643451750278473,0,1.6349305440134714,0.3942342873818497,-0.7,0,111,1
MUS,Mauritius,2013,Sub-Saharan Africa,Upper middle income,3.54329573934839,3.36040609974133,136.552117959236,95.7695136798409,2.35929777878695,0.1660030335187912,0.359538733959198,0.700158953666687,0,1.5136526824679588,0.6411903128264653,-3.3,0,112,0
MEX,Mexico,2013,Latin America & Caribbean,Upper middle income,3.80639069747204,0.852101559410627,62.6916747735807,31.6540798752404,3.83670268161454,0.4395650625228882,0.2543871998786926,0.700158953666687,0,1.5699464276996873,1,-3.6,0,111,0
FSM,"Micronesia, Fed. Sts.",2013,East Asia & Pacific,Lower middle income,1.75232737350762,-3.67642942893428,114.766672350061,46.6019823449308,NA,0.7139811515808105,1,1,0,1.0124468713927723,1,2.8,1,111,1
MDA,Moldova,2013,Europe & Central Asia,Upper middle income,4.59787897363127,9.0438656074181,95.6872968332383,52.5232099788009,2.54698521289676,0.6122235655784607,0.4872882068157196,0.1643451750278473,0,1.7223877712867206,0,-1.6,0,111,0
MNG,Mongolia,2013,East Asia & Pacific,Upper middle income,10.4906567588241,11.6489161878925,100.311989662943,49.2981755665432,16.3700755246398,0.1193968653678894,0.2497119903564453,0.8356548547744751,0,2.4415342493937295,1,-0.9,0,111,0
MAR,Morocco,2013,Middle East & North Africa,Lower middle income,1.88065466724086,4.12221286860944,73.8577565315318,105.136360478507,2.9038626404404,0.35892796516418457,0.5943247675895691,0.1643451750278473,0,1.0580175833298988,0.3942342873818497,-4.7,1,132,1
MOZ,Mozambique,2013,Sub-Saharan Africa,Low income,4.26135250941963,6.57141389665537,109.38537659913,41.8024405933975,38.9428653441902,0.9055397510528564,0.5273026823997498,0.1643451750278473,0,1.6603881247654615,1,-2.5,0,111,1
MMR,Myanmar,2013,East Asia & Pacific,Lower middle income,5.64303883425501,8.42600102501767,NA,36.7745637917475,3.74085607932619,0.5,0.3708212673664093,0,0,1.893569514557182,0,-1.5,0,111,0
NAM,Namibia,2013,Sub-Saharan Africa,Upper middle income,5.60092502290401,5.61471962254485,97.7249042303832,58.7259349591585,6.45232765797467,0.0789593979716301,1,0.1643451750278473,0,1.8872097941970436,1,-4.7,1,199,1
NPL,Nepal,2013,South Asia,Lower middle income,9.04016311917645,3.52515317129149,41.8653757376722,74.3155496306317,0.334712330597339,0.5142370462417603,0.22662332653999329,0.1643451750278473,0,2.306593361061529,0,1.6,0,534,0
NIC,Nicaragua,2013,Latin America & Caribbean,Lower middle income,7.13546785289407,4.92709413447304,110.984207880382,36.2353636593033,8.78722600899979,0.6876254677772522,0.9880346059799194,1,0,2.0962332501290484,1,-0.3,0,111,0
NER,Niger,2013,Sub-Saharan Africa,Low income,2.29723114955317,5.31513063394726,46.2951491493291,16.8763642171311,7.03516563238375,0.421647310256958,0.6459012627601624,0.1643451750278473,0,1.1930830706867157,0,-1.9,1,132,1
NGA,Nigeria,2013,Sub-Saharan Africa,Lower middle income,8.49551838265669,6.67133539306167,NA,25.4480451128873,1.06953936497778,0.30081793665885925,1,0.299841046333313,0,2.250819938103803,1,-1.9,1,111,1
PAK,Pakistan,2013,South Asia,Lower middle income,7.69215611899565,4.36686504978387,30.8902743401844,46.6987110926231,0.515353849332245,0.49205732345581055,0.41427120566368103,0.1643451750278473,0,2.162421023461098,1,-7.5,0,111,0
PNG,Papua New Guinea,2013,East Asia & Pacific,Lower middle income,4.9603174603175,3.82494632800675,NA,37.9366603048306,0.126069328063533,0.5394208431243896,0.4274336099624634,0.7474732995033264,0,1.7851237448126636,1,-6.9,0,111,0
PRY,Paraguay,2013,Latin America & Caribbean,Upper middle income,2.68385738718582,8.29307648937821,73.369871384133,36.4633066629832,1.13236628162524,0.5059375166893005,0.2970289885997772,0.4476322829723358,0,1.303960406239254,0.5988605656814417,-1.2,0,111,0
PER,Peru,2013,Latin America & Caribbean,Upper middle income,2.76789666082002,5.85251821084928,49.7871424471444,44.4876585250752,4.75734900182415,0.5498844981193542,0.4583934545516968,1,0,1.3265169308656375,1,0.8,0,111,0
PHL,Philippines,2013,East Asia & Pacific,Lower middle income,2.58268766141795,6.75053130142255,55.8247812320298,66.8366025320504,1.31642638378197,0.3784359395503998,0.3700946271419525,0.1643451750278473,0,1.2761132621585725,0,0.4,0,111,0
RWA,Rwanda,2013,Sub-Saharan Africa,Low income,5.92426867984854,4.71984856978263,42.6934924295362,17.9823176390729,2.98932057367113,0.40884485840797424,0.7621252536773682,0.6875051259994507,0,1.9350324406986723,0.8971612395512276,-1.3,0,111,0
WSM,Samoa,2013,East Asia & Pacific,Lower middle income,0.61008572090503,0.107293276488932,77.877751737476,40.9868119812795,1.72885382959682,0.7626549005508423,0.37256747484207153,0.1643451750278473,0,0.4762874203771795,0.3942342873818497,-3.8,0,196,0
STP,Sao Tome and Principe,2013,Sub-Saharan Africa,Lower middle income,8.10583270875476,5.11967735428513,NA,42.470839095543,4.55447319839345,0.7409021258354187,0.3355301320552826,0.7167128920555115,0,2.208915165203612,0.7167128920555115,2.1,1,134,1
SEN,Senegal,2013,Sub-Saharan Africa,Lower middle income,0.710245486695176,2.41238527605579,60.6267663596737,29.8712969116485,1.64581763022307,0.421647310256958,0.6459012627601624,0.1643451750278473,0,0.5366369196817569,0,-4.3,1,132,1
SLB,Solomon Islands,2013,East Asia & Pacific,Lower middle income,5.3913638858756,5.23744704670068,99.6074605551315,36.6688559486235,4.15538562986034,0.5230696201324463,0.5348981022834778,0.1643451750278473,0,1.8549476862833325,0,3.6,1,111,1
ZAF,South Africa,2013,Sub-Saharan Africa,Upper middle income,5.78016910069176,2.48546800826588,58.875027630051,64.9807634284201,2.05358095229684,0.6080707907676697,0.18679790198802948,0.1643451750278473,0,1.9140020427462592,0.3942342873818497,-3.9,0,111,0
LKA,Sri Lanka,2013,South Asia,Lower middle income,6.90845034828452,4.05174633027869,NA,43.1505837837428,1.21148000445532,0.5715954899787903,0.23711320757865903,0.1643451750278473,0,2.067931852129525,0,-5,0,111,0
LCA,St. Lucia,2013,Latin America & Caribbean,Upper middle income,1.46856511035428,-1.81877603735991,NA,73.6143237849424,7.56598774359971,0.5774991512298584,1,0.4476322829723358,0,0.9036370548543556,1,-4,1,111,1
VCT,St. Vincent and the Grenadines,2013,Latin America & Caribbean,Upper middle income,0.805127804267928,2.4624841721544,NA,68.2445363440386,20.0776834830317,0.5774991512298584,1,0.1643451750278473,0,0.5906313949668426,0,-5.8,1,111,1
SUR,Suriname,2013,Latin America & Caribbean,Upper middle income,1.92343604108305,2.9334416518612,NA,53.1617097089983,3.62949532348678,0.4105627238750458,1,0,0,1.07275965087864,0,-2.6,1,111,1
TJK,Tajikistan,2013,Europe & Central Asia,Lower middle income,5.00964645344951,7.39999974700379,71.7437428882341,21.0976794752076,3.351407966942,0.5590012669563293,1,0.1643451750278473,0,1.7933659204356636,0.36714325860631464,-0.7,1,111,1
TZA,Tanzania,2013,Sub-Saharan Africa,Lower middle income,7.87072364573959,6.78158560065316,48.6316275295495,22.0709597355983,4.57242839319348,0.6710883975028992,0.5976941585540771,0.1643451750278473,0,2.1827563765043987,0.5801363815350187,-3.8,1,111,1
THA,Thailand,2013,East Asia & Pacific,Upper middle income,2.18488618530687,2.68749556320556,132.462274174269,124.369225680398,3.79126450872817,0.5858798623085022,0.31622573733329773,0.1643451750278473,0,1.1584165537881017,0,0.6,0,111,0
TGO,Togo,2013,Sub-Saharan Africa,Low income,1.82539475909162,5.82425069283059,82.1477877564195,34.3200096510378,3.04894540679557,0.421647310256958,0.6459012627601624,0.1643451750278473,0,1.038648092567544,NA,-5.1,1,132,1
TON,Tonga,2013,East Asia & Pacific,Upper middle income,0.77562932236742,0.393922530137331,82.731581196292,45.4271878301343,1.38770980540009,0.49773353338241577,0.3799367845058441,0.4476322829723358,0,0.5741549079027864,0.5287044104467413,-1.3,0,111,0
TUN,Tunisia,2013,Middle East & North Africa,Lower middle income,5.31623531326689,2.42993096446429,98.9549566862038,65.2741104776149,2.1744128074392,0.7171841859817505,0.38090142607688904,0.1643451750278473,0,1.8431233523914168,0,-7,0,132,0
TUR,Turkiye,2013,Europe & Central Asia,Upper middle income,7.49309030547693,8.48825689298511,53.0683530043043,51.9555839485783,1.40962960980578,0.5491188764572144,0.2572253942489624,0.4476322829723358,0,2.13925292767163,1,-1.2,0,111,0
UGA,Uganda,2013,Sub-Saharan Africa,Low income,4.90520875694557,3.58690582623025,43.1091548734687,17.9866884362961,3.79031709675384,0.5779404640197754,0.590123176574707,1,0,1.7758348015977776,1,-3.2,0,111,0
UKR,Ukraine,2013,Europe & Central Asia,Upper middle income,-0.238948626045407,0.045439094492707,94.0016694501782,59.6979022372268,2.36694390135139,0.37695178389549255,1,0,0,0.09531017980432492,0,-4.6,1,111,1
VUT,Vanuatu,2013,East Asia & Pacific,Lower middle income,1.45893371757921,0.463390415135095,106.410757127713,75.0045257783295,7.83052394467406,0.3814018070697784,0.36638954281806946,NA,0,0.8997278078399408,NA,-0.2,0,111,0
VNM,Viet Nam,2013,East Asia & Pacific,Lower middle income,6.59267475899192,5.55351081026072,130.846354866743,93.7627042859535,4.16454517277325,0.6270396113395691,1,0.4168718457221985,0,2.0271839349915317,1,-6,1,111,1
YEM,"Yemen, Rep.",2013,Middle East & North Africa,Low income,10.9684421500198,4.82351908493912,52.5118781367089,34.7409366655838,-0.330496410064222,0.2803247570991516,1,1,0,2.4822733649029542,1,NA,1,111,1
ZMB,Zambia,2013,Sub-Saharan Africa,Lower middle income,6.97767605490307,5.05753695047252,80.4562410213373,20.5127924174127,7.48932505567266,0.374217301607132,0.3260187804698944,1,0,2.0766471478585005,1,-6.4,0,111,0
ALB,Albania,2014,Europe & Central Asia,Upper middle income,1.62586504402613,2.24022695382642,75.0212023084129,85.2116447508147,8.64846635716115,0.5707228183746338,0.3709869384765625,0.4168718457221985,0,0.9654103823383986,1,-5.5,1,134,1
DZA,Algeria,2014,Middle East & North Africa,Upper middle income,2.91692692067458,4.09999999866501,56.9235419669867,70.9674793280753,0.628688968391006,0.3821540176868438,0.3690764605998993,0.1643451750278473,0,1.3653073975463066,1,-7.1,0,132,0
AGO,Angola,2014,Sub-Saharan Africa,Lower middle income,7.2803873036112,4.65572356315585,69.5801424481147,31.610917621527,2.38352427018273,0.4968900978565216,0.582966148853302,0,0,2.113889743101669,0,-5.1,0,111,0
ARM,Armenia,2014,Europe & Central Asia,Upper middle income,2.98130868933672,3.60000000058993,75.778866962639,34.6722961325568,3.50211415457343,0.45006313920021057,0.25147122144699097,1,0,1.3816105816643376,1,-1.9,0,111,0
AZE,Azerbaijan,2014,Europe & Central Asia,Upper middle income,1.37344181533176,2.79758521448559,69.4832251953347,36.544870094774,5.88846176710651,NA,1,0.4641861915588379,0,0.8643411444183658,0.8735218558992969,2.7,1,111,1
BGD,Bangladesh,2014,South Asia,Lower middle income,6.99163889220848,6.0610593588495,44.5140801968096,63.3375540979273,1.46870305074204,0.5,0.8193107843399048,0.1643451750278473,0,2.0783958566678424,0.3942342873818497,-2.6,1,111,1
BLR,Belarus,2014,Europe & Central Asia,Upper middle income,18.1195543526734,1.65112470228097,110.651424367582,29.7151774519675,2.36255232890544,0.6472439765930176,0.29856690764427185,0,1,2.9507115994370503,0,0.1,0,111,0
BLZ,Belize,2014,Latin America & Caribbean,Upper middle income,1.20139964481057,3.89226067249989,107.112517468788,62.4825588534825,6.5987393918196,0.5262042284011841,1,0.1643451750278473,0,0.7890933602600757,0.22930405863986925,-1.7,1,111,1
BEN,Benin,2014,Sub-Saharan Africa,Lower middle income,-0.54875755094818,6.35767909791932,65.2682749404551,29.9654302622445,3.054209933397,0.43801578879356384,0.7777683138847351,0.1643451750278473,0,0.09531017980432492,0,-1.7,1,132,1
BTN,Bhutan,2014,South Asia,Lower middle income,8.27106093949327,5.88108550658288,87.9342562013295,58.7955047901205,1.12656942719562,0.4785080850124359,1,0.1643451750278473,0,2.226897821733786,NA,2.5,1,534,1
BOL,Bolivia,2014,Latin America & Caribbean,Lower middle income,5.76660074579143,5.46056950635116,85.2644695625131,84.5230679036935,1.98982485629696,0.6401659250259399,1,0.4476322829723358,0,1.9119988553309115,0.5988605656814417,-2.9,1,111,1
BWA,Botswana,2014,Sub-Saharan Africa,Upper middle income,4.40225309243427,5.69714422072884,119.497541791464,40.2145223107546,3.33019730942426,0.7821297645568848,0.3660890758037567,1,0,1.6868161058897797,1,3.9,0,199,0
BRA,Brazil,2014,Latin America & Caribbean,Upper middle income,6.32904015516138,0.503955740273241,24.685405813292,81.9065640139893,3.57135261310663,0.4020270109176636,0.21275807917118073,0.4168718457221985,0,1.9918445598700845,0.7765749574623912,-6.3,0,111,0
BFA,Burkina Faso,2014,Sub-Saharan Africa,Low income,-0.258089517535291,4.32684561452976,58.8235624937426,30.2894261109739,2.56255154786841,0.43801578879356384,0.7777683138847351,0.1643451750278473,0,0.09531017980432492,0,-1.7,1,132,1
BDI,Burundi,2014,Sub-Saharan Africa,Low income,4.40535234185293,4.24490803087248,NA,26.4533319187798,3.38973967159169,0.4515633881092071,0.281495064496994,0,0,1.6873896370984196,0,-3.9,0,111,0
CPV,Cabo Verde,2014,Sub-Saharan Africa,Lower middle income,-0.238778144990623,0.696666840118581,91.3038524117221,87.1221741798431,8.84407322092194,0.5403163433074951,0.7777798175811768,0.1643451750278473,0,0.09531017980432492,0,-6.9,1,182,1
KHM,Cambodia,2014,East Asia & Pacific,Lower middle income,3.85568861424207,8.00032074618566,124.454908526693,51.0567705606563,8.40902020300656,0.5731297731399536,0.731988787651062,0.7167128920555115,0,1.5801509277806742,0.7167128920555115,-1.2,NA,NA,NA
CMR,Cameroon,2014,Sub-Saharan Africa,Lower middle income,1.85489850366776,5.71981814509198,50.8323893087648,19.2725607454566,1.99484327731063,0.3384952247142792,0.7777683138847351,0.1643451750278473,0,1.0490362920969756,0,-3.4,1,132,1
CAF,Central African Republic,2014,Sub-Saharan Africa,Low income,14.8986841797549,0.0810705153264877,53.0950920179825,26.1656430570193,0.18339589636816,0.3384952247142792,0.7777683138847351,0.1643451750278473,0,2.766236349811462,0,-3,1,132,1
TCD,Chad,2014,Sub-Saharan Africa,Low income,1.6819731392567,2.06283074347695,40.8116269859319,12.0294799460796,-3.72317778039931,0.3384952247142792,0.7777683138847351,0.1643451750278473,0,0.9865527696179472,0,-3.2,1,132,1
CHN,China,2014,East Asia & Pacific,Upper middle income,1.9216416278852,7.46190028229434,44.0684564812532,187.314251294572,2.51155883670463,0.6065557599067688,0.8062885999679565,0.1643451750278473,0,1.0721456596347771,1,-0.7,1,111,1
COL,Colombia,2014,Latin America & Caribbean,Upper middle income,2.89883787761737,4.49903000110972,37.4874656411103,46.3781588471125,4.2410725668786204,0.1522236168384552,0.20012134313583377,0.4168718457221985,0,1.3606785286325995,0.5953960076337919,-1.7,0,111,0
COM,Comoros,2014,Sub-Saharan Africa,Lower middle income,7.54755379096711,2.10666920560958,39.2358244169194,22.8178435244477,0.407499039358216,0.0011733571300283,0.7777699828147888,0.1643451750278473,0,2.1456451356928112,NA,-0.3,1,132,1
COD,"Congo, Dem. Rep.",2014,Sub-Saharan Africa,Low income,1.24303889760802,7.30227750870263,74.1131729382021,11.1174080264245,3.90992337722209,0.3958841562271118,0.7102913856506348,NA,0,0.8078315971656893,NA,3.9,1,111,1
COG,"Congo, Rep.",2014,Sub-Saharan Africa,Lower middle income,0.912139545450097,6.64606540928447,104.197620103417,28.6204605365655,16.1339951694307,0.3384952247142792,0.7777683138847351,0.1643451750278473,0,0.6482227959880226,0,-10.7,1,132,1
CRI,Costa Rica,2014,Latin America & Caribbean,Upper middle income,4.51920098516953,3.54210987765977,65.1912420532368,52.4568066554807,6.23293662208767,0.3387295603752136,0.32692867517471313,0.7167128920555115,0,1.7082331007483562,0.7167128920555115,-5.5,0,111,0
CIV,Cote d'Ivoire,2014,Sub-Saharan Africa,Lower middle income,0.448682076766141,9.37199994240375,53.6804175610344,24.8194590556386,0.899528920528967,0.43801578879356384,0.7777683138847351,0.1643451750278473,0,0.3706542305459117,0,-1.6,1,132,1
DJI,Djibouti,2014,Middle East & North Africa,Lower middle income,1.34186494340162,7.19298728463697,298.564535821251,59.4903174114541,6.88983261287099,NA,1,0.700158953666687,0,0.8509475963058851,0,-6.9,1,111,1
DMA,Dominica,2014,Latin America & Caribbean,Upper middle income,0.799250372687492,2.33521742067693,NA,88.3203280527251,2.15759020953855,0.5402073860168457,1,0.4168718457221985,0,0.587370118540668,0.4712955895532587,-5.5,1,111,1
DOM,Dominican Republic,2014,Latin America & Caribbean,Upper middle income,2.99864226125218,7.11122629673892,55.6601041506633,33.3589761623396,3.55938801753347,0.44616732001304626,0.7629798054695129,0.8200953602790833,0,1.385954868811943,0.8724123345226593,-2.8,1,111,1
ECU,Ecuador,2014,Latin America & Caribbean,Upper middle income,3.58922016616663,4.22606520388456,61.4263766217565,42.0489528162959,0.751953401658059,0.41652023792266846,1,0.4476322829723358,0,1.5237101111994364,0.3264591609935579,-8.1,NA,NA,NA
EGY,"Egypt, Arab Rep.",2014,Middle East & North Africa,Lower middle income,10.0702154687481,2.91591187985748,36.9201877934272,75.4426483751864,1.50925042253521,0.5213324427604675,0.6408280730247498,0.1643451750278473,0,2.4042582107360073,0.1643451750278473,-10.7,0,111,1
SLV,El Salvador,2014,Latin America & Caribbean,Upper middle income,1.14134467538233,1.7293998423459,78.1044257477935,48.618049979283,2.2408951362935,0.4407341182231903,1,0.700158953666687,0,0.7614339846850801,0.700158953666687,-4,1,111,1
GNQ,Equatorial Guinea,2014,Sub-Saharan Africa,Upper middle income,4.30999866149107,0.415066301596866,104.379198671388,12.0500403280886,0.771291915530887,0.3384952247142792,0.7777683138847351,0.1643451750278473,0,1.669591583180571,0,-7.5,1,132,1
SWZ,Eswatini,2014,Sub-Saharan Africa,Lower middle income,5.68134885776447,2.05738179246586,91.6200186943398,25.02701511267,0.601685882709023,0.23686501383781433,1,0.1643451750278473,0,1.8993198919795231,0,-1.2,1,199,1
ETH,Ethiopia,2014,Sub-Saharan Africa,Low income,6.89001951597191,10.2574929627477,40.7410841498626,NA,3.33569111068815,NA,NA,0.1643451750278473,0,2.065598608361937,1,-2.6,0,111,0
FJI,Fiji,2014,East Asia & Pacific,Upper middle income,0.519306474579106,5.6035144061830104,NA,68.9197297147807,7.77972455296746,0.5,0.3794727921485901,0.1643451750278473,0,0.41825396401257825,0,-3.5,0,111,0
GAB,Gabon,2014,Sub-Saharan Africa,Upper middle income,4.69045751826284,4.31496444107469,73.5203290162438,23.4701903743794,6.93864724297156,0.3384952247142792,0.7777683138847351,0.1643451750278473,0,1.7387906523333,0,6,1,132,1
GMB,"Gambia, The",2014,Sub-Saharan Africa,Low income,5.94799935696626,-1.40738249510954,58.2579307752264,37.9790482812269,1.8718835765044,0.5096742510795593,0.38618573546409607,1,0,1.938453755829381,1,-3.9,0,111,0
GEO,Georgia,2014,Europe & Central Asia,Upper middle income,3.06881210379543,4.09049059581743,94.9506979383393,35.2746860423388,10.2241873429056,0.13210123777389526,0.36160367727279663,1,0,1.4033510904638904,1,-1.8,0,111,0
GHA,Ghana,2014,Sub-Saharan Africa,Lower middle income,15.4896160333318,2.85624016330883,63.8365624430783,23.642550556526,6.15120635162518,0.10212353616952896,0.277924507856369,0,1,2.802730851481237,0,-7.8,0,111,0
GRD,Grenada,2014,Latin America & Caribbean,Upper middle income,-0.98360305555498,7.34212396037948,NA,88.3850844158283,9.18674323761499,0.5402073860168457,1,0.1643451750278473,0,0.09531017980432492,0.3942342873818497,-4.2,1,111,1
GTM,Guatemala,2014,Latin America & Caribbean,Upper middle income,3.4183616966296,4.44397783368888,55.0832735945126,48.0337930012964,2.43302117698753,0.7262593507766724,0.6095579266548157,1,0,1.4857689705082384,1,-1.9,1,111,1
GIN,Guinea,2014,Sub-Saharan Africa,Lower middle income,6.1505055670642,3.69655311664086,76.7719658952305,23.3999037487349,-0.840221306496811,NA,0.4621488153934479,0,0,1.967183062886483,0,-3,0,111,0
GNB,Guinea-Bissau,2014,Sub-Saharan Africa,Low income,-1.50924460570494,0.964525745841428,46.8696583055238,42.9431625298517,2.54152912247103,0.4388046860694885,0.35902726650238037,0.1643451750278473,0,0.09531017980432492,0.7326588197655602,-2.4,1,132,1
HTI,Haiti,2014,Latin America & Caribbean,Lower middle income,3.43816659958601,2.88877250863379,42.3515259071619,25.8191820722627,0.653599798370867,0.4614562690258026,0.667302131652832,1,0,1.4902413631447124,1,-3.6,0,111,0
HND,Honduras,2014,Latin America & Caribbean,Lower middle income,6.12924930313022,3.0580805621437,112.97509728471,54.6746373814689,8.62899693066618,0.7184073328971863,0.84719318151474,0.1643451750278473,0,1.9642059418046205,0.23472552077950623,-2.8,0,111,0
IND,India,2014,South Asia,Lower middle income,6.66565671867899,7.41022760508854,48.9221857470669,77.8993537588766,1.69565958990806,0.5228936076164246,0.38230955600738525,0.1643451750278473,0,2.0367501862373536,NA,-6.9,0,111,0
IDN,Indonesia,2014,East Asia & Pacific,Upper middle income,6.39492882396559,5.006668425755,48.0801755855227,39.4838502418518,2.81997260412102,0.5977702140808105,0.278481125831604,0.4168718457221985,0,2.0007944712301136,0,-1.8,0,111,0
IRN,"Iran, Islamic Rep.",2014,Middle East & North Africa,Upper middle income,16.6065532357449,4.98477506709476,45.3514201413161,60.9614203205843,0.45545387401938,NA,0.5433573126792908,0.2832871377468109,1,2.868271175681727,0.6328568079713732,-0.9,0,111,0
JAM,Jamaica,2014,Latin America & Caribbean,Upper middle income,8.27407886231419,0.689822359762587,NA,44.8110852628213,4.18835617241287,0.7088963389396667,0.6855063438415527,0.700158953666687,0,2.2272232895253272,0.6411903128264653,-0.5,0,111,0
JOR,Jordan,2014,Middle East & North Africa,Lower middle income,2.89947905006057,3.38407809933472,109.938805535022,108.74845245007,5.91204890205889,0.5557810664176941,1,1,0,1.3608429673058648,1,-6.8,1,111,1
KAZ,Kazakhstan,2014,Europe & Central Asia,Upper middle income,6.84944977003358,4.20000000566705,64.9720346513507,32.2652212789942,3.3006311188168,0.419277161359787,0.16920241713523865,0.1643451750278473,0,2.060443436348336,0,2.5,0,111,0
KEN,Kenya,2014,Sub-Saharan Africa,Lower middle income,6.87815499275949,5.02011100232484,46.170489362216,42.3012569025283,1.20220842439576,0.5171236395835876,0.6992645263671875,0.700158953666687,0,2.064093738480529,1,-5.8,0,111,0
KGZ,Kyrgyz Republic,2014,Europe & Central Asia,Lower middle income,7.5342472977589,4.02403863083252,125.126181075833,31.0903545833404,4.59301012553734,0.44623497128486633,0.28795668482780457,0.2832871377468109,0,2.144087162288175,0,-3.1,0,111,0
LAO,Lao PDR,2014,East Asia & Pacific,Lower middle income,4.12924306873771,7.61196343979319,99.0597382933399,NA,6.53385086120159,NA,0.8459049463272095,0.1643451750278473,0,1.63495809834245,0.3942342873818497,-3.1,1,111,1
LSO,Lesotho,2014,Sub-Saharan Africa,Lower middle income,5.37028961008587,1.71054990545476,126.292475360578,33.9869822662388,3.86963158626918,0.2757100760936737,1,0.1643451750278473,0,1.8516449332422436,0,3.2,1,199,1
LBR,Liberia,2014,Sub-Saharan Africa,Low income,9.86111285574904,0.701393100287518,NA,19.0869214108779,15.558740639735,0.35114437341690063,0.343944251537323,1,0,2.385188782160868,1,-4.9,0,111,0
LBY,Libya,2014,Middle East & North Africa,Upper middle income,2.43294141599225,-23.0428058282215,76.5248826381117,91.4126988327276,NA,0.5,0.5440164804458618,0.1643451750278473,0,1.2334174493699266,1,-30.5,0,111,0
MDG,Madagascar,2014,Sub-Saharan Africa,Low income,6.08040811088302,3.33920311195367,61.9694322111234,21.2864128149787,2.97751123297568,NA,0.3503599464893341,0.4168718457221985,0,1.9573315488244347,1,-2,0,132,0
MWI,Malawi,2014,Sub-Saharan Africa,Low income,23.7920649469687,5.62527000105139,NA,16.4762427693326,6.79541385727369,0.34609586000442505,0.1667596697807312,0.1643451750278473,1,3.210523640156455,0.3942342873818497,-3.1,0,111,0
MYS,Malaysia,2014,East Asia & Pacific,Upper middle income,3.14299050879095,6.00672194558203,138.312231176843,137.102328593906,3.14122940365348,0.4737812578678131,0.3392091691493988,0.4168718457221985,0,1.4214178721901425,0.30219016649938735,-2.6,0,111,0
MDV,Maldives,2014,South Asia,Upper middle income,2.12000175718134,7.86068643108074,165.97925116043,47.8259394605774,9.01659145068896,0.45385995507240295,1,0.8356548547744751,0,1.13783356502038,0.6057657841085201,-2.4,1,111,1
MLI,Mali,2014,Sub-Saharan Africa,Low income,0.883814547137841,6.50263878409685,51.078682187569,22.3335812572061,0.844265987943503,0.43801578879356384,0.7777683138847351,0.1643451750278473,0,0.6332987356072767,0,-2.4,1,132,1
MRT,Mauritania,2014,Sub-Saharan Africa,Lower middle income,3.53436856147324,4.27482328814457,91.610371363604,27.2528616886181,7.62361704174833,NA,NA,0.1643451750278473,0,1.511685837152424,0.3942342873818497,-2.6,0,111,0
MUS,Mauritius,2014,Sub-Saharan Africa,Upper middle income,3.21769191994684,3.82696982009337,135.099064765426,98.1284318296049,3.44327494440095,0.183767631649971,0.5428065061569214,0.700158953666687,0,1.4392880400213306,0.6411903128264653,-3.1,0,112,1
MEX,Mexico,2014,Latin America & Caribbean,Upper middle income,4.01861608078679,2.50376350288664,64.0984090351215,33.1959688447656,2.08415748550878,0.31320255994796753,0.29280373454093933,0.700158953666687,0,1.6131542145784437,1,-4.4,0,111,0
FSM,"Micronesia, Fed. Sts.",2014,East Asia & Pacific,Lower middle income,0.650284891767944,-2.58581649978665,107.645357374787,61.9075456764951,6.43620509110735,0.6580613851547241,1,1,0,0.5009479346857192,1,11,1,111,1
MDA,Moldova,2014,Europe & Central Asia,Upper middle income,5.08878554625869,4.99962585407656,94.2282919690928,49.9930732636657,3.67896919655633,0.4130019247531891,0.36036914587020874,0.1643451750278473,0,1.8064486441439416,0,-1.6,0,111,0
MNG,Mongolia,2014,East Asia & Pacific,Upper middle income,12.2539808129759,7.88522548204762,109.322311877187,47.8440847873295,2.7625883357052,0.1551239937543869,0.37446844577789307,0.8356548547744751,1,2.58429794602472,1,-3.7,0,111,0
MAR,Morocco,2014,Middle East & North Africa,Lower middle income,0.442310053557048,2.7192440802029,71.8935667539398,108.464990610886,2.95925435484489,0.43032172322273254,0.7462958097457886,0.1643451750278473,0,0.3662460320864297,0.3942342873818497,-4.8,1,132,1
MOZ,Mozambique,2014,Sub-Saharan Africa,Low income,2.55974875844295,7.70256844839309,116.356855242217,46.9195708349212,27.8047100445849,0.6145554780960083,0.3440680205821991,0.1643451750278473,0,1.269689968902433,1,-9.8,0,111,0
MMR,Myanmar,2014,East Asia & Pacific,Lower middle income,4.953299184844,8.16990745558277,NA,39.5743142064512,3.31904421353417,0.5,0.471722275018692,0,0,1.7839455507353488,0,-1.1,0,111,0
NAM,Namibia,2014,Sub-Saharan Africa,Upper middle income,5.35016966859602,6.09251915977956,103.080137009254,55.1529908746271,3.58316691192793,0.08096939325332642,1,0.1643451750278473,0,1.848481532011582,1,-6.4,1,199,1
NPL,Nepal,2014,South Asia,Lower middle income,8.36415469659563,6.01148284250441,45.9826416115927,75.3605188425074,0.133746236524448,0.54306793212890625,0.4013509154319763,0.1643451750278473,0,2.2368890698462875,0,1.4,1,534,1
NIC,Nicaragua,2014,Latin America & Caribbean,Lower middle income,6.03596861798425,4.78546013589983,106.698200190796,36.8258624565269,9.06363827053251,0.635901927947998,0.9879921078681946,1,0,1.9510353666584648,1,-0.9,0,111,0
NER,Niger,2014,Sub-Saharan Africa,Low income,-0.930287259984466,6.64213665495603,45.7416008365932,19.8483487928947,7.57591181433667,0.43801578879356384,0.7777683138847351,0.1643451750278473,0,0.09531017980432492,0,-6.1,1,132,1
NGA,Nigeria,2014,Sub-Saharan Africa,Lower middle income,8.04741087967907,6.30971865525431,NA,22.6896110241531,0.817478467870197,0.48452112078666687,1,0.299841046333313,0,2.202478626136903,1,-1.7,0,111,0
PAK,Pakistan,2014,South Asia,Lower middle income,7.18938402847028,4.11642817161422,29.4698256903998,46.6655502926414,0.695308116834202,0.4926295280456543,0.308041512966156,0.1643451750278473,0,2.10283868483756,1,-4.4,0,111,0
PNG,Papua New Guinea,2014,East Asia & Pacific,Lower middle income,5.22211720226841,13.5437706216546,NA,32.7604123325023,0.126824295087963,0.5,0.6138277053833008,0.7474732995033264,0,1.8281102350496288,1,-6.3,0,111,0
PRY,Paraguay,2014,Latin America & Caribbean,Upper middle income,5.02882767456766,5.30123864475758,69.0837249630891,38.7154831906081,2.5135375460501,0.42256560921669006,0.26708802580833435,0.4476322829723358,0,1.7965525763433683,0.5988605656814417,-0.3,0,111,0
PER,Peru,2014,Latin America & Caribbean,Upper middle income,3.41194579807465,2.38215737180541,46.8531210912899,45.0784122840792,2.12302965027806,0.5105235576629639,0.5162835717201233,1,0,1.4843158162012535,1,-0.2,0,111,0
PHL,Philippines,2014,East Asia & Pacific,Lower middle income,3.59782343864211,6.34798748260867,57.4681720875945,68.5701974632999,1.92937522802216,0.2216741293668747,0.43993186950683594,0.4476322829723358,0,1.5255830260043393,0.5287044104467413,1.3,0,111,1
RWA,Rwanda,2014,Sub-Saharan Africa,Low income,2.35449052820358,6.16716615166932,43.902733691075,18.9488961574076,3.81112336248267,0.527016282081604,0.8724241256713867,0.7474732995033264,0,1.2102999044078109,1,-4,0,111,1
WSM,Samoa,2014,East Asia & Pacific,Lower middle income,-0.40681608842489,0.659923768782861,80.5007740440855,44.2561043452283,2.86810154101309,0.4858135879039765,0.3949442207813263,0.1643451750278473,0,0.09531017980432492,0.3942342873818497,-5.4,0,196,0
STP,Sao Tome and Principe,2014,Sub-Saharan Africa,Lower middle income,6.99849943966421,4.90621048664867,NA,45.5739060207801,9.03727468460171,0.6459874510765076,0.4327217042446137,1,0,2.0792539540444017,1,-6.3,1,134,1
SEN,Senegal,2014,Sub-Saharan Africa,Lower middle income,-1.09025507446895,6.22407443790986,58.4425289760992,31.7289742482633,2.03613121185767,0.43801578879356384,0.7777683138847351,0.1643451750278473,0,0.09531017980432492,0,-3.9,1,132,1
SLB,Solomon Islands,2014,East Asia & Pacific,Lower middle income,5.16590237925171,1.18945509547778,93.4534070100296,36.8981027496372,1.5740038730018,0.4688027799129486,0.5219648480415344,0.1643451750278473,0,1.819034497235436,0,2.1,1,111,1
ZAF,South Africa,2014,Sub-Saharan Africa,Upper middle income,6.13282953059149,1.41382645223793,59.4995740550593,65.2381425601434,1.51932743753979,0.4105735123157501,0.20635740458965304,0.1643451750278473,0,1.9647080043129288,0.3942342873818497,-3.9,0,111,0
LKA,Sri Lanka,2014,South Asia,Lower middle income,3.1790022823606,6.3779788972687,NA,45.5725928058879,1.08277813761066,0.35543301701545715,0.38760873675346375,0.1643451750278473,0,1.4300725296155692,0,-6,0,111,1
LCA,St. Lucia,2014,Latin America & Caribbean,Upper middle income,3.51695551369241,1.32809022110105,NA,71.8560592058194,3.84517869828728,0.5402073860168457,1,0.4476322829723358,0,1.507838207983812,1,-2.3,1,111,1
VCT,St. Vincent and the Grenadines,2014,Latin America & Caribbean,Upper middle income,0.193858560794015,1.1457271877622,NA,73.5925621293865,16.1399244753356,0.5402073860168457,1,0.1643451750278473,0,0.17719054965720243,0,-2.8,1,111,1
SUR,Suriname,2014,Latin America & Caribbean,Upper middle income,3.38341272749477,0.255503031645475,NA,55.0448541955235,-1.13866864622319,0.4343469440937042,1,0,0,1.4778275825280798,0,-2.7,1,111,1
TJK,Tajikistan,2014,Europe & Central Asia,Lower middle income,6.10442765129667,6.70000069016253,54.6071596053705,20.2070552238097,3.58397838530001,0.5770896673202515,0.4551893472671509,0.1643451750278473,0,1.9607182025402587,0.36714325860631464,0.9,0,111,0
TZA,Tanzania,2014,Sub-Saharan Africa,Lower middle income,6.13161432988012,6.73246186832483,45.3560223433065,22.534367991041,2.8329281892962,0.581616222858429,0.5923599004745483,0.1643451750278473,0,1.9645376225264115,0.5801363815350187,-2.9,0,111,0
THA,Thailand,2014,East Asia & Pacific,Upper middle income,1.8951418189878,0.984468863619426,130.905495444398,127.049552300537,1.22145318013998,0.5499562621116638,0.5063812136650085,0.1643451750278473,0,1.0630340973856598,0,-0.7,0,111,1
TGO,Togo,2014,Sub-Saharan Africa,Low income,0.19087507624975,5.63323739145223,70.9156517502517,33.5058710075629,0.844950465027458,0.43801578879356384,0.7777683138847351,0.1643451750278473,0,0.17468839507314482,NA,-7.1,1,132,1
TON,Tonga,2014,East Asia & Pacific,Upper middle income,2.51087633253706,1.99053625497055,74.7304245935745,48.4815118881936,3.00261120308574,0.4812076389789582,0.38030701875686646,0.4476322829723358,0,1.2558656737055345,0.5287044104467413,6.4,0,111,0
TUN,Tunisia,2014,Middle East & North Africa,Lower middle income,4.62555099534031,3.09032803070775,96.1071038558701,65.3029596183499,2.03842746868013,0.45090252161026,0.33788907527923584,0.1643451750278473,0,1.727318898020399,0,-3.1,0,132,0
TUR,Turkiye,2014,Europe & Central Asia,Upper middle income,8.85457271364316,4.60079447270559,54.30677404128,51.3065670777795,1.41530142282668,0.4684610664844513,0.22341006994247437,0.4476322829723358,0,2.287935582347951,1,-1,0,111,0
UGA,Uganda,2014,Sub-Saharan Africa,Low income,3.07570668958641,5.10630732539796,36.0144010819085,18.6599683055423,3.24589612959273,0.4044480323791504,0.4041208326816559,1,0,1.4050441524145858,1,-2.7,0,111,0
UKR,Ukraine,2014,Europe & Central Asia,Upper middle income,12.0718562874251,-10.0788949840953,100.691782483624,60.2885298737885,0.634438528402592,0.5115483403205872,0.1168869212269783,0,0,2.570461544133185,0,-4.5,0,111,0
VUT,Vanuatu,2014,East Asia & Pacific,Lower middle income,0.798863838097023,2.5750403162878,105.199318296807,77.7450674207121,1.7146015060309,0.4826006591320038,0.3711957633495331,NA,0,0.587155264553656,NA,1.3,0,111,0
VNM,Viet Nam,2014,East Asia & Pacific,Lower middle income,4.08455446637617,6.42224312118567,135.410521454361,101.733990237778,3.94086189051961,0.522102952003479,1,0.4168718457221985,0,1.6262074084300846,1,-5,1,111,1
YEM,"Yemen, Rep.",2014,Middle East & North Africa,Low income,8.10472583623915,-0.188690241954504,48.2430405122774,NA,-0.539237328374498,0.1345985233783722,1,1,0,2.208793601385101,1,NA,1,111,1
ZMB,Zambia,2014,Sub-Saharan Africa,Lower middle income,7.80687553566333,4.69328316376705,76.1934997276313,20.9269794142477,5.55542791808588,0.4575282633304596,0.19848228991031647,1,0,2.175532727290545,1,-5.4,0,111,0
ALB,Albania,2015,Europe & Central Asia,Upper middle income,1.89617402592356,2.2277040745779,71.2794476606014,84.1762421576985,8.62740636982337,0.7672730088233948,0.23266202211380005,0.4168718457221985,0,1.0633905645424622,1,-4.3,1,134,1
DZA,Algeria,2015,Middle East & North Africa,Upper middle income,4.78444700693889,3.20000000089023,53.2046225904145,72.5912032929841,-0.286832290676438,0.4491795301437378,0.20296739041805267,0.1643451750278473,0,1.7551727652276048,1,-13.9,0,132,0
AGO,Angola,2015,Sub-Saharan Africa,Lower middle income,9.35597215533783,0.763177710914789,54.9793808779835,36.1345261001086,9.7795154502448,0.4368642568588257,0.24424752593040464,0,0,2.3375633731388468,0,-2.6,0,111,0
ARM,Armenia,2015,Europe & Central Asia,Upper middle income,3.73169119261693,3.19999999896625,71.6820743427575,36.79245528668,1.74473701796819,0.5887643694877625,0.45276227593421936,1,0,1.5542826846073077,1,-4.8,1,111,1
AZE,Azerbaijan,2015,Europe & Central Asia,Upper middle income,4.02768573742725,1.04954641215085,72.6015079073189,39.2035490126885,7.62606837682972,0.7907280921936035,0.06886148452758789,0.4641861915588379,0,1.6149597862740914,0.8735218558992969,-4.8,0,111,0
BGD,Bangladesh,2015,South Asia,Lower middle income,6.19428022984983,6.55263987816197,42.0859963070382,64.5065520747659,1.4507824552936,0.5,0.6828517317771912,0.1643451750278473,0,1.9732862977883108,0.3942342873818497,-3.3,1,111,1
BLR,Belarus,2015,Europe & Central Asia,Upper middle income,13.5344897649734,-3.82957056812593,115.914826201946,36.3629729392154,2.92676775504253,0.7925159335136414,0.00384721020236611,0,1,2.6765244295056845,0,-3,0,111,0
BLZ,Belize,2015,Latin America & Caribbean,Upper middle income,-0.861584009427747,2.7602602736023,104.070958799941,65.5262151735642,2.69569808214426,0.6103671193122864,1,0.1643451750278473,0,0.09531017980432492,0.22930405863986925,-5.1,1,111,1
BEN,Benin,2015,Sub-Saharan Africa,Lower middle income,0.21878592353624501,1.77815106030278,56.7563131849476,30.9847606493043,1.31501182124746,0.5198246836662292,0.6626336574554443,0.1643451750278473,0,0.19785521861756653,0,-5.6,1,132,1
BTN,Bhutan,2015,South Asia,Lower middle income,4.54814395082205,6.66080128866197,89.6391604595496,55.4856673223175,0.294858179551153,0.4542247951030731,1,0.1643451750278473,0,1.713463448551103,NA,-0.5,1,534,1
BOL,Bolivia,2015,Latin America & Caribbean,Lower middle income,4.05961041135644,4.8571871797142,67.9328451905248,95.6178161105184,1.68072787961335,0.5381443500518799,1,0.4476322829723358,0,1.621289486532124,0.5988605656814417,-5.8,1,111,1
BWA,Botswana,2015,Sub-Saharan Africa,Upper middle income,3.06203169580557,-4.85132507409779,112.900891016005,48.8432930350265,2.79773267452093,0.6965232491493225,0.4041692316532135,1,0,1.4016832661325676,1,-4.8,0,199,0
BRA,Brazil,2015,Latin America & Caribbean,Upper middle income,9.02990102416136,-3.54576339347278,26.9536259372369,88.0696276484348,3.59214973121732,0.41750627756118774,0.12014246731996536,0.1643451750278473,0,2.305570733945231,0.306152474953776,-9.3,0,111,0
BFA,Burkina Faso,2015,Sub-Saharan Africa,Low income,0.724838981070516,3.9212287937935,59.0891813101662,35.5971028843395,1.95992715697747,0.5198246836662292,0.6626336574554443,0.1643451750278473,0,0.5451337018195249,0,-2.1,1,132,1
BDI,Burundi,2015,Sub-Saharan Africa,Low income,5.54468891259779,-0.404525595204191,NA,25.0432787550205,0.264702987630016,0.6710651516914368,0.703296959400177,0,0,1.8786538676895148,0,-7.6,0,111,0
CPV,Cabo Verde,2015,Sub-Saharan Africa,Lower middle income,0.131187999024544,0.936026507808833,94.0084870167993,90.2355435905366,5.49024513305668,0.32592594623565674,0.4797880947589874,0.1643451750278473,0,0.12326840703789747,0,-4.2,1,182,1
KHM,Cambodia,2015,East Asia & Pacific,Lower middle income,1.22393195511119,7.20703472529512,122.109596815379,54.0599818698712,7.54029662001984,0.3487448990345001,0.6212581992149353,1,0,0.7992767801968914,1,-0.7,NA,NA,NA
CMR,Cameroon,2015,Sub-Saharan Africa,Lower middle income,2.67623531419899,5.66695298703932,45.5401468279393,19.7832423088138,2.15564021048479,0.2228916138410568,0.6626336574554443,0.1643451750278473,0,1.301889216100527,0,-2.9,1,132,1
CAF,Central African Republic,2015,Sub-Saharan Africa,Low income,1.40297017136816,4.33712103020231,53.1451477769621,25.7138497015735,0.176904971713319,0.2228916138410568,0.6626336574554443,0.1643451750278473,0,0.8767055435970392,0,-0.5,1,132,1
TCD,Chad,2015,Sub-Saharan Africa,Low income,4.37712665065654,3.30415979759636,48.5114982079885,11.9315892413338,3.84380092336452,0.2228916138410568,0.6626336574554443,0.1643451750278473,0,1.682154151698657,0,-3.3,1,132,1
CHN,China,2015,East Asia & Pacific,Upper middle income,1.43702380935654,6.97878002657477,38.6971848362625,198.185813599802,2.14957284731563,0.6065557599067688,0.4301097095012665,0.1643451750278473,0,0.8907775445405794,1,-2.5,0,111,0
COL,Colombia,2015,Latin America & Caribbean,Upper middle income,4.98983115849529,2.95590137527523,38.3607641184453,48.9914370832794,3.95939854860993,0.16672343015670776,0.1526264101266861,0.4168718457221985,0,1.79006322450059,0.5953960076337919,-3.5,0,111,0
COM,Comoros,2015,Sub-Saharan Africa,Lower middle income,-0.117173884190069,1.14747399397193,37.8049520714563,26.5577926363641,0.511029838634196,0.00101656711194664,0.6626325249671936,0.1643451750278473,0,0.09531017980432492,NA,2.6,1,132,1
COD,"Congo, Dem. Rep.",2015,Sub-Saharan Africa,Low income,0.74419899478147,6.35973756164829,57.7539236163245,11.5984767365493,2.90127515060918,0.39498966932296753,0.8711547255516052,NA,0,0.5562954214899022,NA,-1.2,1,111,1
COG,"Congo, Rep.",2015,Sub-Saharan Africa,Lower middle income,3.16909796750829,0.415193061293763,117.320721558581,30.479655342254,34.4182561027248,0.2228916138410568,0.6626336574554443,0.1643451750278473,0,1.4276996976650875,0,-17.8,1,132,1
CRI,Costa Rica,2015,Latin America & Caribbean,Upper middle income,0.801982005099623,3.65208096802883,60.753561939521,50.6443739897965,5.23639457671538,0.5393588542938232,0.672427237033844,1,0,0.5888871730650437,1,-5.5,1,111,1
CIV,Cote d'Ivoire,2015,Sub-Saharan Africa,Lower middle income,1.25149954781467,7.19494942728191,52.7153604615931,26.1100955291875,1.07914154751206,0.5198246836662292,0.6626336574554443,0.1643451750278473,0,0.8115964599221029,0,-2,1,132,1
DJI,Djibouti,2015,Middle East & North Africa,Lower middle income,-0.522166521445793,7.30898563450799,268.363456254629,64.8574020514867,5.93271216592944,0.5394254922866821,1,0.700158953666687,0,0.09531017980432492,0,-15.5,1,111,1
DMA,Dominica,2015,Latin America & Caribbean,Upper middle income,-0.843826984638329,-3.37338262476895,NA,89.7175754804456,1.22782053461875,0.5743664503097534,1,0.4168718457221985,0,0.09531017980432492,0.4712955895532587,11.4,1,111,1
DOM,Dominican Republic,2015,Latin America & Caribbean,Upper middle income,0.836746346724556,6.98771131236387,52.3471238667007,34.1435139864913,3.13851060913817,0.42027613520622253,0.786050021648407,0.7601271867752075,0,0.6079957165273271,0.8086185651910388,0,1,111,1
ECU,Ecuador,2015,Latin America & Caribbean,Upper middle income,3.96664623255357,0.119692109287612,47.8280397077826,42.2870573611702,1.36067004574537,0.549312174320221,1,0.700158953666687,0,1.6027448100238813,0.6343827061388625,-6.9,NA,NA,NA
EGY,"Egypt, Arab Rep.",2015,Middle East & North Africa,Lower middle income,10.370490343517,4.37201907790141,34.8459429600229,77.9858778916977,2.10258128401326,0.6513789892196655,0.32912468910217285,0.1643451750278473,0,2.4310214329114337,0.1643451750278473,-10.4,0,111,0
SLV,El Salvador,2015,Latin America & Caribbean,Upper middle income,-0.731384487387957,2.40000008852115,76.5602707370519,50.1110096479514,2.10997804482034,0.20465299487113953,1,0.700158953666687,0,0.09531017980432492,0.700158953666687,-3.6,1,111,1
GNQ,Equatorial Guinea,2015,Sub-Saharan Africa,Upper middle income,1.67663085315988,-9.11004114881537,98.8780591680756,15.4449664033497,9.00761663149669,0.2228916138410568,0.6626336574554443,0.1643451750278473,0,0.9845588593105932,0,-15.1,1,132,1
SWZ,Eswatini,2015,Sub-Saharan Africa,Lower middle income,4.95124493704919,1.70425806017289,88.2620944023684,26.5361759372489,0.805945191942897,0.08656105399131775,1,0.1643451750278473,0,1.7836004307888536,0,-5.9,1,199,1
ETH,Ethiopia,2015,Sub-Saharan Africa,Low income,9.56889955968623,10.3924630141307,39.6561241449515,NA,4.22926466080082,NA,0.9753384590148926,0.1643451750278473,0,2.3579156846881024,1,-1.9,0,111,0
FJI,Fiji,2015,East Asia & Pacific,Upper middle income,1.37488542621446,4.50120041028725,NA,73.2870308257235,4.38599233241205,0.5,0.360943078994751,0.1643451750278473,0,0.8649491947290299,0,-3.9,0,111,0
GAB,Gabon,2015,Sub-Saharan Africa,Upper middle income,-0.338795188753406,3.8788993950789,73.9497814588281,24.8968844551111,0.289976985604188,0.2228916138410568,0.6626336574554443,0.1643451750278473,0,0.09531017980432492,0,-1.1,1,132,1
GMB,"Gambia, The",2015,Sub-Saharan Africa,Low income,6.8084549457961,4.0580738039996,44.5223730803813,NA,5.22255647330922,NA,0.09971127659082411,1,0,2.0552071140368335,1,-5.4,0,111,0
GEO,Georgia,2015,Europe & Central Asia,Upper middle income,4.00357820695097,3.35102350265353,97.0163115086257,37.9772432557601,11.3986492046024,0.3687060475349426,0.23801252245903015,1,0,1.6101532978750994,1,-1.2,0,111,0
GHA,Ghana,2015,Sub-Saharan Africa,Lower middle income,17.1499695007878,2.12075933817334,76.5212709243242,25.6702732096289,6.45737614178894,0.1456901878118515,0.09575561434030531,0,1,2.8986688803120817,0,-4,0,111,0
GRD,Grenada,2015,Latin America & Caribbean,Upper middle income,-0.515448031435329,6.44522314693144,NA,86.7217079259413,15.4731884681937,0.5743664503097534,1,0.1643451750278473,0,0.09531017980432492,0.3942342873818497,-0.8,1,111,1
GTM,Guatemala,2015,Latin America & Caribbean,Upper middle income,2.3887203283955,4.09217081621244,49.8934517710689,49.2412052101998,1.93508794944894,0.7260849475860596,0.5831868052482605,1,0,1.2204523658781297,1,-1.5,1,111,1
GIN,Guinea,2015,Sub-Saharan Africa,Lower middle income,11.7800825029834,3.82591056949435,72.4427307469345,24.8647922800347,0.605767981893699,0.7222527861595154,0.3589843213558197,0,0,2.547887904561055,0,-6.5,0,111,0
GNB,Guinea-Bissau,2015,Sub-Saharan Africa,Low income,1.47672048910485,6.1340893623123,54.3703755891285,44.9387451635836,1.61191900956541,0.41131392121315,0.23020978271961212,0.1643451750278473,0,0.9069353016308837,0.7326588197655602,-3.2,1,132,1
HTI,Haiti,2015,Latin America & Caribbean,Lower middle income,6.73184069658997,1.40000000859727,41.9457381172044,29.9547613794764,0.711667596569424,0.4518160820007324,0.218123123049736,1,0,2.04534695800269,1,-1.5,0,111,0
HND,Honduras,2015,Latin America & Caribbean,Lower middle income,3.15783117980923,3.84007997093951,107.26440535424,53.1055498675525,6.27594328427599,0.8418909907341003,0.7227828502655029,0.1643451750278473,0,1.424993587315085,0.23472552077950623,-0.8,0,111,1
IND,India,2015,South Asia,Lower middle income,4.90697344127256,7.99625378571471,41.9229138658647,78.0119105841633,2.09211521443253,0.5797122120857239,0.3808106482028961,0.1643451750278473,0,1.7761335921701724,NA,-7.3,0,111,0
IDN,Indonesia,2015,East Asia & Pacific,Upper middle income,6.36312061196646,4.87632230022123,41.9376402415294,39.4644200518208,2.29761639380441,0.5928725004196167,0.252379834651947,0.4168718457221985,0,1.9964838390708943,0,-2.7,0,111,0
IRN,"Iran, Islamic Rep.",2015,Middle East & North Africa,Upper middle income,12.4846815611533,-1.42488493937503,39.42258866118,76.7612720666369,0.500987695412685,0.7492067217826843,0.5942102074623108,0.2832871377468109,1,2.6015543420120406,0.6328568079713732,-1.3,0,111,0
JAM,Jamaica,2015,Latin America & Caribbean,Upper middle income,3.69154228855725,0.92148712399856,NA,44.7645729731336,6.18152374482186,0.6763341426849365,0.6513649821281433,0.700158953666687,0,1.5457613745743894,0.6411903128264653,-0.3,0,111,0
JOR,Jordan,2015,Middle East & North Africa,Lower middle income,-0.876851359704049,2.49652879315188,95.3579122266791,111.676531687872,4.14720229174937,0.5441439151763916,1,1,0,0.09531017980432492,1,-5.2,1,111,1
KAZ,Kazakhstan,2015,Europe & Central Asia,Upper middle income,6.67828585615236,1.20000000053288,53.0497288072652,41.8888040751794,3.56737402233377,0.5261848568916321,0.11783605813980104,0.1643451750278473,0,2.0383963264341936,0,-6.3,0,111,0
KEN,Kenya,2015,Sub-Saharan Africa,Lower middle income,6.58215429284779,4.96772112759767,40.3273846919019,42.8193857794093,0.883799936312692,0.5734648704528809,0.35064420104026794,0.700158953666687,0,2.025797366774688,1,-6.7,0,111,0
KGZ,Kyrgyz Republic,2015,Europe & Central Asia,Lower middle income,6.50331838993384,3.87582544512439,110.961570714633,33.2512000930336,17.1312307587207,0.6055551171302795,0.18517246842384336,0.2832871377468109,0,2.0153453746804235,0,-2.5,0,111,0
LAO,Lao PDR,2015,East Asia & Pacific,Lower middle income,1.27735427102992,7.27006584373785,85.798321703681,NA,7.47075777292731,NA,0.7229858636856079,0.1643451750278473,0,0.8230143617293142,0.3942342873818497,-5.6,1,111,1
LSO,Lesotho,2015,Sub-Saharan Africa,Lower middle income,3.21844513655931,3.12406678044546,129.722773082867,33.6617216014764,4.79809498524625,0.1979207843542099,1,0.1643451750278473,0,1.4394666091008577,0,-1.4,1,199,1
LBR,Liberia,2015,Sub-Saharan Africa,Low income,7.74869687621322,-0.0185649695590939,NA,20.7402934643913,7.21023781604438,0.3061595857143402,0.48670241236686707,1,0,2.168904760845808,1,-3.7,0,111,0
LBY,Libya,2015,Middle East & North Africa,Upper middle income,10.4022933588151,-0.842656252118843,56.9049073326883,111.575426034826,NA,NA,0.4160271286964417,0.1643451750278473,0,2.433814506993998,1,-28.5,0,111,0
MDG,Madagascar,2015,Sub-Saharan Africa,Low income,7.40419174202129,3.13229807490305,61.2203788365078,22.5824212828002,2.89727727453157,0.2752031683921814,0.17709201574325562,0.4168718457221985,0,2.1287305982890334,1,-2.9,0,132,0
MWI,Malawi,2015,Sub-Saharan Africa,Low income,21.8673475542553,2.80000000003355,NA,17.1246202923525,3.12107477506801,NA,0.14453920722007751,0.1643451750278473,1,3.12971002204558,0.3942342873818497,-4.2,0,111,0
MYS,Malaysia,2015,East Asia & Pacific,Upper middle income,2.10438980238359,5.09153242155011,131.37007244526,132.812779305956,3.27094402931735,0.6461496949195862,0.20812751352787015,0.4168718457221985,0,1.132817175101197,0.30219016649938735,-2.5,0,111,0
MDV,Maldives,2015,South Asia,Upper middle income,0.953206658777607,3.86813536494475,143.720506661302,48.0525698746175,7.21577938190819,0.578220546245575,1,0.8356548547744751,0,0.6694724623627798,0.6057657841085201,-6.5,1,111,1
MLI,Mali,2015,Sub-Saharan Africa,Low income,1.45069057605961,6.23887890197454,53.5751760102265,22.5706862873155,1.7680955706499,0.5198246836662292,0.6626336574554443,0.1643451750278473,0,0.896369852618809,0,-1.5,1,132,1
MRT,Mauritania,2015,Sub-Saharan Africa,Lower middle income,3.25472688117631,5.37633924099251,77.3467864944966,27.0867795677256,8.13584950372229,0.5,0.6798978447914124,0.1643451750278473,0,1.448030572227569,0.3942342873818497,-2.4,0,111,0
MUS,Mauritius,2015,Sub-Saharan Africa,Upper middle income,1.28654970760232,3.69055690369433,133.135069083677,102.728068560553,1.77973545308924,0.2521175146102905,0.3000391721725464,0.700158953666687,0,0.8270440034826975,0.6411903128264653,-3.5,0,112,0
MEX,Mexico,2015,Latin America & Caribbean,Upper middle income,2.72064064964023,2.70232342550646,70.412974676264,35.129202613507,2.98783786595647,0.2955521047115326,0.3246469795703888,0.700158953666687,0,1.313895871102522,1,-3.9,0,111,0
FSM,"Micronesia, Fed. Sts.",2015,East Asia & Pacific,Lower middle income,-0.2981158373807,4.43363849623874,107.681127672467,57.4749630944724,NA,0.6899402737617493,1,1,0,0.09531017980432492,1,10.4,1,111,1
MDA,Moldova,2015,Europe & Central Asia,Upper middle income,9.67624033101859,-0.338235622387202,88.9664154565323,43.6181609166427,2.89663554883048,0.6040591597557068,0.1812366247177124,0.1643451750278473,0,2.3680207426244757,0,-1.9,0,111,0
MNG,Mongolia,2015,East Asia & Pacific,Upper middle income,5.73568281938327,2.37983580731722,89.653663477814,43.8920812329547,0.811709460633853,NA,0.3881538212299347,0.8356548547744751,0,1.9074191884476612,1,-5,0,111,0
MAR,Morocco,2015,Middle East & North Africa,Lower middle income,1.5579071134626,4.34458297635238,67.2886759253849,106.485346779473,2.94611108390154,0.26450884342193604,0.49635300040245056,0.1643451750278473,0,0.9391893903247912,0.3942342873818497,-4.6,1,132,1
MOZ,Mozambique,2015,Sub-Saharan Africa,Low income,3.55075967356746,7.3930936986377,98.7612036510901,51.4546042456824,23.8654900431928,0.33912962675094604,0.0934612974524498,0.1643451750278473,0,1.5152941802500026,1,-6.6,0,111,0
MMR,Myanmar,2015,East Asia & Pacific,Lower middle income,9.45417189526018,6.99284029026121,NA,46.4130886736128,6.85124098701507,0.5,0.2447023242712021,0,0,2.3470011231687633,0,-4.3,0,111,0
NAM,Namibia,2015,Sub-Saharan Africa,Upper middle income,3.39401538410559,4.26417453763675,97.2390317873478,55.5661801091961,7.40068055968424,0.1660513132810593,1,0.1643451750278473,0,1.4802434751182352,1,-8.3,1,199,1
NPL,Nepal,2015,South Asia,Lower middle income,7.86890895590891,3.97605327162971,46.6657303895158,86.3803963337898,0.213029527712984,0.5600327849388123,0.3687380850315094,0.1643451750278473,0,2.18255178491248,0,0.5,1,534,1
NIC,Nicaragua,2015,Latin America & Caribbean,Lower middle income,3.99737996694396,4.79226768332697,98.194164594236,38.8567118384216,7.58033255797744,0.5410864353179932,0.9881486296653748,1,0,1.6089137684834482,1,-1.6,0,111,0
NER,Niger,2015,Sub-Saharan Africa,Low income,-0.576090369833189,4.39264883207291,44.727430371186,19.4475087953013,5.46761764113716,0.5198246836662292,0.6626336574554443,0.1643451750278473,0,0.09531017980432492,0,-6.7,1,132,1
NGA,Nigeria,2015,Sub-Saharan Africa,Lower middle income,9.00943498007706,2.65269329543001,NA,22.366826541931,0.621501637000126,0.43996891379356384,1,0.299841046333313,0,2.303528146187272,1,-2.7,0,111,0
PAK,Pakistan,2015,South Asia,Lower middle income,2.52932817254229,4.21794209572506,26.6881860172247,48.0947897059567,0.557734356032139,0.6289983987808228,0.5686662197113037,0.1643451750278473,0,1.2611075334390525,1,-4.7,0,111,0
PNG,Papua New Guinea,2015,East Asia & Pacific,Lower middle income,5.99595778127107,6.57835632304275,NA,33.6195497913626,0.138228028178879,0.5,0.6271832585334778,0.7474732995033264,0,1.9453325224427591,1,-4.5,0,111,0
PRY,Paraguay,2015,Latin America & Caribbean,Upper middle income,3.12900274473925,2.95715168364671,66.9150655259457,41.8961488527402,2.22350808882639,0.42256560921669006,0.3242769241333008,0.4476322829723358,0,1.4180359116504626,0.5988605656814417,-0.4,0,111,0
PER,Peru,2015,Latin America & Caribbean,Upper middle income,3.39809194746308,3.25224477218451,45.1627686891148,48.2061308469096,3.86551316954964,0.4543281495571137,0.5231767892837524,1,0,1.481170798567753,1,-2,0,111,0
PHL,Philippines,2015,East Asia & Pacific,Lower middle income,0.674192536845408,6.34830971672761,59.1415921053094,70.9165638847882,1.84018010717942,0.4098956882953644,0.49122777581214905,0.4476322829723358,0,0.5153309814901298,0.5287044104467413,0.1,0,111,0
RWA,Rwanda,2015,Sub-Saharan Africa,Low income,2.52850284192421,8.8568555974538,45.2019756159103,20.8162554781801,1.89710171173713,0.528523862361908,0.8637104034423828,0.7474732995033264,0,1.2608736568783498,1,-2.7,0,111,0
WSM,Samoa,2015,East Asia & Pacific,Lower middle income,0.724470134874729,3.8503618166494,74.6343545643839,43.4674579320742,3.26002743040368,0.28627875447273254,0.3859439194202423,0.1643451750278473,0,0.5449198351089491,0.3942342873818497,-3.8,0,196,0
STP,Sao Tome and Principe,2015,Sub-Saharan Africa,Lower middle income,5.24587835022454,1.5397042826735,NA,49.1047473580721,10.7400374911446,0.6459874510765076,0.00503931008279323,0.7167128920555115,0,1.831921782242231,0.7167128920555115,-7.6,1,134,1
SEN,Senegal,2015,Sub-Saharan Africa,Lower middle income,0.135211933635165,6.36704365066983,58.1103376742017,35.2898272065166,2.30194934655844,0.5198246836662292,0.6626336574554443,0.1643451750278473,0,0.12681935917204681,0,-3.7,1,132,1
SLB,Solomon Islands,2015,East Asia & Pacific,Lower middle income,-0.57446928635949,1.67578612030815,88.1884859107326,40.3814541039984,2.46368311219347,0.536808431148529,0.345457524061203,0.1643451750278473,0,0.09531017980432492,0,0.8,0,111,0
ZAF,South Africa,2015,Sub-Saharan Africa,Upper middle income,4.51869094892506,1.32186223678229,56.7266761447156,67.3018792759517,0.438735792056356,0.19425411522388455,0.2502794563770294,0.1643451750278473,0,1.7081406852313574,0.3942342873818497,-4.4,0,111,0
LKA,Sri Lanka,2015,South Asia,Lower middle income,3.76836783062096,4.20595547449241,46.9179708088816,49.685390040446,0.798746315198801,0.36872610449790955,0.2986547648906708,0.1643451750278473,0,1.5620040724713995,0,-6.6,0,111,0
LCA,St. Lucia,2015,Latin America & Caribbean,Upper middle income,-0.983600952696996,0.101917836412952,NA,73.2997789219834,8.42203722655325,0.5743664503097534,1,0.4476322829723358,0,0.09531017980432492,1,-1.2,1,111,1
VCT,St. Vincent and the Grenadines,2015,Latin America & Caribbean,Upper middle income,-1.73361194953959,2.78509791763551,NA,75.1321278900033,15.7495814618354,0.5495776534080505,1,0.1643451750278473,0,0.09531017980432492,0,-2,1,111,1
SUR,Suriname,2015,Latin America & Caribbean,Upper middle income,6.89390359168238,-3.41304268067621,NA,60.7401404832635,3.5828587235507,0.17181514203548431,1,0,0,2.066090764305979,0,-8.3,1,111,0
TJK,Tajikistan,2015,Europe & Central Asia,Lower middle income,5.7145594964971,6.01930331771186,49.9378160689555,21.1654479722036,5.48892076080458,NA,0.2881236970424652,0,0,1.90427822789746,0,-2,0,111,0
TZA,Tanzania,2015,Sub-Saharan Africa,Lower middle income,5.58816952959298,6.16062877406682,40.7576808778314,23.4398257876872,3.17633492826527,0.5381779670715332,0.27525201439857483,0.1643451750278473,0,1.8852755450737055,0.5801363815350187,-3.2,0,111,0
THA,Thailand,2015,East Asia & Pacific,Upper middle income,-0.900424963291569,3.13404724911635,124.839662152526,127.730603893628,2.22468548959784,0.7019904255867004,0.3750464618206024,0.1643451750278473,0,0.09531017980432492,0,0.2,0,111,0
TGO,Togo,2015,Sub-Saharan Africa,Low income,2.58500390801595,5.4680413807304,69.1281378813376,37.542869029837,4.48026975109969,0.5198246836662292,0.6626336574554443,0.1643451750278473,0,1.2767595641530676,NA,-7,1,132,1
TON,Tonga,2015,East Asia & Pacific,Upper middle income,-1.05399831971283,1.11374405685874,81.3902410936397,52.9541229549765,3.37347770551723,0.6794854402542114,0.3594212234020233,0.4476322829723358,0,0.09531017980432492,0.5287044104467413,-2.7,0,111,0
TUN,Tunisia,2015,Middle East & North Africa,Lower middle income,4.437371273215,0.967834205635981,87.2485306596052,65.4210131890978,2.11999260597179,0.5761815309524536,0.383484423160553,0.1643451750278473,0,1.6932957222430771,0,-4.9,0,132,0
TUR,Turkiye,2015,Europe & Central Asia,Upper middle income,7.67085364845885,5.80557386628684,51.8749252596832,52.3721303504702,2.225752648523,0.7761744260787964,0.26848870515823364,0.4476322829723358,0,2.1599672459754355,1,-0.5,0,111,0
UGA,Uganda,2015,Sub-Saharan Africa,Low income,5.58968606251725,5.18785986002466,37.6892983324358,18.8439221029839,2.27760507458345,0.4140007495880127,0.20837168395519257,1,0,1.885505708914911,1,-2.6,0,111,0
UKR,Ukraine,2015,Europe & Central Asia,Upper middle income,48.6998646434424,-9.7729872128676,107.806616298156,49.9894390459341,-0.217508398305494,0.5777705907821655,0.05488347262144089,0,0,3.9060022096268905,0,-1.2,0,111,0
VUT,Vanuatu,2015,East Asia & Pacific,Lower middle income,2.48326875660439,3.96591946444873,108.758665668253,78.5774005736854,4.08340749314985,0.5031083822250366,0.40186944603919983,NA,0,1.2479711507970055,NA,-8.1,0,111,0
VNM,Viet Nam,2015,East Asia & Pacific,Lower middle income,0.631200905175754,6.98715430598611,144.914228195237,111.174659759175,4.93190773329022,0.6533045172691345,0.6881102323532104,0.4168718457221985,0,0.4893164951919773,1,-5,1,111,1
YEM,"Yemen, Rep.",2015,Middle East & North Africa,Low income,NA,-27.9945462502541,30.3676590844637,NA,-0.0363882528160336,NA,1,1,0,NA,1,NA,1,111,1
ZMB,Zambia,2015,Sub-Saharan Africa,Lower middle income,10.1105928909618,2.92037511217961,79.8652687573958,25.7726453305593,7.44741668984243,0.4276656210422516,0.07970030605792999,1,0,2.4078989677507643,1,-8.9,0,111,0
ALB,Albania,2016,Europe & Central Asia,Upper middle income,1.27543168367423,3.90893551362245,74.0144504546815,84.8926416816837,8.71147225448456,0.6207677721977234,0.3893925547599793,0.4168718457221985,0,0.8221697854680531,1,-1.5,1,134,1
DZA,Algeria,2016,Middle East & North Africa,Upper middle income,6.39769480268756,3.90000000017621,49.7609327925216,69.8380710329262,0.906300705997455,0.4352644383907318,0.3243689239025116,0.1643451750278473,0,2.0011684385294943,1,-11.8,0,111,1
AGO,Angola,2016,Sub-Saharan Africa,Lower middle income,30.6944150806719,-1.70053036291208,47.0155661405313,34.5078006959851,-0.299804386002375,0.32802802324295044,0.19971390068531036,0,0,3.4561404849411965,0,-3.9,0,111,0
ARM,Armenia,2016,Europe & Central Asia,Upper middle income,-1.40360755900899,0.199999999825991,76.0779674593548,43.0229257525026,3.16536727816995,0.6904553174972534,0.5369153618812561,0.8356548547744751,0,0.09531017980432492,0.6858606150560531,-5.6,1,111,1
AZE,Azerbaijan,2016,Europe & Central Asia,Upper middle income,12.4433748584372,-3.06359842251706,90.0773187345677,34.571996388808,11.8828171505465,0.607208251953125,0.2810094356536865,0.4641861915588379,0,2.5984864091117665,0.8735218558992969,-1.2,0,111,0
BGD,Bangladesh,2016,South Asia,Lower middle income,5.51352572692995,7.11347821270093,31.3341501346142,54.9691444990129,0.879528340271998,0.5,0.8941010236740112,0.1643451750278473,0,1.873880895933503,0.3942342873818497,-3.2,1,111,1
BLR,Belarus,2016,Europe & Central Asia,Upper middle income,11.8365807653496,-2.5264464460425,125.209322899662,35.7402034226534,2.61275643208459,0.8512543439865112,0.17056789994239807,0.1643451750278473,1,2.5522989672653433,0.3942342873818497,-1.7,0,111,0
BLZ,Belize,2016,Latin America & Caribbean,Upper middle income,0.663427167917601,-0.0187414958130319,96.4998358304218,65.8652276415981,1.46157075571746,0.35743337869644165,1,0.1643451750278473,0,0.5088800330818477,0.22930405863986925,-4.5,1,111,1
BEN,Benin,2016,Sub-Saharan Africa,Lower middle income,-0.793310145785624,3.33967342629693,58.9869283378276,29.8320946092057,1.11488130998834,0.6127586364746094,0.6187048554420471,0.1643451750278473,0,0.09531017980432492,0,-4.3,1,132,1
BTN,Bhutan,2016,South Asia,Lower middle income,3.21988689395717,8.47594339232963,76.3847528498375,60.7292405134645,0.504099187674602,0.4419999122619629,1,0.1643451750278473,0,1.439808325308913,NA,-2.3,1,534,1
BOL,Bolivia,2016,Latin America & Caribbean,Lower middle income,3.62321431764138,4.26392086382097,56.4010345026573,92.9693808824292,0.988080149462259,0.4004751741886139,1,0.4476322829723358,0,1.5310902029281646,0.5988605656814417,-6,1,111,1
BWA,Botswana,2016,Sub-Saharan Africa,Upper middle income,2.81495791361943,7.20442475914267,100.464689766026,42.9088545386839,0.944944816734731,0.585159420967102,0.2840276062488556,1,0,1.3389296328589062,1,0.7,0,199,0
BRA,Brazil,2016,Latin America & Caribbean,Upper middle income,8.73914352329393,-3.2759169063211,24.5336820770756,93.8211379340118,4.13737853830264,0.7365507483482361,0.16552621126174927,0.1643451750278473,0,2.2761531798346315,0.306152474953776,-8,0,111,0
BFA,Burkina Faso,2016,Sub-Saharan Africa,Low income,0.441041448058809,5.95797670754024,57.8931727994406,36.5625742997606,3.04380349897538,0.6127586364746094,0.6187048554420471,0.1643451750278473,0,0.3653660800033162,0,-3.1,1,132,1
BDI,Burundi,2016,Sub-Saharan Africa,Low income,5.55768961400965,3.20017470604286,NA,24.4852969840702,0.00210472726474442,0.6785985231399536,0.9290512800216676,0,0,1.8806383479351485,0,-7.1,0,111,0
CPV,Cabo Verde,2016,Sub-Saharan Africa,Lower middle income,-1.40781637091705,4.28071482662371,95.3781398609533,92.2130330102213,6.82845117866997,0.18044982850551605,0.5133928060531616,0.1643451750278473,0,0.09531017980432492,0,-2.7,1,182,1
KHM,Cambodia,2016,East Asia & Pacific,Lower middle income,3.01913975139128,7.90550116130704,122.704555602667,59.6772873985936,9.32318507305764,0.48926976323127747,0.6341158747673035,1,0,1.39106788754011,1,-0.3,NA,NA,NA
CMR,Cameroon,2016,Sub-Saharan Africa,Lower middle income,0.874190383288856,4.53579423678801,40.6386315268268,19.7406341351971,1.96334943457327,0.49947142601013184,0.6187048554420471,0.1643451750278473,0,0.6281767705925417,0,-5.8,1,132,1
CAF,Central African Republic,2016,Sub-Saharan Africa,Low income,4.94543276106518,4.75031684122342,50.53064402191,25.208041304983,0.397590019652539,0.49947142601013184,0.6187048554420471,0.1643451750278473,0,1.782623321617045,0,1.2,1,132,1
TCD,Chad,2016,Sub-Saharan Africa,Low income,-0.792440525236102,-4.12250332670322,43.9580149331537,12.2811689052555,1.87837153237555,0.49947142601013184,0.6187048554420471,0.1643451750278473,0,0.09531017980432492,0,-1.5,1,132,1
CHN,China,2016,East Asia & Pacific,Upper middle income,2.00000182191943,6.77555562837017,36.177170692978,203.636484929709,1.52539470315394,0.6065557599067688,0.5269365310668945,0.1643451750278473,0,1.098612895974402,1,-3.3,0,111,0
COL,Colombia,2016,Latin America & Caribbean,Upper middle income,7.51346024627674,2.08738250162794,36.202652984202,48.9199583628706,4.90164572903473,0.4413573145866394,0.1542358249425888,0.4168718457221985,0,2.1416484693752933,0.5953960076337919,-2.3,0,111,0
COM,Comoros,2016,Sub-Saharan Africa,Lower middle income,0.797517430888487,3.32039987961315,37.1328797158337,27.8636077791238,0.352458395658835,0.00387248396873474,0.6187050342559814,0.1643451750278473,0,0.5864065078614493,NA,-5.5,1,132,1
COD,"Congo, Dem. Rep.",2016,Sub-Saharan Africa,Low income,2.88585107289988,0.393832798154563,68.0083342860132,13.5668003866896,2.41546438746157,0.39498966932296753,0.35522252321243286,NA,0,1.35734202621157,NA,-0.9,0,111,0
COG,"Congo, Rep.",2016,Sub-Saharan Africa,Lower middle income,3.19056179723773,-8.68524343913786,122.259818284021,29.3906277095463,0.46296936341342,0.49947142601013184,0.6187048554420471,0.1643451750278473,0,1.432834805432393,0,-14.5,1,132,1
CRI,Costa Rica,2016,Latin America & Caribbean,Upper middle income,-0.0174788505908217,4.20432325175899,62.1784781768295,49.1383907243063,4.45296211770326,0.4935873746871948,0.6414206027984619,1,0,0.09531017980432492,1,-5.1,1,111,1
CIV,Cote d'Ivoire,2016,Sub-Saharan Africa,Lower middle income,0.723178457513308,7.17275963956332,47.5663138935656,27.3748610620111,1.19375800859004,0.6127586364746094,0.6187048554420471,0.1643451750278473,0,0.544170525898777,0,-3,1,132,1
DJI,Djibouti,2016,Middle East & North Africa,Lower middle income,2.40252905434889,7.1234323372872,213.071998607921,65.6530204985804,6.1420623506391,0.6851765513420105,1,0.700158953666687,0,1.2245189946249952,0,-0.8,1,111,1
DMA,Dominica,2016,Latin America & Caribbean,Upper middle income,0.141816225732312,1.44724556489263,NA,90.6160839499009,6.89801855079428,NA,1,0.4168718457221985,0,0.13262017510768526,0.4712955895532587,11.6,1,111,1
DOM,Dominican Republic,2016,Latin America & Caribbean,Upper middle income,1.61416607245222,6.71974078681295,51.7306571245477,34.4200197218543,3.33024928523507,0.3328297436237335,0.8120375871658325,0.700158953666687,0,0.9609451451090664,0.7448247324523685,-3.1,1,111,1
ECU,Ecuador,2016,Latin America & Caribbean,Upper middle income,1.72826463324532,-0.687954245877947,40.5344917996647,49.5926738926826,0.78469808886928,0.5479884743690491,1,0.700158953666687,0,1.003665741598005,0.6343827061388625,-10.3,NA,NA,NA
EGY,"Egypt, Arab Rep.",2016,Middle East & North Africa,Lower middle income,13.8136062148289,4.34664345555447,30.2465490514505,98.136132366497,2.43856278142762,0.41979363560676575,0.04753519222140312,0.1643451750278473,1,2.6955460972767336,0.1643451750278473,-11.8,0,111,0
SLV,El Salvador,2016,Latin America & Caribbean,Upper middle income,0.60404908699661,2.53906241135864,72.8190933731491,50.0303916835425,1.98198031581358,0.43228453397750854,1,0.700158953666687,0,0.47253111184178154,0.700158953666687,-3.1,1,111,1
GNQ,Equatorial Guinea,2016,Sub-Saharan Africa,Upper middle income,1.41193915479015,-8.81641723219757,92.6007307237942,14.2763501829348,15.6154447046738,0.49947142601013184,0.6187048554420471,0.1643451750278473,0,0.880431052506189,0,-10.9,1,132,1
SWZ,Eswatini,2016,Sub-Saharan Africa,Lower middle income,7.8472745908568,2.94916821059911,89.3584874439935,30.5149924225903,0.721382841978235,0.216879278421402,1,0.1643451750278473,0,2.1801094557563125,0,-8.4,1,199,1
ETH,Ethiopia,2016,Sub-Saharan Africa,Low income,6.62813337230924,9.43348265981905,34.8990210816111,NA,6.0502150951561,NA,0.8797962665557861,0.1643451750278473,0,2.031843172156536,1,-2.3,0,111,0
FJI,Fiji,2016,East Asia & Pacific,Upper middle income,3.86322538221277,2.44565179664245,NA,73.4274552967452,7.94325933214602,0.5,0.35177478194236755,0.1643451750278473,0,1.5817018766797428,0,-5.7,0,111,0
GAB,Gabon,2016,Sub-Saharan Africa,Upper middle income,2.10670712784054,2.09144220829562,70.1333810645308,24.4547104671564,8.86815381799839,0.49947142601013184,0.6187048554420471,0.1643451750278473,0,1.1335633639275853,0,-4.7,1,132,1
GMB,"Gambia, The",2016,Sub-Saharan Africa,Low income,7.22879272057922,1.94335965478776,38.1140879565948,NA,4.70370236790454,NA,0.21523892879486084,1,0,2.107639311410866,1,-6.2,0,111,0
GEO,Georgia,2016,Europe & Central Asia,Upper middle income,2.13492713939121,3.45021517996871,94.9262528383443,43.4618553880666,10.746989399988,0.3587307929992676,0.18691319227218628,1,0,1.1426059327912697,1,-1.5,0,111,0
GHA,Ghana,2016,Sub-Saharan Africa,Lower middle income,17.4546347070868,3.37346574966936,67.8769994445865,26.2807758335841,6.20782671803196,0.20186440646648407,0.36783427000045776,0,1,2.915315542576326,0,-6.7,0,111,0
GRD,Grenada,2016,Latin America & Caribbean,Upper middle income,1.65038994431573,3.7396039558691,NA,85.0922576166172,10.3063305270724,NA,1,0.1643451750278473,0,0.9747067779711972,0.3942342873818497,2.7,1,111,1
GTM,Guatemala,2016,Latin America & Caribbean,Upper middle income,4.44844199942827,2.67780277623314,46.3727344722496,49.6577511534571,1.28045862124744,0.8397477865219116,0.6439782381057739,1,0,1.6953296961415216,1,-1.1,1,111,1
GIN,Guinea,2016,Sub-Saharan Africa,Lower middle income,8.17268112275132,10.82062719659,111.839467415368,23.9685925724389,18.8280094343567,0.49023106694221497,0.2659451961517334,0,0,2.216229623332129,0,-0.1,0,111,0
GNB,Guinea-Bissau,2016,Sub-Saharan Africa,Low income,1.50312055861088,5.4326782650304,54.3006730474711,45.3705593034327,1.92748272635559,0.44124025106430054,0.3518240451812744,0.1643451750278473,0,0.917538176935287,0.7326588197655602,-5.3,1,132,1
HTI,Haiti,2016,Latin America & Caribbean,Lower middle income,11.5029073942666,1.81246807847532,41.4109022161974,30.2899610946836,0.745596209929376,0.3837974965572357,0.4308217465877533,1,0,2.5259612088043646,1,0.1,0,111,0
HND,Honduras,2016,Latin America & Caribbean,Lower middle income,2.72461223295289,3.89297219726413,99.8157169505924,58.0997498242596,5.28156973350556,0.8265231847763062,0.7360807061195374,0.1643451750278473,0,1.3149627478767572,0.23472552077950623,-0.4,0,111,0
IND,India,2016,South Asia,Lower middle income,4.94821634062141,8.25630550179086,40.082485713276,74.5492653519617,1.9373641224439,0.7446383237838745,0.3903290927410126,0.1643451750278473,0,1.7830913999306484,NA,-7.2,0,111,1
IDN,Indonesia,2016,East Asia & Pacific,Upper middle income,3.52580452815451,5.03306918280177,37.4213418023318,40.3570904370193,0.487372471368879,0.5434591770172119,0.30794885754585266,0.4168718457221985,0,1.5097953576252443,0,-2.6,0,111,0
IRN,"Iran, Islamic Rep.",2016,Middle East & North Africa,Upper middle income,7.24542548952979,8.8150866425182,39.8772417738866,79.1355189357989,0.70452835935243,0.7492067217826843,0.7336058616638184,0.2832871377468109,0,2.109658560444711,0.6328568079713732,-1.7,0,111,0
JAM,Jamaica,2016,Latin America & Caribbean,Upper middle income,2.35102197485846,2.76043761369557,NA,47.6846560669555,6.22844979056863,0.6003950834274292,0.6228095889091492,0.700158953666687,0,1.2092653664353905,0.6411903128264653,-0.2,0,111,0
JOR,Jordan,2016,Middle East & North Africa,Lower middle income,-0.778430463054142,1.9941808493012,88.7207178954687,112.713602214944,3.89285142868971,0.31056126952171326,1,1,0,0.09531017980432492,1,-2.6,1,111,1
KAZ,Kazakhstan,2016,Europe & Central Asia,Upper middle income,14.3610942386248,1.09999999910173,60.3115965864153,42.1505362245327,12.5466202801438,0.6198681592941284,0.21897128224372864,0.1643451750278473,0,2.731837964675916,0,-4.5,0,111,0
KEN,Kenya,2016,Sub-Saharan Africa,Lower middle income,6.29724953814625,4.21351706814744,34.8650195731824,40.3276116242301,0.627591266355583,0.3836725950241089,0.7432634234428406,0.700158953666687,0,1.9874975015601823,1,-7.5,1,111,1
KGZ,Kyrgyz Republic,2016,Europe & Central Asia,Lower middle income,0.388838296895799,4.33585592190116,105.823574017406,34.4334649606946,9.08868385870298,0.7941924929618835,0.33094745874404907,0.5358138084411621,0,0.32846764007356,0.4704225086253584,-5.8,0,111,0
LAO,Lao PDR,2016,East Asia & Pacific,Lower middle income,1.59691227583204,7.02283625501138,75.0918909204124,NA,5.87774436155716,NA,0.635215163230896,0.1643451750278473,0,0.9543231530696707,0.3942342873818497,-5.1,1,111,1
LSO,Lesotho,2016,Sub-Saharan Africa,Lower middle income,6.59650490696543,3.60890731687714,136.31524774176,31.0078773481475,3.74733138412509,0.1858682632446289,1,0.1643451750278473,0,2.027688260852299,0,-9.4,1,199,1
LBR,Liberia,2016,Sub-Saharan Africa,Low income,8.83424868336488,-1.5549586174878,NA,18.0934974615231,9.1719033259717,0.4125039875507355,0.39281973242759705,0.7167128920555115,0,2.285871056789276,0.5879490791974266,-3.8,0,111,0
LBY,Libya,2016,Middle East & North Africa,Upper middle income,25.8538742124461,-1.4909411172622,41.1101760615135,132.06861470801,NA,NA,0.51058429479599,0.1643451750278473,0,3.290410101512269,1,-29.3,0,111,0
MDG,Madagascar,2016,Sub-Saharan Africa,Low income,6.03575858154679,3.99314606199499,60.8346984831423,23.6124260925828,4.56460803171494,0.4263715445995331,0.2596665024757385,0.1643451750278473,0,1.951005514397332,0,-1.1,0,132,0
MWI,Malawi,2016,Sub-Saharan Africa,Low income,21.7111132136499,2.49999999914311,NA,16.166131397105,1.46272973143861,NA,0.22043778002262115,0.1643451750278473,1,3.122854373570865,0.3942342873818497,-4.9,0,111,0
MYS,Malaysia,2016,East Asia & Pacific,Upper middle income,2.09056659525742,4.44978139761541,126.8990100257,128.584186484846,4.47130958598651,0.716626763343811,0.21540924906730652,0.4168718457221985,0,1.1283544382614783,0.30219016649938735,-2.6,0,111,0
MDV,Maldives,2016,South Asia,Upper middle income,0.502509413611612,6.37528306716864,144.380212278942,44.9086280122786,10.3547618700189,0.5,0.7593392133712769,0.8356548547744751,0,0.4071366527065085,0.6057657841085201,-9.9,1,111,1
MLI,Mali,2016,Sub-Saharan Africa,Low income,-1.79964707083386,6.00506308559498,53.6126193604252,23.2084651743195,2.129006916198,0.6127586364746094,0.6187048554420471,0.1643451750278473,0,0.09531017980432492,0,-3.3,1,132,1
MRT,Mauritania,2016,Sub-Saharan Africa,Lower middle income,1.47171045650004,1.26090923067225,73.1532616736712,25.6596693724621,4.23731114711712,0.5,0.6785537004470825,0.1643451750278473,0,0.9049104034877218,0.3942342873818497,0.1,0,111,0
MUS,Mauritius,2016,Sub-Saharan Africa,Upper middle income,0.9776751347189652,3.8624682634,126.310008998042,105.37167918581,2.96891288123063,0.3798961341381073,0.2419735491275787,0.700158953666687,0,0.681921980439259,0.6411903128264653,-2.7,0,112,0
MEX,Mexico,2016,Latin America & Caribbean,Upper middle income,2.8217078474766,1.77249323845399,75.6903034088551,36.5534434925137,3.49768027047347,0.0446101613342762,0.19186873733997345,0.700158953666687,0,1.340697403199035,1,-2.7,0,111,0
FSM,"Micronesia, Fed. Sts.",2016,East Asia & Pacific,Lower middle income,-1.03746806405349,0.942726461831327,102.769230769231,66.9424615384615,NA,0.5955327153205872,1,1,0,0.09531017980432492,1,7.1,1,111,1
MDA,Moldova,2016,Europe & Central Asia,Upper middle income,6.35930898037931,4.64601436259409,89.0046837188671,44.3673612853793,1.09561343852844,0.5860961675643921,0.33936843276023865,0.1643451750278473,0,1.9959660397975605,0,-1.6,0,111,0
MNG,Mongolia,2016,East Asia & Pacific,Upper middle income,0.733272227314397,1.48978448679577,101.055237224997,50.8058829710044,-37.1726532341221,NA,0.2743329107761383,0.8356548547744751,0,0.5500110828253905,1,-15.3,0,111,0
MAR,Morocco,2016,Middle East & North Africa,Lower middle income,1.63531114327064,0.52118550608968,71.1226603816864,109.884822811299,1.93000540251056,0.4500727653503418,0.4871216714382171,0.1643451750278473,0,0.9690012559599448,0.3942342873818497,-4.5,1,132,1
MOZ,Mozambique,2016,Sub-Saharan Africa,Low income,17.4180418197597,4.69699024225795,110.394358201481,48.2460545611896,25.9187724637849,0.32008880376815796,0.17474283277988434,0.1643451750278473,0,2.913330717888394,1,-5.1,0,111,0
MMR,Myanmar,2016,East Asia & Pacific,Lower middle income,6.92882525816076,5.86247291518572,NA,49.6960440247963,5.17880132620963,0.5,0.27484291791915894,0,0,2.0705048857274195,0,-2.5,0,111,0
NAM,Namibia,2016,Sub-Saharan Africa,Upper middle income,6.72858234593338,0.0337944502063294,93.966187960162,54.561739337797,3.34570437311555,0.20030345022678375,0.5995875000953674,0.1643451750278473,0,2.0449254493937894,1,-9.3,1,199,1
NPL,Nepal,2016,South Asia,Lower middle income,8.7903433200464,0.433113719381524,42.115486124737,94.205860248073,0.432212944008614,0.5468710064888,0.428197979927063,0.1643451750278473,0,2.281396524369456,0,1.2,1,534,1
NIC,Nicaragua,2016,Latin America & Caribbean,Lower middle income,3.52317317628473,4.56314739524967,93.8137278130087,39.4542729191957,7.44462628012218,0.6261131763458252,0.9911344051361084,1,0,1.509213777687732,1,-1.9,0,111,0
NER,Niger,2016,Sub-Saharan Africa,Low income,1.65388922387806,5.74089315058157,36.4881092245519,19.6343271366592,2.89774478323805,0.6127586364746094,0.6187048554420471,0.1643451750278473,0,0.9760261957314688,0,-4.5,1,132,1
NGA,Nigeria,2016,Sub-Saharan Africa,Lower middle income,15.6968126387972,-1.61686894906509,NA,27.3787883574183,0.853395742751916,0.2968308925628662,0.08546100556850433,0.299841046333313,0,2.815217841254367,1,-3.3,0,111,0
PAK,Pakistan,2016,South Asia,Lower middle income,3.7651191635658,6.57383828511043,24.7015780480573,50.8043096148012,0.821349998064174,0.5420807600021362,0.9112780094146729,0.1643451750278473,0,1.5613225448870254,1,-3.9,0,111,1
PNG,Papua New Guinea,2016,East Asia & Pacific,Lower middle income,6.6737288135593,5.48957315278187,NA,34.4676058499715,-0.188417025477419,0.5,0.6187713742256165,0.4641861915588379,0,2.0378026528578004,0.5141940577822346,-4.7,0,111,0
PRY,Paraguay,2016,Latin America & Caribbean,Upper middle income,4.08682280577241,4.26802583314358,67.7593152322119,41.4220205711623,2.27032682691763,0.5,0.3254014849662781,0.4476322829723358,0,1.6266534324783823,0.5988605656814417,-0.4,0,111,0
PER,Peru,2016,Latin America & Caribbean,Upper middle income,3.55717663556279,3.95331871520767,45.3888411964154,46.2267708709908,3.54628188735842,0.24846266210079193,0.2867215573787689,1,0,1.5167032729004772,1,-2.1,0,111,0
PHL,Philippines,2016,East Asia & Pacific,Lower middle income,1.25369880080982,7.14945675000752,61.7760657653871,74.0565179179427,2.59850803494211,0.36225196719169617,0.3607473075389862,0.4476322829723358,0,0.8125727779439343,0.5287044104467413,-0.7,0,111,0
RWA,Rwanda,2016,Sub-Saharan Africa,Low income,7.17434301982009,5.97074525431094,49.4849071069892,20.288049168884,3.21723490346275,0.5130732655525208,0.7005554437637329,0.7474732995033264,0,2.1010003490059126,1,-2.3,0,111,0
WSM,Samoa,2016,East Asia & Pacific,Lower middle income,1.30471869303179,7.9838628784713,75.2118171706314,42.9752954840578,0.298684612802242,0.28627875447273254,0.3565739691257477,0.1643451750278473,0,0.8349586269322349,0.3942342873818497,-0.3,0,196,0
STP,Sao Tome and Principe,2016,Sub-Saharan Africa,Lower middle income,5.43051966119156,5.17682468684113,NA,41.5126120840159,7.98279155418215,0.5322040915489197,0.3814808428287506,0.7167128920555115,0,1.8610553532096592,0.7167128920555115,-5,1,134,1
SEN,Senegal,2016,Sub-Saharan Africa,Lower middle income,0.837284942557434,6.35606857181878,54.1081692072139,37.3774839589517,2.48110320660753,0.6127586364746094,0.6187048554420471,0.1643451750278473,0,0.6082889071913845,0,-3.3,1,132,1
SLB,Solomon Islands,2016,East Asia & Pacific,Lower middle income,0.512485626268792,5.55494348257992,85.54984577725,43.2488267349397,2.70706733520786,0.5616661310195923,0.3825799226760864,0.1643451750278473,0,0.41375440758434223,0,-3.6,0,111,0
ZAF,South Africa,2016,Sub-Saharan Africa,Upper middle income,6.60290842394872,0.664552307858116,55.8612575048782,66.3120220770983,0.684612553455795,0.16484875977039337,0.1602727323770523,0.1643451750278473,0,2.028530861447827,0.3942342873818497,-3.7,0,111,0
LKA,Sri Lanka,2016,South Asia,Lower middle income,3.9588884659307,5.05362488994436,46.4715370252187,52.1138656119301,1.01937184461335,0.2945050895214081,0.3866715729236603,0.1643451750278473,0,1.6011816160120202,0,-5,0,111,0
LCA,St. Lucia,2016,Latin America & Caribbean,Upper middle income,-3.07821765676927,3.42787214525211,NA,71.6219992983249,8.64914217402882,NA,1,0.4476322829723358,0,0.09531017980432492,1,-1.5,1,111,1
VCT,St. Vincent and the Grenadines,2016,Latin America & Caribbean,Upper middle income,-0.149641647633284,4.1496810046981,NA,73.9363782736444,8.66074512206484,0.35575801134109497,1,0.1643451750278473,0,0.09531017980432492,0,0,1,111,1
SUR,Suriname,2016,Latin America & Caribbean,Upper middle income,55.4123879763196,-4.91166050905851,NA,78.3646427867353,6.9833403838341,0.14077509939670563,0.09728360176086426,0.1643451750278473,0,4.032688779355794,1,-10.2,0,111,0
TJK,Tajikistan,2016,Europe & Central Asia,Lower middle income,6.00458082322139,6.89999999999999,55.7246446907573,26.9905773833324,3.45540459636672,NA,0.23196515440940857,0,0,1.9465643383441729,0,-2.9,0,111,0
TZA,Tanzania,2016,Sub-Saharan Africa,Lower middle income,5.17476629301493,6.86711619644551,35.4204704002636,21.1123804468145,1.73591210997565,0.6503565907478333,1,0.1643451750278473,0,1.8204710345127824,0.5801363815350187,-2.1,1,111,1
THA,Thailand,2016,East Asia & Pacific,Upper middle income,0.188149704448143,3.43515771692182,120.57522728913,125.396342798662,0.843364340718618,0.4407252371311188,0.4528930187225342,0.1643451750278473,0,0.1723972268466138,0,0.4,0,111,0
TGO,Togo,2016,Sub-Saharan Africa,Low income,1.28544847051417,4.21490387414525,66.4450409805081,39.905362783897,-0.76275824996834,0.6127586364746094,0.6187048554420471,0.1643451750278473,0,0.8265622722717283,NA,-7,1,132,1
TON,Tonga,2016,East Asia & Pacific,Upper middle income,2.57815515245081,6.59870436118344,87.7771675387955,54.8806278144694,3.9505771329227,0.6794854402542114,0.3484428822994232,0.4476322829723358,0,1.2748473470448776,0.5287044104467413,1.5,0,111,0
TUN,Tunisia,2016,Middle East & North Africa,Lower middle income,3.62939937384381,1.117231963992,87.0926643641466,66.6125821333258,1.40344558640993,0.4347132444381714,0.3877438306808472,0.1643451750278473,0,1.5324271348113965,0,-5.9,0,132,0
TUR,Turkiye,2016,Europe & Central Asia,Upper middle income,7.7751341532833,3.32366508200445,48.870183807987,55.1507347989139,1.58873607703875,0.6527670621871948,0.208654060959816,0.4476322829723358,0,2.1719220573585205,1,-1.7,0,111,0
UGA,Uganda,2016,Sub-Saharan Africa,Low income,5.70637504616212,4.78100029254482,31.2093620232119,19.0748437204022,2.1425304891559,0.6644910573959351,0.31240078806877136,1,0,1.9030585734354648,1,-2.6,0,111,0
UKR,Ukraine,2016,Europe & Central Asia,Upper middle income,13.9127101997797,2.44098194492067,105.521204913122,46.2276957642421,4.42178946686191,0.8249149918556213,0.21811039745807648,0,1,2.7022138828673388,0,-2.5,0,111,0
VUT,Vanuatu,2016,East Asia & Pacific,Lower middle income,0.842069084035061,3.47154471544715,106.351935265734,82.4870290696742,5.49263637992702,0.48136410117149353,0.3415469825267792,NA,0,0.6108894420348515,NA,-0.6,0,111,0
VNM,Viet Nam,2016,East Asia & Pacific,Lower middle income,2.66824816969082,6.69000892660424,145.409507973118,120.640293793796,4.90089302916746,0.5,0.8007593154907227,0.4168718457221985,0,1.2997142101455437,1,-3.2,1,111,1
YEM,"Yemen, Rep.",2016,Middle East & North Africa,Low income,NA,-9.37512379736752,31.0815442908559,NA,-1.79131212045889,NA,1,1,0,NA,1,NA,1,111,1
ZMB,Zambia,2016,Sub-Saharan Africa,Lower middle income,17.8697300795268,3.75510031678988,73.958561254616,20.6235684850474,3.16251974813899,0.7002063393592834,0.13957248628139496,1,0,2.9375590550665365,1,-5.7,0,111,0
ALB,Albania,2017,Europe & Central Asia,Upper middle income,1.98666133171194,3.28317593330073,76.7873817898989,80.2333904511715,7.71411336285186,0.610785961151123,0.39593231678009033,0.4168718457221985,0,1.0941561520599712,1,-1.4,1,134,1
DZA,Algeria,2017,Middle East & North Africa,Upper middle income,5.59111590961663,1.49999999895587,49.8208161712587,71.0633951979821,0.647902696344894,0.46413809061050415,0.42792683839797974,0.1643451750278473,0,1.8857226679600452,1,-7.5,0,111,0
AGO,Angola,2017,Sub-Saharan Africa,Lower middle income,29.8444799015679,-0.149396225571834,45.6643423539921,28.109929668,-8.76696380208172,0.40825673937797546,0.9992254376411438,0,0,3.428957800842279,0,-5.7,0,111,1
ARM,Armenia,2017,Europe & Central Asia,Upper middle income,0.969553268816137,7.50000000164144,87.202376539837,46.4154242411359,2.19257337687685,0.5067036151885986,0.6840727925300598,0.8356548547744751,0,0.6778067499359434,0.6858606150560531,-4.7,1,111,1
AZE,Azerbaijan,2017,Europe & Central Asia,Upper middle income,12.9359184187334,0.153614661745507,90.4023156823216,32.375295290754,7.01669598350389,0.6500417590141296,0.2131725400686264,0.4641861915588379,0,2.6344695660985664,0.8735218558992969,-1.3,0,111,0
BGD,Bangladesh,2017,South Asia,Lower middle income,5.70207015717238,6.59024999794057,29.9997306724343,55.8375416123996,0.616341784631384,0.5,0.6790398955345154,0.1643451750278473,0,1.9024164573552824,0.3942342873818497,-4.2,0,111,0
BLR,Belarus,2017,Europe & Central Asia,Upper middle income,6.03183725177785,2.53218349471909,133.367754723012,37.6824804445939,2.33218919527708,0.6535801887512207,0.369869589805603,0.1643451750278473,0,1.9504480161699211,0.3942342873818497,-0.3,0,111,0
BLZ,Belize,2017,Latin America & Caribbean,Upper middle income,1.14765339305816,-1.83323729057784,97.7072571800462,64.8573233460351,1.40473162686238,0.18552283942699432,1,0.1643451750278473,0,0.7643758009904017,0.22930405863986925,-3.5,1,111,1
BEN,Benin,2017,Sub-Saharan Africa,Lower middle income,0.0432648555103608,5.67156195150444,61.4765969588474,28.6309908502176,1.58170495191393,NA,0.7188001275062561,0.1643451750278473,0,0.09531017980432492,0,-4.2,1,132,1
BTN,Bhutan,2017,South Asia,Lower middle income,4.95508366985129,2.08684522733067,76.7884016850221,66.8861845021585,-0.638806366922729,0.4419999122619629,1,0.1643451750278473,0,1.7842452530614197,NA,-4.5,1,534,1
BOL,Bolivia,2017,Latin America & Caribbean,Lower middle income,2.8227580554717,4.19520633360403,45.5761123650708,75.5697135966742,1.55130384811576,0.2626382112503052,1,0.4476322829723358,0,1.3409721661491327,0.5988605656814417,-6.4,1,111,1
BWA,Botswana,2017,Sub-Saharan Africa,Upper middle income,3.30828076768219,4.11437856445083,81.9239513763494,43.4852588305467,1.61796092921322,0.4628564417362213,0.33686530590057373,1,0,1.460538930727121,1,-1.1,0,199,0
BRA,Brazil,2017,Latin America & Caribbean,Upper middle income,3.44637335032669,1.32286905390815,24.3197343741684,93.0595991988879,3.33826028420938,0.938372790813446,0.27810075879096985,0.1643451750278473,0,1.4920887864488035,0.306152474953776,-8,0,111,0
BFA,Burkina Faso,2017,Sub-Saharan Africa,Low income,1.48299897161325,6.20348941121868,59.2687802020168,41.1011430661806,0.0182370342122821,NA,0.7188001275062561,0.1643451750278473,0,0.9094670923548804,0,-6.9,1,132,1
BDI,Burundi,2017,Sub-Saharan Africa,Low income,16.0525353030391,3.83185756925806,NA,26.2974722725836,2.30701019619549,NA,0.9345064759254456,0,0,2.836298890800516,0,-5,0,111,0
CPV,Cabo Verde,2017,Sub-Saharan Africa,Lower middle income,0.784415251101334,4.5513148102974,100.052133904219,92.733881656721,5.59469673480566,0.3230607211589813,0.5086395144462585,0.4768400490283966,0,0.5790907711427189,0.4366170633371538,-2.6,1,182,1
KHM,Cambodia,2017,East Asia & Pacific,Lower middle income,2.91263557371478,8.07503915535979,121.155451298689,66.6143048461621,9.49760203098743,0.556959331035614,0.6289545893669128,1,0,1.3642112066946224,1,-0.8,NA,NA,NA
CMR,Cameroon,2017,Sub-Saharan Africa,Lower middle income,0.64040914988195,3.54117654926007,39.1990216052629,19.8972084405868,2.25620975874553,0.6908755898475647,0.7188001275062561,0.1643451750278473,0,0.4949456923560743,0,-3.7,1,132,1
CAF,Central African Republic,2017,Sub-Saharan Africa,Low income,4.18072331871266,4.52727821346231,57.1435457117119,24.9906093454464,0.332412482969051,0.6908755898475647,0.7188001275062561,0.1643451750278473,0,1.6449446833401946,0,-1,1,132,1
TCD,Chad,2017,Sub-Saharan Africa,Low income,-1.5370996298084,-1.61746922760291,43.2900613852468,11.6969722537549,2.72215531343515,0.6908755898475647,0.7188001275062561,0.1643451750278473,0,0.09531017980432492,0,-0.2,1,132,1
CHN,China,2017,East Asia & Pacific,Upper middle income,1.59313600071435,6.8912663621211,36.95085261586,197.758726760426,1.32468971748482,0.5,0.564121425151825,0.1643451750278473,0,0.952867954357496,1,-3.3,0,111,0
COL,Colombia,2017,Latin America & Caribbean,Upper middle income,4.3143132569501,1.35936086788746,35.2829149424588,49.0241162749341,4.3931823276543,0.7042742371559143,0.3417713940143585,0.4168718457221985,0,1.6704037949697843,0.5953960076337919,-2.5,0,111,0
COM,Comoros,2017,Sub-Saharan Africa,Lower middle income,-0.237362224154613,3.81570211280726,40.164358921352,27.2175455164757,0.363776536091142,0.01502574514597654,0.7187992930412292,0.1643451750278473,0,0.09531017980432492,NA,-0.1,1,132,1
COD,"Congo, Dem. Rep.",2017,Sub-Saharan Africa,Low income,NA,4.24121047272719,65.9184525277578,13.6541513915048,2.79181852942997,0.525240957736969,0.21889716386795044,NA,0,NA,NA,0,0,111,0
COG,"Congo, Rep.",2017,Sub-Saharan Africa,Lower middle income,0.450063823285546,-5.59477371915547,94.6170952583422,24.5043390590813,37.3227748739474,0.6908755898475647,0.7188001275062561,0.1643451750278473,0,0.371607571522802,0,-5.6,1,132,1
CRI,Costa Rica,2017,Latin America & Caribbean,Upper middle income,1.62590692991731,4.1576989627609,65.0719537438815,46.5754635847343,4.83327522078441,0.29362180829048157,0.5866667628288269,1,0,0.96542633348456,1,-5.9,1,111,1
CIV,Cote d'Ivoire,2017,Sub-Saharan Africa,Lower middle income,0.685881065304603,7.41076242592504,48.6596050387177,28.1221296447834,1.85673486381973,NA,0.7188001275062561,0.1643451750278473,0,0.5222883145674626,0,-3.3,1,132,1
DJI,Djibouti,2017,Middle East & North Africa,Lower middle income,0.57728572456066,5.458091517212,305.967966403468,75.4763016344219,5.97013597143086,0.6030945777893066,1,0.700158953666687,0,0.45570547391600774,0,-0.2,1,111,1
DMA,Dominica,2017,Latin America & Caribbean,Upper middle income,0.296252889279486,-7.5443637547282,NA,115.512866027639,4.02538103514499,NA,1,0.4168718457221985,0,0.2594777095114677,0.4712955895532587,-3.3,1,111,1
DOM,Dominican Republic,2017,Latin America & Caribbean,Upper middle income,3.27955694678546,3.93386176401576,50.7595355508472,34.9667293791438,4.55025610026855,0.21569901704788208,0.8456461429595947,0.7601271867752075,0,1.4538494871292391,0.8086185651910388,-3.1,1,111,1
ECU,Ecuador,2017,Latin America & Caribbean,Upper middle income,0.417335588666824,5.97039880954841,43.6177233172817,37.0884180365937,0.605279629548276,0.5084018707275391,1,0.700158953666687,0,0.34877876306161265,0.6343827061388625,-5.8,NA,NA,NA
EGY,"Egypt, Arab Rep.",2017,Middle East & North Africa,Lower middle income,29.5066083940038,4.18122099994778,42.8321343581608,87.6024678721874,2.98301550917695,0.26877361536026,0.1295686513185501,0.4168718457221985,1,3.4179433287999648,0.4168718457221985,-9.9,0,111,0
SLV,El Salvador,2017,Latin America & Caribbean,Upper middle income,1.0123540331558,2.24761908134138,74.3046511916519,53.8410714047973,2.01688451540263,0.535773515701294,1,0.700158953666687,0,0.6993051975712267,0.700158953666687,-2.5,1,111,1
GNQ,Equatorial Guinea,2017,Sub-Saharan Africa,Upper middle income,0.74435474661241,-5.66750850486686,102.428258251803,12.7319433307131,3.1541343035206,0.6908755898475647,0.7188001275062561,0.1643451750278473,0,0.556384714556651,0,-2.6,1,132,1
SWZ,Eswatini,2017,Sub-Saharan Africa,Lower middle income,6.22137528933118,3.52095345987983,86.8801420302976,29.1556462236588,-1.2917821060433,0.21160055696964264,1,0.1643451750278473,0,1.977045418051964,0,-5.6,1,199,1
ETH,Ethiopia,2017,Sub-Saharan Africa,Low income,10.6871150284238,9.56418965754014,31.1036494929016,NA,5.26039764214773,NA,0.19816610217094421,0.1643451750278473,0,2.4584869553278255,1,-3.2,0,111,0
FJI,Fiji,2017,East Asia & Pacific,Upper middle income,3.34757834757831,5.35336455965039,NA,74.0676395921425,7.24021289135771,0.5,0.4195866584777832,0.1643451750278473,0,1.4696189883785278,0,-2.3,0,111,0
GAB,Gabon,2017,Sub-Saharan Africa,Upper middle income,2.65192583143902,0.472642030911146,75.0687404456638,19.3624163679485,8.80157025688894,0.6908755898475647,0.7188001275062561,0.1643451750278473,0,1.295254653501031,0,-1.7,1,132,1
GMB,"Gambia, The",2017,Sub-Saharan Africa,Low income,8.03418974545911,4.8226112492757,55.7335796090833,38.2839721428451,4.27524164277035,NA,0.27731046080589294,1,0,2.201016240494144,1,-4.3,0,111,0
GEO,Georgia,2017,Europe & Central Asia,Upper middle income,6.03531725272117,5.15990261658827,102.584277697146,44.0357692307692,11.7183676491747,0.5855638980865479,0.22414995729923248,1,0,1.9509427858851751,1,-0.5,0,111,0
GHA,Ghana,2017,Sub-Saharan Africa,Lower middle income,12.3719215507048,8.12889488100956,70.5483652904116,25.4883349966688,5.39035841681501,NA,0.3070928156375885,0,1,2.593157101856886,0,-4,0,111,0
GRD,Grenada,2017,Latin America & Caribbean,Upper middle income,0.908458255874249,4.43867566948151,NA,82.7318341092668,13.6164508332703,NA,1,0.1643451750278473,0,0.64629572022317,0.3942342873818497,3,1,111,1
GTM,Guatemala,2017,Latin America & Caribbean,Upper middle income,4.42453655182546,3.07985126948702,46.0694033463258,50.8043228509746,1.39328931381397,0.9347829818725586,0.6269312500953674,1,0,1.6909324675423856,1,-1.4,1,111,1
GIN,Guinea,2017,Sub-Saharan Africa,Lower middle income,8.91435947913097,10.3000053427355,101.251633768429,23.0186757313632,5.59427174638354,0.3595101535320282,0.5541270971298218,0,0,2.293984158687934,0,-2,1,111,1
GNB,Guinea-Bissau,2017,Sub-Saharan Africa,Low income,1.69111461822298,4.66367943913264,56.9137475938811,40.3241926894459,1.06744396733032,NA,0.4107046127319336,0.1643451750278473,0,0.9899554640086382,0.7326588197655602,-1.3,1,132,1
HTI,Haiti,2017,Latin America & Caribbean,Lower middle income,10.6800887242584,2.51027134544685,42.0745477868911,28.1765962079789,2.48360915333592,0.28772056102752686,0.27384835481643677,1,0,2.4578855736262297,1,-0.3,0,111,0
HND,Honduras,2017,Latin America & Caribbean,Lower middle income,3.93436084442044,4.84291391050387,101.813111079622,59.6174831103871,4.10592046689605,0.6905864477157593,0.7848343253135681,0.1643451750278473,0,1.5962231496892565,0.23472552077950623,-0.4,1,111,1
IND,India,2017,South Asia,Lower middle income,3.32817337461298,6.79538341897911,40.7424969545225,74.1441893624702,1.50731583255894,0.5603632926940918,0.4521808922290802,0.1643451750278473,0,1.4651455995710938,NA,-6.3,0,111,0
IDN,Indonesia,2017,East Asia & Pacific,Upper middle income,3.80879857691949,5.06978590134916,39.3554970704606,39.8766339278733,2.01948919812582,NA,0.6903569102287292,0.4168718457221985,0,1.570447276810208,0,-2.3,0,111,1
IRN,"Iran, Islamic Rep.",2017,Middle East & North Africa,Upper middle income,8.04492437660278,3.02685468694025,43.1556931383906,NA,0.983654956177998,NA,0.4736786186695099,0,0,2.2022037580165943,0,-1.5,0,111,0
JAM,Jamaica,2017,Latin America & Caribbean,Upper middle income,4.37839864991561,2.29303371291363,NA,48.9542257434782,5.63139063640052,NA,0.5233534574508667,0.4168718457221985,0,1.682390681152952,0.30219016649938735,0.4,0,111,0
JOR,Jordan,2017,Middle East & North Africa,Lower middle income,3.32389447576097,2.47359815449045,89.7316005071358,108.017249160382,4.87814133167977,0.08614838123321533,1,1,0,1.4641564951685726,1,-3.2,1,111,1
KAZ,Kazakhstan,2017,Europe & Central Asia,Upper middle income,7.44266321306792,4.10000000257358,56.825387935971,35.7792185112831,2.85205738000704,0.8065700531005859,0.3237977623939514,0.1643451750278473,0,2.133297805405545,0,-4.3,0,111,0
KEN,Kenya,2017,Sub-Saharan Africa,Lower middle income,8.00564967709945,3.83795817364721,35.9950578754074,39.351989294104,1.64083690398642,0.5414234399795532,0.636675238609314,0.700158953666687,0,2.197852122288629,1,-7.4,1,111,1
KGZ,Kyrgyz Republic,2017,Europe & Central Asia,Lower middle income,3.1753098637994,4.73993722377884,100.617445813258,36.4560773289653,-1.39184288798722,0.783003032207489,0.5027995109558105,0.5358138084411621,0,1.4291885744228423,0.4704225086253584,-3.7,1,111,1
LAO,Lao PDR,2017,East Asia & Pacific,Lower middle income,0.825478607568026,6.8925308726989,NA,NA,9.87799160512334,NA,0.7351221442222595,0.1643451750278473,0,0.6018422033749512,0.3942342873818497,-5.5,1,111,1
LSO,Lesotho,2017,Sub-Saharan Africa,Lower middle income,4.447699373763,-3.13817493733471,146.366771329494,39.388791319184,1.82806623182623,0.3975394666194916,1,0.1643451750278473,0,1.695193386297333,0,-2,1,199,1
LBR,Liberia,2017,Sub-Saharan Africa,Low income,12.4196323907138,2.45515592012239,NA,20.0639671965974,7.30948578439651,0.43193840980529785,0.3745848834514618,0.7167128920555115,0,2.596718738524073,0.5879490791974266,-7.1,0,111,0
LBY,Libya,2017,Middle East & North Africa,Upper middle income,25.8036184788338,32.4918021862688,47.5489661921214,122.142809910825,NA,NA,0.5616455078125,0.1643451750278473,1,3.288536896269652,1,-11.1,0,111,0
MDG,Madagascar,2017,Sub-Saharan Africa,Low income,8.60905075422949,3.93330759462793,65.3434015072915,25.5623978283926,3.52797151000056,0.5596805810928345,0.2516027092933655,0.1643451750278473,0,2.262705441228261,0,-2.1,0,132,0
MWI,Malawi,2017,Sub-Saharan Africa,Low income,11.5433939188771,4.00000000089172,45.3003137160008,16.4940747318282,1.0085487596618,NA,0.8500574827194214,0.1643451750278473,1,2.529194146024729,0.3942342873818497,-5.2,1,111,1
MYS,Malaysia,2017,East Asia & Pacific,Upper middle income,3.87120115774237,5.81272240983328,133.155173371956,122.534205616143,2.9358203805856,0.4861905872821808,0.4763171374797821,0.4168718457221985,0,1.5833405509830747,0.30219016649938735,-2.4,0,111,0
MDV,Maldives,2017,South Asia,Upper middle income,2.81747338234509,7.07442863215275,141.912110574952,43.1868685299419,9.50514529202919,0.5,1,0.5831281542778015,0,1.339588785550675,0,-3,1,111,1
MLI,Mali,2017,Sub-Saharan Africa,Low income,1.75985742927165,5.37554769639952,49.4919984941972,22.5991378938498,3.0627942747803,NA,0.7188001275062561,0.1643451750278473,0,1.015179022333842,0,-2.4,1,132,1
MRT,Mauritania,2017,Sub-Saharan Africa,Lower middle income,2.25427651934813,6.27054566937677,78.8149801833884,27.7289441287182,8.65007999188081,0.5,0.7395406365394592,0.1643451750278473,0,1.1799699834740818,0.3942342873818497,0.5,1,111,1
MUS,Mauritius,2017,Sub-Saharan Africa,Upper middle income,3.66699702675925,3.93798380632353,126.964059884888,108.952032938582,3.45396863043017,0.3928063213825226,0.2616002857685089,0.700158953666687,0,1.5405158298899633,0.6411903128264653,-1.6,0,112,0
MEX,Mexico,2017,Latin America & Caribbean,Upper middle income,6.04145724018986,1.87172853327193,76.9521260407254,37.4499047681409,2.78307493352174,0.04579920694231987,0.20344297587871552,0.700158953666687,0,1.951815143094728,1,-1,0,111,0
FSM,"Micronesia, Fed. Sts.",2017,East Asia & Pacific,Lower middle income,0.58225373525489,2.17575003627566,103.342618384401,67.1111420612813,NA,0.557063639163971,1,1,0,0.4588502453940747,1,14.3,1,111,1
MDA,Moldova,2017,Europe & Central Asia,Upper middle income,6.57022997455611,4.17561205106279,88.6233902754378,43.7799358937814,1.5715119911375,NA,0.3927271962165833,0.1643451750278473,0,2.024223446717904,0,-0.7,0,111,0
MNG,Mongolia,2017,East Asia & Pacific,Upper middle income,4.30143105302342,5.63687638694772,115.932901867963,56.6254772716504,13.0160280600797,NA,0.3887380063533783,0.8356548547744751,0,1.667976794116354,1,-3.7,0,111,0
MAR,Morocco,2017,Middle East & North Africa,Lower middle income,0.754663249323619,5.05789816173446,74.1733578786573,110.46242491734,2.26092196120538,0.33416101336479187,0.5556896924972534,0.1643451750278473,0,0.5622769577790845,0.3942342873818497,-3.3,0,132,0
MOZ,Mozambique,2017,Sub-Saharan Africa,Low income,15.1132073899384,2.63820737310658,105.745640702087,45.7476189413129,17.4831119319856,0.6339743137359619,0.28101101517677307,0.1643451750278473,0,2.7796392704785267,1,-2,0,111,0
MMR,Myanmar,2017,East Asia & Pacific,Lower middle income,4.5725365531752,6.13610824360305,NA,53.3103676262255,7.27335555300642,0.5,0.726814329624176,0,0,1.7178503458212362,0,-3.4,0,111,1
NAM,Namibia,2017,Sub-Saharan Africa,Upper middle income,6.14579981111164,-1.02724808856709,81.2196661011436,57.1647372130286,2.17505730200543,0.4016393125057221,0.4644729495048523,0.1643451750278473,0,1.966524745090657,1,-5,1,199,1
NPL,Nepal,2017,South Asia,Lower middle income,2.77703998300211,8.97727935643466,44.6424106224996,89.4049710263657,0.677439884182991,0.7316595911979675,0.4027285873889923,0.1643451750278473,0,1.3289406295895954,0,-2.7,0,534,0
NIC,Nicaragua,2017,Latin America & Caribbean,Lower middle income,3.85067166284727,4.63120757580209,96.3805864351182,42.0155428519817,7.51057620596971,0.5225040912628174,0.9880841374397278,1,0,1.5791171825459311,1,-1.8,0,111,0
NER,Niger,2017,Sub-Saharan Africa,Low income,2.79637318871284,5.00536078615544,39.0711117370149,17.7130175806106,3.02823024727599,NA,0.7188001275062561,0.1643451750278473,0,1.3340461869567848,0,-4.1,1,132,1
NGA,Nigeria,2017,Sub-Saharan Africa,Lower middle income,16.5022662139641,0.805886619102438,NA,24.7814178638797,0.642182922336257,0.3516978323459625,1,0.299841046333313,0,2.8623303704861396,1,-3.8,1,111,1
PAK,Pakistan,2017,South Asia,Lower middle income,4.08537368032608,4.43262590683975,25.472035002344,51.4077109638096,0.735837049658425,0.3114846646785736,0.4316817820072174,0.1643451750278473,0,1.626368513590291,1,-5.2,0,111,0
PNG,Papua New Guinea,2017,East Asia & Pacific,Lower middle income,5.42204568023834,3.53461081750459,NA,30.6219991872882,-0.788236305745218,0.5,0.8264064788818359,0.4641861915588379,0,1.859736708728032,0.5141940577822346,-2.5,0,111,1
PRY,Paraguay,2017,Latin America & Caribbean,Upper middle income,3.60247741348943,4.81007885552178,71.0801344038459,41.9355839968122,1.9468132140751,0.5,0.32519757747650146,0.4476322829723358,0,1.52659472666915,0.5988605656814417,-0.4,0,111,0
PER,Peru,2017,Latin America & Caribbean,Upper middle income,2.99490045809443,2.51883544233135,47.5135503619971,47.578142358665,3.5133314939664,0.4922306537628174,0.5635895729064941,1,0,1.3850186622856435,1,-2.8,1,111,1
PHL,Philippines,2017,East Asia & Pacific,Lower middle income,2.85318772590947,6.9309883258402,68.1683697426727,75.417721370487,3.12238778404896,0.2383633852005005,0.4579356908798218,0.4476322829723358,0,1.348900786468424,0.5287044104467413,-0.8,0,111,0
RWA,Rwanda,2017,Sub-Saharan Africa,Low income,8.27953672260832,3.91817093628465,53.6752674177253,19.7081417149906,2.96153582649288,0.5275577306747437,0.6789131760597229,0.7474732995033264,0,2.227811623419234,1,-2.5,0,111,1
WSM,Samoa,2017,East Asia & Pacific,Lower middle income,1.74989677484705,1.40628239971301,74.011085031494,48.675298407461,1.04146807605773,0.4383022487163544,0.4375454485416413,0.1643451750278473,0,1.0115633745547163,0.3942342873818497,-2,0,196,0
STP,Sao Tome and Principe,2017,Sub-Saharan Africa,Lower middle income,5.6902961992902,4.11297966281954,NA,38.2257805044395,10.6236604862763,0.5,0.34375736117362976,0.7474732995033264,0,1.9006581480913016,0.7474732995033264,-3.1,0,134,0
SEN,Senegal,2017,Sub-Saharan Africa,Lower middle income,1.31815314847789,7.4074861863013,57.7052798455617,37.7934171890201,2.80185380597297,NA,0.7188001275062561,0.1643451750278473,0,0.8407708119662709,0,-3,1,132,1
SLB,Solomon Islands,2017,East Asia & Pacific,Lower middle income,0.488686760261083,3.07546176144591,82.1974922027324,42.3350723943048,2.91769302207799,0.3783288896083832,0.4472599327564239,0.1643451750278473,0,0.3978943623710893,0,-2.3,0,111,0
ZAF,South Africa,2017,Sub-Saharan Africa,Upper middle income,5.18618655524149,1.15794695181735,53.5359318293741,66.1447664923871,0.539673956759456,0.36801543831825256,0.21436429023742676,0.1643451750278473,0,1.8223188314611505,0.3942342873818497,-4,0,111,0
LKA,Sri Lanka,2017,South Asia,Lower middle income,7.70413767850602,6.46068127065753,47.1404098004644,54.4889133714938,1.45462805347273,0.29690203070640564,0.4347754120826721,0.1643451750278473,0,2.1637985078315487,0,-5.1,0,111,1
LCA,St. Lucia,2017,Latin America & Caribbean,Upper middle income,0.104262078958441,3.37982617272246,NA,68.8896878405325,4.500439600106,NA,1,0.4476322829723358,0,0.09917731004317704,1,-2.1,1,111,1
VCT,St. Vincent and the Grenadines,2017,Latin America & Caribbean,Upper middle income,2.15333648840511,1.54810173239956,NA,72.3266824929462,19.5953970726633,NA,1,0.1643451750278473,0,1.14846109494648,0,-1.6,1,111,1
SUR,Suriname,2017,Latin America & Caribbean,Upper middle income,21.9969430173304,1.56603782534897,NA,65.4455191625141,2.67494793416759,0.17329558730125427,0.6890501379966736,0.1643451750278473,0,3.135361294805546,1,-8.6,1,111,1
TJK,Tajikistan,2017,Europe & Central Asia,Lower middle income,NA,7.10000041864309,53.7861046057767,27.9628803758112,2.46572647891723,NA,0.40567219257354736,0.1643451750278473,0,NA,0.36714325860631464,-5.6,0,111,0
TZA,Tanzania,2017,Sub-Saharan Africa,Lower middle income,5.31871605228931,6.72726996832338,33.1125919853124,20.8134417062715,1.76011643802415,0.6195971965789795,1,0.1643451750278473,0,1.843516031236396,0.5801363815350187,-1.1,1,111,1
THA,Thailand,2017,East Asia & Pacific,Upper middle income,0.665631893135106,4.1776810321001,120.891427433638,124.04474007571,1.81550260101987,0.29783424735069275,0.5244191884994507,0.1643451750278473,0,0.5102045668311147,0,-0.5,0,111,0
TGO,Togo,2017,Sub-Saharan Africa,Low income,-0.981889868943119,4.00791259566937,58.2088602526732,42.5644347918769,1.38645400988561,NA,0.7188001275062561,0.1643451750278473,0,0.09531017980432492,NA,-0.2,1,132,1
TON,Tonga,2017,East Asia & Pacific,Upper middle income,7.51706283551115,3.2023165092282,88.0434937486257,55.131368626428,-3.40708330022208,0.6049394011497498,0.4335523247718811,0.4476322829723358,0,2.14207154378949,0.5287044104467413,3.6,0,111,0
TUN,Tunisia,2017,Middle East & North Africa,Lower middle income,5.30884839565844,2.25261437620587,95.8091979825804,69.665911392343,1.9233125677007,0.6739609837532043,0.31193050742149353,0.1643451750278473,0,1.841953155247112,0,-5.6,0,132,0
TUR,Turkiye,2017,Europe & Central Asia,Upper middle income,11.1443110840764,7.82585730002594,56.1356585158689,53.5497317634405,1.29532700760314,0.5112928152084351,0.18328197300434113,0.4476322829723358,0,2.4968608366028837,1,-1.9,0,111,0
UGA,Uganda,2017,Sub-Saharan Africa,Low income,5.20971705914209,3.13140551723596,36.8370529334101,19.9186068571647,2.61088918011351,0.5849725604057312,0.5885218381881714,1,0,1.8261153327724728,1,-3.8,0,111,1
UKR,Ukraine,2017,Europe & Central Asia,Upper middle income,14.4383227488749,2.35997228099491,104.034982911399,40.5490528877838,3.28306130596563,0.622999370098114,0.35891973972320557,0,1,2.7368529084417204,0,-2.4,0,111,0
VUT,Vanuatu,2017,East Asia & Pacific,Lower middle income,3.08452624403546,4.41266598569969,105.526573713997,82.8993331910588,4.34327388667744,0.28537967801094055,0.3978460133075714,NA,0,1.407205747054077,NA,-1.1,0,111,0
VNM,Viet Nam,2017,East Asia & Pacific,Lower middle income,3.52025688811617,6.94019037359206,160.98008365887,123.505308979579,5.01148721749681,0.5,1,0.4168718457221985,0,1.5085688258831889,1,-2,1,111,1
YEM,"Yemen, Rep.",2017,Middle East & North Africa,Low income,NA,-5.07179568062152,42.9699046721967,NA,-1.00531889341895,NA,1,1,0,NA,1,NA,1,111,1
ZMB,Zambia,2017,Sub-Saharan Africa,Lower middle income,6.57731154205644,3.52586277149926,71.5856946542566,21.9632481696508,4.28050117059574,0.5724785327911377,0.243242546916008,1,0,2.025158458912257,1,-7.5,0,111,0
ALB,Albania,2018,Europe & Central Asia,Upper middle income,2.02805963071134,3.67141928098908,75.6940783717425,76.1147973097136,7.83109146132114,0.5038487315177917,0.3937699496746063,0.4168718457221985,0,1.107922028482795,1,-1.6,0,134,0
DZA,Algeria,2018,Middle East & North Africa,Upper middle income,4.26999020467083,1.40000000088281,52.4361676779223,73.341677611896,0.753576088552125,0.49773672223091125,0.44234612584114075,0.1643451750278473,0,1.6620285038553062,1,-6.2,0,111,0
AGO,Angola,2018,Sub-Saharan Africa,Lower middle income,19.628937970152,-0.59441122698307,58.916480075976,27.2014834675071,-7.21246216123288,0.5,0.14418239891529083,0,1,3.0266948458817295,0,2,0,111,0
ARM,Armenia,2018,Europe & Central Asia,Upper middle income,2.52023382001637,5.19999999965324,92.473107021212,46.1206403041553,2.14204783415544,0.2352193146944046,0.7055158019065857,0.8356548547744751,0,1.2585274135449016,0.6858606150560531,-1.8,1,111,1
AZE,Azerbaijan,2018,Europe & Central Asia,Upper middle income,2.26854690373999,1.50040167167313,91.6725765369825,30.04094438261,2.97797589143235,0.45110246539115906,1,0.4641861915588379,0,1.184345514201733,0.8735218558992969,5.4,1,111,1
BGD,Bangladesh,2018,South Asia,Lower middle income,5.54362139486476,7.31941263014136,32.5146317240884,54.8325562875275,0.75354913412869,0.5,1,0.1643451750278473,0,1.8784907423188109,0.3942342873818497,-4.1,1,111,1
BLR,Belarus,2018,Europe & Central Asia,Upper middle income,4.87230220550689,3.14919758275296,139.393736250171,35.3441913281344,2.37627120733619,0.5077650547027588,0.39383113384246826,0.1643451750278473,0,1.7702467555033887,0.3942342873818497,1.8,0,111,0
BLZ,Belize,2018,Latin America & Caribbean,Upper middle income,0.269982622646335,0.822068592512508,100.989214362975,65.9980677306884,5.33885311944147,0.3455907702445984,1,0.1643451750278473,0,0.23900321742124575,0.22930405863986925,-1.4,1,111,1
BEN,Benin,2018,Sub-Saharan Africa,Lower middle income,0.919170717886053,6.69725362180888,61.7951944903448,27.9343009114216,1.36073573251591,NA,0.7084106802940369,0.1643451750278473,0,0.6518931749686633,0,-3,1,132,1
BTN,Bhutan,2018,South Asia,Lower middle income,2.72396386183713,3.50187185732737,79.7397203296083,68.0727888928965,0.10255942689779,0.5666273236274719,1,0.1643451750278473,0,1.314788655242367,NA,-1.5,1,534,1
BOL,Bolivia,2018,Latin America & Caribbean,Lower middle income,2.27205987230154,2.86808404814794,46.9261953417368,74.6494677895611,0.624547731622922,0.39919960498809814,1,0.4476322829723358,0,1.1854197169537537,0.5988605656814417,-6.8,1,111,1
BWA,Botswana,2018,Sub-Saharan Africa,Upper middle income,3.23801558947715,4.18869237159223,87.4551039946493,45.1835202596699,1.67893386448584,0.22682006657123568,0.24162304401397705,1,0,1.4440951383379614,1,-5,0,199,0
BRA,Brazil,2018,Latin America & Caribbean,Upper middle income,3.66485028376728,1.78366676137003,28.876203376153,93.7130340305506,4.07858861807831,0.6215690970420837,0.16696308553218842,0.1643451750278473,0,1.5400557402724622,0.306152474953776,-7,0,111,0
BFA,Burkina Faso,2018,Sub-Saharan Africa,Low income,1.95594302672532,6.60456906812341,60.5956256236488,42.1281649957099,1.68919942943091,NA,0.7084106802940369,0.1643451750278473,0,1.0838177291266415,0,-4.4,1,132,1
BDI,Burundi,2018,Sub-Saharan Africa,Low income,-2.81469807668465,5.3422447312502,NA,30.3917072741844,0.228727114717487,NA,0.9003441333770752,0,0,0.09531017980432492,0,-6.7,1,111,1
CPV,Cabo Verde,2018,Sub-Saharan Africa,Lower middle income,1.25615185860785,3.70696458310842,105.867524052105,89.146825081916,4.69595735976167,0.31996336579322815,0.5094786882400513,0.8200953602790833,0,0.8136606445830792,0.916212533350822,-2.4,1,182,1
KHM,Cambodia,2018,East Asia & Pacific,Lower middle income,2.45908515380146,8.77622376224463,118.43765541305,74.6505901845183,9.69240300027112,0.7386218905448914,0.6577109098434448,1,0,1.2410041476923306,1,0.3,NA,NA,NA
CMR,Cameroon,2018,Sub-Saharan Africa,Lower middle income,1.0688581131292,3.95551423892049,40.587602877028,21.401849245219,1.91485781286221,NA,0.7084106802940369,0.1643451750278473,0,0.7269968189005994,0,-2.3,1,132,1
CAF,Central African Republic,2018,Sub-Saharan Africa,Low income,1.61215686991555,3.78944359275462,49.6602000024318,27.8010918950905,0.810612744001372,NA,0.7084106802940369,0.1643451750278473,0,0.9601762670057388,0,-0.9,1,132,1
TCD,Chad,2018,Sub-Saharan Africa,Low income,4.27462198610545,5.74111580758154,46.7384317860183,10.7191805601758,3.00704966736056,NA,0.7084106802940369,0.1643451750278473,0,1.662907015392519,0,1.4,1,132,1
CHN,China,2018,East Asia & Pacific,Upper middle income,2.07479039965576,6.75671800166833,36.8943843914718,191.550070069751,1.66361992284408,0.5,0.35142403841018677,0.1643451750278473,0,1.123236736221724,1,-4.2,0,111,0
COL,Colombia,2018,Latin America & Caribbean,Upper middle income,3.24056932930569,2.56432428277704,36.5347527968973,36.9100913802191,3.38083573220188,0.7882041931152344,0.23632661998271945,0.4168718457221985,0,1.4446975360093246,0.5953960076337919,-4.7,0,111,0
COM,Comoros,2018,Sub-Saharan Africa,Lower middle income,2.15155084413033,3.64259587408398,42.9961533369453,28.2159061016217,0.48130680430061,0.01464849710464477,0.708409309387207,0.1643451750278473,0,1.1478946631521136,NA,-1.3,1,132,1
COD,"Congo, Dem. Rep.",2018,Sub-Saharan Africa,Low income,NA,6.0716887064661504,72.5591739081336,12.6564111724281,3.01664160584951,0.5578569769859314,0.7973822355270386,0.1643451750278473,0,NA,0,-1.3,1,111,1
COG,"Congo, Rep.",2018,Sub-Saharan Africa,Lower middle income,1.15277896375523,-2.30431780125842,100.583216779714,19.2866399178296,29.2086100198947,NA,0.7084106802940369,0.1643451750278473,0,0.7667595488086948,0,5.2,1,132,1
CRI,Costa Rica,2018,Latin America & Caribbean,Upper middle income,2.2211146152658,2.6159044043379,66.945342016636,45.373355051473,4.829438721344,0.15258146822452545,0.4175183475017547,1,0,1.169727453468164,1,-5.6,0,111,0
CIV,Cote d'Ivoire,2018,Sub-Saharan Africa,Lower middle income,0.401297817263547,4.84314605889178,46.040028237159,29.9133201080609,1.05998699614336,NA,0.7084106802940369,0.1643451750278473,0,0.3373988195417457,0,-2.9,1,132,1
DJI,Djibouti,2018,Middle East & North Africa,Lower middle income,0.138836400011405,4.77433934943193,300.398900523844,67.5724322631324,5.83497725047345,NA,1,0.700158953666687,0,0.1300070393912589,0,-2,1,111,1
DMA,Dominica,2018,Latin America & Caribbean,Upper middle income,0.989191119189889,2.964010610466,NA,105.204178249207,12.4606230458607,NA,1,0.4168718457221985,0,0.6877280833350524,0.4712955895532587,-17.2,1,111,1
DOM,Dominican Republic,2018,Latin America & Caribbean,Upper middle income,3.56443426013507,7.09751640210159,52.3351709577013,33.304176107071,3.22902365102652,NA,0.7954018712043762,0.8200953602790833,0,1.5182945764951548,0.8724123345226593,-2.2,0,111,0
ECU,Ecuador,2018,Latin America & Caribbean,Upper middle income,-0.224103246005552,1.04429460679607,48.0093476154836,37.7350788960455,1.29342873266166,0.44864988327026367,1,0.700158953666687,0,0.09531017980432492,0.6343827061388625,-2.8,NA,NA,NA
EGY,"Egypt, Arab Rep.",2018,Middle East & North Africa,Lower middle income,14.4014657807421,5.3311086189448,45.9110196733959,77.765221186773,3.10040077579187,NA,0.7033101320266724,0.4168718457221985,1,2.7344626854578693,0.4168718457221985,-9,1,111,1
SLV,El Salvador,2018,Latin America & Caribbean,Upper middle income,1.09033000581892,2.4124442237792,75.6336168879956,54.8223554701326,1.58620478716365,0.5950522422790527,1,0.700158953666687,0,0.7373219510332326,0.700158953666687,-2.7,1,111,1
GNQ,Equatorial Guinea,2018,Sub-Saharan Africa,Upper middle income,1.06007410662171,-6.23654406734575,103.645681622953,12.3029314380312,-1.10304372116447,NA,0.7084106802940369,0.1643451750278473,0,0.7227419562426464,0,0.5,1,132,1
SWZ,Eswatini,2018,Sub-Saharan Africa,Lower middle income,4.81506167461513,0.0653956557843571,85.4927768173538,29.3535273530224,0.670381040235302,0.2053459733724594,1,0.1643451750278473,0,1.7604513920390832,0,-6.6,1,199,1
ETH,Ethiopia,2018,Sub-Saharan Africa,Low income,13.8330356586661,6.81614778557282,31.1993689777881,NA,4.03228222144798,NA,0.8107871413230896,0.1643451750278473,0,2.6968568323476263,1,-3,1,111,1
FJI,Fiji,2018,East Asia & Pacific,Upper middle income,4.08147637644542,3.81235122208561,NA,72.0751921139216,8.40038118168196,0.5,0.44659727811813354,0.1643451750278473,0,1.6256018446515743,0,-4.8,0,111,0
GAB,Gabon,2018,Sub-Saharan Africa,Upper middle income,4.74906652083221,0.83791658082157,77.0365976973024,23.8697156154116,8.17598940777917,NA,0.7084106802940369,0.1643451750278473,0,1.7490374974269187,0,-0.2,1,132,1
GMB,"Gambia, The",2018,Sub-Saharan Africa,Low income,6.52096823946573,7.23489033258579,64.8124640003735,39.4720955129567,4.89653501762191,NA,0.3090952932834625,1,0,2.0176948849216054,1,-3.9,0,111,0
GEO,Georgia,2018,Europe & Central Asia,Upper middle income,2.6152447139767,6.062036412677,109.847740556266,45.7059549521753,7.28401976586955,0.6548511981964111,0.289166122674942,1,0,1.285159547365703,1,-0.8,0,111,0
GHA,Ghana,2018,Sub-Saharan Africa,Lower middle income,7.80876516610703,6.20007768127284,67.9585174644902,25.1273803325435,4.4440435772374,0.6453819870948792,0.4641108810901642,0,0,2.1757472673669396,0,-6.8,0,111,0
GRD,Grenada,2018,Latin America & Caribbean,Upper middle income,0.804102313277033,4.36144039364797,NA,87.2179276023228,15.9441349586327,NA,1,0.1643451750278473,0,0.590063134709063,0.3942342873818497,4.9,1,111,1
GTM,Guatemala,2018,Latin America & Caribbean,Upper middle income,3.75186186704508,3.40687348346576,47.0116852699223,53.1955053282223,1.25790065429015,0.6816199421882629,0.6494559645652771,1,0,1.5585365132550808,1,-1.9,0,111,0
GIN,Guinea,2018,Sub-Saharan Africa,Lower middle income,9.82761701259191,6.35849192736715,88.984111543709,22.2176757893061,2.97511256265365,0.2990497648715973,0.8689281344413757,0,0,2.3821000010297237,0,-1,1,111,1
GNB,Guinea-Bissau,2018,Sub-Saharan Africa,Low income,0.381324702790992,3.76145359637003,55.0195890357005,42.2862285544659,1.32316927565873,NA,0.34752190113067627,0.1643451750278473,0,0.32304296829005935,0.7326588197655602,-4.8,1,132,1
HTI,Haiti,2018,Latin America & Caribbean,Lower middle income,12.4814111170435,1.66781095484656,45.1385763027223,30.9975300427674,0.640093066153268,0.3810510039329529,0.46678870916366577,1,1,2.6013117822786107,1,-1.1,0,111,0
HND,Honduras,2018,Latin America & Caribbean,Lower middle income,4.34734937777528,3.84499476966735,103.551162215452,60.9373757810527,5.99386120691106,0.7058570981025696,0.7478755116462708,0.1643451750278473,0,1.676600994728788,0.23472552077950623,0.2,1,111,1
IND,India,2018,South Asia,Lower middle income,3.9388264669163,6.45385134497769,43.6169693323889,74.097824604711,1.55821483801456,0.366767555475235,0.29022496938705444,0.1643451750278473,0,1.5971277456742323,NA,-6.5,0,111,0
IDN,Indonesia,2018,East Asia & Pacific,Upper middle income,3.19834755924996,5.17429153955024,43.0743089552002,38.8175814421371,1.81428979349441,NA,0.2985304892063141,0.4168718457221985,0,1.4346910095983594,0,-1.7,0,111,0
IRN,"Iran, Islamic Rep.",2018,Middle East & North Africa,Upper middle income,18.0141183371874,-3.74796015711334,56.6153496142829,NA,0.576106085876311,NA,0.2252766489982605,0,0,2.945181773604618,0,-1.6,0,111,0
JAM,Jamaica,2018,Latin America & Caribbean,Upper middle income,3.73663882152163,2.51584458612513,NA,50.0208233759234,4.59566903085149,0.5,0.31164446473121643,0.4168718457221985,0,1.5553277747863854,0.30219016649938735,1.1,0,111,0
JOR,Jordan,2018,Middle East & North Africa,Lower middle income,4.46231108475481,1.91907091341564,87.6359151906857,103.789971242589,2.20177686575576,0.05048823356628418,1,1,0,1.697871975797088,1,-4.2,1,111,1
KAZ,Kazakhstan,2018,Europe & Central Asia,Upper middle income,6.16366247577762,4.09999999309841,63.5279565118188,33.6679512588144,0.196995426846668,0.77997225522995,0.3165298104286194,0.1643451750278473,0,1.9690213691546803,0,2.6,0,111,0
KEN,Kenya,2018,Sub-Saharan Africa,Lower middle income,4.6898064677633,5.64794640709219,34.4147531767425,39.3598323408541,0.832686217791619,0.4277849495410919,0.5839346647262573,0.700158953666687,0,1.738676234864417,1,-6.9,1,111,1
KGZ,Kyrgyz Republic,2018,Europe & Central Asia,Lower middle income,1.54266145238436,3.75791013557165,98.8755599017608,35.8405813769544,1.74369178553725,NA,0.6266556978225708,0.5358138084411621,0,0.933211348353891,0.4704225086253584,-0.6,1,111,1
LAO,Lao PDR,2018,East Asia & Pacific,Lower middle income,2.04039266890201,6.24796000755872,NA,NA,7.4856486219066,NA,0.7639632821083069,0.1643451750278473,0,1.1119866744787168,0.3942342873818497,-4.5,0,111,0
LSO,Lesotho,2018,Sub-Saharan Africa,Lower middle income,4.7518030162474,-1.48063315848241,144.434955465602,39.6125291662961,1.59898721077784,0.2799941599369049,1,0.1643451750278473,0,1.749513373700101,0,-4.4,1,199,1
LBR,Liberia,2018,Sub-Saharan Africa,Low income,23.5635148953742,1.15757512207355,NA,20.4788329989017,3.77268493884788,NA,0.231439545750618,0.7167128920555115,0,3.20126220767152,0.5879490791974266,-4.7,0,111,0
LBY,Libya,2018,Middle East & North Africa,Upper middle income,13.1702038536721,7.9413678529104,63.7811335968183,108.54037238781,NA,NA,0.4978311061859131,0.1643451750278473,1,2.6511414398850706,1,9.4,0,111,0
MDG,Madagascar,2018,Sub-Saharan Africa,Low income,8.59422958870476,3.19435651744398,67.8415046683582,25.6080339040708,4.44792798727992,NA,0.2711917459964752,0.1643451750278473,0,2.261161833240152,0,-1.3,0,132,0
MWI,Malawi,2018,Sub-Saharan Africa,Low income,12.420178108921,4.35356471619211,43.578773489,16.5630671572946,0.779538295941585,0.441100001335144,0.6997817754745483,0.1643451750278473,1,2.596759403357179,0.3942342873818497,-4.3,1,111,1
MYS,Malaysia,2018,East Asia & Pacific,Upper middle income,0.884709160571235,4.84308697634881,130.402625502126,125.07786465746,2.31458721219734,0.30081766843795776,0.3692302405834198,0.4168718457221985,0,0.6337735175216742,0.30219016649938735,-2.6,0,111,0
MDV,Maldives,2018,South Asia,Upper middle income,-0.133373386117595,8.5689555834747,142.491128546618,39.7804381273004,10.6517647807373,0.5,1,0.5831281542778015,0,0.09531017980432492,0,-5.2,1,111,1
MLI,Mali,2018,Sub-Saharan Africa,Low income,0.299546507387843,4.86784999991505,50.6998462523276,23.8918149330587,2.29426079238045,NA,0.7084106802940369,0.1643451750278473,0,0.26201536313761015,0,-4,1,132,1
MRT,Mauritania,2018,Sub-Saharan Africa,Lower middle income,3.06735996058356,4.77217365692621,89.1467294935148,28.0750026580535,10.3416772803986,NA,0.7169186472892761,0.1643451750278473,0,1.4029941306513891,0.3942342873818497,3.2,1,111,1
MUS,Mauritius,2018,Sub-Saharan Africa,Upper middle income,3.2160538314457,4.00674057198549,123.538984386544,109.322306324944,3.078791712383,0.5811692476272583,0.40068337321281433,0.700158953666687,0,1.43889957952702,0.6411903128264653,-2.2,0,112,0
MEX,Mexico,2018,Latin America & Caribbean,Upper middle income,4.89935015356551,1.97208209405635,80.2126616568975,36.4898208661565,3.01417850463095,0.02370192669332027,0.1960998773574829,0.700158953666687,0,1.774842201381964,1,-2.1,0,111,0
FSM,"Micronesia, Fed. Sts.",2018,East Asia & Pacific,Lower middle income,1.49840023593737,0,103.571428571429,62.8938775510204,NA,0.5855954885482788,1,1,0,0.915650621422114,1,24.4,1,111,1
MDA,Moldova,2018,Europe & Central Asia,Upper middle income,3.04505397337071,4.07559546585034,87.4467874275648,44.003410448745,2.75177990255296,NA,0.41915518045425415,0.1643451750278473,0,1.3974948936527598,0,-0.9,0,111,0
MNG,Mongolia,2018,East Asia & Pacific,Upper middle income,6.82424790145522,7.74488062024881,126.355873241513,59.7701847762913,14.8088797144773,NA,0.4491678774356842,0.8356548547744751,0,2.057227616976887,1,2.9,0,111,0
MAR,Morocco,2018,Middle East & North Africa,Lower middle income,1.80391671141896,3.06564133025955,77.2548875243989,110.490577950363,2.78337936840164,0.4269638657569885,0.4948461353778839,0.1643451750278473,0,1.031017265242941,0.3942342873818497,-3.5,0,132,0
MOZ,Mozambique,2018,Sub-Saharan Africa,Low income,3.91133439990729,3.48493202422782,124.607457525372,46.0926241650212,11.1741431838994,0.6249246597290039,0.3532215654850006,0.1643451750278473,0,1.5915456767583545,1,-5.7,0,111,0
MMR,Myanmar,2018,East Asia & Pacific,Lower middle income,6.87232865662935,6.26886221471075,NA,54.560698804450404,2.60563229837277,0.5,0.3113616108894348,0,0,2.06335390895839,0,-2.8,0,111,0
NAM,Namibia,2018,Sub-Saharan Africa,Upper middle income,4.29159105337875,1.05993949860752,81.7138652963804,57.6278828122794,1.71299808328534,0.2875327467918396,0.505756676197052,0.1643451750278473,0,1.6661189668832794,1,-5.1,1,199,1
NPL,Nepal,2018,South Asia,Lower middle income,4.40659410175714,7.62237610397935,48.4473869461067,95.3317829444518,0.206157201926214,0.6721483469009399,0.3703906834125519,0.1643451750278473,0,1.6876193385524818,0,-5.8,0,534,0
NIC,Nicaragua,2018,Latin America & Caribbean,Lower middle income,4.94723728039886,-3.3633566598573,93.9847404925404,34.4519059851484,6.43060058137235,0.6173084378242493,0.9880722761154176,1,0,1.7829267891043692,1,-4.3,0,111,0
NER,Niger,2018,Sub-Saharan Africa,Low income,2.96760366004456,7.21141802762897,37.5388483992356,15.7943154668168,3.63037399478134,NA,0.7084106802940369,0.1643451750278473,0,1.3781623003725303,0,-3,1,132,1
NGA,Nigeria,2018,Sub-Saharan Africa,Lower middle income,12.0951065173432,1.92275734200614,NA,25.3624627316228,0.183821495682229,0.35428422689437866,1,0.299841046333313,1,2.57223861212615,1,-3.1,1,111,1
PAK,Pakistan,2018,South Asia,Lower middle income,5.07805725868917,6.15170261099519,27.6260570796337,51.2232935528021,0.487745750658143,0.3629589378833771,0.27009469270706177,0.1643451750278473,0,1.804685115096685,1,-5.7,0,111,0
PNG,Papua New Guinea,2018,East Asia & Pacific,Lower middle income,4.37448921453162,-0.279252284959952,NA,26.9103498558933,1.27185526445477,0.5,0.41702646017074585,0.299841046333313,0,1.681663539643521,0.23236037779406296,-2.6,0,111,0
PRY,Paraguay,2018,Latin America & Caribbean,Upper middle income,3.97561015740694,3.20425034080199,72.0692236259495,43.0641234323883,0.787454987833137,NA,0.44874247908592224,0.4476322829723358,0,1.604548007795222,0.5988605656814417,-1,0,111,0
PER,Peru,2018,Latin America & Caribbean,Upper middle income,1.50915423024742,3.969351341365,48.631470171736,47.1737169901896,2.63824619479376,0.32241198420524597,0.5419217944145203,1,0,0.919945736299106,1,-1.9,1,111,1
PHL,Philippines,2018,East Asia & Pacific,Lower middle income,5.30934661627707,6.34148557153473,72.1633982990273,74.5151872516091,2.86833826070497,0.03659241273999214,0.4257350265979767,0.4476322829723358,0,1.8420321238505324,0.5287044104467413,-1.5,0,111,0
RWA,Rwanda,2018,Sub-Saharan Africa,Low income,-0.311210160390699,8.51646722592409,55.7841263739603,21.7307882385639,3.79950138241727,0.6282387375831604,0.9244588613510132,0.7474732995033264,0,0.09531017980432492,1,-2.6,0,111,0
WSM,Samoa,2018,East Asia & Pacific,Lower middle income,4.19745888663752,-0.609647103380141,78.9349676190658,52.6851790162223,1.90261035583233,0.505974292755127,0.4482974112033844,0.1643451750278473,0,1.6481698304998935,0.3942342873818497,0.1,0,196,0
STP,Sao Tome and Principe,2018,Sub-Saharan Africa,Lower middle income,7.86859628873909,4.37812808264972,NA,38.7227078092734,6.17598418618007,0.5,0.3261459469795227,0.5831281542778015,0,2.1825165299918425,0.5831281542778015,-2,0,134,0
SEN,Senegal,2018,Sub-Saharan Africa,Lower middle income,0.460985642464188,6.20924103389086,61.7898394793183,40.962835245707,3.6676580901097,NA,0.7084106802940369,0.1643451750278473,0,0.3791113055225942,0,-3.7,1,132,1
SLB,Solomon Islands,2018,East Asia & Pacific,Lower middle income,3.46147484973729,2.74585244829055,88.4949614655388,40.8100520795456,1.54707244532947,0.3783288896083832,0.5497025847434998,0.1643451750278473,0,1.4954793951657348,0,1.5,0,111,0
ZAF,South Africa,2018,Sub-Saharan Africa,Upper middle income,4.50987264867388,1.55678384721676,54.4855451276341,66.136856193442,1.3742911715346,0.3015053868293762,0.1472530961036682,0.1643451750278473,0,1.706541510134358,0.3942342873818497,-3.7,0,111,0
LKA,Sri Lanka,2018,South Asia,Lower middle income,2.135037737132,2.31008425545845,49.8093967521361,56.8919560259486,1.70888696252001,0.1222817525267601,0.25023114681243896,0.1643451750278473,0,1.142641211375115,0,-5,0,111,0
LCA,St. Lucia,2018,Latin America & Caribbean,Upper middle income,1.93561893150602,2.88677902171601,NA,70.1155281404886,2.20879100094065,NA,1,0.4476322829723358,0,1.0769183106072118,1,-1.2,1,111,1
VCT,St. Vincent and the Grenadines,2018,Latin America & Caribbean,Upper middle income,2.32414485367921,3.1756114423991,NA,69.8868955002534,4.52412383276845,NA,1,0.1643451750278473,0,1.201212454166209,0,-1.6,1,111,1
SUR,Suriname,2018,Latin America & Caribbean,Upper middle income,NA,4.94827108468886,NA,64.3687736284689,3.27713336345246,0.18042312562465668,1,0.1643451750278473,0,NA,1,-8.6,1,111,1
TJK,Tajikistan,2018,Europe & Central Asia,Lower middle income,NA,7.5999988895536,55.8461114113303,26.660403562227,2.84433010113639,NA,0.5188401937484741,0.2243133783340454,0,NA,0.501110815432202,-2.7,0,111,0
TZA,Tanzania,2018,Sub-Saharan Africa,Lower middle income,3.49445848856181,5.50267599385063,32.6426099043737,20.0113705355786,1.70440979499363,0.3768092691898346,0.8540328145027161,0.1643451750278473,0,1.5028451909361134,0.5801363815350187,-2,1,111,1
THA,Thailand,2018,East Asia & Pacific,Upper middle income,1.06389754183024,4.22287028746071,120.841864730984,122.819408351734,2.71279835138662,0.11749226599931716,0.32545894384384155,0.1643451750278473,0,0.7245962058010577,0,0.2,0,111,0
TGO,Togo,2018,Sub-Saharan Africa,Low income,0.927755426457183,4.79518333086139,57.5737388499452,44.2081189839648,-2.57457902571647,NA,0.7084106802940369,0.1643451750278473,0,0.6563563346444568,NA,-0.6,1,132,1
TON,Tonga,2018,East Asia & Pacific,Upper middle income,5.03209691984874,0.527827266310538,86.1039624323194,55.9019262352649,4.70301138186589,0.35436806082725525,0.34522825479507446,0.1643451750278473,0,1.7970946981907534,0,2.9,0,111,0
TUN,Tunisia,2018,Middle East & North Africa,Lower middle income,7.30759176031652,2.60696965356362,103.871824260635,67.3740579985927,2.32248034984414,0.693554699420929,0.4058481454849243,0.1643451750278473,0,2.1171697666645786,0,-4.3,0,132,0
TUR,Turkiye,2018,Europe & Central Asia,Upper middle income,16.3324638988929,3.46815306092219,62.8251323851165,52.4848065363097,1.57923380202967,0.23365864157676697,0.09621301293373108,0.1643451750278473,0,2.852581268976023,0,-3.1,0,111,0
UGA,Uganda,2018,Sub-Saharan Africa,Low income,2.61601190952274,6.30392378262997,36.6384055999567,19.4171293137567,3.20512810607337,0.6085302233695984,0.3350572884082794,1,0,1.285371736087211,1,-3,0,111,0
UKR,Ukraine,2018,Europe & Central Asia,Upper middle income,10.9518559353178,3.48836234022659,99.1998150718675,35.8855896368319,3.80086991777664,0.37240293622016907,0.2979290187358856,0,1,2.4808865747132143,0,-2.1,0,111,0
VUT,Vanuatu,2018,East Asia & Pacific,Lower middle income,2.33096379566866,2.90023027256446,110.679659822766,88.2749238580544,4.10870468514392,0.3656816780567169,0.4430702328681946,NA,0,1.2032616902448383,NA,5.5,0,111,0
VNM,Viet Nam,2018,East Asia & Pacific,Lower middle income,3.53962805942641,7.46500685572751,164.663936775893,124.986986384995,4.99828319622328,0.3495114743709564,1,0.4168718457221985,0,1.5128450834607277,1,-1,1,111,1
YEM,"Yemen, Rep.",2018,Middle East & North Africa,Low income,NA,0.752447592962554,56.0778227215077,NA,-1.30563839823089,NA,1,1,0,NA,1,-13.6,1,111,1
ZMB,Zambia,2018,Sub-Saharan Africa,Lower middle income,7.4945719272852,4.03449389667165,74.8883695274665,22.8934937900932,1.55231886738395,0.6217741370201111,0.1404910385608673,1,0,2.139427362716515,1,-8.3,0,111,0
ALB,Albania,2019,Europe & Central Asia,Upper middle income,1.41109078954242,2.06257790176122,75.382128932689,77.0228458919593,7.70621465029911,0.5079318881034851,0.40583398938179016,0.4168718457221985,0,0.8800792548742974,1,-1.8,NA,NA,NA
DZA,Algeria,2019,Middle East & North Africa,Upper middle income,1.95176821052891,0.899999999219148,46.5068426081672,71.5054716604823,0.713947308015691,0.5269811153411865,0.53778475522995,0.1643451750278473,0,1.082404384186885,1,-8.5,NA,NA,NA
AGO,Angola,2019,Sub-Saharan Africa,Lower middle income,17.080954143438,-0.204680245744115,60.7148243336685,29.5877017574321,-5.07649440156737,0.5,0.11583592742681505,0,1,2.894859126991806,0,-0.2,NA,NA,NA
ARM,Armenia,2019,Europe & Central Asia,Upper middle income,1.44344660770698,7.59999999853918,97.847004865327,47.1544016835076,0.736345856475298,0.1286599338054657,0.6416767835617065,0.8356548547744751,0,0.8934095867453186,0.6858606150560531,-1,NA,NA,NA
AZE,Azerbaijan,2019,Europe & Central Asia,Upper middle income,2.61057182799215,2.47980879185565,85.8181454084561,35.247430493515,3.12183056112494,0.3831512928009033,1,0.4641861915588379,0,1.2838661609065178,0.8735218558992969,9,NA,NA,NA
BGD,Bangladesh,2019,South Asia,Lower middle income,5.59199639930629,7.88191515117722,31.5780544912404,54.8702535060565,0.543244141585063,0.4145720601081848,1,0.1643451750278473,0,1.8858562463852817,0.3942342873818497,-5.4,NA,NA,NA
BLR,Belarus,2019,Europe & Central Asia,Upper middle income,5.59815595039853,1.44645548204305,130.850406102184,36.0045556596649,1.976861708457,0.4163147807121277,0.3941718935966492,0.1643451750278473,0,1.8867902085377533,0.3942342873818497,0.9,NA,NA,NA
BLZ,Belize,2019,Latin America & Caribbean,Upper middle income,0.187069385181424,4.25658710030072,102.441856907677,66.2980328276074,3.94384011758557,0.55234527587890625,1,0.1643451750278473,0,0.17148756815792193,0.22930405863986925,-2.9,NA,NA,NA
BEN,Benin,2019,Sub-Saharan Africa,Lower middle income,0.732849371241066,6.86568662848335,63.68133231423,27.8216327591835,1.51620780888962,NA,0.776948869228363,0.1643451750278473,0,0.5497670890338252,0,-0.5,NA,NA,NA
BTN,Bhutan,2019,South Asia,Lower middle income,2.72643037388832,5.75514851246506,76.1235167041505,70.1856322709485,0.475617042344246,0.624627411365509,1,0.1643451750278473,0,1.3154507711152357,NA,-1.5,NA,NA,NA
BOL,Bolivia,2019,Latin America & Caribbean,Lower middle income,1.83954504969025,1.50672102666863,45.8209732749024,72.5212477557551,-0.44160551411852,0.4437855780124664,1,0.4476322829723358,0,1.0436438455696833,0.5988605656814417,-6,NA,NA,NA
BWA,Botswana,2019,Sub-Saharan Africa,Upper middle income,2.7728644286332,3.0317733945467,83.0929813601175,47.1185707035898,0.559653498041763,0.1944888681173325,0.31713536381721497,1,0,1.327834508354945,1,-8.5,NA,NA,NA
BRA,Brazil,2019,Latin America & Caribbean,Upper middle income,3.73297621216893,1.22077782271943,28.8902578697354,96.0578504271936,3.69267330426814,0.3259502053260803,0.18111620843410492,0.1643451750278473,0,1.554554224959427,0.306152474953776,-4.9,NA,NA,NA
BFA,Burkina Faso,2019,Sub-Saharan Africa,Low income,-3.23338933983321,5.88920497068135,60.4086928753226,43.1817672363833,1.0164787373679,NA,0.776948869228363,0.1643451750278473,0,0.09531017980432492,0,-3.4,NA,NA,NA
BDI,Burundi,2019,Sub-Saharan Africa,Low income,-0.686772170797358,4.45934202358784,NA,35.5510470669746,1.05451097508345,NA,0.9708126783370972,0,0,0.09531017980432492,0,-6.4,NA,NA,NA
CPV,Cabo Verde,2019,Sub-Saharan Africa,Lower middle income,1.10750930553819,6.94782634051859,103.602656463726,89.7736167899788,5.45788755667341,0.4080578088760376,0.6956434845924377,0.8800635933876038,0,0.7455068263233614,1,-1.6,NA,NA,NA
KHM,Cambodia,2019,East Asia & Pacific,Lower middle income,1.94257500833107,7.93695013588524,115.736679072448,79.4957002219874,9.98500044202808,0.7579734921455383,0.7147975564002991,1,0,1.0792850511888463,1,2.2,NA,NA,NA
CMR,Cameroon,2019,Sub-Saharan Africa,Lower middle income,2.45280214062732,3.47505998194981,43.3785132480415,NA,2.58340602489154,NA,0.776948869228363,0.1643451750278473,0,1.2391861160500104,0,-3.6,NA,NA,NA
CAF,Central African Republic,2019,Sub-Saharan Africa,Low income,2.68537355266786,3.09999999999999,50.0658000014868,28.7013697066065,1.1525297989583,NA,0.776948869228363,0.1643451750278473,0,1.3043718916481952,0,1.3,NA,NA,NA
TCD,Chad,2019,Sub-Saharan Africa,Low income,-0.971939175419401,5.3828220290379,46.6777247152768,12.8212485831541,3.80153819394825,NA,0.776948869228363,0.1643451750278473,0,0.09531017980432492,0,-0.1,NA,NA,NA
CHN,China,2019,East Asia & Pacific,Upper middle income,2.89923416358226,6.06850235053705,35.1994202738836,194.078381206535,1.28549226847992,0.5,0.39298731088638306,0.1643451750278473,0,1.3607801655405782,1,-6,NA,NA,NA
COL,Colombia,2019,Latin America & Caribbean,Upper middle income,3.52301932741446,3.18685539245533,37.558533980839,36.86598903815,4.33058240931506,0.49866607785224915,0.2167140543460846,0.4168718457221985,0,1.5091797636270714,0.5953960076337919,-3.5,NA,NA,NA
COM,Comoros,2019,Sub-Saharan Africa,Lower middle income,3.58213544469211,1.76070164655727,42.2680785372908,28.1030746834602,0.362046315267837,0.02769029140472412,0.7769470810890198,0.1643451750278473,0,1.52216514376292,NA,-4.3,NA,NA,NA
COD,"Congo, Dem. Rep.",2019,Sub-Saharan Africa,Low income,NA,0.555384294580819,60.9143523742792,16.7186874641726,2.88391132652101,0.5867854356765747,0.8069551587104797,0.1643451750278473,0,NA,0,-3.4,NA,NA,NA
COG,"Congo, Rep.",2019,Sub-Saharan Africa,Lower middle income,2.20607305781525,1.12447391976529,91.5757547930374,22.0323782956445,-10.214754646531,NA,0.776948869228363,0.1643451750278473,0,1.1650468417677875,0,4.3,NA,NA,NA
CRI,Costa Rica,2019,Latin America & Caribbean,Upper middle income,2.09604635327807,2.41751181762513,65.7605300176622,44.9382934539858,4.22094016659811,0.1602199822664261,0.39154136180877686,1,0,1.1301259276044424,1,-6.6,NA,NA,NA
CIV,Cote d'Ivoire,2019,Sub-Saharan Africa,Lower middle income,0.79085551205366,6.72137167584978,44.6604105830795,30.4418281948488,1.40583048179048,NA,0.776948869228363,0.1643451750278473,0,0.5826934453706482,0,-2.2,NA,NA,NA
DJI,Djibouti,2019,Middle East & North Africa,Lower middle income,3.31763203299602,5.54508081154978,320.93923036418,69.3320390113449,5.66550441566635,NA,1,0.700158953666687,0,1.4627071114619086,0,-1,NA,NA,NA
DMA,Dominica,2019,Latin America & Caribbean,Upper middle income,1.50462353858141,3.94809757938053,NA,90.4997809715435,9.78484788732394,NA,1,0.4168718457221985,0,0.9181384392436192,0.4712955895532587,-8.7,NA,NA,NA
DOM,Dominican Republic,2019,Latin America & Caribbean,Upper middle income,1.81060377042959,4.8940301149584,50.912982200697,34.2246729187713,3.17366550445317,NA,0.6292592287063599,0.8200953602790833,0,1.0333993251870557,0.8724123345226593,-3.5,NA,NA,NA
ECU,Ecuador,2019,Latin America & Caribbean,Upper middle income,0.266012515466155,0.1654044646003,48.0828494933307,41.0318926476983,0.915058228783613,0.49017584323883057,1,0.700158953666687,0,0.23587220950736557,0.6343827061388625,-3.5,NA,NA,NA
EGY,"Egypt, Arab Rep.",2019,Middle East & North Africa,Lower middle income,9.15279959324803,5.55209307156956,41.1240171551108,73.4545303449416,2.82732944960686,NA,0.6031287312507629,0.4168718457221985,0,2.317749489450783,0.4168718457221985,-7.6,NA,NA,NA
SLV,El Salvador,2019,Latin America & Caribbean,Upper middle income,0.0753241350024612,2.43747159065784,76.0420130991468,59.0672598582873,2.59024369040438,0.4072108566761017,1,0.700158953666687,0,0.09531017980432492,0.700158953666687,-3.1,NA,NA,NA
GNQ,Equatorial Guinea,2019,Sub-Saharan Africa,Upper middle income,1.53027528964189,-5.48182537893445,94.8787924253545,12.4655114591842,7.22811929659373,NA,0.776948869228363,0.1643451750278473,0,0.92832810695517,0,1.8,NA,NA,NA
SWZ,Eswatini,2019,Sub-Saharan Africa,Lower middle income,2.59801620311077,6.43186888691574,86.6407948477595,27.5291637806366,2.7717218211659,0.04777337238192558,1,0.1643451750278473,0,1.280382638884174,0,-6.2,NA,NA,NA
ETH,Ethiopia,2019,Sub-Saharan Africa,Low income,15.8096321719344,8.36408573314054,28.8152939288346,NA,2.77536541541531,NA,0.4305627644062042,0.1643451750278473,1,2.8219520656781105,1,-2.5,NA,NA,NA
FJI,Fiji,2019,East Asia & Pacific,Upper middle income,1.79388647514555,-0.581946709343867,NA,75.0323713552766,6.02971795135456,0.34012356400489807,0.4573102295398712,0.1643451750278473,0,1.0274336283505667,0,-3.7,NA,NA,NA
GAB,Gabon,2019,Sub-Saharan Africa,Upper middle income,2.46456756151187,3.92080879452831,73.4280894486644,22.9275910548301,9.20409837955739,NA,0.776948869228363,0.1643451750278473,0,1.2425878229809886,0,2.1,NA,NA,NA
GMB,"Gambia, The",2019,Sub-Saharan Africa,Low income,7.11567625631192,6.22205315994859,55.9979116186993,44.4200035932423,3.9194379121789,NA,0.27341437339782715,1,0,2.0937975316056026,1,-2.7,NA,NA,NA
GEO,Georgia,2019,Europe & Central Asia,Upper middle income,4.85289821696723,5.38071926589951,117.810080239714,48.4927020069983,7.92523222582948,0.6816158294677734,0.34853118658065796,1,0,1.7669369602667502,1,-1.8,NA,NA,NA
GHA,Ghana,2019,Sub-Saharan Africa,Lower middle income,7.14364003330857,6.5077747939152,76.824802732152,26.3917474285807,5.67619931009197,0.447659432888031,0.36588290333747864,0,0,2.0972372585990597,0,-7.5,NA,NA,NA
GRD,Grenada,2019,Latin America & Caribbean,Upper middle income,0.598149764736022,0.676511738873756,NA,82.1403261496577,17.1914579677146,NA,1,0.1643451750278473,0,0.4688465630627792,0.3942342873818497,5,NA,NA,NA
GTM,Guatemala,2019,Latin America & Caribbean,Upper middle income,3.69998398008605,4.01789785040324,45.5167341512863,53.7007219082713,1.51707073546928,0.4063608646392822,0.6724258661270142,1,0,1.547559100217874,1,-2.2,NA,NA,NA
GIN,Guinea,2019,Sub-Saharan Africa,Lower middle income,9.47001039253012,5.61691446889876,78.4153132285974,23.713594411458,0.330286821832839,0.6115686893463135,0.7465327382087708,0,0,2.3485150174827285,0,-0.2,NA,NA,NA
GNB,Guinea-Bissau,2019,Sub-Saharan Africa,Low income,0.24660026814783,5.32749571119344,49.9435101361017,39.1292243634601,4.48925285290298,NA,0.3869078457355499,0.1643451750278473,0,0.2204200604959352,0.7326588197655602,-3.9,NA,NA,NA
HTI,Haiti,2019,Latin America & Caribbean,Lower middle income,18.7037825672506,-1.72309699839232,44.5687187758294,29.9432304218837,0.499464210439719,0.5303641557693481,0.2866778075695038,1,1,2.98081062580255,1,-2,NA,NA,NA
HND,Honduras,2019,Latin America & Caribbean,Lower middle income,4.36587159819267,2.55963434592314,99.4599779937589,63.3903949361544,3.83846408231678,0.5123531818389893,0.886847734451294,0.1643451750278473,0,1.680058822942008,0.23472552077950623,0.1,NA,NA,NA
IND,India,2019,South Asia,Lower middle income,3.72950573539129,3.87143694070356,39.9054035306442,76.98188096813,1.78482633957161,0.06339532136917114,0.3590102195739746,0.1643451750278473,0,1.5538207013548415,NA,-7.9,NA,NA,NA
IDN,Indonesia,2019,East Asia & Pacific,Upper middle income,3.03058460941661,5.01928768046282,37.6277775357108,38.760243844744,2.23336204282241,NA,0.42677152156829834,0.4168718457221985,0,1.3939114298091404,0,-2.1,NA,NA,NA
IRN,"Iran, Islamic Rep.",2019,Middle East & North Africa,Upper middle income,39.9073455697784,-2.36143538770575,48.5917712137038,NA,0.433347777066285,NA,1,0,0,3.7113096452060055,0,-4.3,NA,NA,NA
JAM,Jamaica,2019,Latin America & Caribbean,Upper middle income,3.90510000865872,1.80943147301357,NA,52.4991436033074,3.90817004443178,0.5,0.20264385640621185,0.4168718457221985,0,1.5902754819345923,0.30219016649938735,0.8,NA,NA,NA
JOR,Jordan,2019,Middle East & North Africa,Lower middle income,0.761514047265601,1.75124077866225,85.6878334964204,106.338991433445,1.63970565115643,0.0197585429996252,1,1,0,0.5661736933717302,1,-5.1,NA,NA,NA
KAZ,Kazakhstan,2019,Europe & Central Asia,Upper middle income,5.33356098916669,4.50000000091883,64.8586165517565,30.664842365347,2.05367649290766,0.6569607257843018,0.5351076722145081,0.2243133783340454,0,1.8458626355101997,1,-0.6,NA,NA,NA
KEN,Kenya,2019,Sub-Saharan Africa,Lower middle income,5.23963795764792,5.11415885767801,31.759461841481,38.0704837589513,0.468168547481475,0.5032100081443787,0.5146531462669373,0.700158953666687,0,1.8309221610904287,1,-7.4,NA,NA,NA
KGZ,Kyrgyz Republic,2019,Europe & Central Asia,Lower middle income,1.13362257718804,4.60062565707598,94.4302823542939,35.2072203874818,4.3096066288398,NA,0.8019628524780273,0.5358138084411621,0,0.7578212755638583,0.4704225086253584,-0.1,NA,NA,NA
LAO,Lao PDR,2019,East Asia & Pacific,Lower middle income,3.32255881256925,5.4577350924848,NA,NA,4.03149139231071,NA,0.8112898468971252,0.1643451750278473,0,1.463847544629478,0.3942342873818497,-3.2,NA,NA,NA
LSO,Lesotho,2019,Sub-Saharan Africa,Lower middle income,5.18708359197982,-1.41799383085205,140.51663349168,35.3056002303545,1.49464849213428,0.26104968786239624,1,0.1643451750278473,0,1.8224638273642912,0,-5.1,NA,NA,NA
LBR,Liberia,2019,Sub-Saharan Africa,Low income,26.9662760197878,-2.46729763532686,NA,19.5527400200518,2.61121194879185,NA,0.17586225271224976,0.7167128920555115,1,3.3309993564043157,0.5879490791974266,-4.9,NA,NA,NA
LBY,Libya,2019,Middle East & North Africa,Upper middle income,-2.16217883470595,-11.1960828853386,78.9939691850138,115.150714616884,NA,NA,0.5786634087562561,0.1643451750278473,0,0.09531017980432492,1,11.9,NA,NA,NA
MDG,Madagascar,2019,Sub-Saharan Africa,Low income,5.61051441492365,4.41123212909589,62.6013230457128,24.6311464688038,3.36279830994653,NA,0.45455288887023926,0.1643451750278473,0,1.8886614745758252,0,-1.4,NA,NA,NA
MWI,Malawi,2019,Sub-Saharan Africa,Low income,9.3708360560567,5.71682519194337,44.1954524635798,16.0258829511851,0.499715595789277,0.5289095640182495,0.3450668156147003,0.1643451750278473,0,2.3389976415621705,0.3942342873818497,-4.5,NA,NA,NA
MYS,Malaysia,2019,East Asia & Pacific,Upper middle income,0.662891865764326,4.41318742129586,123.028562027943,122.907052812222,2.50697705748044,0.1612667441368103,0.4462216794490814,0.4168718457221985,0,0.5085581745033555,0.30219016649938735,-2,NA,NA,NA
MDV,Maldives,2019,South Asia,Upper middle income,0.220029731065383,6.92305989050099,137.125230875185,41.1465021497222,16.7834728448357,0.5,0.7656528353691101,0.8356548547744751,0,0.19887522817395195,0.6057657841085201,-6.5,NA,NA,NA
MLI,Mali,2019,Sub-Saharan Africa,Low income,-1.65826694846365,4.99999911608818,53.9987132798636,23.5120808091334,4.19531107984596,NA,0.776948869228363,0.1643451750278473,0,0.09531017980432492,0,-1.4,NA,NA,NA
MRT,Mauritania,2019,Sub-Saharan Africa,Lower middle income,2.30009262117937,3.14100489306969,93.4866941351317,28.4143225430919,-11.1917343784634,NA,0.851971447467804,0.1643451750278473,0,1.1939505351026145,0.3942342873818497,2.6,NA,NA,NA
MUS,Mauritius,2019,Sub-Saharan Africa,Upper middle income,0.405655190309553,2.89128499346516,127.940899064133,115.871487529481,3.03223371830849,0.4312382638454437,0.3327731192111969,0.700158953666687,0,0.3405035217112319,0.6411903128264653,-8.2,NA,NA,NA
MEX,Mexico,2019,Latin America & Caribbean,Upper middle income,3.63596142127046,-0.392690505066824,77.4619722571128,36.7674887319716,2.29651449578107,0.0468892753124237,0.2801976799964905,0.700158953666687,0,1.5338436038877603,1,-2.3,NA,NA,NA
FSM,"Micronesia, Fed. Sts.",2019,East Asia & Pacific,Lower middle income,1.92385170787923,4.08163265306123,95.6852791878173,63.2078680203046,NA,NA,1,1,0,1.0729018251018785,1,19.3,NA,NA,NA
MDA,Moldova,2019,Europe & Central Asia,Upper middle income,4.83778351428728,3.5523140853476,87.6322371148906,43.6111445253192,4.44218297010915,NA,0.40491190552711487,0.1643451750278473,0,1.7643511895736326,0,-1.5,NA,NA,NA
MNG,Mongolia,2019,East Asia & Pacific,Upper middle income,7.30106953550729,5.60224422064255,124.396514621165,55.0583206047196,17.1989395200126,NA,0.6934448480606079,0.8356548547744751,0,2.1163843662005277,1,1,NA,NA,NA
MAR,Morocco,2019,Middle East & North Africa,Lower middle income,0.303386036590383,2.89097476137077,75.9981158798422,110.540285582407,1.33479789567415,0.20537298917770383,0.5477281808853149,0.1643451750278473,0,0.2649655217932236,0.3942342873818497,-3.8,NA,NA,NA
MOZ,Mozambique,2019,Sub-Saharan Africa,Low income,2.80270307928111,2.31781394821475,105.591171401921,48.7961164212245,21.7841914901932,0.37577173113822937,0.3313845992088318,0.1643451750278473,0,1.3357121505052616,1,1.7,NA,NA,NA
MMR,Myanmar,2019,East Asia & Pacific,Lower middle income,8.82506696804558,6.57911006765414,NA,56.1076061197146,2.31211211146102,0.3507201373577118,0.4516858756542206,0,0,2.2849369738181595,0,-4.7,NA,NA,NA
NAM,Namibia,2019,Sub-Saharan Africa,Upper middle income,3.72239414422695,-0.83915216341935694,82.9011507426355,63.6476591460782,-1.40710628631611,0.2345851957798004,0.4759967923164368,0.1643451750278473,0,1.5523159049441984,1,-5.5,NA,NA,NA
NPL,Nepal,2019,South Asia,Lower middle income,5.56616035243723,6.65705543110467,49.2495265874454,97.1698777767366,0.542801979747667,0.5040199756622314,0.3800007700920105,0.1643451750278473,0,1.881929240413429,0,-4.3,NA,NA,NA
NIC,Nicaragua,2019,Latin America & Caribbean,Lower middle income,5.37628990844126,-2.89686986728901,94.0422159246213,35.7612077764532,3.96093444094211,0.3654600381851196,0.9406335353851318,1,0,1.8525864091558215,1,-1.1,NA,NA,NA
NER,Niger,2019,Sub-Saharan Africa,Low income,-2.48979265070855,5.93985257123522,37.1025664250801,17.157756560352,5.56378872795104,NA,0.776948869228363,0.1643451750278473,0,0.09531017980432492,0,-3.6,NA,NA,NA
NGA,Nigeria,2019,Sub-Saharan Africa,Lower middle income,11.3964223378116,2.20842927714892,NA,16.9929333936617,0.344961215904222,0.40264657139778137,1,0.299841046333313,1,2.5174079098365323,1,-3.3,NA,NA,NA
PAK,Pakistan,2019,South Asia,Lower middle income,10.5780305672025,2.49763692943365,28.9055769867032,51.1835848516191,0.696146480411465,0.3067266345024109,0.23633790016174316,0.1643451750278473,0,2.4491093857640984,1,-7.8,NA,NA,NA
PNG,Papua New Guinea,2019,East Asia & Pacific,Lower middle income,3.92867290939597,4.48051456942582,NA,26.6114158137646,1.35581279394242,0.5,0.8982627987861633,0.299841046333313,0,1.595069765082249,0.23236037779406296,-5,NA,NA,NA
PRY,Paraguay,2019,Latin America & Caribbean,Upper middle income,2.75709727562775,-0.401855100701937,71.2221617342433,46.0634404518076,1.28022785728015,NA,0.3549165427684784,0.4476322829723358,0,1.323646658092617,0.5988605656814417,-2.4,NA,NA,NA
PER,Peru,2019,Latin America & Caribbean,Upper middle income,2.25212191358027,2.24063176875049,46.9435053754409,49.0594819675143,2.09128983397663,0.2940732538700104,0.3797692656517029,1,0,1.1793076797836977,1,-1.4,NA,NA,NA
PHL,Philippines,2019,East Asia & Pacific,Lower middle income,2.39206534422404,6.11852566221303,68.8418422595678,76.597175965451,2.30117498598294,0.05010436847805977,0.4381280243396759,0.4476322829723358,0,1.221438981961097,0.5287044104467413,-1.5,NA,NA,NA
RWA,Rwanda,2019,Sub-Saharan Africa,Low income,3.34787655037648,9.44738518613097,57.9756628637954,21.3544486905459,2.54289979218123,0.39880993962287903,0.9493944048881532,0.7474732995033264,0,1.469687576578176,1,-5,NA,NA,NA
WSM,Samoa,2019,East Asia & Pacific,Lower middle income,0.982326569888117,4.45185891688691,83.3310820410377,52.0007875858002,-0.238656491573744,0.5089614391326904,0.4286481738090515,0.1643451750278473,0,0.6842711901898154,0.3942342873818497,1.5,NA,NA,NA
STP,Sao Tome and Principe,2019,Sub-Saharan Africa,Lower middle income,7.72024525213248,2.01431672129407,NA,33.4061132286314,5.85791781434652,0.5,0.4077039957046509,0.5831281542778015,0,2.1656473627699313,0.5831281542778015,-0.1,NA,NA,NA
SEN,Senegal,2019,Sub-Saharan Africa,Lower middle income,1.76011151192939,4.61362809749708,64.2362506061005,41.5089482482083,4.55247618583033,NA,0.776948869228363,0.1643451750278473,0,1.015271081785852,0,-13.9,NA,NA,NA
SLB,Solomon Islands,2019,East Asia & Pacific,Lower middle income,1.63485544012247,1.74925244485951,82.9985659020552,38.4030675030722,2.02495638459342,0.3174933195114136,0.6981687545776367,0.1643451750278473,0,0.9688283190547844,0,-1.5,NA,NA,NA
ZAF,South Africa,2019,Sub-Saharan Africa,Upper middle income,4.10285075461156,0.25993557687633,53.8979964081406,66.90916485575,1.31407752293306,0.2846892178058624,0.18975628912448883,0.1643451750278473,0,1.6297993550563703,0.3942342873818497,-5.1,NA,NA,NA
LKA,Sri Lanka,2019,South Asia,Lower middle income,3.52839358231811,-0.220483886831275,49.42552388546,59.4620662097669,0.835367459152173,0.0822472870349884,0.38467976450920105,0.1643451750278473,0,1.5103672590134352,0,-7.5,NA,NA,NA
LCA,St. Lucia,2019,Latin America & Caribbean,Upper middle income,0.539087559191757,-0.700322396299441,NA,63.211975755776,3.60370334233035,NA,1,0.4476322829723358,0,0.43118974680026023,1,-2.9,NA,NA,NA
VCT,St. Vincent and the Grenadines,2019,Latin America & Caribbean,Upper middle income,0.91306972532459,0.668428481084234,NA,71.545919537892,7.5606563885612,NA,1,0.1643451750278473,0,0.6487091379510279,0,-3.4,NA,NA,NA
SUR,Suriname,2019,Latin America & Caribbean,Upper middle income,NA,1.16758977233877,NA,63.9377591426993,2.09560541663346,0.20218709111213684,1,0.1643451750278473,0,NA,1,-20.2,NA,NA,NA
TJK,Tajikistan,2019,Europe & Central Asia,Lower middle income,NA,7.40000016310556,56.0450159145896,28.005051862993,2.5637213527723,NA,0.5784462094306946,0.11993642896413804,0,NA,0.2679351635850407,-2,NA,NA,NA
TZA,Tanzania,2019,Sub-Saharan Africa,Lower middle income,3.46428057999021,5.79999999996723,33.0185892502311,20.2755446721769,1.99459353959393,0.07989514619112015,1,0.1643451750278473,0,1.496108077044243,0.5801363815350187,-2.1,NA,NA,NA
THA,Thailand,2019,East Asia & Pacific,Upper middle income,0.706728601314311,2.11455779628278,109.689514715166,123.398633941482,1.01734877580041,0.10552873462438583,0.4007574915885926,0.4168718457221985,0,0.5345784395574508,1,0.4,NA,NA,NA
TGO,Togo,2019,Sub-Saharan Africa,Low income,0.674652770077525,4.92283321360694,56.3421740349757,44.0377716239459,4.9437244573784,NA,0.776948869228363,0.1643451750278473,0,0.5156058423408612,NA,1.7,NA,NA,NA
TON,Tonga,2019,East Asia & Pacific,Upper middle income,1.17954334821808,-0.285208794735084,88.0453900968952,52.3827589735406,-1.20711457204864,0.28155210614204407,0.4241738915443421,0.1643451750278473,0,0.779115381563944,0,3.2,NA,NA,NA
TUN,Tunisia,2019,Middle East & North Africa,Lower middle income,6.72007532863799,1.55009304966742,102.332614725789,68.6809915970897,1.94487649950903,NA,0.5036343336105347,0.1643451750278473,0,2.043824121584674,0,-3.6,NA,NA,NA
TUR,Turkiye,2019,Europe & Central Asia,Upper middle income,15.1768215720022,1.30162365464503,62.5784589326239,57.648063536615,1.22536076199392,0.17207221686840057,0.2393196672201157,0.1643451750278473,1,2.783579450553293,0,-4.7,NA,NA,NA
UGA,Uganda,2019,Sub-Saharan Africa,Low income,2.867588034469,6.43874503276439,39.3610539647435,20.5230556458778,3.68569218154174,0.4157896935939789,0.5524850487709045,1,0,1.3526310658353666,1,-4.8,NA,NA,NA
UKR,Ukraine,2019,Europe & Central Asia,Upper middle income,7.88671745611133,3.19950386354134,90.5112342910763,36.1639245488527,3.76649676088543,0.08718687295913696,0.2795737087726593,0,0,2.184557741307456,0,-2.1,NA,NA,NA
VUT,Vanuatu,2019,East Asia & Pacific,Lower middle income,2.76252019386111,3.24118765540442,99.3829688227082,88.5085611707771,5.64318738616692,0.2059151977300644,0.4733505845069885,NA,0,1.3250889971997566,NA,2.5,NA,NA,NA
VNM,Viet Nam,2019,East Asia & Pacific,Lower middle income,2.7958236745225,7.35926270105006,164.704215031408,129.147672762315,4.821074861051,0.19955465197563171,1,0.4168718457221985,0,1.3339014293322926,1,-0.4,NA,NA,NA
YEM,"Yemen, Rep.",2019,Middle East & North Africa,Low income,NA,NA,NA,NA,NA,NA,1,1,0,NA,1,-9.1,NA,NA,NA
ZMB,Zambia,2019,Sub-Saharan Africa,Lower middle income,9.15031644316296,1.44130602603785,68.791204936096,23.5980964890188,2.3509190433173,0.38475096225738525,0.22461256384849548,1,0,2.317504881668116,1,-9.4,NA,NA,NA
ALB,Albania,2020,Europe & Central Asia,Upper middle income,1.6208866171702,-3.31375636888916,59.5206994391875,87.9833118311654,7.01865154497786,0.42015713453292847,0.2442747950553894,NA,0,0.9635126640275316,NA,-6.7,NA,NA,NA
DZA,Algeria,2020,Middle East & North Africa,Upper middle income,2.41513094083413,-4.99999999908597,40.3897565625388,84.871788930535,0.693816014772836,0.5977100133895874,0.33354082703590393,NA,0,1.2282158351380892,NA,-10.5,NA,NA,NA
AGO,Angola,2020,Sub-Saharan Africa,Lower middle income,22.2715392470509,-4.04244724639663,54.3442286847189,33.0224968288013,-3.17143620765821,0.5,0.23595936596393585,NA,1,3.147231122399918,NA,-3,NA,NA,NA
ARM,Armenia,2020,Europe & Central Asia,Upper middle income,1.21143577838464,-7.19999999920631,70.1213571368789,54.3851665436419,0.463408850763634,0.10722769796848296,0.28822752833366394,NA,0,0.7936419780604199,NA,-5.4,NA,NA,NA
AZE,Azerbaijan,2020,Europe & Central Asia,Upper middle income,2.75980947008127,-4.19896065333343,72.0178676487811,40.212967234331,1.18790387182911,0.0920887142419815,1,NA,0,1.3243682832671648,NA,-6.4,NA,NA,NA
BGD,Bangladesh,2020,South Asia,Lower middle income,5.69107474746211,3.44801755122445,26.271447376215,57.7630649896826,0.407859894856915,0.3718581199645996,1,NA,0,1.900774511082192,NA,-4.8,NA,NA,NA
BLR,Belarus,2020,Europe & Central Asia,Upper middle income,5.5481435745651,-0.672742918585868,118.934176146534,33.9302611928336,2.27010267778425,0.5622397065162659,0.15077488124370575,NA,0,1.8791815857445453,NA,-2.9,NA,NA,NA
BLZ,Belize,2020,Latin America & Caribbean,Upper middle income,0.121434644614893,-13.5228997055506,81.6431433128545,86.3046097948473,3.72214070775569,0.7961350083351135,1,NA,0,0.11460879830449898,NA,-8.6,NA,NA,NA
BEN,Benin,2020,Sub-Saharan Africa,Lower middle income,3.02272119663759,3.84879240030133,44.8332333768726,30.5466451421651,1.10934414138144,NA,0.7020052671432495,NA,0,1.3919585882140542,NA,-4.7,NA,NA,NA
BTN,Bhutan,2020,South Asia,Lower middle income,5.62936522632507,-10.2183974208569,71.8303510394637,95.0386160900432,-0.113401528947433,0.6869411468505859,1,NA,0,1.8915090569784163,NA,-1.8,NA,NA,NA
BOL,Bolivia,2020,Latin America & Caribbean,Lower middle income,0.940742153381849,-12.7194690092717,37.5164342446486,91.8796298152777,-2.66931283946252,0.5218724608421326,1,NA,0,0.6630704532099965,NA,-11,NA,NA,NA
BWA,Botswana,2020,Sub-Saharan Africa,Upper middle income,1.8903591682421,-8.72888243996397,77.6634178592071,52.3734519585463,0.212513875084985,0.04173330962657928,0.2647457420825958,NA,0,1.0613807740708092,NA,-10.9,NA,NA,NA
BRA,Brazil,2020,Latin America & Caribbean,Upper middle income,3.21176803803376,-3.27675879612903,32.3020785443492,109.154217103739,2.59263784624068,0.054019495844841,0.14696528017520905,NA,0,1.437882521063338,NA,-11.6,NA,NA,NA
BFA,Burkina Faso,2020,Sub-Saharan Africa,Low income,1.88470066518847,2.01077262406221,60.7397786403239,46.8446169956733,-0.557279533533573,NA,0.7020052671432495,NA,0,1.059421139009827,NA,-5.2,NA,NA,NA
BDI,Burundi,2020,Sub-Saharan Africa,Low income,7.3211064341552,0.306443809481593,NA,37.9686462481577,0.656677740998658,NA,0.9749578833580016,NA,0,2.118795230865836,NA,-6.6,NA,NA,NA
CPV,Cabo Verde,2020,Sub-Saharan Africa,Lower middle income,0.6057961856899,-20.8052758990735,78.3934545931901,117.207977472991,3.71218491455203,0.3620867133140564,0.5787339806556702,NA,0,0.473619699432396,NA,-9.3,NA,NA,NA
KHM,Cambodia,2020,East Asia & Pacific,Lower middle income,2.9402951426397,-3.55572193406549,122.105396346568,95.8171140933626,10.410239809326,0.8750014305114746,0.7396411895751953,NA,0,1.3712556298036973,NA,-2.6,NA,NA,NA
CMR,Cameroon,2020,Sub-Saharan Africa,Lower middle income,2.43760882182236,0.259932915907115,33.7388313623871,NA,1.65595614712353,NA,0.7020052671432495,NA,0,1.234776119749023,NA,-3.5,NA,NA,NA
CAF,Central African Republic,2020,Sub-Saharan Africa,Low income,1.71015659523152,0.899999996857062,49.5210200011921,31.0917934655786,0.0746698927110639,NA,0.7020052671432495,NA,0,0.9970064174404388,NA,-3.2,NA,NA,NA
TCD,Chad,2020,Sub-Saharan Africa,Low income,4.46414437232861,-0.393646583111035,40.6428170621932,15.3120934124957,3.73465690769548,NA,0.7020052671432495,NA,0,1.698207544380734,NA,1.2,NA,NA,NA
CHN,China,2020,East Asia & Pacific,Upper middle income,2.41942189457782,2.34018843078414,34.0389507864581,207.530288794204,1.68770756292082,0.5,0.4667636752128601,NA,0,1.2294715001130532,NA,-9.6,NA,NA,NA
COL,Colombia,2020,Latin America & Caribbean,Upper middle income,2.52663500084706,-7.18591413760859,34.0555709680101,46.9413813299507,2.7588942895314,0.3004836142063141,0.14872409403324127,NA,0,1.2603441587558704,NA,-7.1,NA,NA,NA
COM,Comoros,2020,Sub-Saharan Africa,Lower middle income,0.786641929499151,-0.195577456821965,33.7299346029218,31.5521395452455,0.318014572633564,0.02432361245155334,0.7020044922828674,NA,0,0.5803378408891724,NA,-0.5,NA,NA,NA
COD,"Congo, Dem. Rep.",2020,Sub-Saharan Africa,Low income,NA,0.775427992354622,61.0284707727916,21.7477739808735,3.20844071096691,NA,0.347591370344162,NA,0,NA,NA,-3.5,NA,NA,NA
COG,"Congo, Rep.",2020,Sub-Saharan Africa,Lower middle income,1.79537147083107,-6.26777227963225,69.3066247188397,31.1889506418211,-17.2921171034228,NA,0.7020052671432495,NA,0,1.027965003261088,NA,-1.1,NA,NA,NA
CRI,Costa Rica,2020,Latin America & Caribbean,Upper middle income,0.724911478131375,-4.27335432161462,60.1398862509533,54.8657926972592,3.37043523313038,0.16407889127731323,0.41784682869911194,NA,0,0.5451757321412697,NA,-8.3,NA,NA,NA
CIV,Cote d'Ivoire,2020,Sub-Saharan Africa,Lower middle income,2.41252617189052,0.699728593494228,41.9426318190526,35.9517770758951,1.13111245703154,NA,0.7020052671432495,NA,0,1.2274528299001355,NA,-5.4,NA,NA,NA
DJI,Djibouti,2020,Middle East & North Africa,Lower middle income,1.77900535643955,1.2021151728969,225.744871323723,81.3127120774606,5.03254315668511,NA,1,NA,0,1.0220930782286604,NA,-2.6,NA,NA,NA
DMA,Dominica,2020,Latin America & Caribbean,Upper middle income,1.22026442242476,-15.7064024545862,NA,97.2665216118755,4.31749235024332,NA,1,NA,0,0.797626297991593,NA,-7.5,NA,NA,NA
DOM,Dominican Republic,2020,Latin America & Caribbean,Upper middle income,3.78103179915516,-7.92905234231061,44.7331613466756,42.9163536621918,3.13265976088131,NA,0.4305676221847534,NA,0,1.5646563807733138,NA,-7.9,NA,NA,NA
ECU,Ecuador,2020,Latin America & Caribbean,Upper middle income,-0.338872392562139,-9.24509619165865,43.9893109378389,50.6387503454972,1.16754746598289,0.6673633456230164,1,NA,0,0.09531017980432492,NA,-7.4,NA,NA,NA
EGY,"Egypt, Arab Rep.",2020,Middle East & North Africa,Lower middle income,5.04493288977538,3.55016483786838,32.1262555667523,79.9747249270848,1.52462948997172,NA,0.5140613317489624,NA,0,1.7992203822310002,NA,-7.5,NA,NA,NA
SLV,El Salvador,2020,Latin America & Caribbean,Upper middle income,-0.371590212324095,-7.893101359867,66.4595069497083,69.3654716759111,1.55101998611342,0.28124141693115234,1,NA,0,0.09531017980432492,NA,-8.1,NA,NA,NA
GNQ,Equatorial Guinea,2020,Sub-Saharan Africa,Upper middle income,4.76669523944228,-4.79108083383294,77.9278846441807,13.8373256564558,-0.0916985922610923,NA,0.7020052671432495,NA,0,1.752099167639929,NA,-1.8,NA,NA,NA
SWZ,Eswatini,2020,Sub-Saharan Africa,Lower middle income,NA,-2.9518345340928702,84.0140188426878,31.1395515324834,0.938105324268348,0.02880327403545379,1,NA,0,NA,NA,-4.2,NA,NA,NA
ETH,Ethiopia,2020,Sub-Saharan Africa,Low income,20.3563468559061,6.05953089054807,24.0061143401794,NA,2.42792592797614,NA,0.5792819261550903,NA,1,3.06134897211993,NA,-2.8,NA,NA,NA
FJI,Fiji,2020,East Asia & Pacific,Upper middle income,-1.70014167847317,-17.1835352599354,NA,95.4235967455232,5.66217121930221,0.2601853609085083,0.3372367322444916,NA,0,0.09531017980432492,NA,-8.3,NA,NA,NA
GAB,Gabon,2020,Sub-Saharan Africa,Upper middle income,1.35276110675333,-1.83776106357656,70.1140546466012,NA,11.1881442291265,NA,0.7020052671432495,NA,0,0.8555895774993438,NA,-2.2,NA,NA,NA
GMB,"Gambia, The",2020,Sub-Saharan Africa,Low income,5.93127636562441,0.591487287873974,47.3955201736291,52.9393661119146,10.4612755737217,NA,0.2550073564052582,NA,0,1.9360439759865873,NA,-2.4,NA,NA,NA
GEO,Georgia,2020,Europe & Central Asia,Upper middle income,5.2024648897534,-6.2904717853839,92.8910841752194,61.0166703488722,3.47997036066188,0.5636425018310547,0.15148060023784635,NA,0,1.8249467759073217,NA,-9.2,NA,NA,NA
GHA,Ghana,2020,Sub-Saharan Africa,Lower middle income,9.88728956269944,0.513941670628171,66.5754987162431,30.8173156252875,2.67937438514205,0.19633175432682037,0.38676077127456665,NA,0,2.387596013651936,NA,-17.4,NA,NA,NA
GRD,Grenada,2020,Latin America & Caribbean,Upper middle income,-0.740732597045498,-13.7566222572107,NA,94.3763313760777,13.5399655332758,NA,1,NA,0,0.09531017980432492,NA,-4.5,NA,NA,NA
GTM,Guatemala,2020,Latin America & Caribbean,Upper middle income,3.21444062197345,-1.78555175063326,41.1407594507716,62.7524305318698,1.29230382378627,0.11679266393184662,0.7643879652023315,NA,0,1.438516871371323,NA,-4.9,NA,NA,NA
GIN,Guinea,2020,Sub-Saharan Africa,Lower middle income,10.6016203387167,4.70459096113575,115.765259518929,26.6768170490297,1.25171292113785,0.7404733300209045,NA,NA,0,2.451144772729495,NA,-3.1,NA,NA,NA
GNB,Guinea-Bissau,2020,Sub-Saharan Africa,Low income,1.14000939393222,2.89139814952995,42.8853856881523,40.6793996659482,1.23102714227173,NA,0.31750866770744324,NA,0,0.7608102187120789,NA,-9.6,NA,NA,NA
HTI,Haiti,2020,Latin America & Caribbean,Lower middle income,22.7963113642528,-3.30550546965893,37.4138801252638,27.1935440352802,0.17231607778598,0.6290644407272339,0.05007750168442726,NA,1,3.1695305839707997,NA,-2,NA,NA,NA
HND,Honduras,2020,Latin America & Caribbean,Lower middle income,3.46841177951184,-8.96508223267296,88.0008563836292,80.0834579703572,1.0106822391556,0.5673292279243469,0.7616150379180908,NA,0,1.497033038892229,NA,-4.6,NA,NA,NA
IND,India,2020,South Asia,Lower middle income,6.62343677628535,-5.77772470686801,37.7581053292768,87.6766726830318,2.40620322673636,0.07052575051784515,0.40052369236946106,NA,0,2.031227288529265,NA,-13.2,NA,NA,NA
IDN,Indonesia,2020,East Asia & Pacific,Upper middle income,1.91983527270793,-2.06551182934165,32.9721754002427,44.7178744674807,1.81058402027127,NA,0.15629515051841736,NA,0,1.071527201232703,NA,-6.1,NA,NA,NA
IRN,"Iran, Islamic Rep.",2020,Middle East & North Africa,Upper middle income,30.5941390387295,4.44180865358672,43.8844674905013,NA,0.47769170946132,NA,1,NA,1,3.4529716299326103,NA,-4.9,NA,NA,NA
JAM,Jamaica,2020,Latin America & Caribbean,Upper middle income,5.2267777929352,-8.30441923583135,NA,66.0936092956467,1.76731178461616,NA,0.20532441139221191,NA,0,1.828858990804469,NA,-2.9,NA,NA,NA
JOR,Jordan,2020,Middle East & North Africa,Lower middle income,0.333294350628378,-1.10275188309046,66.0599488089059,114.502915625995,1.73975978294192,0.02037253975868225,1,NA,0,0.2876528349956541,NA,-7.6,NA,NA,NA
KAZ,Kazakhstan,2020,Europe & Central Asia,Upper middle income,6.71815454861458,-2.49999999628,57.0264423660931,35.2698169004441,4.21199990309163,0.5764724612236023,0.15688125789165497,NA,0,2.043575287353212,NA,-7,NA,NA,NA
KEN,Kenya,2020,Sub-Saharan Africa,Lower middle income,5.40516207933392,-0.272766327438816,30.3991387830411,41.2025809064046,-0.00536845439351621,0.2667137682437897,0.4327581226825714,NA,0,1.8571042401548232,NA,-8.1,NA,NA,NA
KGZ,Kyrgyz Republic,2020,Europe & Central Asia,Lower middle income,6.32542296338078,-7.14897757727955,78.9922784304738,44.5917217195836,-4.85484703138399,NA,0.16462638974189758,NA,0,1.9913508956771624,NA,-3.1,NA,NA,NA
LAO,Lao PDR,2020,East Asia & Pacific,Lower middle income,5.10407262959919,0.503031829018681,NA,NA,5.09807193491087,NA,0.755922257900238,NA,0,1.8089561926006184,NA,-5.4,NA,NA,NA
LSO,Lesotho,2020,Sub-Saharan Africa,Lower middle income,4.97809676252309,-8.15595785459911,141.096605062998,42.25452205414,1.36347415769606,0.04366494715213775,1,NA,0,1.7881022501681991,NA,1.4,NA,NA,NA
LBR,Liberia,2020,Sub-Saharan Africa,Low income,16.9557241496255,-2.98249127649473,NA,20.9271669358774,-2.96003538007919,NA,0.160690575838089,NA,1,2.8879089582279165,NA,-4,NA,NA,NA
LBY,Libya,2020,Middle East & North Africa,Upper middle income,1.44703656998741,-29.4552967282824,50.9757934373319,197.393967870597,NA,NA,0.588342010974884,NA,0,0.8948777291741213,NA,-22.3,NA,NA,NA
MDG,Madagascar,2020,Sub-Saharan Africa,Low income,4.20179312190557,-7.13767162064489,49.0107073664371,28.2375228184675,2.74657132352467,NA,0.38120606541633606,NA,0,1.6490033972824765,NA,-4,NA,NA,NA
MWI,Malawi,2020,Sub-Saharan Africa,Low income,8.62551469650552,0.793596429787286,41.0323429397328,17.4728148502422,2.14268264715469,0.3843097686767578,0.6988980174064636,NA,0,2.2644173537057255,NA,-8,NA,NA,NA
MYS,Malaysia,2020,East Asia & Pacific,Upper middle income,-1.1387021539305,-5.45684658426701,116.788182437638,137.093713910382,1.20275464255821,0.14175143837928772,0.3897452056407929,NA,0,0.09531017980432492,NA,-4.9,NA,NA,NA
MDV,Maldives,2020,South Asia,Upper middle income,-1.36977425569811,-32.9088287752921,114.361902904327,72.4722361354647,11.8706880719155,0.5,0.8000346422195435,NA,0,0.09531017980432492,NA,-23.7,NA,NA,NA
MLI,Mali,2020,Sub-Saharan Africa,Low income,0.438088940320669,-1.16910834828603,56.0415474422019,26.5812701285786,2.5936673302322,NA,0.7020052671432495,NA,0,0.363315107400595,NA,-4.6,NA,NA,NA
MRT,Mauritania,2020,Sub-Saharan Africa,Lower middle income,2.3856948845632,-0.360657384151068,86.7761681322741,NA,11.2328299227716,NA,0.6067512631416321,NA,0,1.219559168771565,NA,2.8,NA,NA,NA
MUS,Mauritius,2020,Sub-Saharan Africa,Upper middle income,2.5808007718283,-14.5465381490166,121.12522550435,154.604842928887,1.94246862517576,0.4812679886817932,0.290594220161438,NA,0,1.275586454681776,NA,-10.5,NA,NA,NA
MEX,Mexico,2020,Latin America & Caribbean,Upper middle income,3.39683415570006,-8.35403458167995,76.8545557056016,43.501381231797,2.81400875194225,0.05691677331924438,0.11880913376808168,NA,0,1.480884771884449,NA,-4.3,NA,NA,NA
FSM,"Micronesia, Fed. Sts.",2020,East Asia & Pacific,Lower middle income,0.554594630853174,-1.67294117647059,85.0087703843389,77.2209479845547,NA,NA,1,NA,0,0.4412148240920616,NA,6.2,NA,NA,NA
MDA,Moldova,2020,Europe & Central Asia,Upper middle income,3.76597122245351,-8.27597831976949,79.265722119158,53.8872346808522,1.35047634241375,NA,0.3632504940032959,NA,0,1.5615013405663174,NA,-5.3,NA,NA,NA
MNG,Mongolia,2020,East Asia & Pacific,Upper middle income,3.7237230614026,-4.55775197583431,112.838647629317,65.3634360877361,12.9130799939653,NA,0.7678444981575012,NA,0,1.5525972728661686,NA,-9.2,NA,NA,NA
MAR,Morocco,2020,Middle East & North Africa,Lower middle income,0.705968661338261,-7.17820744246774,68.8438033904364,128.863147204193,1.16907334587558,0.20447808504104617,0.3165603578090668,NA,0,0.5341330792279967,NA,-7.1,NA,NA,NA
MOZ,Mozambique,2020,Sub-Saharan Africa,Low income,3.48393567493204,-1.21952250011192,99.906146051979,59.025269247681,22.3944370320025,0.08206801116466522,0.5405399799346924,NA,0,1.5005011596413695,NA,-6.2,NA,NA,NA
MMR,Myanmar,2020,East Asia & Pacific,Lower middle income,NA,-9.04834717984643,NA,69.2046429443978,2.41393222802876,0.2760802209377289,0.3898111581802368,NA,0,NA,NA,-6.5,NA,NA,NA
NAM,Namibia,2020,Sub-Saharan Africa,Upper middle income,2.20938236933469,-8.10140201443319,76.9252424036465,71.5392604705897,-1.41889955275348,0.03817890584468841,0.5477949976921082,NA,0,1.1660785103221214,NA,-8.1,NA,NA,NA
NPL,Nepal,2020,South Asia,Lower middle income,5.05635826238499,-2.3696206292072,40.9188741243442,117.749455480118,0.378739091402959,0.2769394516944885,0.4141726791858673,NA,0,1.8011086726391634,NA,-7.5,NA,NA,NA
NIC,Nicaragua,2020,Latin America & Caribbean,Lower middle income,3.68181341625572,-2.23654176262323,88.6381231228968,39.7946325624431,5.86574902695673,0.38075003027915955,0.9773627519607544,NA,0,1.543685516983674,NA,-2.6,NA,NA,NA
NER,Niger,2020,Sub-Saharan Africa,Low income,2.8981937602627,3.55064109436891,35.5129906570841,19.1657515289364,2.62395545283651,NA,0.7020052671432495,NA,0,1.3605133074597098,NA,-4.8,NA,NA,NA
NGA,Nigeria,2020,Sub-Saharan Africa,Lower middle income,13.2460234276597,-6.36889840510109,NA,18.2108129282771,0.398484830422215,0.16179159283638,0.172459214925766,NA,1,2.656477810062721,NA,-4,NA,NA,NA
PAK,Pakistan,2020,South Asia,Lower middle income,9.74011619320125,-1.27408744338709,26.7162807328814,54.5263893717141,0.684695289874347,0.44264957308769226,0.250056654214859,NA,0,2.3739859077560186,NA,-7,NA,NA,NA
PNG,Papua New Guinea,2020,East Asia & Pacific,Lower middle income,4.87167398565555,-3.16743204434815,NA,NA,0.473794497066331,0.5,0.848530113697052,NA,0,1.770139769616886,NA,-8.9,NA,NA,NA
PRY,Paraguay,2020,Latin America & Caribbean,Upper middle income,1.76751592356698,-0.819785390945569,62.7602174748575,54.1778133101289,0.816723740272366,NA,0.4514050781726837,NA,0,1.017950139357175,NA,-5.7,NA,NA,NA
PER,Peru,2020,Latin America & Caribbean,Upper middle income,2.00241205759292,-10.9333065010382,44.245967197744,73.4386346756037,0.329387076302566,0.01711957156658172,0.3756989538669586,NA,0,1.099415984815462,NA,-8.2,NA,NA,NA
PHL,Philippines,2020,East Asia & Pacific,Lower middle income,2.3931623931624,-9.51829474045297,58.1695603022281,90.490531684255,1.88586363211171,0.06368489563465118,0.5926313400268555,NA,0,1.2217623458894364,NA,-5.5,NA,NA,NA
RWA,Rwanda,2020,Sub-Saharan Africa,Low income,9.85039902274207,-3.37368746369782,55.1879515519855,25.1477472790838,1.49998346928248,0.3194734752178192,0.8197531700134277,NA,0,2.3842018555998292,NA,-9.3,NA,NA,NA
WSM,Samoa,2020,East Asia & Pacific,Lower middle income,-1.56891247740895,-3.10864485863991,77.4848006217247,55.8809453988667,0.509397965194954,NA,0.30021658539772034,NA,0,0.09531017980432492,NA,5.4,NA,NA,NA
STP,Sao Tome and Principe,2020,Sub-Saharan Africa,Lower middle income,9.81932791540146,2.62485949543812,NA,32.9497682152999,9.99771582880853,0.5,0.3395443260669708,NA,0,2.381334156461526,NA,2.9,NA,NA,NA
SEN,Senegal,2020,Sub-Saharan Africa,Lower middle income,2.54314685681662,1.3420737726679,60.0468716137065,45.2871838642949,7.52395708111684,NA,0.7020052671432495,NA,0,1.2650152748737689,NA,-9.6,NA,NA,NA
SLB,Solomon Islands,2020,East Asia & Pacific,Lower middle income,2.96354992076065,-3.38125925839405,60.2204365577573,42.9451600867193,0.584583885803386,NA,0.6188144087791443,NA,0,1.377140068336394,NA,-2.4,NA,NA,NA
ZAF,South Africa,2020,Sub-Saharan Africa,Upper middle income,3.23238831615113,-6.1689177146757,50.7596590804177,74.03882567267,0.933073684352391,0.06353673338890076,0.15212658047676086,NA,0,1.442766447471129,NA,-9.6,NA,NA,NA
LKA,Sri Lanka,2020,South Asia,Lower middle income,6.15394508391738,-4.62451503749502,37.089118857292,NA,0.514700552667608,0.02586488425731659,0.3630886673927307,NA,0,1.967663964530788,NA,-13.4,NA,NA,NA
LCA,St. Lucia,2020,Latin America & Caribbean,Upper middle income,-1.75580833517594,-24.3614732129122,NA,77.1328545172478,6.61223231489807,NA,1,NA,0,0.09531017980432492,NA,-11.5,NA,NA,NA
VCT,St. Vincent and the Grenadines,2020,Latin America & Caribbean,Upper middle income,-0.628131309354654,-4.26892434422649,NA,70.4042407757258,7.54647187844049,NA,1,NA,0,0.09531017980432492,NA,-5.9,NA,NA,NA
SUR,Suriname,2020,Latin America & Caribbean,Upper middle income,34.889784309078,-15.9751917148622,NA,84.916232318718,0.0357132024302943,0.13739529252052307,1,NA,0,3.5804526953637477,NA,-12,NA,NA,NA
TJK,Tajikistan,2020,Europe & Central Asia,Lower middle income,NA,4.40000111553493,55.7491040194954,31.2689788258225,1.30975252279444,NA,0.26240625977516174,NA,0,NA,NA,-4.3,NA,NA,NA
TZA,Tanzania,2020,Sub-Saharan Africa,Lower middle income,3.29029062798325,1.99196460647855,27.9630151969884,19.7402519793829,1.42845965174632,0.0549219399690628,1,NA,0,1.4563544760959473,NA,-2.6,NA,NA,NA
THA,Thailand,2020,East Asia & Pacific,Upper middle income,-0.845937147357041,-6.05003846851622,97.8007432465178,146.593528837574,-0.857989527274493,0.02445970475673675,0.31338822841644287,NA,0,0.09531017980432492,NA,-4.5,NA,NA,NA
TGO,Togo,2020,Sub-Saharan Africa,Low income,1.69928463299399,2.16228657424364,55.0659513954403,46.7243573405819,-0.79089727996859,NA,0.7020052671432495,NA,0,0.9929867871616676,NA,-7,NA,NA,NA
TON,Tonga,2020,East Asia & Pacific,Upper middle income,-0.349737696727496,1.80618735341196,81.8494988890262,60.4566253360389,0.754966505925585,NA,0.23238790035247803,NA,0,0.09531017980432492,NA,5.1,NA,NA,NA
TUN,Tunisia,2020,Middle East & North Africa,Lower middle income,5.63415115897625,-8.97512622934723,84.3333297071767,77.9617029890554,1.46634304906862,NA,0.5819408297538757,NA,0,1.89223072576064,NA,-9.1,NA,NA,NA
TUR,Turkiye,2020,Europe & Central Asia,Upper middle income,12.2789574462574,1.80306247087255,60.389853117297,66.2557194643874,1.02531493703228,0.2203197330236435,0.1756582260131836,NA,1,2.5861806354136587,NA,-4.6,NA,NA,NA
UGA,Uganda,2020,Sub-Saharan Africa,Low income,3.31332289544502,2.95130642218098,37.0006923916369,22.731371239225,3.16881317773755,NA,0.4673587381839752,NA,0,1.461708580489434,NA,-7.8,NA,NA,NA
UKR,Ukraine,2020,Europe & Central Asia,Upper middle income,2.73249209419427,-3.75281793983162,79.1564523761815,43.817999983272,0.194103193490519,0.10761427879333496,0.18301592767238617,NA,0,1.3170761323296405,NA,-5.9,NA,NA,NA
VUT,Vanuatu,2020,East Asia & Pacific,Lower middle income,5.32935073101715,-4.99249142889525,69.9148948336494,90.1283463837452,4.52584159327415,0.2603502869606018,0.3103162944316864,NA,0,1.8451976607559375,NA,-1.7,NA,NA,NA
VNM,Viet Nam,2020,East Asia & Pacific,Lower middle income,3.22093436652514,2.86541320912272,163.245862814935,140.60368022862,4.55836196782424,0.04933197796344757,1,NA,0,1.4400565174080042,NA,-2.9,NA,NA,NA
YEM,"Yemen, Rep.",2020,Middle East & North Africa,Low income,NA,NA,NA,NA,NA,NA,1,NA,0,NA,NA,-8.4,NA,NA,NA
ZMB,Zambia,2020,Sub-Saharan Africa,Lower middle income,15.7330604721369,-2.78505506545167,79.2068494095955,31.2059620192927,1.35190577412928,0.5599138140678406,0.16061089932918549,NA,0,2.81738643145062,NA,-13.8,NA,NA,NA
